6,0,0.1,0.2,0.3,0.4,0.5,0.6,0.7,0.8,0.9,0.10,0.11,0.12,0.13,0.14,0.15,0.16,0.17,0.18,0.19,0.20,0.21,0.22,0.23,0.24,0.25,0.26,0.27,0.28,0.29,0.30,0.31,0.32,0.33,0.34,0.35,0.36,0.37,0.38,0.39,0.40,0.41,0.42,0.43,0.44,0.45,0.46,0.47,0.48,0.49,0.50,0.51,0.52,0.53,0.54,0.55,0.56,0.57,0.58,0.59,0.60,0.61,0.62,0.63,0.64,0.65,0.66,0.67,0.68,0.69,0.70,0.71,0.72,0.73,0.74,0.75,0.76,0.77,0.78,0.79,0.80,0.81,0.82,0.83,0.84,0.85,0.86,0.87,0.88,0.89,0.90,0.91,0.92,0.93,0.94,0.95,0.96,0.97,0.98,0.99,0.100,0.101,0.102,0.103,0.104,0.105,0.106,0.107,0.108,0.109,0.110,0.111,0.112,0.113,0.114,0.115,0.116,0.117,0.118,0.119,0.120,0.121,24,67,67.1,18,0.122,0.123,0.124,0.125,0.126,0.127,0.128,0.129,0.130,0.131,0.132,0.133,0.134,0.135,0.136,0.137,0.138,0.139,0.140,0.141,0.142,0.143,0.144,0.145,131,252,252.1,66,0.146,0.147,0.148,0.149,0.150,0.151,0.152,0.153,0.154,0.155,0.156,0.157,0.158,0.159,0.160,0.161,0.162,0.163,0.164,0.165,0.166,0.167,0.168,159,250,232,30,32,0.169,0.170,0.171,0.172,0.173,0.174,0.175,0.176,0.177,0.178,0.179,0.180,0.181,0.182,0.183,0.184,0.185,0.186,0.187,0.188,0.189,0.190,15,222,252.2,108,0.191,0.192,0.193,0.194,0.195,0.196,0.197,0.198,0.199,0.200,0.201,0.202,0.203,0.204,0.205,0.206,0.207,0.208,0.209,0.210,0.211,0.212,0.213,0.214,147,252.3,183,5,0.215,0.216,0.217,0.218,0.219,0.220,0.221,20,89,89.1,73,0.222,0.223,0.224,0.225,0.226,0.227,0.228,0.229,0.230,0.231,0.232,0.233,48,247,252.4,159.1,0.234,0.235,0.236,0.237,0.238,0.239,0.240,79,236,252.5,252.6,249,198,16,0.241,0.242,0.243,0.244,0.245,0.246,0.247,0.248,0.249,41,193,252.7,199,22,0.250,0.251,0.252,0.253,0.254,12,135,248,252.8,252.9,252.10,252.11,252.12,100,0.255,0.256,0.257,0.258,0.259,0.260,0.261,0.262,0.263,100.1,252.13,252.14,88,0.264,0.265,0.266,0.267,0.268,11,171,252.15,252.16,235,175,178,252.17,252.18,224,0.269,0.270,0.271,0.272,0.273,0.274,0.275,0.276,15.1,209,252.19,233,12.1,0.277,0.278,0.279,0.280,49,177,252.20,252.21,89.2,26,0.281,2,166,252.22,252.23,0.282,0.283,0.284,0.285,0.286,0.287,0.288,0.289,96,253,253.1,59,0.290,0.291,0.292,0.293,11.1,177.1,255,253.2,92,0.294,0.295,0.296,0.297,155,253.3,128,0.298,0.299,0.300,0.301,0.302,0.303,0.304,0.305,143,252.24,252.25,10,0.306,0.307,0.308,12.2,171.1,252.26,216,110,13,0.309,0.310,0.311,3,180,232.1,24.1,0.312,0.313,0.314,0.315,0.316,0.317,0.318,0.319,143.1,252.27,170,2.1,0.320,0.321,0.322,135.1,252.28,209.1,19,0.323,0.324,0.325,0.326,0.327,12.3,252.29,132,0.328,0.329,0.330,0.331,0.332,0.333,0.334,0.335,0.336,249.1,252.30,96.1,0.337,0.338,0.339,21,248.1,246,34,0.340,0.341,0.342,0.343,5.1,61,234,152,3.1,0.344,0.345,0.346,0.347,0.348,0.349,0.350,0.351,0.352,253.4,252.31,44,0.353,0.354,0.355,145,252.32,104,0.356,0.357,0.358,46,114,184,252.33,149,34.1,0.359,0.360,0.361,0.362,0.363,0.364,0.365,0.366,0.367,0.368,253.5,252.34,82,0.369,0.370,31,239,252.35,66.1,39,89.3,165,243,252.36,233.1,126,5.2,0.371,0.372,0.373,0.374,0.375,0.376,0.377,0.378,0.379,0.380,0.381,249.2,252.37,244,126.1,98,143.2,252.38,252.39,237,240,253.6,252.40,243.1,174,17,0.382,0.383,0.384,0.385,0.386,0.387,0.388,0.389,0.390,0.391,0.392,0.393,0.394,119,239.1,252.41,252.42,252.43,252.44,252.45,252.46,252.47,252.48,228,179,17.1,0.395,0.396,0.397,0.398,0.399,0.400,0.401,0.402,0.403,0.404,0.405,0.406,0.407,0.408,0.409,0.410,46.1,66.2,66.3,66.4,66.5,66.6,66.7,66.8,66.9,29,0.411,0.412,0.413,0.414,0.415,0.416,0.417,0.418,0.419,0.420,0.421,0.422,0.423,0.424,0.425,0.426,0.427,0.428,0.429,0.430,0.431,0.432,0.433,0.434,0.435,0.436,0.437,0.438,0.439,0.440,0.441,0.442,0.443,0.444,0.445,0.446,0.447,0.448,0.449,0.450,0.451,0.452,0.453,0.454,0.455,0.456,0.457,0.458,0.459,0.460,0.461,0.462,0.463,0.464,0.465,0.466,0.467,0.468,0.469,0.470,0.471,0.472,0.473,0.474,0.475,0.476,0.477,0.478,0.479,0.480,0.481,0.482,0.483,0.484,0.485,0.486,0.487,0.488,0.489,0.490,0.491,0.492,0.493,0.494,0.495,0.496,0.497,0.498,0.499,0.500,0.501,0.502,0.503,0.504,0.505,0.506,0.507,0.508,0.509,0.510,0.511,0.512,0.513,0.514,0.515,0.516,0.517,0.518,0.519,0.520,0.521,0.522,0.523,0.524,0.525,0.526,0.527,0.528,0.529,0.530,0.531,0.532,0.533,0.534,0.535,0.536,0.537,0.538,0.539,0.540,0.541,0.542,0.543,0.544,0.545,0.546,0.547,0.548,0.549,0.550,0.551,0.552,0.553,0.554,0.555,0.556,0.557,0.558,0.559,0.560,0.561,0.562,0.563,0.564,0.565,0.566,0.567,0.568,0.569,0.570,0.571,0.572,0.573,0.574,0.575,0.576,0.577,0.578,0.579,0.580,0.581,0.582,0.583,0.584,0.585,0.586,0.587,0.588,0.589,0.590
5,0,0,0,0,0,0,0,0,0,0,0,0,0,0,0,0,0,0,0,0,0,0,0,0,0,0,0,0,0,0,0,0,0,0,0,0,0,0,0,0,0,0,0,0,0,0,0,0,0,0,0,0,0,0,0,0,0,0,0,0,0,0,0,0,0,0,0,0,0,0,0,0,0,0,0,0,0,0,0,0,0,0,0,0,0,0,0,0,0,0,0,0,0,0,0,0,0,0,0,0,0,0,0,0,0,0,0,0,0,0,0,0,0,0,0,0,0,0,0,0,0,0,0,0,0,0,0,0,0,0,0,0,0,0,0,0,0,0,0,0,0,0,0,0,0,0,0,0,0,0,0,28,59,50,0,23,0,0,32,134,180,254,206,8,0,0,0,0,0,0,0,0,0,0,0,0,4,96,216,233,254,248,215,231,215,215,236,254,250,181,27,0,0,0,0,0,0,0,0,0,0,0,0,0,108,254,254,247,175,175,175,176,175,175,205,175,60,0,0,0,0,0,0,0,0,0,0,0,0,0,0,0,47,254,245,85,0,0,0,0,0,0,8,0,0,0,0,0,0,0,0,0,0,0,0,0,0,0,0,0,152,254,158,0,0,0,0,0,0,0,0,0,0,0,0,0,0,0,0,0,0,0,0,0,0,0,0,19,240,255,38,0,41,50,0,0,0,0,0,0,0,0,0,0,0,0,0,0,0,0,0,0,0,0,0,87,254,254,178,215,242,248,215,96,19,0,0,0,0,0,0,0,0,0,0,0,0,0,0,0,0,0,0,176,254,254,254,217,175,187,254,254,248,85,0,0,0,0,0,0,0,0,0,0,0,0,0,0,0,0,0,161,247,214,57,11,0,3,19,177,248,248,129,9,0,0,0,0,0,0,0,0,0,0,0,0,0,0,0,18,49,0,0,0,0,0,0,0,57,224,254,171,0,0,0,0,0,0,0,0,0,0,0,0,0,0,0,0,0,0,0,0,0,0,0,0,0,0,213,255,122,0,0,0,0,0,0,0,0,0,0,0,0,0,0,0,0,0,0,0,0,0,0,0,0,0,92,254,196,0,0,0,0,0,0,0,0,0,0,0,0,0,0,0,0,0,0,0,0,0,0,0,0,0,40,254,196,0,0,0,0,0,0,0,0,0,0,0,0,0,0,0,0,0,0,0,0,0,0,0,0,0,145,254,196,0,0,0,0,0,0,0,0,0,0,0,0,0,0,31,188,45,0,0,0,0,0,0,0,99,249,254,121,0,0,0,0,0,0,0,0,0,0,0,0,0,0,139,245,45,0,0,0,0,0,0,140,254,254,133,0,0,0,0,0,0,0,0,0,0,0,0,0,0,17,242,169,0,0,0,0,4,58,216,248,254,167,9,0,0,0,0,0,0,0,0,0,0,0,0,0,0,14,230,196,79,49,79,79,181,254,254,247,108,6,0,0,0,0,0,0,0,0,0,0,0,0,0,0,0,0,44,213,254,247,254,254,254,254,192,32,0,0,0,0,0,0,0,0,0,0,0,0,0,0,0,0,0,0,0,9,133,156,193,155,140,58,0,0,0,0,0,0,0,0,0,0,0,0,0,0,0,0,0,0,0,0,0,0,0,0,0,0,0,0,0,0,0,0,0,0,0,0,0,0,0,0,0,0,0,0,0,0,0,0,0,0,0,0,0,0,0,0,0,0,0,0,0,0,0,0,0,0,0,0,0,0,0,0,0,0,0,0,0,0,0,0,0,0,0,0,0,0,0,0,0,0,0,0,0,0,0,0,0
7,0,0,0,0,0,0,0,0,0,0,0,0,0,0,0,0,0,0,0,0,0,0,0,0,0,0,0,0,0,0,0,0,0,0,0,0,0,0,0,0,0,0,0,0,0,0,0,0,0,0,0,0,0,0,0,0,0,0,0,0,0,0,0,0,0,0,0,0,0,0,0,0,0,0,0,0,0,0,0,0,0,0,0,0,0,0,0,0,0,0,0,0,0,0,0,0,0,0,0,0,0,0,0,0,0,0,0,0,0,0,0,0,0,0,0,0,0,0,0,0,0,0,0,0,0,0,0,0,0,0,0,0,0,0,0,0,0,0,0,0,0,0,0,0,0,0,0,0,0,0,0,0,0,0,0,0,0,0,0,0,0,0,0,0,0,0,0,0,0,0,0,0,0,0,0,0,0,0,0,0,0,0,0,0,0,32,97,179,254,223,72,0,0,0,0,0,0,0,0,0,0,0,0,0,0,0,0,0,0,0,13,65,185,235,253,254,253,253,199,0,0,0,0,0,0,0,0,0,0,0,0,0,0,0,37,55,0,61,224,253,253,253,192,78,226,253,213,0,0,0,0,0,0,0,0,0,0,0,0,0,0,100,228,247,159,248,254,234,183,64,5,0,177,253,161,0,0,0,0,0,0,0,0,0,0,0,0,0,76,254,253,253,253,253,193,46,0,0,0,0,214,253,117,0,0,0,0,0,0,0,0,0,0,0,0,0,121,255,254,254,146,60,0,0,0,0,0,14,224,254,57,0,0,0,0,0,0,0,0,0,0,0,0,79,244,254,243,106,3,0,0,0,0,0,0,186,253,216,10,0,0,0,0,0,0,0,0,0,0,0,0,166,253,254,135,0,0,0,0,0,0,0,0,254,253,107,0,0,0,0,0,0,0,0,0,0,0,0,126,251,253,146,3,0,0,0,0,0,0,0,106,254,242,36,0,0,0,0,0,0,0,0,0,0,0,8,205,253,215,23,0,0,0,0,0,0,0,31,239,254,121,0,0,0,0,0,0,0,0,0,0,0,0,178,254,244,83,0,0,0,0,0,0,0,19,201,254,196,15,0,0,0,0,0,0,0,0,0,0,0,28,232,253,124,0,0,0,0,0,0,0,2,129,253,253,15,0,0,0,0,0,0,0,0,0,0,0,0,18,220,174,13,0,0,0,0,0,0,0,88,253,253,154,0,0,0,0,0,0,0,0,0,0,0,0,0,0,15,0,0,0,0,0,0,0,0,10,175,253,231,27,0,0,0,0,0,0,0,0,0,0,0,0,0,0,0,0,0,0,0,0,0,0,0,134,253,253,138,0,0,0,0,0,0,0,0,0,0,0,0,0,0,0,0,0,0,0,0,0,0,0,83,255,254,152,0,0,0,0,0,0,0,0,0,0,0,0,0,0,0,0,0,0,0,0,0,0,0,19,222,254,191,12,0,0,0,0,0,0,0,0,0,0,0,0,0,0,0,0,0,0,0,0,0,0,0,137,253,254,135,0,0,0,0,0,0,0,0,0,0,0,0,0,0,0,0,0,0,0,0,0,0,0,0,234,253,254,173,0,0,0,0,0,0,0,0,0,0,0,0,0,0,0,0,0,0,0,0,0,0,0,0,159,253,193,46,0,0,0,0,0,0,0,0,0,0,0,0,0,0,0,0,0,0,0,0,0,0,0,0,0,0,0,0,0,0,0,0,0,0,0,0,0,0,0,0,0,0,0,0,0,0,0,0,0,0,0,0,0,0,0,0,0,0,0,0,0,0,0,0,0,0,0,0
9,0,0,0,0,0,0,0,0,0,0,0,0,0,0,0,0,0,0,0,0,0,0,0,0,0,0,0,0,0,0,0,0,0,0,0,0,0,0,0,0,0,0,0,0,0,0,0,0,0,0,0,0,0,0,0,0,0,0,0,0,0,0,0,0,0,0,0,0,0,0,0,0,0,0,0,0,0,0,0,0,0,0,0,0,0,0,0,0,0,0,0,0,0,0,0,0,0,0,0,0,0,0,0,0,0,0,0,0,0,0,0,0,0,0,0,0,0,0,0,0,0,0,0,0,0,0,0,0,0,0,0,0,0,0,0,0,0,0,0,0,0,0,0,0,0,0,0,0,0,0,0,0,0,0,0,0,0,0,0,0,0,0,0,0,0,0,0,0,0,0,0,0,0,0,0,0,0,0,0,0,0,0,0,0,0,0,0,0,0,0,0,0,0,0,0,0,0,0,0,0,0,0,0,0,0,25,114,181,219,255,196,126,122,22,0,0,0,0,0,0,0,0,0,0,0,0,0,0,0,0,0,0,74,212,218,254,254,225,217,216,245,133,0,0,0,0,0,0,0,0,0,0,0,0,0,0,0,0,46,104,187,253,213,129,56,15,0,0,86,237,88,0,0,0,0,0,0,0,0,0,0,0,0,0,0,82,235,254,254,143,0,0,0,0,0,0,10,254,113,0,0,0,0,0,0,0,0,0,0,0,0,0,0,226,254,254,70,4,0,0,0,0,0,0,1,50,100,22,79,111,0,0,0,0,0,0,0,0,0,0,0,226,254,254,71,4,45,93,90,90,19,5,23,207,228,228,254,243,73,0,0,0,0,0,0,0,0,0,0,195,254,254,254,193,232,254,254,254,254,198,254,254,254,254,254,254,131,0,0,0,0,0,0,0,0,0,0,19,176,235,254,254,254,254,254,254,254,254,254,254,254,254,254,254,111,0,0,0,0,0,0,0,0,0,0,0,0,25,125,131,162,225,215,131,201,131,169,209,254,254,254,216,20,0,0,0,0,0,0,0,0,0,0,0,0,0,0,0,0,0,0,0,0,0,0,169,254,254,222,30,0,0,0,0,0,0,0,0,0,0,0,0,0,0,0,0,0,0,0,0,0,0,6,223,254,254,145,0,0,0,0,0,0,0,0,0,0,0,0,0,0,0,0,0,0,0,0,0,0,0,73,254,254,152,9,0,0,0,0,0,0,0,0,0,0,0,0,0,0,0,0,0,0,0,0,0,0,2,200,254,252,66,0,0,0,0,0,0,0,0,0,0,0,0,0,0,0,0,0,0,0,0,0,0,0,101,254,254,143,0,0,0,0,0,0,0,0,0,0,0,0,0,0,0,0,0,0,0,0,0,0,0,0,80,254,254,95,0,0,0,0,0,0,0,0,0,0,0,0,0,0,0,0,0,0,0,0,0,0,0,0,157,254,213,10,0,0,0,0,0,0,0,0,0,0,0,0,0,0,0,0,0,0,0,0,0,0,0,23,235,254,85,0,0,0,0,0,0,0,0,0,0,0,0,0,0,0,0,0,0,0,0,0,0,0,0,88,254,251,66,0,0,0,0,0,0,0,0,0,0,0,0,0,0,0,0,0,0,0,0,0,0,0,0,160,254,153,0,0,0,0,0,0,0,0,0,0,0,0,0,0,0,0,0,0,0,0,0,0,0,0,0,91,225,15,0,0,0,0,0,0,0,0,0,0,0,0,0,0,0,0,0,0,0,0,0,0,0,0,0,0,0,0,0,0,0,0,0,0,0,0,0,0,0
5,0,0,0,0,0,0,0,0,0,0,0,0,0,0,0,0,0,0,0,0,0,0,0,0,0,0,0,0,0,0,0,0,0,0,0,0,0,0,0,0,0,0,0,0,0,0,0,0,0,0,0,0,0,0,0,0,0,0,0,0,0,0,0,0,0,0,0,0,0,0,0,0,0,0,0,0,0,0,0,0,0,0,0,0,0,0,0,0,0,0,0,0,0,0,0,0,0,0,0,0,0,0,0,0,0,0,0,0,0,0,0,0,0,0,0,0,0,0,0,0,0,0,0,0,0,0,0,0,0,20,206,210,0,0,0,0,0,0,0,0,0,0,0,0,0,0,0,0,0,0,0,0,0,0,0,47,179,248,239,122,0,0,0,0,0,0,0,0,0,0,0,0,0,0,0,0,0,78,192,237,237,206,237,249,254,239,123,0,0,0,0,0,0,0,0,0,0,0,0,0,0,0,0,0,48,229,254,254,235,254,254,174,114,26,0,0,0,0,0,0,0,0,0,0,0,0,0,0,0,0,0,0,155,254,132,35,23,35,35,0,0,0,0,0,0,0,0,0,0,0,0,0,0,0,0,0,0,0,0,9,232,232,23,0,0,0,0,0,0,0,0,0,0,0,0,0,0,0,0,0,0,0,0,0,0,0,0,131,254,140,0,12,63,51,27,0,0,0,0,0,0,0,0,0,0,0,0,0,0,0,0,0,0,0,0,149,254,126,61,172,254,254,254,166,82,14,0,0,0,0,0,0,0,0,0,0,0,0,0,0,0,0,0,149,254,230,254,250,208,160,245,251,254,237,135,20,0,0,0,0,0,0,0,0,0,0,0,0,0,0,0,149,254,254,241,92,0,0,0,52,133,248,254,225,46,0,0,0,0,0,0,0,0,0,0,0,0,0,0,149,255,241,61,0,0,0,0,0,0,22,153,254,242,89,0,0,0,0,0,0,0,0,0,0,0,0,0,26,127,49,0,0,0,0,0,0,0,0,20,153,254,227,0,0,0,0,0,0,0,0,0,0,0,0,0,0,0,0,0,0,0,0,0,0,0,0,0,19,228,252,57,0,0,0,0,0,0,0,0,0,0,0,0,0,0,0,0,0,0,0,0,0,0,0,0,0,211,254,61,0,0,0,0,0,0,0,0,0,0,0,0,0,0,0,0,0,0,0,0,0,0,0,0,0,211,254,61,0,0,0,0,0,0,0,0,0,0,0,0,0,0,0,0,0,0,0,0,0,0,0,0,49,246,241,32,0,0,0,0,0,0,0,0,0,0,0,0,0,33,159,105,0,0,0,0,0,0,0,42,217,254,179,0,0,0,0,0,0,0,0,0,0,0,0,0,26,218,254,71,0,0,0,0,0,18,122,248,254,215,13,0,0,0,0,0,0,0,0,0,0,0,0,0,39,241,254,208,97,91,43,128,185,251,254,252,184,12,0,0,0,0,0,0,0,0,0,0,0,0,0,0,0,93,242,254,254,254,254,254,254,254,202,71,0,0,0,0,0,0,0,0,0,0,0,0,0,0,0,0,0,0,0,0,0,0,0,0,0,0,0,0,0,0,0,0,0,0,0,0,0,0,0,0,0,0,0,0,0,0,0,0,0,0,0,0,0,0,0,0,0,0,0,0,0,0,0,0,0,0,0,0,0,0,0,0,0,0,0,0,0,0,0,0,0,0,0,0,0,0,0,0,0,0,0,0,0,0,0,0,0,0,0,0,0,0,0,0,0,0,0,0,0,0,0,0,0,0,0,0,0,0,0,0,0
2,0,0,0,0,0,0,0,0,0,0,0,0,0,0,0,0,0,0,0,0,0,0,0,0,0,0,0,0,0,0,0,0,0,0,0,0,0,0,0,0,0,0,0,0,0,0,0,0,0,0,0,0,0,0,0,0,0,0,0,0,0,0,0,0,0,0,0,0,0,0,0,0,0,0,0,0,0,0,0,0,0,0,0,0,0,0,0,0,0,0,0,0,0,0,0,0,0,0,0,0,0,0,0,0,0,0,0,0,0,0,0,0,0,0,0,0,0,0,0,0,0,0,0,0,16,54,141,191,255,253,165,41,0,0,0,0,0,0,0,0,0,0,0,0,0,0,0,0,0,0,0,0,216,252,252,252,253,252,252,252,76,0,0,0,0,0,0,0,0,0,0,0,0,0,0,0,0,0,29,185,253,233,168,68,56,81,196,252,210,28,0,0,0,0,0,0,0,0,0,0,0,0,0,0,0,0,134,252,241,59,0,0,0,0,10,228,253,84,0,0,0,0,0,0,0,0,0,0,0,0,0,0,0,7,204,253,51,0,0,0,0,0,0,226,254,84,0,0,0,0,0,0,0,0,0,0,0,0,0,0,0,44,240,177,0,0,0,0,0,0,0,225,253,84,0,0,0,0,0,0,0,0,0,0,0,0,0,0,0,0,159,103,0,0,0,0,0,0,67,246,231,19,0,0,0,0,0,0,0,0,0,0,0,0,0,0,0,0,10,3,0,0,0,0,0,0,134,252,175,0,0,0,0,0,0,0,0,0,0,0,0,0,0,0,0,0,0,0,0,0,0,0,0,32,229,253,101,0,0,0,0,0,0,0,0,0,0,0,0,0,0,0,0,0,0,0,0,0,0,0,7,150,252,227,0,0,0,0,0,0,0,0,0,0,0,0,0,0,0,0,0,0,0,0,0,0,0,0,117,252,252,103,0,0,0,0,0,0,0,0,0,0,0,0,0,0,0,0,0,0,0,0,0,0,0,0,241,252,214,15,0,0,0,0,0,0,0,0,0,0,0,0,0,0,0,26,141,141,178,253,204,178,141,191,254,228,53,4,0,0,0,0,0,0,0,0,0,0,0,0,0,13,144,243,253,252,252,252,253,252,252,252,253,252,252,178,108,57,38,0,0,0,0,0,0,0,0,0,10,172,252,214,156,56,56,56,106,187,252,252,206,168,196,252,253,252,234,22,0,0,0,0,0,0,0,0,128,252,177,15,0,0,0,0,176,243,252,102,13,0,10,28,28,53,139,66,0,0,0,0,0,0,0,0,141,253,56,0,0,0,10,179,254,253,194,13,0,0,0,0,0,0,0,0,0,0,0,0,0,0,0,0,141,252,149,7,57,82,197,252,253,189,19,0,0,0,0,0,0,0,0,0,0,0,0,0,0,0,0,0,44,187,252,203,253,252,252,252,106,19,0,0,0,0,0,0,0,0,0,0,0,0,0,0,0,0,0,0,0,32,177,252,253,227,139,40,0,0,0,0,0,0,0,0,0,0,0,0,0,0,0,0,0,0,0,0,0,0,0,0,0,0,0,0,0,0,0,0,0,0,0,0,0,0,0,0,0,0,0,0,0,0,0,0,0,0,0,0,0,0,0,0,0,0,0,0,0,0,0,0,0,0,0,0,0,0,0,0,0,0,0,0,0,0,0,0,0,0,0,0,0,0,0,0,0,0,0,0,0,0,0,0,0,0,0,0,0,0,0,0,0,0,0,0,0,0,0,0,0,0,0,0,0,0,0,0,0,0,0,0,0,0,0,0
0,0,0,0,0,0,0,0,0,0,0,0,0,0,0,0,0,0,0,0,0,0,0,0,0,0,0,0,0,0,0,0,0,0,0,0,0,0,0,0,0,0,0,0,0,0,0,0,0,0,0,0,0,0,0,0,0,0,0,0,0,0,0,0,0,0,0,0,0,0,0,0,0,0,0,0,0,0,0,0,0,0,0,0,0,0,0,0,0,0,0,0,0,0,0,0,0,0,0,0,0,0,0,0,0,0,0,0,0,0,0,0,0,0,0,0,0,0,0,0,0,0,0,10,79,141,141,229,253,242,116,19,0,0,0,0,0,0,0,0,0,0,0,0,0,0,0,0,0,0,63,197,252,253,252,252,252,253,252,224,169,0,0,0,0,0,0,0,0,0,0,0,0,0,0,0,0,10,197,252,252,253,252,252,252,253,252,252,252,185,28,0,0,0,0,0,0,0,0,0,0,0,0,0,0,29,177,103,178,253,252,252,252,253,227,139,240,253,84,0,0,0,0,0,0,0,0,0,0,0,0,0,0,0,7,154,253,255,253,244,125,114,38,0,101,255,228,44,0,0,0,0,0,0,0,0,0,0,0,0,0,0,131,252,252,222,196,130,0,0,0,0,0,253,252,168,0,0,0,0,0,0,0,0,0,0,0,0,0,23,234,252,252,25,0,0,0,0,0,0,0,128,252,168,0,0,0,0,0,0,0,0,0,0,0,0,0,179,252,252,151,0,0,0,0,0,0,0,0,29,252,243,25,0,0,0,0,0,0,0,0,0,0,0,76,254,253,206,13,0,0,0,0,0,0,0,114,104,253,253,28,0,0,0,0,0,0,0,0,0,0,57,243,253,252,93,0,0,0,0,0,0,0,0,38,253,252,233,22,0,0,0,0,0,0,0,0,0,0,85,252,253,170,13,0,0,0,0,0,0,0,0,0,253,252,234,22,0,0,0,0,0,0,0,0,0,0,134,252,253,84,0,0,0,0,0,0,0,0,0,101,253,252,177,3,0,0,0,0,0,0,0,0,0,7,204,253,239,38,0,0,0,0,0,0,0,0,0,114,254,253,168,0,0,0,0,0,0,0,0,0,0,82,252,252,125,0,0,0,0,0,0,0,0,0,0,188,253,252,168,0,0,0,0,0,0,0,0,0,10,197,252,252,0,0,0,0,0,0,0,0,0,0,67,246,253,252,80,0,0,0,0,0,0,0,0,0,29,252,252,202,0,0,0,0,0,0,0,0,0,0,47,240,253,151,6,0,0,0,0,0,0,0,0,0,29,253,253,153,0,0,0,0,0,0,0,0,0,19,104,253,254,84,0,0,0,0,0,0,0,0,0,0,10,196,252,252,169,169,169,169,169,94,57,107,169,225,252,252,209,28,0,0,0,0,0,0,0,0,0,0,0,131,252,252,253,252,252,252,253,252,252,252,253,252,252,252,25,0,0,0,0,0,0,0,0,0,0,0,0,7,116,139,253,252,252,252,253,227,177,252,140,139,139,40,0,0,0,0,0,0,0,0,0,0,0,0,0,0,0,0,0,0,0,0,0,0,0,0,0,0,0,0,0,0,0,0,0,0,0,0,0,0,0,0,0,0,0,0,0,0,0,0,0,0,0,0,0,0,0,0,0,0,0,0,0,0,0,0,0,0,0,0,0,0,0,0,0,0,0,0,0,0,0,0,0,0,0,0,0,0,0,0,0,0,0,0,0,0,0,0,0,0,0,0,0,0,0,0,0,0,0,0,0,0,0,0,0,0,0,0,0,0,0,0
6,0,0,0,0,0,0,0,0,0,0,0,0,0,0,0,0,0,0,0,0,0,0,0,0,0,0,0,0,0,0,0,0,0,0,0,0,0,0,0,0,0,0,0,0,0,0,0,0,0,0,0,0,0,0,0,0,0,0,0,0,0,0,0,0,0,0,0,0,0,0,2,18,129,178,0,0,0,0,0,0,0,0,0,0,0,0,0,0,0,0,0,0,0,0,0,0,0,0,41,254,246,97,0,0,0,0,0,0,0,0,0,0,0,0,0,0,0,0,0,0,0,0,0,0,0,85,218,254,115,0,0,0,0,0,0,0,0,0,0,0,0,0,0,0,0,0,0,0,0,0,0,0,0,126,254,223,20,0,0,0,0,0,0,0,0,0,0,0,0,0,0,0,0,0,0,0,0,0,0,0,0,222,246,83,0,0,0,0,0,0,0,0,0,0,0,0,0,0,0,0,0,0,0,0,0,0,0,0,96,253,181,0,0,0,0,0,0,0,0,0,0,0,0,0,0,0,0,0,0,0,0,0,0,0,0,0,221,249,58,0,0,0,0,0,0,0,0,0,0,0,0,0,0,0,0,0,0,0,0,0,0,0,0,51,242,129,0,0,0,0,0,0,0,0,0,0,0,0,0,0,0,0,0,0,0,0,0,0,0,0,0,164,254,129,0,0,0,0,0,0,0,0,0,0,0,0,0,0,0,0,0,0,0,0,0,0,0,0,0,208,255,47,0,0,0,0,0,0,0,0,0,0,0,0,0,0,0,0,0,0,0,0,0,0,0,0,56,244,172,3,0,0,0,0,0,0,0,0,0,0,0,0,0,0,0,0,0,0,0,0,0,0,0,0,117,255,147,0,0,0,0,0,0,0,0,0,0,0,0,0,0,0,0,0,0,0,0,0,0,0,0,49,249,254,40,0,0,0,0,0,0,0,0,0,0,0,0,0,0,0,0,0,0,0,0,0,0,0,0,54,255,254,29,0,0,0,0,0,0,0,0,0,0,0,0,0,0,0,0,0,0,0,0,0,0,0,0,23,217,255,29,0,3,30,79,0,0,0,0,0,0,14,0,0,0,0,0,0,0,0,0,0,0,0,0,0,168,254,107,24,68,254,118,0,0,0,0,6,70,165,0,0,0,0,0,0,0,0,0,0,0,0,0,0,72,254,225,163,254,194,22,0,0,0,0,117,254,189,0,0,0,0,0,0,0,0,0,0,0,0,0,0,15,124,254,254,254,146,25,0,0,0,43,169,198,72,0,0,0,0,0,0,0,0,0,0,0,0,0,0,0,13,140,250,254,254,230,220,220,220,238,243,70,0,0,0,0,0,0,0,0,0,0,0,0,0,0,0,0,0,0,78,254,254,227,172,154,135,135,65,0,0,0,0,0,0,0,0,0,0,0,0,0,0,0,0,0,0,0,0,0,0,0,0,0,0,0,0,0,0,0,0,0,0,0,0,0,0,0,0,0,0,0,0,0,0,0,0,0,0,0,0,0,0,0,0,0,0,0,0,0,0,0,0,0,0,0,0,0,0,0,0,0,0,0,0,0,0,0,0,0,0,0,0,0,0,0,0,0,0,0,0,0,0,0,0,0,0,0,0,0,0,0,0,0,0,0,0,0,0,0,0,0,0,0,0,0,0,0,0,0,0,0,0,0,0,0,0,0,0,0,0,0,0,0,0,0,0,0,0,0,0,0,0,0,0,0,0,0,0,0,0,0,0,0,0,0,0,0,0,0,0,0,0,0,0,0,0,0,0,0,0,0,0
5,0,0,0,0,0,0,0,0,0,0,0,0,0,0,0,0,0,0,0,0,0,0,0,0,0,0,0,0,0,0,0,0,0,0,0,0,0,0,0,0,0,0,0,0,0,0,0,0,0,0,0,0,0,0,0,0,0,0,0,0,0,0,0,0,0,0,0,0,0,0,0,0,0,0,0,0,0,0,0,0,0,0,0,0,0,0,0,0,0,0,0,0,0,0,0,0,0,0,0,0,0,0,0,0,0,0,0,0,0,0,0,0,0,0,0,0,0,0,0,0,0,0,0,0,0,0,0,0,0,0,0,0,0,0,0,0,0,0,0,0,0,0,0,0,0,0,0,0,0,0,0,0,36,143,143,48,34,63,143,143,143,230,253,234,52,0,0,0,0,0,0,0,0,0,0,0,0,6,138,128,246,252,252,252,253,252,252,252,252,252,252,252,175,0,0,0,0,0,0,0,0,0,0,0,0,114,252,252,252,252,252,252,253,252,252,252,252,252,248,153,59,0,0,0,0,0,0,0,0,0,0,0,9,191,252,252,252,252,252,252,231,230,230,221,121,34,10,0,0,0,0,0,0,0,0,0,0,0,0,0,124,252,252,170,88,88,88,88,0,0,0,0,0,0,0,0,0,0,0,0,0,0,0,0,0,0,0,91,243,252,233,36,0,0,0,0,0,0,0,0,0,0,0,0,0,0,0,0,0,0,0,0,0,0,0,176,252,252,200,8,0,0,0,0,0,0,0,0,0,0,0,0,0,0,0,0,0,0,0,0,0,0,0,176,252,252,252,218,102,37,0,0,0,0,0,0,0,0,0,0,0,0,0,0,0,0,0,0,0,0,0,142,252,252,252,252,252,241,153,44,0,0,0,0,0,0,0,0,0,0,0,0,0,0,0,0,0,0,0,9,76,200,252,252,252,252,252,238,97,0,0,0,0,0,0,0,0,0,0,0,0,0,0,0,0,0,0,0,0,0,25,111,163,226,253,253,255,139,0,0,0,0,0,0,0,0,0,0,0,0,0,0,0,0,0,0,0,0,0,0,0,14,158,244,253,203,12,0,0,0,0,0,0,0,0,0,0,0,0,0,0,0,0,0,0,0,0,0,0,0,0,177,253,252,173,4,0,0,0,0,0,0,0,0,0,0,0,0,0,0,0,0,0,0,0,0,0,0,0,53,253,252,252,10,0,0,0,0,0,0,0,0,0,0,0,0,0,0,0,0,0,0,0,0,0,0,0,0,253,252,252,10,0,0,0,0,0,0,0,0,0,0,0,0,0,0,0,0,0,0,0,0,0,0,0,0,253,252,252,10,0,0,0,0,0,0,0,0,0,0,0,0,0,0,2,118,188,64,12,12,12,31,122,217,253,252,252,10,0,0,0,0,0,0,0,0,0,0,0,0,0,0,34,252,252,252,252,252,252,252,252,252,253,252,172,4,0,0,0,0,0,0,0,0,0,0,0,0,0,0,9,196,252,252,252,252,252,252,252,252,253,169,12,0,0,0,0,0,0,0,0,0,0,0,0,0,0,0,0,23,124,142,142,142,243,252,252,156,81,10,0,0,0,0,0,0,0,0,0,0,0,0,0,0,0,0,0,0,0,0,0,0,0,0,0,0,0,0,0,0,0,0,0,0,0,0,0,0,0,0,0,0,0,0,0,0,0,0,0,0,0,0,0,0,0,0,0,0,0,0,0,0,0,0,0,0,0,0,0,0,0,0,0,0,0,0,0,0,0,0,0,0,0,0,0,0,0,0,0,0,0,0,0,0
5,0,0,0,0,0,0,0,0,0,0,0,0,0,0,0,0,0,0,0,0,0,0,0,0,0,0,0,0,0,0,0,0,0,0,0,0,0,0,0,0,0,0,0,0,0,0,0,0,0,0,0,0,0,0,0,0,0,0,0,0,0,0,0,0,0,0,0,0,0,0,0,0,0,0,0,0,0,0,0,0,0,0,0,0,0,0,0,0,0,0,0,0,0,0,0,0,0,0,0,0,0,0,0,0,0,0,0,0,0,0,0,0,0,0,0,0,0,0,0,0,0,0,0,0,0,110,109,212,253,110,109,94,0,0,0,0,0,0,0,0,0,0,0,0,0,0,0,0,0,0,63,94,217,253,252,252,252,253,252,247,93,0,0,0,0,0,0,0,0,0,0,0,0,0,0,0,0,16,222,252,252,253,252,226,215,217,215,215,92,0,0,0,0,0,0,0,0,0,0,0,0,0,0,0,0,109,252,252,252,191,108,31,0,0,0,0,0,0,0,0,0,0,0,0,0,0,0,0,0,0,0,0,0,62,237,252,252,0,0,0,0,0,0,0,0,0,0,0,0,0,0,0,0,0,0,0,0,0,0,0,0,32,227,252,210,0,0,0,0,0,0,0,0,0,0,0,0,0,0,0,0,0,0,0,0,0,0,0,1,129,252,252,108,0,0,0,0,0,0,0,0,0,0,0,0,0,0,0,0,0,0,0,0,0,0,0,1,252,252,231,46,0,0,0,0,0,0,0,0,0,0,0,0,0,0,0,0,0,0,0,0,0,0,0,1,253,253,217,0,0,94,212,253,255,211,109,47,0,0,0,0,0,0,0,0,0,0,0,0,0,0,0,42,252,252,226,73,218,247,252,252,253,252,252,148,0,0,0,0,0,0,0,0,0,0,0,0,0,0,0,144,252,252,252,252,253,252,252,231,217,247,252,252,105,0,0,0,0,0,0,0,0,0,0,0,0,0,0,144,252,252,252,252,253,252,148,46,0,134,252,252,144,0,0,0,0,0,0,0,0,0,0,0,0,0,0,145,253,253,253,191,84,0,0,0,0,73,253,253,145,0,0,0,0,0,0,0,0,0,0,0,0,0,0,20,98,179,158,15,0,0,0,0,0,115,252,252,144,0,0,0,0,0,0,0,0,0,0,0,0,0,0,0,0,0,0,0,0,0,0,0,37,222,252,252,125,0,0,0,0,0,0,0,0,0,0,0,0,0,0,0,0,0,0,0,0,0,0,0,253,252,252,168,0,0,0,0,0,0,0,0,0,0,0,0,0,0,0,0,0,0,0,0,0,0,16,191,255,253,253,108,0,0,0,0,0,0,0,0,0,0,0,0,0,0,0,0,0,0,32,217,218,217,222,252,253,252,179,15,0,0,0,0,0,0,0,0,0,0,0,0,0,0,0,0,0,0,37,252,253,252,252,252,237,174,20,0,0,0,0,0,0,0,0,0,0,0,0,0,0,0,0,0,0,0,16,190,253,252,252,252,62,0,0,0,0,0,0,0,0,0,0,0,0,0,0,0,0,0,0,0,0,0,0,0,0,0,0,0,0,0,0,0,0,0,0,0,0,0,0,0,0,0,0,0,0,0,0,0,0,0,0,0,0,0,0,0,0,0,0,0,0,0,0,0,0,0,0,0,0,0,0,0,0,0,0,0,0,0,0,0,0,0,0,0,0,0,0,0,0,0,0,0,0,0,0,0,0,0,0,0,0,0,0,0,0,0,0,0,0,0,0,0,0,0,0,0,0,0,0,0,0,0,0
2,0,0,0,0,0,0,0,0,0,0,0,0,0,0,0,0,0,0,0,0,0,0,0,0,0,0,0,0,0,0,0,0,0,0,0,0,0,0,0,0,0,0,0,0,0,0,0,0,0,0,0,0,0,0,0,0,0,0,0,0,0,0,0,0,0,0,0,0,0,0,0,0,0,0,0,0,0,0,0,0,0,0,0,0,0,0,0,0,0,0,0,0,0,0,0,0,0,0,0,0,0,0,0,0,0,0,0,0,0,0,0,0,0,0,0,0,0,0,0,0,0,0,0,0,0,0,0,0,0,0,0,0,0,0,0,0,0,0,0,0,0,0,0,0,0,0,0,0,0,49,238,254,254,254,254,224,35,0,0,0,0,0,0,0,0,0,0,0,0,0,0,0,0,0,0,0,0,99,253,253,253,253,253,253,222,97,0,0,0,0,0,0,0,0,0,0,0,0,0,0,0,0,0,106,112,166,253,253,253,253,253,253,253,251,137,0,0,0,0,0,0,0,0,0,0,0,0,0,0,0,0,187,253,253,253,253,253,253,253,253,253,253,230,38,0,0,0,0,0,0,0,0,0,0,0,0,0,0,0,69,246,253,253,253,253,253,253,253,253,253,238,56,0,0,0,0,0,0,0,0,0,0,0,0,0,0,0,0,150,162,162,209,237,253,253,253,253,253,248,80,0,0,0,0,0,0,0,0,0,0,0,0,0,0,0,0,0,0,0,20,58,227,253,253,253,253,240,60,0,0,0,0,0,0,0,0,0,0,0,0,0,0,0,0,0,0,0,0,79,253,253,253,253,253,214,0,0,0,0,0,0,0,0,0,0,0,0,0,0,0,0,0,0,0,0,0,116,253,253,253,253,253,177,0,0,0,0,0,0,0,0,0,0,0,0,0,0,0,0,0,0,0,0,66,243,253,253,253,253,253,151,0,0,0,0,0,0,0,0,0,0,0,0,0,0,0,0,0,0,0,52,191,253,253,253,253,253,243,65,0,0,0,0,0,0,0,0,0,0,0,0,0,0,0,0,0,0,98,244,253,253,253,253,253,253,114,0,0,0,0,0,0,0,0,0,0,0,0,0,0,0,0,0,0,0,228,253,253,253,253,253,253,253,101,0,0,0,0,0,0,0,0,0,0,0,0,0,0,0,0,0,0,71,245,253,253,253,253,253,253,253,238,77,0,0,0,0,0,0,0,0,0,0,0,0,0,0,0,0,0,92,250,253,253,253,253,253,253,253,253,239,146,13,0,0,0,0,0,0,0,0,0,0,0,0,0,0,0,0,228,253,253,253,253,199,200,253,253,253,253,193,156,148,0,0,0,0,0,0,0,0,0,0,0,0,0,0,151,253,253,253,248,54,24,201,253,253,253,253,252,154,0,0,0,0,0,0,0,0,0,0,0,0,0,0,99,253,253,253,181,0,0,23,110,197,223,110,102,0,0,0,0,0,0,0,0,0,0,0,0,0,0,0,45,233,253,253,178,0,0,0,0,0,0,0,0,0,0,0,0,0,0,0,0,0,0,0,0,0,0,0,0,45,123,190,25,0,0,0,0,0,0,0,0,0,0,0,0,0,0,0,0,0,0,0,0,0,0,0,0,0,0,0,0,0,0,0,0,0,0,0,0,0,0,0,0,0,0,0,0,0,0,0,0,0,0,0,0,0,0,0,0,0,0,0,0,0,0,0,0,0,0,0,0,0,0,0,0,0,0,0,0,0,0,0,0,0,0,0,0,0,0,0,0,0,0,0,0,0,0,0,0,0,0
7,0,0,0,0,0,0,0,0,0,0,0,0,0,0,0,0,0,0,0,0,0,0,0,0,0,0,0,0,0,0,0,0,0,0,0,0,0,0,0,0,0,0,0,0,0,0,0,0,0,0,0,0,0,0,0,0,0,0,0,0,0,0,0,0,0,0,0,0,0,0,0,0,0,0,0,0,0,0,0,0,0,0,0,0,0,0,0,0,0,0,0,0,0,0,0,0,0,0,0,0,0,0,0,0,0,0,0,0,0,0,0,0,0,0,0,0,0,0,0,0,0,0,0,0,0,0,0,0,0,0,0,0,0,0,0,0,0,0,0,0,0,0,0,0,0,0,0,0,0,0,0,0,0,0,0,0,0,0,0,0,0,0,0,0,0,0,0,0,0,0,0,0,0,0,0,0,0,0,0,0,0,0,0,0,0,0,0,0,0,0,0,0,0,0,0,0,0,0,0,0,0,0,0,0,0,0,152,233,254,172,92,51,0,0,0,0,0,0,0,0,0,0,0,0,0,0,0,0,0,0,0,0,21,142,253,252,253,252,253,252,123,0,0,0,0,0,0,0,0,0,0,0,0,0,0,0,0,0,0,21,173,253,254,253,254,253,254,253,234,112,152,152,123,0,0,0,0,0,0,0,0,0,0,0,0,0,123,223,253,252,253,252,233,151,151,232,253,252,253,252,243,40,0,0,0,0,0,0,0,0,0,0,0,0,173,253,254,253,224,122,41,0,0,0,102,203,254,253,255,233,0,0,0,0,0,0,0,0,0,0,0,0,131,252,253,212,20,0,0,0,0,0,0,61,253,252,253,232,0,0,0,0,0,0,0,0,0,0,0,0,21,102,41,0,0,0,0,0,0,0,92,253,254,253,224,40,0,0,0,0,0,0,0,0,0,0,0,0,0,0,0,0,0,0,0,0,0,0,253,252,253,252,142,0,0,0,0,0,0,0,0,0,0,0,0,0,0,0,0,0,0,0,0,0,11,173,254,253,254,192,0,0,0,0,0,0,0,0,0,0,0,0,0,0,0,0,0,0,0,0,0,0,132,252,253,252,172,30,0,0,0,0,0,0,0,0,0,0,0,0,0,0,0,0,0,0,0,0,0,82,254,253,254,213,41,0,0,0,0,0,0,0,0,0,0,0,0,0,0,0,0,0,0,0,0,0,62,223,253,252,192,30,0,0,0,0,0,0,0,0,0,0,0,0,0,0,0,0,0,0,0,0,0,0,132,253,254,253,41,0,0,0,0,0,0,0,0,0,0,0,0,0,0,0,0,0,0,0,0,0,0,0,253,252,253,171,0,0,0,0,0,0,0,0,0,0,0,0,0,0,0,0,0,0,0,0,0,0,0,142,254,253,224,20,0,0,0,0,0,0,0,0,0,0,0,0,0,0,0,0,0,0,0,0,0,0,21,203,253,252,40,0,0,0,0,0,0,0,0,0,0,0,0,0,0,0,0,0,0,0,0,0,0,0,152,253,254,213,0,0,0,0,0,0,0,0,0,0,0,0,0,0,0,0,0,0,0,0,0,0,0,0,233,252,253,90,0,0,0,0,0,0,0,0,0,0,0,0,0,0,0,0,0,0,0,0,0,0,0,0,214,253,163,20,0,0,0,0,0,0,0,0,0,0,0,0,0,0,0,0,0,0,0,0,0,0,0,0,213,252,102,0,0,0,0,0,0,0,0,0,0,0,0,0,0,0,0,0,0,0,0,0,0,0,0,0,0,0,0,0,0,0,0,0,0,0,0,0,0,0,0,0,0,0
7,0,0,0,0,0,0,0,0,0,0,0,0,0,0,0,0,0,0,0,0,0,0,0,0,0,0,0,0,0,0,0,0,0,0,0,0,0,0,0,0,0,0,0,0,0,0,0,0,0,0,0,0,0,0,0,0,0,0,0,0,0,0,0,0,0,0,0,0,0,0,0,0,0,0,0,0,0,0,0,0,0,0,0,0,0,0,0,0,0,0,0,0,0,0,0,0,0,0,0,0,0,0,0,0,0,0,0,0,0,0,0,0,0,0,0,0,0,0,0,0,0,0,0,0,0,0,0,0,0,0,0,0,0,0,0,0,0,0,0,0,0,0,0,0,0,0,0,0,0,0,0,0,0,0,0,0,0,0,0,0,0,0,0,0,0,0,0,0,0,0,0,0,0,0,0,0,0,0,0,0,0,0,0,0,3,94,247,177,72,0,0,0,0,0,0,0,0,0,0,0,0,0,0,0,0,0,0,0,0,28,63,180,226,253,253,253,243,8,0,0,0,0,0,0,0,0,0,0,0,0,0,3,97,104,104,194,197,238,254,253,253,253,253,253,249,9,0,0,0,0,0,0,0,0,0,0,0,0,0,104,253,253,253,253,253,253,254,253,253,253,253,253,106,0,0,0,0,0,0,0,0,0,0,0,0,0,0,117,253,253,253,253,253,235,147,112,187,253,253,249,61,0,0,0,0,0,0,0,0,0,0,0,0,0,0,14,221,234,167,140,95,29,0,17,222,253,253,185,0,0,0,0,0,0,0,0,0,0,0,0,0,0,0,0,0,0,0,0,0,0,0,70,253,253,237,31,0,0,0,0,0,0,0,0,0,0,0,0,0,0,0,0,0,0,0,0,0,0,15,228,253,253,95,0,0,0,0,0,0,0,0,0,0,0,0,0,0,0,0,0,0,0,0,0,0,0,87,253,253,253,45,71,56,12,0,0,0,0,0,0,0,0,0,0,0,0,0,63,95,25,95,95,174,188,254,253,253,253,253,253,253,137,0,0,0,0,0,0,0,0,0,0,0,63,254,254,254,254,254,254,254,254,255,254,254,254,254,254,254,254,37,0,0,0,0,0,0,0,0,0,0,131,253,253,253,253,253,253,253,253,254,247,215,187,208,215,215,104,4,0,0,0,0,0,0,0,0,0,0,57,247,253,244,166,119,56,154,253,254,176,0,0,0,0,0,0,0,0,0,0,0,0,0,0,0,0,0,0,35,84,6,0,0,17,227,253,234,51,0,0,0,0,0,0,0,0,0,0,0,0,0,0,0,0,0,0,0,0,0,0,0,143,253,253,170,0,0,0,0,0,0,0,0,0,0,0,0,0,0,0,0,0,0,0,0,0,0,0,0,157,253,253,95,0,0,0,0,0,0,0,0,0,0,0,0,0,0,0,0,0,0,0,0,0,0,0,60,250,253,253,160,0,0,0,0,0,0,0,0,0,0,0,0,0,0,0,0,0,0,0,0,0,0,0,85,253,253,253,188,0,0,0,0,0,0,0,0,0,0,0,0,0,0,0,0,0,0,0,0,0,0,0,13,245,253,253,188,0,0,0,0,0,0,0,0,0,0,0,0,0,0,0,0,0,0,0,0,0,0,0,0,119,169,183,49,0,0,0,0,0,0,0,0,0,0,0,0,0,0,0,0,0,0,0,0,0,0,0,0,0,0,0,0,0,0,0,0,0,0,0,0,0,0,0,0,0,0,0,0,0,0,0,0,0,0,0,0,0,0,0,0,0,0,0,0,0,0,0,0,0,0,0,0,0
6,0,0,0,0,0,0,0,0,0,0,0,0,0,0,0,0,0,0,0,0,0,0,0,0,0,0,0,0,0,0,0,0,0,0,0,0,0,0,0,0,0,0,0,0,0,0,0,0,0,0,0,0,0,0,0,0,0,0,0,0,0,0,0,0,0,0,7,154,91,0,0,0,0,0,0,0,0,0,0,0,0,0,0,0,0,0,0,0,0,0,0,0,0,0,131,252,115,0,0,0,0,0,0,0,0,0,0,0,0,0,0,0,0,0,0,0,0,0,0,0,0,23,234,186,6,0,0,0,0,0,0,0,0,0,0,0,0,0,0,0,0,0,0,0,0,0,0,0,0,79,252,168,0,0,0,0,0,0,0,0,0,0,0,0,0,0,0,0,0,0,0,0,0,0,0,0,0,255,253,56,0,0,0,0,0,0,0,0,0,0,0,0,0,0,0,0,0,0,0,0,0,0,0,0,0,253,214,19,0,0,0,0,0,0,0,0,0,0,0,0,0,0,0,0,0,0,0,0,0,0,0,0,38,253,158,0,0,0,0,0,0,0,0,0,0,0,0,0,0,0,0,0,0,0,0,0,0,0,0,0,113,253,84,0,0,0,0,0,0,0,0,0,0,0,0,0,0,0,0,0,0,0,0,0,0,0,0,0,176,254,84,0,0,0,0,0,0,0,0,60,141,29,29,7,0,0,0,0,0,0,0,0,0,0,0,0,225,253,84,0,0,7,57,95,169,169,169,234,252,253,252,130,0,0,0,0,0,0,0,0,0,0,0,0,225,244,56,0,76,204,252,252,252,253,252,224,168,178,252,234,59,0,0,0,0,0,0,0,0,0,0,0,225,225,26,150,249,253,227,139,40,28,28,19,0,4,103,228,190,0,0,0,0,0,0,0,0,0,0,85,253,254,253,244,175,0,0,0,0,0,0,0,0,0,0,85,253,0,0,0,0,0,0,0,0,0,0,85,252,253,240,81,0,0,0,0,0,0,0,0,0,0,13,172,227,0,0,0,0,0,0,0,0,0,19,191,252,253,196,0,0,0,0,0,0,0,0,0,0,48,123,224,43,0,0,0,0,0,0,0,0,13,194,214,139,253,246,100,0,0,0,0,0,0,0,38,113,241,227,43,0,0,0,0,0,0,0,0,0,204,209,76,0,76,244,216,41,0,0,0,0,0,19,154,253,239,38,0,0,0,0,0,0,0,0,0,0,247,65,0,0,0,144,252,252,169,169,131,57,169,225,252,227,75,0,0,0,0,0,0,0,0,0,0,0,100,0,0,0,0,13,171,252,253,252,252,252,253,252,186,31,0,0,0,0,0,0,0,0,0,0,0,0,0,0,0,0,0,0,10,78,140,215,214,139,140,115,19,0,0,0,0,0,0,0,0,0,0,0,0,0,0,0,0,0,0,0,0,0,0,0,0,0,0,0,0,0,0,0,0,0,0,0,0,0,0,0,0,0,0,0,0,0,0,0,0,0,0,0,0,0,0,0,0,0,0,0,0,0,0,0,0,0,0,0,0,0,0,0,0,0,0,0,0,0,0,0,0,0,0,0,0,0,0,0,0,0,0,0,0,0,0,0,0,0,0,0,0,0,0,0,0,0,0,0,0,0,0,0,0,0,0,0,0,0,0,0,0,0,0,0,0,0,0,0,0,0,0,0,0,0,0,0,0,0,0,0,0,0,0,0,0,0,0,0,0,0,0,0,0,0,0,0,0,0,0,0,0,0,0,0,0,0,0,0,0,0,0,0,0,0,0,0,0
8,0,0,0,0,0,0,0,0,0,0,0,0,0,0,0,0,0,0,0,0,0,0,0,0,0,0,0,0,0,0,0,0,0,0,0,0,0,0,0,0,0,0,0,0,0,0,0,0,0,0,0,0,0,0,0,0,0,0,0,0,0,0,0,0,0,0,0,0,0,0,0,0,0,0,0,0,0,0,0,0,0,0,0,0,0,0,0,0,0,0,0,0,0,0,0,0,0,0,0,0,0,0,0,0,0,0,0,0,0,0,0,0,0,0,0,0,0,0,0,0,0,0,0,0,0,0,0,0,0,0,0,0,0,0,0,0,0,0,0,0,0,0,0,0,0,0,0,0,0,0,0,0,0,0,0,0,0,0,0,0,0,0,0,0,0,0,0,0,0,0,0,0,0,0,0,0,0,0,0,13,153,220,255,254,197,0,0,0,0,0,0,0,0,0,0,0,0,0,0,0,0,0,0,0,0,0,55,193,253,253,254,253,213,0,0,0,0,0,0,0,0,0,0,0,0,0,0,0,0,0,0,0,0,0,203,253,234,196,138,200,213,0,0,0,0,9,9,0,0,0,0,0,0,0,0,0,0,0,0,0,0,102,254,151,13,0,0,38,96,0,0,17,134,209,185,9,0,0,0,0,0,0,0,0,0,0,0,0,7,204,160,0,0,0,0,0,0,0,70,212,254,254,185,9,0,0,0,0,0,0,0,0,0,0,0,0,24,253,176,0,0,0,0,0,38,147,245,253,248,139,9,0,0,0,0,0,0,0,0,0,0,0,0,0,5,188,241,19,0,0,0,155,245,253,254,164,42,0,0,0,0,0,0,0,0,0,0,0,0,0,0,0,0,25,254,90,0,0,151,247,210,160,69,6,0,0,0,0,0,0,0,0,0,0,0,0,0,0,0,0,0,0,104,254,136,170,254,241,101,0,0,0,0,0,0,0,0,0,0,0,0,0,0,0,0,0,0,0,0,0,7,216,253,253,165,60,0,0,0,0,0,0,0,0,0,0,0,0,0,0,0,0,0,0,0,0,0,0,0,63,253,253,93,0,0,0,0,0,0,0,0,0,0,0,0,0,0,0,0,0,0,0,0,0,0,0,0,114,253,253,127,0,0,0,0,0,0,0,0,0,0,0,0,0,0,0,0,0,0,0,0,0,0,0,0,231,113,68,254,115,0,0,0,0,0,0,0,0,0,0,0,0,0,0,0,0,0,0,0,0,0,0,0,222,38,0,120,139,26,0,0,0,0,0,0,0,0,0,0,0,0,0,0,0,0,0,0,0,0,0,0,184,0,0,13,188,133,0,0,0,0,0,0,0,0,0,0,0,0,0,0,0,0,0,0,0,0,0,0,218,34,0,0,110,42,0,0,0,0,0,0,0,0,0,0,0,0,0,0,0,0,0,0,0,0,0,0,231,46,0,0,139,138,0,0,0,0,0,0,0,0,0,0,0,0,0,0,0,0,0,0,0,0,0,0,163,159,138,139,235,137,0,0,0,0,0,0,0,0,0,0,0,0,0,0,0,0,0,0,0,0,0,0,42,249,253,254,248,92,0,0,0,0,0,0,0,0,0,0,0,0,0,0,0,0,0,0,0,0,0,0,0,140,253,254,106,0,0,0,0,0,0,0,0,0,0,0,0,0,0,0,0,0,0,0,0,0,0,0,0,0,0,0,0,0,0,0,0,0,0,0,0,0,0,0,0,0,0,0,0,0,0,0,0,0,0,0,0,0,0,0,0,0,0,0,0,0,0,0,0,0,0,0,0
9,0,0,0,0,0,0,0,0,0,0,0,0,0,0,0,0,0,0,0,0,0,0,0,0,0,0,0,0,0,0,0,0,0,0,0,0,0,0,0,0,0,0,0,0,0,0,0,0,0,0,0,0,0,0,0,0,0,0,0,0,0,0,0,0,0,0,0,0,0,0,0,0,0,0,0,0,0,0,0,0,0,0,0,0,0,0,0,0,0,0,0,0,0,0,0,0,0,0,0,0,0,0,0,0,0,0,0,0,0,0,0,0,0,0,0,0,0,0,0,0,0,0,0,0,0,0,0,0,0,0,0,0,0,0,0,0,0,0,0,0,0,0,0,0,0,0,0,0,0,0,0,0,0,0,0,0,0,0,0,0,0,0,0,0,0,0,0,0,0,0,0,0,0,0,0,0,0,0,0,0,0,0,0,0,0,0,0,0,0,0,0,0,0,0,0,0,0,0,0,0,0,0,0,0,0,0,0,0,0,82,214,253,254,71,0,0,0,0,0,0,0,0,0,0,0,0,0,0,0,0,0,0,0,0,0,82,163,243,253,252,253,232,0,0,0,0,0,0,0,0,0,0,0,0,0,0,0,0,0,0,0,0,113,233,254,253,203,203,254,253,62,0,0,0,0,0,0,0,0,0,0,0,0,0,0,0,0,0,0,0,253,252,192,70,0,0,172,252,102,0,0,0,0,0,0,0,0,0,0,0,0,0,0,0,0,0,0,102,254,192,41,0,0,0,214,253,123,0,0,0,0,0,0,0,0,0,0,0,0,0,0,0,0,0,0,183,253,192,0,0,0,0,253,252,162,0,0,0,0,0,0,0,0,0,0,0,0,0,0,0,0,0,0,183,254,253,193,112,132,173,254,253,102,0,0,0,0,0,0,0,0,0,0,0,0,0,0,0,0,0,0,20,253,252,253,252,253,252,253,252,61,0,0,0,0,0,0,0,0,0,0,0,0,0,0,0,0,0,0,0,21,102,203,223,183,102,254,192,0,0,0,0,0,0,0,0,0,0,0,0,0,0,0,0,0,0,0,0,0,0,0,20,0,82,253,151,0,0,0,0,0,0,0,0,0,0,0,0,0,0,0,0,0,0,0,0,0,0,0,0,0,102,254,50,0,0,0,0,0,0,0,0,0,0,0,0,0,0,0,0,0,0,0,0,0,0,0,0,0,183,253,50,0,0,0,0,0,0,0,0,0,0,0,0,0,0,0,0,0,0,0,0,0,0,0,0,51,253,244,40,0,0,0,0,0,0,0,0,0,0,0,0,0,0,0,0,0,0,0,0,0,0,0,0,51,252,122,0,0,0,0,0,0,0,0,0,0,0,0,0,0,0,0,0,0,0,0,0,0,0,0,0,113,253,102,0,0,0,0,0,0,0,0,0,0,0,0,0,0,0,0,0,0,0,0,0,0,0,0,0,152,252,61,0,0,0,0,0,0,0,0,0,0,0,0,0,0,0,0,0,0,0,0,0,0,0,0,21,255,253,0,0,0,0,0,0,0,0,0,0,0,0,0,0,0,0,0,0,0,0,0,0,0,0,0,102,253,252,0,0,0,0,0,0,0,0,0,0,0,0,0,0,0,0,0,0,0,0,0,0,0,0,0,103,255,233,0,0,0,0,0,0,0,0,0,0,0,0,0,0,0,0,0,0,0,0,0,0,0,0,0,102,213,30,0,0,0,0,0,0,0,0,0,0,0,0,0,0,0,0,0,0,0,0,0,0,0,0,0,0,0,0,0,0,0,0,0,0,0,0,0,0,0,0
3,0,0,0,0,0,0,0,0,0,0,0,0,0,0,0,0,0,0,0,0,0,0,0,0,0,0,0,0,0,0,0,0,0,0,0,0,0,0,0,0,0,0,0,0,0,0,0,0,0,0,0,0,0,0,0,0,0,0,0,0,0,0,0,0,0,0,0,0,0,0,0,0,0,0,0,0,0,0,0,0,0,0,0,0,0,0,0,0,0,0,0,0,0,0,0,0,0,0,0,0,0,0,0,0,0,0,0,0,0,0,0,0,0,0,0,0,0,0,0,0,0,0,0,0,0,0,0,0,62,50,105,210,253,76,0,0,0,0,0,0,0,0,0,0,0,0,0,0,0,0,0,0,0,0,0,85,234,229,252,252,252,236,84,0,0,0,0,0,0,0,0,0,0,0,0,0,0,0,0,0,0,0,0,208,252,252,252,252,252,252,236,67,0,0,0,0,0,0,0,0,0,0,0,0,0,0,0,0,0,0,0,208,252,252,252,252,252,252,252,103,0,0,0,0,0,0,0,0,0,0,0,0,0,0,0,0,0,0,0,59,225,252,252,252,252,252,238,73,0,0,0,0,0,0,0,0,0,0,0,0,0,0,0,0,0,0,0,0,164,252,252,252,252,252,207,0,0,0,0,0,0,0,0,0,0,0,0,0,0,0,0,80,0,0,56,134,210,252,252,252,252,252,128,0,0,0,0,0,0,0,0,0,0,0,0,0,0,64,168,246,238,238,245,252,252,252,252,252,252,115,4,0,0,0,0,0,0,0,0,0,0,0,0,0,0,178,252,252,252,252,253,252,252,252,252,202,59,4,0,0,0,0,0,0,0,0,0,0,0,0,0,0,0,178,252,252,252,252,253,252,252,252,252,74,0,0,0,0,0,0,0,0,0,0,0,0,0,0,0,0,45,223,253,253,253,253,255,253,253,253,253,74,0,0,0,0,0,0,0,0,0,0,0,0,0,0,0,0,0,136,224,230,192,192,193,192,231,252,207,30,0,0,0,0,0,0,0,0,0,0,0,0,0,0,0,0,0,0,47,57,0,0,0,4,169,252,252,161,0,0,0,0,0,0,0,0,0,0,0,0,0,0,0,0,0,0,0,0,0,0,0,60,252,252,252,74,0,0,0,0,0,0,0,0,0,0,0,0,224,101,27,0,0,0,40,49,40,135,136,230,252,252,141,9,0,0,0,0,0,0,0,0,0,0,0,0,253,252,202,163,47,27,203,226,191,252,253,252,250,222,25,0,0,0,0,0,0,0,0,0,0,0,0,0,253,252,245,189,252,168,196,252,252,252,253,252,157,0,0,0,0,0,0,0,0,0,0,0,0,0,0,0,253,252,252,252,252,252,252,252,252,252,216,128,5,0,0,0,0,0,0,0,0,0,0,0,0,0,0,0,227,252,252,252,252,252,252,252,217,207,123,0,0,0,0,0,0,0,0,0,0,0,0,0,0,0,0,0,43,191,199,252,120,103,103,191,24,0,0,0,0,0,0,0,0,0,0,0,0,0,0,0,0,0,0,0,0,0,0,0,0,0,0,0,0,0,0,0,0,0,0,0,0,0,0,0,0,0,0,0,0,0,0,0,0,0,0,0,0,0,0,0,0,0,0,0,0,0,0,0,0,0,0,0,0,0,0,0,0,0,0,0,0,0,0,0,0,0,0,0,0,0,0,0,0,0,0,0,0,0,0,0,0,0,0,0,0,0,0,0,0,0,0,0,0,0,0,0,0,0,0,0,0,0,0,0,0,0,0,0,0,0,0,0
5,0,0,0,0,0,0,0,0,0,0,0,0,0,0,0,0,0,0,0,0,0,0,0,0,0,0,0,0,0,0,0,0,0,0,0,0,0,0,0,0,0,0,0,0,0,0,0,0,0,0,0,0,0,0,0,0,0,0,0,0,0,0,0,0,0,0,0,0,0,0,0,0,0,0,0,0,0,0,0,0,0,0,0,0,0,0,0,0,0,0,0,0,0,0,0,0,0,0,0,0,0,0,0,0,0,0,0,0,0,0,0,0,0,0,0,0,0,0,0,0,0,0,0,0,0,0,0,0,0,0,0,0,0,0,0,0,0,0,0,0,0,0,0,0,0,0,0,0,0,0,0,0,0,0,0,0,0,0,7,56,32,123,254,113,25,0,0,0,0,0,0,0,0,0,0,0,4,61,60,60,61,61,60,60,61,184,212,232,222,253,253,253,95,0,0,0,0,0,0,0,0,0,0,0,113,253,253,253,253,253,253,253,254,253,253,253,253,253,253,253,199,0,0,0,0,0,0,0,0,0,0,0,164,253,253,253,253,253,253,253,254,253,253,253,217,133,133,133,31,0,0,0,0,0,0,0,0,0,0,0,164,253,253,253,253,253,253,209,179,178,178,178,126,0,0,0,0,0,0,0,0,0,0,0,0,0,0,8,175,253,253,249,143,74,74,31,0,0,0,0,0,0,0,0,0,0,0,0,0,0,0,0,0,0,0,29,206,253,253,223,0,0,0,0,0,0,0,0,0,0,0,0,0,0,0,0,0,0,0,0,0,0,0,0,164,253,253,134,0,0,0,0,0,0,0,0,0,0,0,0,0,0,0,0,0,0,0,0,0,0,0,0,164,253,253,246,194,53,38,0,0,0,0,0,0,0,0,0,0,0,0,0,0,0,0,0,0,0,0,0,68,174,253,253,253,253,235,62,0,0,0,0,0,0,0,0,0,0,0,0,0,0,0,0,0,0,0,0,0,0,133,162,254,255,254,254,194,19,0,0,0,0,0,0,0,0,0,0,0,0,0,0,0,0,0,0,0,0,0,6,44,185,239,253,254,181,57,0,0,0,0,0,0,0,0,0,0,0,0,0,0,0,0,0,0,0,0,0,0,0,69,186,254,253,239,8,0,0,0,0,0,0,0,0,0,0,0,0,0,0,0,0,0,0,0,0,0,0,22,198,254,253,253,133,0,0,0,0,0,0,0,0,0,0,0,0,0,0,0,0,0,0,0,0,0,72,195,253,254,253,249,95,0,0,0,0,0,0,0,0,0,0,0,0,0,0,0,0,18,0,27,48,179,249,253,253,255,253,220,0,0,0,0,0,0,0,0,0,0,0,0,0,0,0,0,112,205,134,240,253,253,253,253,253,254,221,42,0,0,0,0,0,0,0,0,0,0,0,0,0,0,0,0,210,253,253,253,253,253,253,253,253,164,37,0,0,0,0,0,0,0,0,0,0,0,0,0,0,0,0,0,183,253,253,253,253,253,237,208,120,0,0,0,0,0,0,0,0,0,0,0,0,0,0,0,0,0,0,0,25,201,253,253,235,104,67,0,0,0,0,0,0,0,0,0,0,0,0,0,0,0,0,0,0,0,0,0,0,0,0,0,0,0,0,0,0,0,0,0,0,0,0,0,0,0,0,0,0,0,0,0,0,0,0,0,0,0,0,0,0,0,0,0,0,0,0,0,0,0,0,0,0,0,0,0,0,0,0,0,0,0,0,0,0,0,0,0,0,0,0,0,0,0,0,0,0,0,0,0,0,0,0,0,0
7,0,0,0,0,0,0,0,0,0,0,0,0,0,0,0,0,0,0,0,0,0,0,0,0,0,0,0,0,0,0,0,0,0,0,0,0,0,0,0,0,0,0,0,0,0,0,0,0,0,0,0,0,0,0,0,0,0,0,0,0,0,0,0,0,0,0,0,0,0,0,0,0,0,0,0,0,0,0,0,0,0,0,0,0,0,0,0,0,0,0,0,0,0,0,0,0,0,0,0,0,0,0,0,0,0,0,0,0,0,0,0,0,0,0,0,0,0,0,0,0,0,0,0,0,0,0,0,0,0,0,0,0,0,0,0,0,0,0,0,0,0,0,0,0,0,0,0,0,0,0,0,0,0,0,0,0,0,0,0,0,0,0,0,0,0,0,0,0,0,0,0,0,0,0,0,0,0,109,176,0,0,0,0,0,0,0,0,0,0,0,0,0,0,0,0,0,0,0,0,0,0,0,0,0,0,62,250,62,0,0,0,0,0,134,63,0,0,0,0,0,0,0,0,0,0,0,0,0,0,0,0,0,0,107,254,250,106,0,0,0,85,242,138,0,0,0,0,0,0,0,0,0,0,0,0,0,0,0,0,0,0,23,239,127,245,200,170,207,251,254,64,0,0,0,0,0,0,0,0,0,0,0,0,0,0,0,0,0,0,47,242,0,32,109,138,101,126,254,62,0,0,0,0,0,0,0,0,0,0,0,0,0,0,0,0,0,0,10,84,0,0,0,0,0,146,222,10,0,0,0,0,0,0,0,0,0,0,0,0,0,0,0,0,0,0,0,0,0,0,0,0,30,238,89,0,0,0,0,0,0,0,0,0,0,0,0,0,0,0,0,0,0,0,0,0,0,0,0,0,103,254,28,0,0,0,0,0,0,0,0,0,0,0,0,0,0,0,0,0,0,0,0,0,0,0,0,0,163,180,2,0,0,0,0,0,0,0,0,0,0,0,0,0,0,0,0,0,0,0,0,0,0,0,0,15,233,108,0,0,0,0,0,0,0,0,0,0,0,0,0,0,0,0,0,0,0,0,0,0,0,0,0,101,250,28,0,0,0,0,0,0,0,0,0,0,0,0,0,0,0,0,0,0,0,0,0,0,0,0,0,161,170,0,0,0,0,0,0,0,0,0,0,0,0,0,0,0,0,0,0,0,0,0,0,0,0,0,0,198,130,0,0,0,0,0,0,0,0,0,0,0,0,0,0,0,0,0,0,0,0,0,0,0,0,0,29,254,103,0,0,0,0,0,0,0,0,0,0,0,0,0,0,0,0,0,0,0,0,0,0,0,0,0,19,254,54,0,0,0,0,0,0,0,0,0,0,0,0,0,0,0,0,0,0,0,0,0,0,0,0,0,66,242,25,0,0,0,0,0,0,0,0,0,0,0,0,0,0,0,0,0,0,0,0,0,0,0,0,0,150,231,0,0,0,0,0,0,0,0,0,0,0,0,0,0,0,0,0,0,0,0,0,0,0,0,0,0,145,231,0,0,0,0,0,0,0,0,0,0,0,0,0,0,0,0,0,0,0,0,0,0,0,0,0,0,78,250,147,0,0,0,0,0,0,0,0,0,0,0,0,0,0,0,0,0,0,0,0,0,0,0,0,0,31,255,137,0,0,0,0,0,0,0,0,0,0,0,0,0,0,0,0,0,0,0,0,0,0,0,0,0,0,0,0,0,0,0,0,0,0,0,0,0,0,0,0,0,0,0,0,0,0,0,0,0,0,0,0,0,0,0,0,0,0,0,0,0,0,0,0,0,0,0,0
6,0,0,0,0,0,0,0,0,0,0,0,0,0,0,0,0,0,0,0,0,0,0,0,0,0,0,0,0,0,0,0,0,0,0,0,0,0,0,0,0,0,0,0,0,0,0,0,0,0,0,0,0,0,0,0,0,0,0,0,0,0,0,0,0,0,0,0,0,0,0,0,0,0,0,0,0,0,0,0,0,0,0,0,0,0,0,0,0,0,0,0,0,0,0,0,0,0,0,0,0,63,221,92,0,0,0,0,0,0,0,0,0,0,0,0,0,0,0,0,0,0,0,0,0,0,0,0,49,209,240,62,0,0,0,0,0,0,0,0,0,0,0,0,0,0,0,0,0,0,0,0,0,0,0,0,165,253,96,0,0,0,0,0,0,0,0,0,0,0,0,0,0,0,0,0,0,0,0,0,0,0,0,80,254,171,10,0,0,0,0,0,0,0,0,0,0,0,0,0,0,0,0,0,0,0,0,0,0,0,25,222,254,96,0,0,0,0,0,0,0,0,0,0,0,0,0,0,0,0,0,0,0,0,0,0,0,0,97,253,192,8,0,0,0,0,0,0,0,0,0,0,0,0,0,0,0,0,0,0,0,0,0,0,0,11,218,251,56,0,0,0,0,0,0,0,0,0,0,0,0,0,0,0,0,0,0,0,0,0,0,0,0,31,253,167,0,0,0,0,0,0,0,0,0,0,0,0,0,0,0,0,0,0,0,0,0,0,0,0,2,148,253,37,0,0,0,0,0,0,0,0,0,0,0,0,0,0,0,0,0,0,0,0,0,0,0,0,8,253,253,209,147,40,0,0,0,0,0,0,0,0,0,0,0,0,0,0,0,0,0,0,0,0,0,0,62,254,254,254,255,240,52,0,0,0,0,0,0,0,0,0,0,0,0,0,0,0,0,0,0,0,0,0,99,253,253,201,84,213,201,4,0,0,0,0,0,0,0,0,0,0,0,0,0,0,0,0,0,0,0,0,161,235,44,12,0,124,253,29,0,0,0,0,0,0,0,0,0,0,0,0,0,0,0,0,0,0,0,0,236,222,0,0,0,174,249,56,0,0,0,0,0,0,0,0,0,0,0,0,0,0,0,0,0,0,0,0,238,187,0,0,53,240,184,0,0,0,0,0,0,0,0,0,0,0,0,0,0,0,0,0,0,0,0,0,238,192,0,0,161,253,119,0,0,0,0,0,0,0,0,0,0,0,0,0,0,0,0,0,0,0,0,0,238,171,0,52,254,235,48,0,0,0,0,0,0,0,0,0,0,0,0,0,0,0,0,0,0,0,0,0,238,175,49,226,251,91,0,0,0,0,0,0,0,0,0,0,0,0,0,0,0,0,0,0,0,0,0,0,222,247,231,253,191,0,0,0,0,0,0,0,0,0,0,0,0,0,0,0,0,0,0,0,0,0,0,0,69,253,237,153,37,0,0,0,0,0,0,0,0,0,0,0,0,0,0,0,0,0,0,0,0,0,0,0,0,0,0,0,0,0,0,0,0,0,0,0,0,0,0,0,0,0,0,0,0,0,0,0,0,0,0,0,0,0,0,0,0,0,0,0,0,0,0,0,0,0,0,0,0,0,0,0,0,0,0,0,0,0,0,0,0,0,0,0,0,0,0,0,0,0,0,0,0,0,0,0,0,0,0,0,0,0,0,0,0,0,0,0,0,0,0,0,0,0,0,0,0,0,0,0,0,0,0,0,0,0,0,0,0,0,0,0,0,0,0,0,0,0,0,0,0,0,0,0,0,0,0,0,0,0,0,0,0
9,0,0,0,0,0,0,0,0,0,0,0,0,0,0,0,0,0,0,0,0,0,0,0,0,0,0,0,0,0,0,0,0,0,0,0,0,0,0,0,0,0,0,0,0,0,0,0,0,0,0,0,0,0,0,0,0,0,0,0,0,0,0,0,0,0,0,0,0,0,0,0,0,0,0,0,0,0,0,0,0,0,0,0,0,0,0,0,0,0,0,0,0,0,0,0,0,0,0,0,0,0,0,0,0,0,0,0,0,0,0,0,0,0,0,0,0,0,0,0,0,0,0,0,0,0,0,0,0,0,0,0,0,0,0,0,0,0,0,0,0,0,0,0,0,0,0,0,0,0,0,0,0,0,0,0,0,0,0,0,0,0,0,0,0,0,0,0,0,0,0,0,0,0,0,0,0,0,0,9,116,230,255,198,142,6,0,0,0,0,0,0,0,0,0,0,0,0,0,0,0,0,0,0,0,0,10,180,254,251,183,206,254,173,8,0,0,0,0,0,0,0,0,0,0,0,0,0,0,0,0,0,0,0,109,254,216,17,0,6,173,254,99,0,0,0,0,0,0,0,0,0,0,0,0,0,0,0,0,0,0,25,234,239,36,0,0,0,71,254,248,31,0,0,0,0,0,0,0,0,0,0,0,0,0,0,0,0,0,44,254,151,0,0,0,0,86,254,254,35,0,0,0,0,0,0,0,0,0,0,0,0,0,0,0,0,0,117,254,67,0,0,0,0,86,254,254,35,0,0,0,0,0,0,0,0,0,0,0,0,0,0,0,0,0,171,238,29,0,0,0,0,71,254,254,35,0,0,0,0,0,0,0,0,0,0,0,0,0,0,0,0,0,219,218,0,0,0,0,0,71,254,183,76,0,0,0,0,0,0,0,0,0,0,0,0,0,0,0,0,0,186,244,41,0,0,0,0,167,254,137,25,0,0,0,0,0,0,0,0,0,0,0,0,0,0,0,0,0,102,254,170,0,0,0,0,246,254,174,0,0,0,0,0,0,0,0,0,0,0,0,0,0,0,0,0,0,31,241,228,0,0,0,164,255,255,202,0,0,0,0,0,0,0,0,0,0,0,0,0,0,0,0,0,0,0,131,253,137,3,101,254,254,254,146,0,0,0,0,0,0,0,0,0,0,0,0,0,0,0,0,0,0,0,15,202,252,237,254,235,200,254,114,0,0,0,0,0,0,0,0,0,0,0,0,0,0,0,0,0,0,0,0,21,184,254,235,49,80,254,114,0,0,0,0,0,0,0,0,0,0,0,0,0,0,0,0,0,0,0,0,0,3,35,23,0,71,254,114,0,0,0,0,0,0,0,0,0,0,0,0,0,0,0,0,0,0,0,0,0,0,0,0,0,61,251,126,0,0,0,0,0,0,0,0,0,0,0,0,0,0,0,0,0,0,0,0,0,0,0,0,0,0,237,206,4,10,0,0,0,0,0,0,0,0,0,0,0,0,0,0,0,0,0,0,0,0,0,0,0,0,237,254,80,85,0,0,0,0,0,0,0,0,0,0,0,0,0,0,0,0,0,0,0,0,0,0,0,0,137,253,254,44,0,0,0,0,0,0,0,0,0,0,0,0,0,0,0,0,0,0,0,0,0,0,0,0,0,167,162,14,0,0,0,0,0,0,0,0,0,0,0,0,0,0,0,0,0,0,0,0,0,0,0,0,0,0,0,0,0,0,0,0,0,0,0,0,0,0,0,0,0,0,0,0,0,0,0,0,0,0,0,0,0,0,0,0,0,0,0,0,0,0,0,0
4,0,0,0,0,0,0,0,0,0,0,0,0,0,0,0,0,0,0,0,0,0,0,0,0,0,0,0,0,0,0,0,0,0,0,0,0,0,0,0,0,0,0,0,0,0,0,0,0,0,0,0,0,0,0,0,0,0,0,0,0,0,0,0,0,0,0,0,0,0,0,0,0,0,0,0,0,0,0,0,0,0,0,0,0,0,0,0,0,0,0,0,0,0,0,0,0,0,0,0,0,0,0,0,0,0,0,0,0,0,0,0,0,0,0,0,0,0,0,0,0,0,0,0,0,0,0,0,0,0,0,0,152,213,21,0,0,0,0,0,0,0,0,0,0,0,0,0,0,0,0,0,0,0,0,0,0,0,0,0,71,252,102,0,0,0,0,0,0,0,0,0,0,0,11,132,62,0,0,0,0,0,0,0,0,0,0,0,21,223,163,0,0,0,0,0,0,0,0,0,0,0,213,252,20,0,0,0,0,0,0,0,0,0,0,0,0,203,203,0,0,0,0,0,0,0,0,0,0,123,254,50,0,0,0,0,0,0,0,0,0,0,0,0,0,203,203,0,0,0,0,0,0,0,0,0,21,223,233,30,0,0,0,0,0,0,0,0,0,0,0,0,21,223,203,0,0,0,0,0,0,0,0,0,51,253,203,0,0,0,0,0,0,0,0,0,0,0,0,0,52,253,203,0,0,0,0,0,0,0,0,0,51,252,203,0,0,0,0,0,0,0,0,0,0,0,0,0,132,252,203,0,0,0,0,0,0,0,0,0,51,253,214,10,0,0,0,0,0,0,0,0,0,0,0,0,173,253,203,0,0,0,0,0,0,0,0,0,10,212,253,50,0,0,0,0,0,0,0,0,0,0,0,123,253,252,162,0,0,0,0,0,0,0,0,0,0,123,254,172,21,0,0,0,0,0,0,0,0,0,132,253,254,253,82,0,0,0,0,0,0,0,0,0,0,0,253,252,142,0,0,0,0,0,0,0,41,203,253,212,253,252,0,0,0,0,0,0,0,0,0,0,0,0,21,183,254,213,132,51,51,51,113,193,254,233,142,122,254,192,0,0,0,0,0,0,0,0,0,0,0,0,0,0,112,232,253,252,253,252,192,151,91,30,0,142,253,151,0,0,0,0,0,0,0,0,0,0,0,0,0,0,0,0,102,102,102,20,0,0,0,0,0,203,254,151,0,0,0,0,0,0,0,0,0,0,0,0,0,0,0,0,0,0,0,0,0,0,0,0,0,203,253,151,0,0,0,0,0,0,0,0,0,0,0,0,0,0,0,0,0,0,0,0,0,0,0,0,0,203,255,50,0,0,0,0,0,0,0,0,0,0,0,0,0,0,0,0,0,0,0,0,0,0,0,0,41,243,253,50,0,0,0,0,0,0,0,0,0,0,0,0,0,0,0,0,0,0,0,0,0,0,0,0,51,253,224,20,0,0,0,0,0,0,0,0,0,0,0,0,0,0,0,0,0,0,0,0,0,0,0,0,132,252,203,0,0,0,0,0,0,0,0,0,0,0,0,0,0,0,0,0,0,0,0,0,0,0,0,0,0,0,0,0,0,0,0,0,0,0,0,0,0,0,0,0,0,0,0,0,0,0,0,0,0,0,0,0,0,0,0,0,0,0,0,0,0,0,0,0,0,0,0,0,0,0,0,0,0,0,0,0,0,0,0,0,0,0,0,0,0,0,0,0,0,0,0,0,0,0,0,0,0,0,0,0,0,0,0,0,0,0,0,0,0,0,0,0,0,0,0,0,0,0,0
3,0,0,0,0,0,0,0,0,0,0,0,0,0,0,0,0,0,0,0,0,0,0,0,0,0,0,0,0,0,0,0,0,0,0,0,0,0,0,0,0,0,0,0,0,0,0,0,0,0,0,0,0,0,0,0,0,0,0,0,0,0,0,0,0,0,0,0,0,0,0,0,0,0,0,0,0,0,0,0,0,0,0,0,0,0,0,0,0,0,0,0,0,0,0,0,0,0,0,0,0,0,0,0,0,0,0,0,0,0,0,0,0,0,0,0,0,0,0,0,0,0,0,0,0,0,0,0,0,0,0,0,0,0,0,0,0,0,0,0,0,0,0,0,0,0,0,0,0,76,192,141,229,253,255,253,253,203,13,0,0,0,0,0,0,0,0,0,0,0,0,0,0,0,0,0,0,225,253,252,252,252,253,252,252,252,113,0,0,0,0,0,0,0,0,0,0,0,0,0,0,0,0,0,0,100,168,168,80,56,116,252,252,214,25,0,0,0,0,0,0,0,0,0,0,0,0,0,0,0,0,0,0,0,0,0,0,51,241,252,214,78,0,0,0,0,0,0,0,0,0,0,0,0,0,0,0,0,0,0,0,0,0,0,0,176,254,247,50,0,0,0,0,0,0,0,0,0,0,0,0,0,0,0,0,0,0,0,0,0,0,0,82,243,247,103,0,0,0,0,0,0,0,0,0,0,0,0,0,0,0,0,0,0,0,0,0,0,0,19,215,252,225,0,0,0,0,0,0,0,0,0,0,0,0,0,0,0,0,0,0,0,0,0,0,0,0,107,252,252,75,0,0,0,0,0,0,0,0,0,0,0,0,0,0,0,0,0,0,0,0,0,0,0,29,253,253,140,0,0,0,0,0,0,0,0,0,0,0,0,0,0,0,0,0,0,0,0,0,0,0,0,29,252,252,215,169,169,169,169,169,169,82,7,0,0,0,0,0,0,0,0,0,0,0,0,0,0,0,0,29,252,252,252,253,252,252,252,253,252,252,153,0,0,0,0,0,0,0,0,0,0,0,0,0,0,0,0,4,53,139,139,140,139,139,139,140,165,252,252,101,0,0,0,0,0,0,0,0,0,0,0,0,0,0,0,0,0,0,0,0,0,0,0,0,7,204,253,114,0,0,0,0,0,0,0,0,0,0,0,0,0,0,0,0,0,0,0,0,0,0,0,7,150,252,252,88,0,0,0,0,0,0,0,0,0,0,0,0,0,0,0,0,0,0,0,0,0,0,38,204,252,252,127,0,0,0,0,0,0,0,0,0,0,0,0,0,0,0,0,0,0,0,0,0,76,200,237,253,252,127,3,0,0,0,0,0,0,0,0,0,0,0,0,0,0,0,0,0,0,23,128,204,253,253,241,214,38,0,0,0,0,0,0,0,0,0,0,0,0,0,0,0,0,0,0,0,63,234,252,253,252,170,47,0,0,0,0,0,0,0,0,0,0,0,0,0,0,0,0,0,0,0,0,23,234,252,252,168,93,13,0,0,0,0,0,0,0,0,0,0,0,0,0,0,0,0,0,0,0,0,0,16,165,214,90,0,0,0,0,0,0,0,0,0,0,0,0,0,0,0,0,0,0,0,0,0,0,0,0,0,0,0,0,0,0,0,0,0,0,0,0,0,0,0,0,0,0,0,0,0,0,0,0,0,0,0,0,0,0,0,0,0,0,0,0,0,0,0,0,0,0,0,0,0,0,0,0,0,0,0,0,0,0,0,0,0,0,0,0,0,0,0,0,0,0,0,0,0,0,0,0,0,0,0
4,0,0,0,0,0,0,0,0,0,0,0,0,0,0,0,0,0,0,0,0,0,0,0,0,0,0,0,0,0,0,0,0,0,0,0,0,0,0,0,0,0,0,0,0,0,0,0,0,0,0,0,0,0,0,0,0,0,0,0,0,0,0,0,0,0,0,0,0,0,0,0,0,0,0,0,0,0,0,0,0,0,0,0,0,0,0,0,0,0,0,0,0,0,0,0,0,0,0,0,0,0,0,0,0,0,0,0,0,0,0,0,0,0,0,0,0,0,0,0,0,0,0,0,0,0,0,0,0,0,0,0,0,0,0,0,0,0,0,0,0,0,0,0,0,0,0,0,0,63,144,0,0,0,0,0,0,0,0,0,0,0,0,0,0,0,0,0,0,0,0,0,0,0,0,0,21,206,174,10,0,0,0,0,0,0,0,0,0,0,0,0,0,0,0,0,0,0,0,0,0,0,0,0,21,206,252,138,0,0,0,0,0,0,0,73,78,16,0,0,0,0,0,0,0,0,0,0,0,0,0,0,21,206,252,179,0,0,0,0,0,0,0,217,252,190,0,0,0,0,0,0,0,0,0,0,0,0,0,0,37,252,252,179,0,0,0,0,0,0,0,217,252,252,0,0,0,0,0,0,0,0,0,0,0,0,0,0,37,252,252,179,0,0,0,0,0,0,0,217,252,210,0,0,0,0,0,0,0,0,0,0,0,0,0,0,37,252,252,231,51,0,0,0,0,0,16,222,252,108,0,0,0,0,0,0,0,0,0,0,0,0,0,0,16,190,252,252,71,0,0,0,0,0,109,252,231,46,0,0,0,0,0,0,0,0,0,0,0,0,0,0,0,84,253,253,133,0,0,0,0,0,171,253,217,0,0,0,0,0,0,0,0,0,0,0,0,0,0,0,0,1,252,252,247,217,73,73,73,155,253,252,215,0,0,0,0,0,0,0,0,0,0,0,0,0,0,0,0,1,149,252,252,252,253,252,252,252,253,252,195,0,0,0,0,0,0,0,0,0,0,0,0,0,0,0,0,0,47,148,252,252,253,252,252,252,253,252,71,0,0,0,0,0,0,0,0,0,0,0,0,0,0,0,0,0,0,0,105,144,145,144,144,207,255,222,41,0,0,0,0,0,0,0,0,0,0,0,0,0,0,0,0,0,0,0,0,0,0,0,0,144,253,179,0,0,0,0,0,0,0,0,0,0,0,0,0,0,0,0,0,0,0,0,0,0,0,0,0,144,253,179,0,0,0,0,0,0,0,0,0,0,0,0,0,0,0,0,0,0,0,0,0,0,0,0,21,206,253,179,0,0,0,0,0,0,0,0,0,0,0,0,0,0,0,0,0,0,0,0,0,0,0,0,21,207,255,180,0,0,0,0,0,0,0,0,0,0,0,0,0,0,0,0,0,0,0,0,0,0,0,0,0,144,253,242,114,31,42,0,0,0,0,0,0,0,0,0,0,0,0,0,0,0,0,0,0,0,0,0,0,41,232,252,252,211,125,0,0,0,0,0,0,0,0,0,0,0,0,0,0,0,0,0,0,0,0,0,0,0,47,148,231,108,0,0,0,0,0,0,0,0,0,0,0,0,0,0,0,0,0,0,0,0,0,0,0,0,0,0,0,0,0,0,0,0,0,0,0,0,0,0,0,0,0,0,0,0,0,0,0,0,0,0,0,0,0,0,0,0,0,0,0,0,0,0,0,0,0,0,0,0,0,0,0,0,0,0,0,0,0,0,0,0,0,0,0,0,0,0,0,0,0,0,0
9,0,0,0,0,0,0,0,0,0,0,0,0,0,0,0,0,0,0,0,0,0,0,0,0,0,0,0,0,0,0,0,0,0,0,0,0,0,0,0,0,0,0,0,0,0,0,0,0,0,0,0,0,0,0,0,0,0,0,0,0,0,0,0,0,0,0,0,0,0,0,0,0,0,0,0,0,0,0,0,0,0,0,0,0,0,0,0,0,0,0,0,0,0,0,0,0,0,0,0,0,0,0,0,0,0,0,0,0,0,0,0,0,0,0,0,0,0,0,0,0,0,0,0,0,0,0,0,0,0,0,0,0,0,0,0,0,0,0,0,0,0,0,0,0,0,0,0,0,0,0,0,0,0,0,0,0,0,0,0,0,0,0,0,0,0,0,0,0,0,0,0,0,0,0,0,0,0,0,0,0,0,0,0,0,0,0,0,0,0,0,0,0,0,0,0,0,0,0,0,0,0,0,0,0,0,0,0,2,18,101,172,255,254,194,66,0,0,0,0,0,0,0,0,0,0,0,0,0,0,0,0,0,0,0,18,56,253,253,253,253,253,253,242,54,0,0,0,0,0,0,0,0,0,0,0,0,0,0,0,0,0,98,212,253,253,216,164,82,134,252,253,168,0,0,0,0,0,0,0,0,0,0,0,0,0,0,0,0,100,246,253,247,163,20,0,0,118,252,253,206,0,0,0,0,0,0,0,0,0,0,0,0,0,0,0,59,245,253,251,95,0,0,0,34,239,253,253,206,0,0,0,0,0,0,0,0,0,0,0,0,0,0,0,72,253,253,93,0,0,0,0,144,253,253,241,65,0,0,0,0,0,0,0,0,0,0,0,0,0,0,0,72,253,253,17,0,0,5,133,252,253,253,221,0,0,0,0,0,0,0,0,0,0,0,0,0,0,0,0,65,249,253,251,142,142,220,253,244,251,253,117,0,0,0,0,0,0,0,0,0,0,0,0,0,0,0,0,0,119,229,253,253,253,253,185,59,231,253,204,0,0,0,0,0,0,0,0,0,0,0,0,0,0,0,0,0,0,32,76,76,76,76,18,0,231,253,106,0,0,0,0,0,0,0,0,0,0,0,0,0,0,0,0,0,0,0,0,0,0,0,0,74,248,244,25,0,0,0,0,0,0,0,0,0,0,0,0,0,0,0,0,0,0,0,0,0,0,0,0,139,253,142,0,0,0,0,0,0,0,0,0,0,0,0,0,0,0,0,0,0,0,0,0,0,0,0,35,231,253,124,0,0,0,0,0,0,0,0,0,0,0,0,0,0,0,0,0,0,0,0,0,0,0,0,78,253,253,7,0,0,0,0,0,0,0,0,0,0,0,0,0,0,0,0,0,0,0,0,0,0,0,0,91,253,240,5,0,0,0,0,0,0,0,0,0,0,0,0,0,0,0,0,0,0,0,0,0,0,0,0,195,253,141,0,0,0,0,0,0,0,0,0,0,0,0,0,0,0,0,0,0,0,0,0,0,0,0,0,195,253,170,2,0,0,0,0,0,0,0,0,0,0,0,0,0,0,0,0,0,0,0,0,0,0,0,48,241,253,164,1,0,0,0,0,0,0,0,0,0,0,0,0,0,0,0,0,0,0,0,0,0,0,0,60,253,253,95,0,0,0,0,0,0,0,0,0,0,0,0,0,0,0,0,0,0,0,0,0,0,0,0,32,171,253,23,0,0,0,0,0,0,0,0,0,0,0,0,0,0,0,0,0,0,0,0,0,0,0,0,0,0,0,0,0,0,0,0,0,0,0,0,0,0,0
2,0,0,0,0,0,0,0,0,0,0,0,0,0,0,0,0,0,0,0,0,0,0,0,0,0,0,0,0,0,0,0,0,0,0,0,0,0,0,0,0,0,0,0,0,0,0,0,0,0,0,0,0,0,0,0,0,0,0,0,0,0,0,0,0,0,0,0,0,0,0,0,0,0,0,0,0,0,0,0,0,0,0,0,0,0,0,0,0,0,0,0,0,0,0,22,202,232,222,211,76,0,0,0,0,0,0,0,0,0,0,0,0,0,0,0,0,0,0,0,0,13,89,244,253,252,252,252,158,0,0,0,0,0,0,0,0,0,0,0,0,0,0,0,0,0,0,0,0,101,252,252,253,252,252,252,252,85,0,0,0,0,0,0,0,0,0,0,0,0,0,0,0,0,0,0,60,209,252,252,253,235,227,252,252,116,0,0,0,0,0,0,0,0,0,0,0,0,0,0,0,0,0,22,244,252,252,252,190,60,80,252,252,220,0,0,0,0,0,0,0,0,0,0,0,0,0,0,0,0,0,24,253,253,245,126,53,0,7,212,253,179,0,0,0,0,0,0,0,0,0,0,0,0,0,0,0,0,0,19,227,174,58,0,0,0,70,252,252,230,0,0,0,0,0,0,0,0,0,0,0,0,0,0,0,0,0,0,84,0,0,0,0,0,70,252,252,230,0,0,0,0,0,0,0,0,0,0,0,0,0,0,0,0,0,0,0,0,0,0,0,0,70,252,252,178,0,0,0,0,0,0,0,0,0,0,0,0,0,0,0,0,0,0,0,0,0,0,0,0,122,252,252,178,0,0,0,0,0,0,0,0,0,0,0,0,0,0,0,0,0,0,0,0,0,0,0,26,222,253,253,0,0,0,0,0,0,0,0,0,0,0,0,0,0,0,0,0,0,0,0,0,0,0,0,68,252,252,231,0,0,0,0,0,0,0,0,0,0,0,0,0,0,0,0,0,0,0,0,0,0,0,0,161,252,252,137,0,0,0,0,0,0,0,0,0,0,0,0,0,0,0,0,0,0,0,0,0,0,0,114,236,252,252,96,0,0,0,0,0,0,0,0,0,0,0,0,0,0,0,0,0,0,0,0,0,0,106,191,252,252,168,2,11,116,116,116,63,64,116,199,146,0,0,0,0,0,0,0,0,0,0,0,7,160,201,255,253,253,253,253,255,253,253,253,253,255,253,253,161,0,0,0,0,0,0,0,0,0,0,0,91,252,252,253,252,252,252,252,253,252,252,252,252,253,252,252,160,0,0,0,0,0,0,0,0,0,0,0,184,252,252,253,252,252,252,252,253,252,252,252,252,253,252,252,160,0,0,0,0,0,0,0,0,0,0,0,184,252,252,253,252,252,252,210,161,139,98,88,56,46,45,45,29,0,0,0,0,0,0,0,0,0,0,0,131,252,252,190,137,54,22,12,0,0,0,0,0,0,0,0,0,0,0,0,0,0,0,0,0,0,0,0,0,0,0,0,0,0,0,0,0,0,0,0,0,0,0,0,0,0,0,0,0,0,0,0,0,0,0,0,0,0,0,0,0,0,0,0,0,0,0,0,0,0,0,0,0,0,0,0,0,0,0,0,0,0,0,0,0,0,0,0,0,0,0,0,0,0,0,0,0,0,0,0,0,0,0,0,0,0,0,0,0,0,0,0,0,0,0,0,0,0,0,0,0,0,0,0,0,0,0,0,0,0,0,0,0,0,0,0,0,0,0,0,0,0,0,0,0,0,0,0,0,0,0,0,0,0,0,0,0,0,0,0
9,0,0,0,0,0,0,0,0,0,0,0,0,0,0,0,0,0,0,0,0,0,0,0,0,0,0,0,0,0,0,0,0,0,0,0,0,0,0,0,0,0,0,0,0,0,0,0,0,0,0,0,0,0,0,0,0,0,0,0,0,0,0,0,0,0,0,0,0,0,0,0,0,0,0,0,0,0,0,0,0,0,0,0,0,0,0,0,0,0,0,0,0,0,0,0,0,0,0,0,0,0,0,0,0,0,0,0,0,0,0,0,0,0,0,0,0,0,0,0,0,0,0,0,0,0,0,0,0,0,0,0,0,0,0,0,0,0,0,0,0,0,0,0,0,0,0,0,0,0,0,0,0,0,0,0,0,0,0,0,0,0,0,0,0,0,0,0,0,0,0,0,0,0,0,0,0,0,0,0,0,0,0,29,85,57,0,0,0,0,0,0,0,0,0,0,0,0,0,0,0,0,0,0,0,0,0,0,0,57,168,197,251,225,168,169,56,0,0,0,0,0,0,0,0,0,0,0,0,0,0,0,0,29,85,254,253,254,253,254,253,198,253,254,84,0,0,0,0,0,0,0,0,0,0,0,0,0,0,0,114,197,251,253,251,253,251,84,83,28,196,253,83,0,0,0,0,0,0,0,0,0,0,0,0,0,57,254,253,254,253,254,253,169,56,0,57,141,196,169,56,0,0,0,0,0,0,0,0,0,0,0,0,57,224,253,251,253,251,196,83,0,0,169,224,253,83,0,0,0,0,0,0,0,0,0,0,0,0,0,0,255,253,254,253,169,0,85,197,254,253,254,253,254,253,254,139,57,0,0,0,0,0,0,0,0,0,0,0,139,251,253,251,225,168,253,251,253,251,253,251,253,251,253,251,225,56,0,0,0,0,0,0,0,0,0,0,57,225,254,253,254,253,254,253,169,56,0,0,169,225,254,253,254,84,0,0,0,0,0,0,0,0,0,0,0,168,253,251,253,251,253,138,0,0,0,0,0,56,253,251,253,196,0,0,0,0,0,0,0,0,0,0,0,0,57,168,169,168,114,0,0,0,0,0,0,0,198,253,254,253,0,0,0,0,0,0,0,0,0,0,0,0,0,0,0,0,0,0,0,0,0,0,0,0,85,251,253,251,0,0,0,0,0,0,0,0,0,0,0,0,0,0,0,0,0,0,0,0,0,0,0,0,85,253,254,253,0,0,0,0,0,0,0,0,0,0,0,0,0,0,0,0,0,0,0,0,0,0,0,0,85,251,253,251,0,0,0,0,0,0,0,0,0,0,0,0,0,0,0,0,0,0,0,0,0,0,0,0,85,253,254,253,169,0,0,0,0,0,0,0,0,0,0,0,0,0,0,0,0,0,0,0,0,0,0,0,28,196,253,251,225,56,0,0,0,0,0,0,0,0,0,0,0,0,0,0,0,0,0,0,0,0,0,0,0,169,254,253,254,84,0,0,0,0,0,0,0,0,0,0,0,0,0,0,0,0,0,0,0,0,0,0,0,56,253,251,253,83,0,0,0,0,0,0,0,0,0,0,0,0,0,0,0,0,0,0,0,0,0,0,0,0,57,225,254,253,0,0,0,0,0,0,0,0,0,0,0,0,0,0,0,0,0,0,0,0,0,0,0,0,0,56,84,83,0,0,0,0,0,0,0,0,0,0,0,0,0,0,0,0,0,0,0,0,0,0,0,0,0,0,0,0,0,0,0,0,0,0,0,0,0,0,0,0,0,0,0,0,0,0,0,0,0,0,0,0,0,0,0,0,0,0,0,0
1,0,0,0,0,0,0,0,0,0,0,0,0,0,0,0,0,0,0,0,0,0,0,0,0,0,0,0,0,0,0,0,0,0,0,0,0,0,0,0,0,0,0,0,0,0,0,0,0,0,0,0,0,0,0,0,0,0,0,0,0,0,0,0,0,0,0,0,0,0,0,0,0,0,0,0,0,0,0,0,0,0,0,0,0,0,0,0,0,0,0,0,0,0,0,0,0,0,0,0,0,0,0,0,0,0,0,0,0,0,0,0,0,0,0,0,0,0,0,0,0,0,0,0,0,0,0,149,255,106,0,0,0,0,0,0,0,0,0,0,0,0,0,0,0,0,0,0,0,0,0,0,0,0,73,234,253,192,0,0,0,0,0,0,0,0,0,0,0,0,0,0,0,0,0,0,0,0,0,0,0,0,193,252,253,231,58,0,0,0,0,0,0,0,0,0,0,0,0,0,0,0,0,0,0,0,0,0,0,0,193,252,253,252,88,0,0,0,0,0,0,0,0,0,0,0,0,0,0,0,0,0,0,0,0,0,0,0,193,252,253,252,88,0,0,0,0,0,0,0,0,0,0,0,0,0,0,0,0,0,0,0,0,0,0,0,193,252,253,252,88,0,0,0,0,0,0,0,0,0,0,0,0,0,0,0,0,0,0,0,0,0,0,128,224,252,253,252,175,71,0,0,0,0,0,0,0,0,0,0,0,0,0,0,0,0,0,0,0,0,48,243,252,252,253,252,252,175,11,0,0,0,0,0,0,0,0,0,0,0,0,0,0,0,0,0,0,0,134,252,252,252,253,252,214,59,7,0,0,0,0,0,0,0,0,0,0,0,0,0,0,0,0,0,0,0,55,244,252,252,253,216,36,0,0,0,0,0,0,0,0,0,0,0,0,0,0,0,0,0,0,0,0,0,134,253,253,253,255,253,89,0,0,0,0,0,0,0,0,0,0,0,0,0,0,0,0,0,0,0,0,0,134,252,252,252,253,237,68,0,0,0,0,0,0,0,0,0,0,0,0,0,0,0,0,0,0,0,0,0,134,252,252,252,253,192,0,0,0,0,0,0,0,0,0,0,0,0,0,0,0,0,0,0,0,0,0,0,134,252,252,252,253,122,0,0,0,0,0,0,0,0,0,0,0,0,0,0,0,0,0,0,0,0,0,0,134,252,252,252,222,31,0,0,0,0,0,0,0,0,0,0,0,0,0,0,0,0,0,0,0,0,0,0,134,252,252,252,210,26,0,0,0,0,0,0,0,0,0,0,0,0,0,0,0,0,0,0,0,0,0,0,134,252,252,252,149,0,0,0,0,0,0,0,0,0,0,0,0,0,0,0,0,0,0,0,0,0,0,0,134,252,252,252,8,0,0,0,0,0,0,0,0,0,0,0,0,0,0,0,0,0,0,0,0,0,0,6,155,252,252,252,0,0,0,0,0,0,0,0,0,0,0,0,0,0,0,0,0,0,0,0,0,0,0,119,252,252,252,163,0,0,0,0,0,0,0,0,0,0,0,0,0,0,0,0,0,0,0,0,0,0,0,0,0,0,0,0,0,0,0,0,0,0,0,0,0,0,0,0,0,0,0,0,0,0,0,0,0,0,0,0,0,0,0,0,0,0,0,0,0,0,0,0,0,0,0,0,0,0,0,0,0,0,0,0,0,0,0,0,0,0,0,0,0,0,0,0,0,0,0,0,0,0,0,0,0,0,0,0,0,0,0,0,0,0,0,0,0,0,0,0,0,0,0,0,0,0,0,0,0,0,0,0,0
3,0,0,0,0,0,0,0,0,0,0,0,0,0,0,0,0,0,0,0,0,0,0,0,0,0,0,0,0,0,0,0,0,0,0,0,0,0,0,0,0,0,0,0,0,0,0,0,0,0,0,0,0,0,0,0,0,0,0,0,0,0,0,0,0,0,0,0,0,0,0,0,0,0,0,0,0,0,0,0,0,0,0,0,0,0,0,0,0,0,0,0,0,0,0,5,59,149,156,217,216,175,0,0,0,0,0,0,0,0,0,0,0,0,0,0,0,0,0,0,0,0,0,103,253,253,253,254,253,211,62,0,0,0,0,0,0,0,0,0,0,0,0,0,0,0,0,0,0,0,0,50,253,165,78,78,123,229,226,18,0,0,0,0,0,0,0,0,0,0,0,0,0,0,0,0,0,0,0,2,19,2,0,0,0,44,243,133,0,0,0,0,0,0,0,0,0,0,0,0,0,0,0,0,0,0,0,0,0,0,0,0,0,31,241,58,0,0,0,0,0,0,0,0,0,0,0,0,0,0,0,0,0,0,0,0,0,0,0,0,5,156,131,0,0,0,0,0,0,0,0,0,0,0,0,0,0,0,0,0,0,0,0,0,0,0,0,13,149,203,10,0,0,0,0,0,0,0,0,0,0,0,0,0,0,0,0,0,0,0,0,0,0,0,31,186,165,0,0,0,0,0,0,0,0,0,0,0,0,0,0,0,0,0,0,0,0,0,47,136,136,151,241,254,117,40,3,0,0,0,0,0,0,0,0,0,0,0,0,0,0,0,0,0,0,38,231,253,253,253,253,254,253,253,184,98,0,0,0,0,0,0,0,0,0,0,0,0,0,0,0,0,0,38,135,91,0,0,0,23,98,128,227,254,172,9,0,0,0,0,0,0,0,0,0,0,0,0,0,0,0,0,0,0,0,0,0,0,0,0,36,218,254,54,0,0,0,0,0,0,0,0,0,0,0,0,0,0,0,0,0,0,0,0,0,0,0,0,0,30,254,233,0,0,0,0,0,0,0,0,0,0,0,0,0,0,0,0,0,0,0,0,0,0,0,0,0,0,254,233,0,0,0,0,0,0,0,0,0,0,0,0,0,0,0,38,121,157,195,195,195,196,113,30,0,0,254,233,0,0,0,0,0,0,0,0,0,0,0,0,0,0,100,254,255,254,213,195,195,173,91,0,0,121,255,76,0,0,0,0,0,0,0,0,0,0,0,0,0,0,219,253,174,53,12,0,0,0,0,7,126,244,196,6,0,0,0,0,0,0,0,0,0,0,0,0,0,0,204,253,61,0,0,0,0,0,67,169,253,192,30,0,0,0,0,0,0,0,0,0,0,0,0,0,0,0,63,206,249,226,136,136,136,197,235,225,109,5,0,0,0,0,0,0,0,0,0,0,0,0,0,0,0,0,0,23,119,200,253,253,177,133,36,18,0,0,0,0,0,0,0,0,0,0,0,0,0,0,0,0,0,0,0,0,0,0,0,0,0,0,0,0,0,0,0,0,0,0,0,0,0,0,0,0,0,0,0,0,0,0,0,0,0,0,0,0,0,0,0,0,0,0,0,0,0,0,0,0,0,0,0,0,0,0,0,0,0,0,0,0,0,0,0,0,0,0,0,0,0,0,0,0,0,0,0,0,0,0,0,0,0,0,0,0,0,0,0,0,0,0,0,0,0,0,0,0,0,0,0,0,0,0,0,0,0,0,0,0,0,0,0,0,0,0,0,0,0,0,0,0,0,0,0,0,0,0,0,0,0,0,0,0,0,0,0
9,0,0,0,0,0,0,0,0,0,0,0,0,0,0,0,0,0,0,0,0,0,0,0,0,0,0,0,0,0,0,0,0,0,0,0,0,0,0,0,0,0,0,0,0,0,0,0,0,0,0,0,0,0,0,0,0,0,0,0,0,0,0,0,0,0,0,0,0,0,0,0,0,0,0,0,0,0,0,0,0,0,0,0,0,0,0,0,0,0,0,0,0,0,0,0,0,0,0,0,0,0,0,0,0,0,0,0,0,0,0,0,0,0,0,0,0,0,0,0,0,0,0,0,0,0,0,0,0,0,0,0,0,0,0,0,0,0,0,0,0,0,0,0,0,0,0,0,0,0,0,0,0,0,0,0,0,0,0,0,0,0,0,0,0,0,0,0,0,0,0,0,0,0,0,0,0,0,126,246,255,209,153,42,0,0,0,0,0,0,0,0,0,0,0,0,0,0,0,0,0,0,0,0,0,175,253,254,185,217,254,252,102,0,0,0,0,0,0,0,0,0,0,0,0,0,0,0,0,0,0,0,93,253,191,46,1,5,96,241,197,15,0,0,0,0,0,0,0,0,0,0,0,0,0,0,0,0,0,0,155,254,84,0,0,0,0,106,254,194,39,0,0,0,0,0,0,0,0,0,0,0,0,0,0,0,0,0,177,254,21,0,0,0,0,3,188,254,141,0,0,0,0,0,0,0,0,0,0,0,0,0,0,0,0,0,242,194,2,0,0,0,0,0,101,254,162,0,0,0,0,0,0,0,0,0,0,0,0,0,0,0,0,0,222,203,5,0,0,0,0,0,35,254,251,103,0,0,0,0,0,0,0,0,0,0,0,0,0,0,0,0,155,254,68,0,0,0,0,0,82,254,240,67,0,0,0,0,0,0,0,0,0,0,0,0,0,0,0,0,98,251,164,5,0,0,0,0,122,254,228,0,0,0,0,0,0,0,0,0,0,0,0,0,0,0,0,0,0,193,254,114,0,0,0,0,122,254,228,0,0,0,0,0,0,0,0,0,0,0,0,0,0,0,0,0,0,26,194,244,89,6,0,6,200,254,249,50,0,0,0,0,0,0,0,0,0,0,0,0,0,0,0,0,0,0,48,230,254,213,178,214,249,206,254,72,0,0,0,0,0,0,0,0,0,0,0,0,0,0,0,0,0,0,0,29,174,234,223,210,90,117,254,146,0,0,0,0,0,0,0,0,0,0,0,0,0,0,0,0,0,0,0,0,0,19,0,0,0,117,254,146,0,0,0,0,0,0,0,0,0,0,0,0,0,0,0,0,0,0,0,0,0,0,0,0,0,80,254,146,0,0,0,0,0,0,0,0,0,0,0,0,0,0,0,0,0,0,0,0,0,0,0,0,0,29,250,210,0,0,0,0,0,0,0,0,0,0,0,0,0,0,0,0,0,0,0,0,0,0,0,0,0,0,198,232,0,0,0,0,0,0,0,0,0,0,0,0,0,0,0,0,0,0,0,0,0,0,0,0,0,0,137,247,88,58,0,0,0,0,0,0,0,0,0,0,0,0,0,0,0,0,0,0,0,0,0,0,0,0,111,254,254,153,0,0,0,0,0,0,0,0,0,0,0,0,0,0,0,0,0,0,0,0,0,0,0,0,9,184,218,46,0,0,0,0,0,0,0,0,0,0,0,0,0,0,0,0,0,0,0,0,0,0,0,0,0,0,0,0,0,0,0,0,0,0,0,0,0,0,0,0,0,0,0,0,0,0,0,0,0,0,0,0,0,0,0,0,0,0,0,0,0,0,0
7,0,0,0,0,0,0,0,0,0,0,0,0,0,0,0,0,0,0,0,0,0,0,0,0,0,0,0,0,0,0,0,0,0,0,0,0,0,0,0,0,0,0,0,0,0,0,0,0,0,0,0,0,0,0,0,0,0,0,0,0,0,0,0,0,0,0,0,0,0,0,0,0,0,0,0,0,0,0,0,0,0,0,0,0,0,0,0,0,0,0,0,0,0,0,0,0,0,0,0,0,0,0,0,0,0,0,0,0,0,0,0,0,0,0,0,0,0,0,0,0,0,0,0,0,0,0,0,0,0,0,0,0,0,0,0,0,0,0,0,0,0,0,0,0,0,0,0,0,0,0,0,0,0,0,0,0,0,0,0,0,0,0,0,0,0,0,0,0,0,0,0,0,0,0,0,0,0,0,0,0,0,0,0,0,0,0,0,0,0,0,0,0,0,0,0,0,0,0,0,0,0,0,0,0,0,37,63,94,158,158,158,158,235,255,179,0,0,0,0,0,0,0,0,0,0,0,0,0,0,0,0,71,194,240,251,225,225,219,128,128,133,254,204,0,0,0,0,0,0,0,0,0,0,0,0,0,0,0,0,216,222,107,62,0,0,0,0,0,10,254,120,0,0,0,0,0,0,0,0,0,0,0,0,0,0,0,0,49,30,0,0,0,0,0,0,0,127,254,98,0,0,0,0,0,0,0,0,0,0,0,0,0,0,0,0,0,0,0,0,0,0,0,0,0,202,219,13,0,0,0,0,0,0,0,0,0,0,0,0,0,0,0,0,0,0,0,0,0,0,0,0,32,239,149,0,0,0,0,0,0,0,0,0,0,0,0,0,0,0,0,0,0,0,0,0,0,0,0,0,156,254,86,0,0,0,0,0,0,0,0,0,0,0,0,0,0,0,0,0,0,0,0,0,0,0,0,0,235,246,15,0,0,0,0,0,0,0,0,0,0,0,0,0,0,0,0,0,0,0,0,0,0,0,0,54,248,146,0,0,0,0,0,0,0,0,0,0,0,0,0,0,0,0,0,0,0,0,0,0,0,0,3,146,254,52,0,0,0,0,0,0,0,0,0,0,0,0,0,0,0,0,0,0,0,0,0,0,0,0,15,254,235,30,0,0,0,0,0,0,0,0,0,0,0,0,0,0,0,0,0,0,0,0,0,0,0,0,44,254,116,0,0,0,0,0,0,0,0,0,0,0,0,0,0,0,0,0,0,0,0,0,0,0,0,0,163,254,19,0,0,0,0,0,0,0,0,0,0,0,0,0,0,0,0,0,0,0,0,0,0,0,0,39,244,189,4,0,0,0,0,0,0,0,0,0,0,0,0,0,0,0,0,0,0,0,0,0,0,0,0,76,254,81,0,0,0,0,0,0,0,0,0,0,0,0,0,0,0,0,0,0,0,0,0,0,0,0,0,144,246,38,0,0,0,0,0,0,0,0,0,0,0,0,0,0,0,0,0,0,0,0,0,0,0,0,0,182,201,0,0,0,0,0,0,0,0,0,0,0,0,0,0,0,0,0,0,0,0,0,0,0,0,0,0,240,143,0,0,0,0,0,0,0,0,0,0,0,0,0,0,0,0,0,0,0,0,0,0,0,0,0,0,240,95,0,0,0,0,0,0,0,0,0,0,0,0,0,0,0,0,0,0,0,0,0,0,0,0,0,0,149,30,0,0,0,0,0,0,0,0,0,0,0,0,0,0,0,0,0,0,0,0,0,0,0,0,0,0,0,0,0,0,0,0,0,0,0,0,0,0,0,0,0,0
7,0,0,0,0,0,0,0,0,0,0,0,0,0,0,0,0,0,0,0,0,0,0,0,0,0,0,0,0,0,0,0,0,0,0,0,0,0,0,0,0,0,0,0,0,0,0,0,0,0,0,0,0,0,0,0,0,0,0,0,0,0,0,0,0,0,0,0,0,0,0,0,0,0,0,0,0,0,0,0,0,0,0,0,0,0,0,0,0,0,0,0,0,0,0,0,0,0,0,0,0,0,0,0,0,0,0,0,0,0,0,0,0,0,0,0,0,0,0,0,0,0,0,0,0,0,0,0,0,0,0,0,0,0,0,0,0,0,0,0,0,0,0,0,0,0,0,0,0,0,0,0,0,0,0,0,0,0,0,0,0,0,0,0,0,0,0,0,0,0,0,0,0,0,0,0,0,0,0,0,0,0,0,0,0,0,0,0,0,0,0,0,0,0,0,0,0,0,0,0,0,0,0,0,0,0,0,0,0,0,0,0,0,0,0,0,0,0,0,0,0,0,0,0,0,0,0,0,0,0,0,0,0,0,0,0,64,64,128,128,128,128,255,255,255,255,191,0,0,0,0,0,0,0,0,64,191,128,128,255,255,255,255,255,255,255,255,255,255,255,255,255,255,255,255,0,0,0,0,0,0,0,0,191,255,255,255,255,255,255,255,255,255,255,255,255,255,255,255,255,255,255,255,0,0,0,0,0,0,0,0,191,255,128,191,255,255,191,128,255,128,128,128,128,128,64,0,128,255,255,255,0,0,0,0,0,0,0,0,64,128,0,0,0,0,0,0,0,0,0,0,0,0,0,64,255,255,255,128,0,0,0,0,0,0,0,0,0,0,0,0,0,0,0,0,0,0,0,0,0,0,0,128,255,255,191,0,0,0,0,0,0,0,0,0,0,0,0,0,0,0,0,0,0,0,0,0,0,0,0,255,255,255,128,0,0,0,0,0,0,0,0,0,0,0,0,0,0,0,0,0,0,0,0,0,0,0,191,255,255,191,0,0,0,0,0,0,0,0,0,0,0,0,0,0,0,0,0,0,0,0,0,0,0,0,255,255,255,0,0,0,0,0,0,0,0,0,0,0,0,0,0,0,0,0,0,0,0,0,0,0,0,191,255,255,128,0,0,0,0,0,0,0,0,0,0,0,0,0,0,0,0,0,0,0,0,0,0,0,64,255,255,255,64,0,0,0,0,0,0,0,0,0,0,0,0,0,0,0,0,0,0,0,0,0,0,0,128,255,255,191,0,0,0,0,0,0,0,0,0,0,0,0,0,0,0,0,0,0,0,0,0,0,0,0,255,255,255,128,0,0,0,0,0,0,0,0,0,0,0,0,0,0,0,0,0,0,0,0,0,0,0,191,255,255,191,0,0,0,0,0,0,0,0,0,0,0,0,0,0,0,0,0,0,0,0,0,0,0,64,255,255,255,0,0,0,0,0,0,0,0,0,0,0,0,0,0,0,0,0,0,0,0,0,0,0,0,191,255,255,191,0,0,0,0,0,0,0,0,0,0,0,0,0,0,0,0,0,0,0,0,0,0,0,191,255,255,255,64,0,0,0,0,0,0,0,0,0,0,0,0,0,0,0,0,0,0,0,0,0,0,64,255,255,255,128,0,0,0,0,0,0,0,0,0,0,0,0,0,0,0,0,0,0,0,0,0,0,0,128,255,255,191,0,0,0,0,0,0,0,0,0,0,0,0,0,0,0,0,0,0,0,0,0,0,0,0,0,128,128,0,0,0,0,0,0,0,0,0,0,0,0,0,0,0
5,0,0,0,0,0,0,0,0,0,0,0,0,0,0,0,0,0,0,0,0,0,0,0,0,0,0,0,0,0,0,0,0,0,0,0,0,0,0,0,0,0,0,0,0,0,0,0,0,0,0,0,0,0,0,0,0,0,0,0,0,0,0,0,0,0,0,0,0,0,0,0,0,0,0,0,0,0,0,0,0,0,0,0,0,0,0,0,0,0,0,0,0,0,0,0,0,0,0,0,0,0,0,0,0,0,0,0,0,0,0,0,0,0,0,0,0,0,0,0,0,0,0,0,0,0,0,0,0,0,0,0,0,0,0,0,0,0,0,0,0,0,0,0,0,0,0,0,0,0,3,47,47,90,47,47,47,103,182,255,254,55,0,0,0,0,0,0,0,0,0,0,0,0,0,0,0,0,177,253,253,253,253,253,253,253,253,253,253,139,0,0,0,0,0,0,0,0,0,0,0,0,0,0,0,11,228,253,253,253,253,253,253,253,253,239,201,20,0,0,0,0,0,0,0,0,0,0,0,0,0,0,0,73,253,253,253,236,203,185,190,157,67,40,22,0,0,0,0,0,0,0,0,0,0,0,0,0,0,0,0,127,253,185,20,16,8,4,5,0,0,0,0,0,0,0,0,0,0,0,0,0,0,0,0,0,0,0,0,147,253,130,0,0,0,0,0,0,0,0,0,0,0,0,0,0,0,0,0,0,0,0,23,27,0,0,0,164,253,88,0,0,0,0,0,0,0,0,0,0,0,0,0,0,0,0,0,0,0,0,17,20,0,0,0,176,253,155,0,0,0,62,63,63,95,157,21,0,0,0,0,0,0,0,0,0,0,0,0,0,0,0,0,132,253,243,126,130,213,253,253,253,253,253,198,18,0,0,0,0,0,0,0,0,0,0,0,0,0,0,0,58,247,253,253,253,253,253,214,223,217,253,253,205,19,0,0,0,0,0,0,0,0,0,0,0,0,0,0,0,142,253,253,253,215,138,13,21,16,152,253,253,93,0,0,0,0,0,0,0,0,0,0,0,0,0,0,0,1,5,92,87,3,0,0,0,0,9,206,253,204,8,0,0,0,0,0,0,0,0,0,0,0,0,0,0,0,0,0,0,0,0,0,0,0,0,93,253,253,46,0,0,0,0,0,0,0,0,0,0,0,0,0,0,0,0,0,0,0,0,0,0,0,0,124,253,246,41,0,0,0,0,0,0,0,0,0,0,0,0,0,0,0,52,121,31,0,0,0,0,0,15,230,253,164,0,0,0,0,0,0,0,0,0,0,0,0,0,0,0,8,209,253,191,0,0,0,0,47,178,253,253,86,0,0,0,0,0,0,0,0,0,0,0,0,0,0,0,44,253,253,237,89,68,68,124,230,253,253,188,0,0,0,0,0,0,0,0,0,0,0,0,0,0,0,0,116,253,253,253,253,253,253,253,253,244,139,20,0,0,0,0,0,0,0,0,0,0,0,0,0,0,0,0,6,160,244,253,253,253,253,253,236,96,0,0,0,0,0,0,0,0,0,0,0,0,0,0,0,0,0,0,0,0,84,171,253,194,114,46,32,0,0,0,0,0,0,0,0,0,0,0,0,0,0,0,0,0,0,0,0,0,0,0,0,0,0,0,0,0,0,0,0,0,0,0,0,0,0,0,0,0,0,0,0,0,0,0,0,0,0,0,0,0,0,0,0,0,0,0,0,0,0,0,0,0,0,0,0,0,0,0,0,0,0,0,0,0,0,0,0,0,0,0,0,0,0,0,0,0,0,0,0,0,0
8,0,0,0,0,0,0,0,0,0,0,0,0,0,0,0,0,0,0,0,0,0,0,0,0,0,0,0,0,0,0,0,0,0,0,0,0,0,0,0,0,0,0,0,0,0,0,0,0,0,0,0,0,0,0,0,0,0,0,0,0,0,0,0,0,0,0,0,0,0,0,0,0,0,0,0,0,0,0,0,0,0,0,0,0,0,0,0,0,0,0,0,0,0,0,0,0,0,0,0,0,0,0,0,0,0,0,0,0,0,0,0,0,0,0,0,0,0,0,0,0,0,0,0,0,23,73,194,151,151,22,0,0,0,0,88,183,0,0,0,0,0,0,0,0,0,0,0,0,0,0,0,0,121,254,254,254,218,112,0,0,0,94,236,102,0,0,0,0,0,0,0,0,0,0,0,0,0,0,0,0,121,254,177,10,6,0,0,5,69,243,131,2,0,0,0,0,0,0,0,0,0,0,0,0,0,0,0,0,121,254,118,0,0,0,0,142,254,205,22,0,0,0,0,0,0,0,0,0,0,0,0,0,0,0,0,0,110,254,241,0,0,5,141,253,204,21,0,0,0,0,0,0,0,0,0,0,0,0,0,0,0,0,0,0,12,229,251,29,29,145,254,203,22,0,0,0,0,0,0,0,0,0,0,0,0,0,0,0,0,0,0,0,0,118,254,214,215,254,206,21,0,0,0,0,0,0,0,0,0,0,0,0,0,0,0,0,0,0,0,0,0,63,254,254,254,201,22,0,0,0,0,0,0,0,0,0,0,0,0,0,0,0,0,0,0,0,0,0,0,65,254,254,254,21,0,0,0,0,0,0,0,0,0,0,0,0,0,0,0,0,0,0,0,0,0,0,96,221,254,254,254,5,0,0,0,0,0,0,0,0,0,0,0,0,0,0,0,0,0,0,0,0,0,100,248,254,173,254,254,88,0,0,0,0,0,0,0,0,0,0,0,0,0,0,0,0,0,0,0,0,50,222,252,119,6,254,254,109,0,0,0,0,0,0,0,0,0,0,0,0,0,0,0,0,0,0,0,0,235,254,124,0,2,180,254,109,0,0,0,0,0,0,0,0,0,0,0,0,0,0,0,0,0,0,5,142,253,130,2,0,0,102,254,109,0,0,0,0,0,0,0,0,0,0,0,0,0,0,0,0,0,0,37,254,204,22,0,0,0,53,254,109,0,0,0,0,0,0,0,0,0,0,0,0,0,0,0,0,0,0,139,254,73,0,0,0,0,104,254,109,0,0,0,0,0,0,0,0,0,0,0,0,0,0,0,0,0,64,251,254,20,0,0,0,32,223,254,109,0,0,0,0,0,0,0,0,0,0,0,0,0,0,0,0,0,91,254,254,30,11,17,115,218,254,205,17,0,0,0,0,0,0,0,0,0,0,0,0,0,0,0,0,0,0,222,254,254,254,254,254,253,176,19,0,0,0,0,0,0,0,0,0,0,0,0,0,0,0,0,0,0,0,41,150,246,255,254,186,62,0,0,0,0,0,0,0,0,0,0,0,0,0,0,0,0,0,0,0,0,0,0,0,0,0,0,0,0,0,0,0,0,0,0,0,0,0,0,0,0,0,0,0,0,0,0,0,0,0,0,0,0,0,0,0,0,0,0,0,0,0,0,0,0,0,0,0,0,0,0,0,0,0,0,0,0,0,0,0,0,0,0,0,0,0,0,0,0,0,0,0,0,0,0,0,0,0,0,0,0,0,0,0,0,0,0,0,0,0,0,0,0,0,0,0,0,0,0,0,0,0,0,0,0,0
6,0,0,0,0,0,0,0,0,0,0,0,0,0,0,0,0,0,0,0,0,0,0,0,0,0,0,0,0,0,0,0,0,0,0,0,0,0,0,0,0,0,0,0,0,0,0,0,0,0,0,0,0,0,0,0,0,0,0,0,0,0,0,0,0,0,0,0,0,0,0,0,0,0,0,0,0,0,0,0,0,0,0,0,0,0,0,0,0,0,0,0,0,0,0,0,0,0,0,0,0,0,0,0,0,0,0,0,0,0,0,0,0,0,0,0,0,0,0,0,0,0,0,0,0,0,0,0,0,0,0,0,0,0,0,0,0,0,0,0,0,0,0,0,0,0,0,0,0,0,0,0,0,0,0,0,0,0,0,0,0,0,0,0,0,0,0,0,0,0,0,0,0,0,0,0,0,0,0,0,0,0,0,0,0,0,0,0,0,0,0,0,0,0,0,0,0,0,0,0,0,0,0,0,0,0,0,0,56,32,0,0,0,0,0,0,0,0,0,0,0,0,0,0,0,0,0,0,0,0,0,0,0,0,0,0,172,175,0,0,0,0,0,0,0,0,0,0,0,0,0,0,0,0,0,0,0,0,0,0,0,0,0,96,251,106,0,0,0,0,0,0,0,0,0,0,0,0,0,0,0,0,0,0,0,0,0,0,0,0,100,251,127,2,0,0,0,0,0,0,0,29,53,39,0,0,0,0,0,0,0,0,0,0,0,0,0,100,245,97,2,0,0,0,0,0,35,43,116,225,254,242,198,36,0,0,0,0,0,0,0,0,0,10,152,252,96,0,0,0,0,0,11,178,248,250,109,77,77,102,245,188,0,0,0,0,0,0,0,0,36,193,236,53,2,0,0,0,0,10,169,254,156,33,0,0,0,13,231,199,0,0,0,0,0,0,0,0,146,241,56,0,0,0,0,0,5,169,242,115,4,0,0,0,50,185,221,30,0,0,0,0,0,0,0,0,255,159,0,0,0,0,0,0,111,239,64,0,0,0,22,128,234,151,40,0,0,0,0,0,0,0,0,0,238,145,0,0,0,0,0,27,219,205,0,0,57,143,240,231,98,0,0,0,0,0,0,0,0,0,0,0,119,237,72,10,10,10,10,121,254,225,147,202,188,144,52,25,0,0,0,0,0,0,0,0,0,0,0,0,22,141,254,254,254,254,254,254,254,185,176,86,7,0,0,0,0,0,0,0,0,0,0,0,0,0,0,0,0,3,24,118,120,87,24,183,118,2,0,0,0,0,0,0,0,0,0,0,0,0,0,0,0,0,0,0,0,0,0,0,0,0,0,0,0,0,0,0,0,0,0,0,0,0,0,0,0,0,0,0,0,0,0,0,0,0,0,0,0,0,0,0,0,0,0,0,0,0,0,0,0,0,0,0,0,0,0,0,0,0,0,0,0,0,0,0,0,0,0,0,0,0,0,0,0,0,0,0,0,0,0,0,0,0,0,0,0,0,0,0,0,0,0,0,0,0,0,0,0,0,0,0,0,0,0,0,0,0,0,0,0,0,0,0,0,0,0,0,0,0,0,0,0,0,0,0,0,0,0,0,0,0,0,0,0,0,0,0,0,0,0,0,0,0,0,0,0,0,0,0,0,0,0,0,0,0,0,0,0,0,0,0,0,0,0,0,0,0,0,0,0,0,0,0,0,0,0,0,0,0,0,0,0,0,0,0,0,0,0,0,0,0,0,0,0,0,0,0,0,0,0,0,0,0,0,0,0,0,0,0,0,0,0,0,0,0,0,0,0,0,0,0,0,0,0
1,0,0,0,0,0,0,0,0,0,0,0,0,0,0,0,0,0,0,0,0,0,0,0,0,0,0,0,0,0,0,0,0,0,0,0,0,0,0,0,0,0,0,0,0,0,0,0,0,0,0,0,0,0,0,0,0,0,0,0,0,0,0,0,0,0,0,0,0,0,0,0,0,0,0,0,0,0,0,0,0,0,0,0,0,0,0,0,0,0,0,0,0,0,0,0,0,0,0,0,0,0,0,0,0,0,0,0,0,0,0,0,0,0,0,0,0,0,0,0,0,0,0,0,0,0,0,0,0,0,0,0,0,0,0,0,0,0,0,0,0,0,0,0,0,0,0,0,0,0,0,0,0,0,0,0,2,140,255,212,19,0,0,0,0,0,0,0,0,0,0,0,0,0,0,0,0,0,0,0,0,0,0,0,135,253,253,253,37,0,0,0,0,0,0,0,0,0,0,0,0,0,0,0,0,0,0,0,0,0,0,0,192,253,253,247,34,0,0,0,0,0,0,0,0,0,0,0,0,0,0,0,0,0,0,0,0,0,0,49,228,253,253,94,0,0,0,0,0,0,0,0,0,0,0,0,0,0,0,0,0,0,0,0,0,0,35,227,253,253,188,17,0,0,0,0,0,0,0,0,0,0,0,0,0,0,0,0,0,0,0,0,0,0,75,253,253,242,42,0,0,0,0,0,0,0,0,0,0,0,0,0,0,0,0,0,0,0,0,0,0,0,180,253,253,179,0,0,0,0,0,0,0,0,0,0,0,0,0,0,0,0,0,0,0,0,0,0,0,10,194,253,253,179,0,0,0,0,0,0,0,0,0,0,0,0,0,0,0,0,0,0,0,0,0,0,0,67,237,253,253,91,0,0,0,0,0,0,0,0,0,0,0,0,0,0,0,0,0,0,0,0,0,0,0,160,234,253,172,15,0,0,0,0,0,0,0,0,0,0,0,0,0,0,0,0,0,0,0,0,0,0,0,174,253,253,61,0,0,0,0,0,0,0,0,0,0,0,0,0,0,0,0,0,0,0,0,0,0,0,13,197,253,204,14,0,0,0,0,0,0,0,0,0,0,0,0,0,0,0,0,0,0,0,0,0,0,0,84,253,235,70,0,0,0,0,0,0,0,0,0,0,0,0,0,0,0,0,0,0,0,0,0,0,0,32,239,253,197,0,0,0,0,0,0,0,0,0,0,0,0,0,0,0,0,0,0,0,0,0,0,0,0,38,253,253,197,0,0,0,0,0,0,0,0,0,0,0,0,0,0,0,0,0,0,0,0,0,0,0,0,38,253,253,197,0,0,0,0,0,0,0,0,0,0,0,0,0,0,0,0,0,0,0,0,0,0,0,0,150,253,253,197,0,0,0,0,0,0,0,0,0,0,0,0,0,0,0,0,0,0,0,0,0,0,0,0,161,253,253,197,0,0,0,0,0,0,0,0,0,0,0,0,0,0,0,0,0,0,0,0,0,0,0,0,161,253,253,139,0,0,0,0,0,0,0,0,0,0,0,0,0,0,0,0,0,0,0,0,0,0,0,0,40,253,168,38,0,0,0,0,0,0,0,0,0,0,0,0,0,0,0,0,0,0,0,0,0,0,0,0,0,0,0,0,0,0,0,0,0,0,0,0,0,0,0,0,0,0,0,0,0,0,0,0,0,0,0,0,0,0,0,0,0,0,0,0,0,0,0,0,0,0,0,0,0,0,0,0,0,0,0,0,0,0,0,0,0,0,0,0,0,0,0,0,0,0,0,0,0,0,0,0,0,0
7,0,0,0,0,0,0,0,0,0,0,0,0,0,0,0,0,0,0,0,0,0,0,0,0,0,0,0,0,0,0,0,0,0,0,0,0,0,0,0,0,0,0,0,0,0,0,0,0,0,0,0,0,0,0,0,0,0,0,0,0,0,0,0,0,0,0,0,0,0,0,0,0,0,0,0,0,0,0,0,0,0,0,0,0,0,0,0,0,0,0,0,0,0,0,0,0,0,0,0,0,0,0,0,0,0,0,0,0,0,0,0,0,0,0,0,0,0,0,0,0,0,0,0,0,0,0,0,0,0,0,0,0,0,0,0,0,0,0,0,0,0,0,0,0,0,0,0,0,0,0,0,0,0,0,0,0,0,0,0,0,0,0,0,0,0,0,0,0,0,0,0,0,0,0,0,0,0,0,0,0,0,0,0,0,0,0,0,0,0,0,0,0,0,0,0,0,0,0,0,0,0,0,0,0,0,0,0,0,0,0,0,0,0,0,0,0,0,0,0,0,0,0,0,0,0,0,0,0,0,0,0,0,0,0,0,0,0,0,0,0,4,79,79,52,0,0,0,0,0,0,0,0,0,0,0,0,0,0,0,0,0,0,0,0,0,8,176,188,247,254,254,252,0,0,0,0,0,0,0,0,0,0,0,0,0,0,0,0,0,0,0,0,9,176,254,254,204,211,255,254,0,0,0,0,0,0,0,0,0,0,0,0,0,0,0,0,0,0,0,43,223,248,145,17,5,66,254,181,0,0,0,0,0,0,0,0,0,0,0,0,0,0,0,0,0,0,44,228,254,158,0,0,0,145,252,35,0,0,0,0,0,0,0,0,0,0,0,0,0,0,0,0,11,174,242,247,148,6,0,0,31,247,201,0,0,0,0,0,0,0,0,0,0,0,0,0,0,0,0,0,78,254,198,71,0,0,0,4,160,250,46,0,0,0,0,0,0,0,0,0,0,0,0,0,0,0,0,0,23,77,6,0,0,0,0,34,254,184,0,0,0,0,0,0,0,0,0,0,0,0,0,0,0,0,0,0,0,0,0,0,0,0,12,210,229,11,0,0,0,0,0,0,0,0,0,0,0,0,0,0,0,0,0,0,0,0,0,0,0,4,145,246,79,0,0,0,0,0,0,0,0,0,0,0,60,0,0,0,0,0,0,0,0,0,0,0,0,80,254,155,0,0,0,0,0,0,0,0,0,0,0,0,0,0,0,0,0,0,0,0,0,0,0,0,25,243,227,13,0,0,0,0,0,0,0,0,0,0,0,0,0,0,0,0,0,0,0,0,0,0,0,16,159,252,73,0,0,0,0,0,0,0,0,0,0,0,0,0,0,0,0,0,0,0,0,0,0,0,4,141,252,122,0,0,0,0,0,0,0,0,0,0,0,0,0,0,0,0,0,0,0,0,0,0,0,0,75,254,183,0,0,0,0,0,0,0,0,0,0,0,0,0,0,0,0,0,0,0,0,0,0,0,0,32,220,191,14,0,0,0,0,0,0,0,0,0,0,0,0,0,0,0,0,0,0,0,0,0,0,0,0,106,227,14,0,0,0,0,0,0,0,0,0,0,0,0,0,0,0,0,0,0,0,0,0,0,0,0,0,40,66,0,0,0,0,0,0,0,0,0,0,0,0,0,0,0,0,0,0,0,0,0,0,0,0,0,0,0,0,0,0,0,0,0,0,0,0,0,0,0,0,0,0,0,0,0,0,0,0,0,0,0,0,0,0,0,0,0,0,0,0,0,0,0,0,0,0,0,0,0,0,0,0,0
2,0,0,0,0,0,0,0,0,0,0,0,0,0,0,0,0,0,0,0,0,0,0,0,0,0,0,0,0,0,0,0,0,0,0,0,0,0,0,0,0,0,0,0,0,0,0,0,0,0,0,0,0,0,0,0,0,0,0,0,0,0,0,0,0,0,0,0,0,0,0,0,0,0,0,0,0,0,0,0,0,0,0,0,0,0,0,0,0,0,0,0,0,0,0,0,0,0,0,0,0,0,0,0,0,0,0,0,0,0,0,0,0,0,0,0,0,0,0,0,0,0,0,5,18,18,18,8,0,0,0,0,0,0,0,0,0,0,0,0,0,0,0,0,0,0,0,0,0,5,61,182,253,253,253,197,80,11,0,0,0,0,0,0,0,0,0,0,0,0,0,0,0,0,0,0,4,136,253,253,253,253,253,253,253,196,40,0,0,0,0,0,0,0,0,0,0,0,0,0,0,0,0,0,107,253,253,253,253,253,253,253,253,253,146,0,0,0,0,0,0,0,0,0,0,0,0,0,0,0,0,0,136,253,253,253,253,253,151,113,220,253,239,33,0,0,0,0,0,0,0,0,0,0,0,0,0,0,0,0,136,253,253,253,253,253,129,0,55,253,253,145,0,0,0,0,0,0,0,0,0,0,0,0,0,0,0,0,6,83,129,129,129,129,11,0,22,213,253,205,12,0,0,0,0,0,0,0,0,0,0,0,0,0,0,0,0,0,0,0,0,0,0,0,0,60,253,253,90,0,0,0,0,0,0,0,0,0,0,0,0,0,0,0,0,0,0,0,0,0,0,0,0,50,244,253,141,0,0,0,0,0,0,0,0,0,0,0,0,0,0,0,0,0,0,0,0,0,0,0,38,60,209,253,167,2,0,0,0,0,0,0,0,0,0,0,0,0,0,0,0,0,0,0,64,182,195,195,232,253,253,253,253,191,33,0,0,0,0,0,0,0,0,0,0,0,0,0,0,14,120,213,246,253,253,253,253,253,253,253,253,253,230,173,0,0,0,0,0,0,0,0,0,0,0,0,8,187,253,253,253,253,253,253,253,253,253,253,253,253,253,249,200,113,16,0,0,0,0,0,0,0,0,0,134,253,253,253,249,241,253,253,253,253,250,142,124,239,243,253,253,253,202,9,0,0,0,0,0,0,0,0,150,253,247,135,69,27,244,253,253,253,108,0,0,0,13,188,253,253,253,86,0,0,0,0,0,0,0,0,255,253,235,166,166,243,253,253,253,192,21,0,0,0,0,39,218,253,253,212,0,0,0,0,0,0,0,0,169,253,253,253,253,253,253,253,193,21,0,0,0,0,0,0,18,185,253,253,0,0,0,0,0,0,0,0,92,221,253,253,253,253,253,196,20,0,0,0,0,0,0,0,0,18,53,53,0,0,0,0,0,0,0,0,0,21,60,153,152,152,40,16,0,0,0,0,0,0,0,0,0,0,0,0,0,0,0,0,0,0,0,0,0,0,0,0,0,0,0,0,0,0,0,0,0,0,0,0,0,0,0,0,0,0,0,0,0,0,0,0,0,0,0,0,0,0,0,0,0,0,0,0,0,0,0,0,0,0,0,0,0,0,0,0,0,0,0,0,0,0,0,0,0,0,0,0,0,0,0,0,0,0,0,0,0,0,0,0,0,0,0,0,0,0,0,0,0,0,0,0,0,0,0,0,0,0,0,0,0,0,0,0,0,0,0,0,0,0,0,0,0,0,0,0,0,0,0,0,0,0,0,0,0,0,0,0,0,0,0,0,0,0,0,0,0
7,0,0,0,0,0,0,0,0,0,0,0,0,0,0,0,0,0,0,0,0,0,0,0,0,0,0,0,0,0,0,0,0,0,0,0,0,0,0,0,0,0,0,0,0,0,0,0,0,0,0,0,0,0,0,0,0,0,0,0,0,0,0,0,0,0,0,0,0,0,0,0,0,0,0,0,0,0,0,0,0,0,0,0,0,0,0,0,0,0,0,0,0,0,0,0,0,0,0,0,0,0,0,0,0,0,0,0,0,0,0,0,0,0,0,0,0,0,0,0,0,0,0,0,0,0,0,0,0,0,0,0,0,0,0,0,0,0,0,0,0,0,0,0,0,0,0,0,0,0,0,0,0,0,0,0,0,0,0,0,0,0,0,0,0,0,0,0,0,0,0,0,0,0,0,0,0,73,5,63,73,137,163,195,163,61,0,0,0,0,0,0,0,0,0,0,0,0,0,0,0,0,0,0,0,254,237,250,253,253,254,253,253,239,61,0,0,0,0,0,0,0,0,0,0,0,0,0,0,0,0,0,0,95,127,127,127,127,127,94,222,253,162,0,0,0,0,0,0,0,0,0,0,0,0,0,0,0,0,0,0,0,0,0,0,0,0,0,128,253,162,0,0,0,0,0,0,0,0,0,0,0,0,0,0,0,0,0,0,0,0,0,0,0,0,0,192,253,162,0,0,0,0,0,0,0,0,0,0,0,0,0,0,0,0,0,0,0,0,0,0,0,0,16,228,254,163,0,0,0,0,0,0,0,0,0,0,0,0,0,0,0,0,0,0,0,0,0,0,0,0,55,253,253,78,0,0,0,0,0,0,0,0,0,0,0,0,0,0,0,0,0,0,0,0,0,0,0,0,132,253,224,11,0,0,0,0,0,0,0,0,0,0,0,0,0,0,0,0,0,0,0,0,0,0,0,0,184,253,144,0,0,0,0,0,0,0,0,0,0,0,0,0,0,0,0,0,0,0,0,0,0,0,0,27,242,253,112,0,0,0,0,0,0,0,0,0,0,0,0,0,0,0,0,0,0,0,0,0,0,0,0,131,254,230,20,0,0,0,0,0,0,0,0,0,0,0,0,0,0,0,0,0,0,0,0,0,0,0,0,182,253,132,0,0,0,0,0,0,0,0,0,0,0,0,0,0,0,0,0,0,0,0,0,0,0,0,14,254,253,114,0,0,0,0,0,0,0,0,0,0,0,0,0,0,0,0,0,0,0,0,0,0,0,0,129,254,249,33,0,0,0,0,0,0,0,0,0,0,0,0,0,0,0,0,0,0,0,0,0,0,0,0,181,254,133,0,0,0,0,0,0,0,0,0,0,0,0,0,0,0,0,0,0,0,0,0,0,0,0,19,254,255,83,0,0,0,0,0,0,0,0,0,0,0,0,0,0,0,0,0,0,0,0,0,0,0,0,103,253,212,8,0,0,0,0,0,0,0,0,0,0,0,0,0,0,0,0,0,0,0,0,0,0,0,0,186,253,135,0,0,0,0,0,0,0,0,0,0,0,0,0,0,0,0,0,0,0,0,0,0,0,0,0,199,253,91,0,0,0,0,0,0,0,0,0,0,0,0,0,0,0,0,0,0,0,0,0,0,0,0,0,199,220,26,0,0,0,0,0,0,0,0,0,0,0,0,0,0,0,0,0,0,0,0,0,0,0,0,0,0,0,0,0,0,0,0,0,0,0,0,0,0,0,0,0,0,0,0,0,0,0,0,0,0,0,0,0,0,0,0,0,0,0,0,0,0,0,0,0,0,0,0,0,0
8,0,0,0,0,0,0,0,0,0,0,0,0,0,0,0,0,0,0,0,0,0,0,0,0,0,0,0,0,0,0,0,0,0,0,0,0,0,0,0,0,0,0,0,0,0,0,0,0,0,0,0,0,0,0,0,0,0,0,0,0,0,0,0,0,0,0,0,0,0,0,0,0,0,0,0,0,0,0,0,0,0,0,0,0,0,0,0,0,0,0,0,0,0,0,0,0,0,0,0,0,0,0,0,0,0,0,0,0,0,0,0,0,0,0,0,0,0,0,0,0,0,0,0,0,0,0,0,0,0,0,0,0,0,0,0,0,0,0,0,0,0,0,0,0,0,0,0,0,0,0,0,10,179,192,253,128,16,0,0,0,0,0,0,0,0,0,0,0,0,0,0,0,0,0,0,0,0,0,0,28,84,116,252,252,215,57,131,131,32,0,0,0,0,0,0,0,0,0,0,0,0,0,0,0,0,0,0,0,0,19,224,252,252,253,252,252,177,0,0,0,0,0,0,0,0,0,0,0,0,0,0,0,0,0,0,38,163,226,243,252,252,253,252,214,40,0,0,0,0,0,0,0,0,0,0,0,0,0,0,0,0,0,45,229,253,255,253,231,175,179,253,253,40,0,0,0,0,0,0,0,0,0,0,0,0,0,0,0,0,0,169,252,252,222,121,19,0,16,215,252,65,0,0,0,0,0,0,0,0,0,0,0,0,0,0,0,0,23,234,252,214,25,0,0,0,66,252,252,28,0,0,0,0,0,0,0,0,0,0,0,0,0,0,0,0,16,215,252,139,0,0,0,51,241,252,214,15,0,0,0,0,0,0,0,0,0,0,0,0,0,0,0,0,0,170,253,253,79,10,10,179,254,253,156,0,0,0,0,0,0,0,0,0,0,0,0,0,0,0,0,0,0,82,240,252,253,196,197,252,241,103,19,0,0,0,0,0,0,0,0,0,0,0,0,0,0,0,0,0,0,0,81,243,253,252,252,252,156,19,0,0,0,0,0,0,0,0,0,0,0,0,0,0,0,0,0,0,0,0,89,237,253,252,252,252,0,0,0,0,0,0,0,0,0,0,0,0,0,0,0,0,0,0,0,0,0,120,253,253,254,253,253,253,13,0,0,0,0,0,0,0,0,0,0,0,0,0,0,0,0,0,0,0,70,225,252,252,197,121,215,252,188,0,0,0,0,0,0,0,0,0,0,0,0,0,0,0,0,0,0,51,253,252,224,68,0,26,222,252,88,0,0,0,0,0,0,0,0,0,0,0,0,0,0,0,0,0,0,0,253,252,168,0,0,26,222,252,113,0,0,0,0,0,0,0,0,0,0,0,0,0,0,0,0,0,0,51,254,228,31,0,79,216,253,253,51,0,0,0,0,0,0,0,0,0,0,0,0,0,0,0,0,0,0,0,253,252,100,157,216,252,252,227,0,0,0,0,0,0,0,0,0,0,0,0,0,0,0,0,0,0,0,0,253,252,252,252,253,252,148,31,0,0,0,0,0,0,0,0,0,0,0,0,0,0,0,0,0,0,0,0,40,165,252,252,140,65,6,0,0,0,0,0,0,0,0,0,0,0,0,0,0,0,0,0,0,0,0,0,0,0,0,0,0,0,0,0,0,0,0,0,0,0,0,0,0,0,0,0,0,0,0,0,0,0,0,0,0,0,0,0,0,0,0,0,0,0,0,0,0,0,0,0,0,0,0,0,0,0,0,0,0,0,0,0,0,0,0,0,0,0,0,0,0,0,0,0,0,0,0,0,0,0,0
8,0,0,0,0,0,0,0,0,0,0,0,0,0,0,0,0,0,0,0,0,0,0,0,0,0,0,0,0,0,0,0,0,0,0,0,0,0,0,0,0,0,0,0,0,0,0,0,0,0,0,0,0,0,0,0,0,0,0,0,0,0,0,0,0,0,0,0,0,0,0,0,0,0,0,0,0,0,0,0,0,0,0,0,0,0,0,0,0,0,0,0,0,0,0,0,0,0,0,0,0,0,0,0,0,0,0,0,0,0,0,0,0,0,0,0,0,0,0,0,0,0,0,0,0,0,0,0,0,0,0,0,0,0,0,0,0,0,0,0,0,0,0,0,0,0,0,0,0,0,0,0,0,82,254,253,163,0,0,0,0,0,0,0,0,0,0,0,0,0,0,0,0,0,0,0,0,0,0,0,21,223,253,252,243,162,0,0,0,0,0,0,0,0,0,0,0,0,0,0,0,0,0,0,0,0,0,0,51,253,183,0,193,253,102,0,0,0,0,0,0,0,0,0,0,0,0,0,0,0,0,0,0,0,0,0,132,252,102,0,71,252,102,0,0,0,0,0,0,0,0,0,0,0,0,0,0,0,0,0,0,0,0,0,132,253,123,0,21,223,123,0,0,0,0,0,0,0,0,0,0,0,0,0,0,0,0,0,0,0,0,0,51,252,203,0,0,203,243,122,0,0,0,0,0,0,0,0,0,0,0,0,0,0,0,0,0,0,0,0,21,223,203,0,11,213,254,233,41,0,0,0,0,0,0,0,0,0,0,0,0,0,0,0,0,0,0,0,0,122,243,122,213,252,233,91,0,0,0,0,0,0,0,0,0,0,0,0,0,0,0,0,0,0,0,0,0,82,254,253,254,253,142,0,0,0,0,0,0,0,0,0,0,0,0,0,0,0,0,0,0,0,0,0,0,0,253,252,253,171,20,0,0,0,0,0,0,0,0,0,0,0,0,0,0,0,0,0,0,0,0,0,0,123,254,253,62,0,0,0,0,0,0,0,0,0,0,0,0,0,0,0,0,0,0,0,0,0,0,0,123,243,233,232,183,0,0,0,0,0,0,0,0,0,0,0,0,0,0,0,0,0,0,0,0,0,0,0,214,253,41,183,254,50,0,0,0,0,0,0,0,0,0,0,0,0,0,0,0,0,0,0,0,0,0,82,253,171,0,102,253,50,0,0,0,0,0,0,0,0,0,0,0,0,0,0,0,0,0,0,0,0,0,163,254,50,0,0,254,50,0,0,0,0,0,0,0,0,0,0,0,0,0,0,0,0,0,0,0,0,0,162,253,91,0,41,253,50,0,0,0,0,0,0,0,0,0,0,0,0,0,0,0,0,0,0,0,0,0,41,255,172,21,0,255,50,0,0,0,0,0,0,0,0,0,0,0,0,0,0,0,0,0,0,0,0,0,0,172,252,203,61,253,50,0,0,0,0,0,0,0,0,0,0,0,0,0,0,0,0,0,0,0,0,0,0,82,223,255,253,255,50,0,0,0,0,0,0,0,0,0,0,0,0,0,0,0,0,0,0,0,0,0,0,0,102,213,252,172,10,0,0,0,0,0,0,0,0,0,0,0,0,0,0,0,0,0,0,0,0,0,0,0,0,0,0,0,0,0,0,0,0,0,0,0,0,0,0,0,0,0,0,0,0,0,0,0,0,0,0,0,0,0,0,0,0,0,0,0,0,0,0,0,0,0,0,0,0,0,0,0,0,0,0,0,0,0,0,0,0,0,0,0,0,0,0,0,0,0,0,0,0,0,0,0
7,0,0,0,0,0,0,0,0,0,0,0,0,0,0,0,0,0,0,0,0,0,0,0,0,0,0,0,0,0,0,0,0,0,0,0,0,0,0,0,0,0,0,0,0,0,0,0,0,0,0,0,0,0,0,0,0,0,0,0,0,0,0,0,0,0,0,0,0,0,0,0,0,0,0,0,0,0,0,0,0,0,0,0,0,0,0,0,0,0,0,0,0,0,0,0,0,0,0,0,0,0,0,0,0,0,0,0,0,0,0,0,0,0,0,0,0,0,0,0,0,0,0,0,0,0,0,0,0,0,0,0,0,0,0,0,0,0,0,0,0,0,0,0,0,0,0,0,0,0,0,0,0,0,0,0,0,0,0,0,0,0,0,0,0,0,0,0,0,0,0,0,0,0,0,0,0,0,0,0,0,0,0,0,0,0,0,0,0,0,0,0,0,0,0,0,0,0,0,0,0,0,0,0,0,76,167,253,196,28,0,0,0,0,0,0,0,12,32,0,0,0,0,0,0,0,0,0,0,0,0,0,27,212,252,252,252,220,67,67,67,96,86,76,105,179,241,0,0,0,0,0,0,0,0,0,0,0,0,27,207,252,252,252,252,252,252,252,253,252,252,252,252,252,250,82,0,0,0,0,0,0,0,0,0,0,0,67,252,252,252,252,252,252,252,252,253,252,252,252,252,252,252,156,0,0,0,0,0,0,0,0,0,0,0,67,252,252,252,252,252,252,252,252,253,252,252,252,252,252,252,184,0,0,0,0,0,0,0,0,0,0,0,67,252,252,252,252,252,252,252,214,103,84,117,249,252,252,248,64,0,0,0,0,0,0,0,0,0,0,0,67,252,252,245,241,188,131,50,12,0,8,146,251,252,248,182,0,0,0,0,0,0,0,0,0,0,0,0,26,99,99,34,0,0,0,0,0,0,176,252,252,252,117,0,0,0,0,0,0,0,0,0,0,0,0,0,0,0,0,0,0,0,0,0,0,59,233,252,252,252,83,0,0,0,0,0,0,0,0,0,0,0,0,0,0,0,0,0,0,0,0,0,0,239,252,252,252,109,7,0,0,0,0,0,0,0,0,0,0,0,0,0,0,0,0,0,0,0,6,67,239,255,253,253,154,0,0,0,0,0,0,0,0,0,0,0,0,0,0,0,0,0,0,0,0,0,45,252,252,253,252,154,3,0,0,0,0,0,0,0,0,0,0,0,0,0,0,0,0,0,0,0,0,0,135,252,252,253,197,8,0,0,0,0,0,0,0,0,0,0,0,0,0,0,0,0,0,0,0,0,0,127,248,252,252,217,41,0,0,0,0,0,0,0,0,0,0,0,0,0,0,0,0,0,0,0,0,0,82,245,252,252,180,0,0,0,0,0,0,0,0,0,0,0,0,0,0,0,0,0,0,0,0,0,0,0,198,252,252,252,56,0,0,0,0,0,0,0,0,0,0,0,0,0,0,0,0,0,0,0,0,0,0,3,201,252,250,127,3,0,0,0,0,0,0,0,0,0,0,0,0,0,0,0,0,0,0,0,0,0,0,56,252,250,124,0,0,0,0,0,0,0,0,0,0,0,0,0,0,0,0,0,0,0,0,0,0,0,0,56,252,159,0,0,0,0,0,0,0,0,0,0,0,0,0,0,0,0,0,0,0,0,0,0,0,0,0,56,252,84,0,0,0,0,0,0,0,0,0,0,0,0,0,0,0,0,0,0,0,0,0,0,0,0,0,0,0,0,0,0,0,0,0,0,0,0,0,0,0,0,0,0,0,0
1,0,0,0,0,0,0,0,0,0,0,0,0,0,0,0,0,0,0,0,0,0,0,0,0,0,0,0,0,0,0,0,0,0,0,0,0,0,0,0,0,0,0,0,0,0,0,0,0,0,0,0,0,0,0,0,0,0,0,0,0,0,0,0,0,0,0,0,0,0,0,0,0,0,0,0,0,0,0,0,0,0,0,0,0,0,0,0,0,0,0,0,0,0,0,0,0,0,0,0,0,0,0,0,0,0,0,0,0,0,0,0,0,0,0,0,0,0,0,0,0,0,0,0,0,0,0,0,0,0,0,32,209,135,0,0,0,0,0,0,0,0,0,0,0,0,0,0,0,0,0,0,0,0,0,0,0,0,0,144,253,230,78,0,0,0,0,0,0,0,0,0,0,0,0,0,0,0,0,0,0,0,0,0,0,0,55,240,253,235,94,0,0,0,0,0,0,0,0,0,0,0,0,0,0,0,0,0,0,0,0,0,0,4,187,253,253,128,0,0,0,0,0,0,0,0,0,0,0,0,0,0,0,0,0,0,0,0,0,0,0,95,253,253,215,0,0,0,0,0,0,0,0,0,0,0,0,0,0,0,0,0,0,0,0,0,0,0,37,239,254,222,45,0,0,0,0,0,0,0,0,0,0,0,0,0,0,0,0,0,0,0,0,0,0,8,149,253,253,184,0,0,0,0,0,0,0,0,0,0,0,0,0,0,0,0,0,0,0,0,0,0,0,91,254,253,253,57,0,0,0,0,0,0,0,0,0,0,0,0,0,0,0,0,0,0,0,0,0,0,37,248,254,253,240,16,0,0,0,0,0,0,0,0,0,0,0,0,0,0,0,0,0,0,0,0,0,0,152,253,254,237,40,0,0,0,0,0,0,0,0,0,0,0,0,0,0,0,0,0,0,0,0,0,0,49,246,254,255,151,0,0,0,0,0,0,0,0,0,0,0,0,0,0,0,0,0,0,0,0,0,0,17,159,253,253,241,73,0,0,0,0,0,0,0,0,0,0,0,0,0,0,0,0,0,0,0,0,0,0,118,253,253,253,68,0,0,0,0,0,0,0,0,0,0,0,0,0,0,0,0,0,0,0,0,0,0,25,213,253,253,185,0,0,0,0,0,0,0,0,0,0,0,0,0,0,0,0,0,0,0,0,0,0,0,119,253,253,237,74,0,0,0,0,0,0,0,0,0,0,0,0,0,0,0,0,0,0,0,0,0,0,46,255,254,254,169,0,0,0,0,0,0,0,0,0,0,0,0,0,0,0,0,0,0,0,0,0,0,11,199,254,253,209,10,0,0,0,0,0,0,0,0,0,0,0,0,0,0,0,0,0,0,0,0,0,0,204,253,254,247,54,0,0,0,0,0,0,0,0,0,0,0,0,0,0,0,0,0,0,0,0,0,0,0,234,253,254,128,0,0,0,0,0,0,0,0,0,0,0,0,0,0,0,0,0,0,0,0,0,0,0,0,69,193,254,39,0,0,0,0,0,0,0,0,0,0,0,0,0,0,0,0,0,0,0,0,0,0,0,0,0,0,0,0,0,0,0,0,0,0,0,0,0,0,0,0,0,0,0,0,0,0,0,0,0,0,0,0,0,0,0,0,0,0,0,0,0,0,0,0,0,0,0,0,0,0,0,0,0,0,0,0,0,0,0,0,0,0,0,0,0,0,0,0,0,0,0,0,0,0,0,0,0,0,0,0,0,0,0,0,0,0,0,0,0,0,0,0,0,0,0,0,0,0,0,0,0,0,0,0,0,0,0,0
3,0,0,0,0,0,0,0,0,0,0,0,0,0,0,0,0,0,0,0,0,0,0,0,0,0,0,0,0,0,0,0,0,0,0,0,0,0,0,0,0,0,0,0,0,0,0,0,0,0,0,0,0,0,0,0,0,0,0,0,0,0,0,0,0,0,0,0,0,0,0,0,0,0,0,0,0,0,0,0,0,0,0,0,0,0,0,0,0,0,0,0,0,0,0,0,0,0,0,0,0,0,0,0,0,0,0,0,0,0,0,0,0,0,0,0,0,0,0,0,0,0,0,0,0,0,0,0,0,0,0,0,0,0,0,0,0,0,0,0,0,0,0,0,0,0,0,0,0,96,121,121,134,254,254,192,121,191,234,53,160,38,0,0,0,0,0,0,0,0,0,0,0,0,0,0,77,251,253,253,253,253,253,254,253,253,253,244,250,150,0,0,0,0,0,0,0,0,0,0,0,0,0,0,201,253,253,253,253,253,253,254,253,253,253,253,225,38,0,0,0,0,0,0,0,0,0,0,0,0,0,0,214,253,236,173,173,173,173,40,166,153,233,253,253,80,0,0,0,0,0,0,0,0,0,0,0,0,0,0,45,53,42,0,0,0,0,0,29,136,253,253,253,80,0,0,0,0,0,0,0,0,0,0,0,0,0,0,0,0,0,0,6,54,54,188,215,253,253,253,185,21,0,0,0,0,0,0,0,0,0,0,0,0,0,0,0,0,0,0,27,253,253,254,253,253,253,116,21,0,0,0,0,0,0,0,0,0,0,0,0,0,0,0,0,0,0,0,42,253,253,254,253,253,253,53,0,0,0,0,0,0,0,0,0,0,0,0,0,0,0,0,0,0,0,0,161,253,253,254,253,253,253,169,46,0,0,0,0,0,0,0,0,0,0,0,0,0,0,0,0,0,0,0,91,253,253,254,253,253,253,253,199,0,0,0,0,0,0,0,0,0,0,0,0,0,0,0,0,0,0,0,0,0,0,0,128,242,254,254,254,143,0,0,0,0,0,0,0,0,0,0,0,0,0,0,0,0,0,0,0,0,0,0,0,11,55,231,253,230,40,0,0,0,0,0,0,0,0,0,0,0,0,0,0,0,0,0,0,0,0,0,0,0,0,151,253,253,142,0,0,0,0,0,0,0,0,0,0,0,43,0,0,0,0,0,0,0,0,0,0,0,0,11,155,253,249,90,0,0,0,0,0,0,0,0,0,0,219,151,46,0,0,0,0,0,0,0,0,0,0,0,54,253,196,22,0,0,0,0,0,0,0,0,0,0,142,253,232,152,54,17,0,32,26,0,0,0,0,79,201,253,93,0,0,0,0,0,0,0,0,0,0,0,91,228,253,253,253,199,174,220,211,175,47,160,174,237,253,247,78,0,0,0,0,0,0,0,0,0,0,0,0,85,226,248,253,253,253,253,253,255,253,253,253,253,247,120,0,0,0,0,0,0,0,0,0,0,0,0,0,0,0,120,240,249,253,253,253,255,253,253,253,207,84,0,0,0,0,0,0,0,0,0,0,0,0,0,0,0,0,0,0,83,120,127,253,255,126,120,120,25,0,0,0,0,0,0,0,0,0,0,0,0,0,0,0,0,0,0,0,0,0,0,0,0,0,0,0,0,0,0,0,0,0,0,0,0,0,0,0,0,0,0,0,0,0,0,0,0,0,0,0,0,0,0,0,0,0,0,0,0,0,0,0,0,0,0,0,0,0,0,0,0,0,0,0,0,0,0,0,0,0,0,0,0,0,0,0,0,0,0,0,0,0
7,0,0,0,0,0,0,0,0,0,0,0,0,0,0,0,0,0,0,0,0,0,0,0,0,0,0,0,0,0,0,0,0,0,0,0,0,0,0,0,0,0,0,0,0,0,0,0,0,0,0,0,0,0,0,0,0,0,0,0,0,0,0,0,0,0,0,0,0,0,0,0,0,0,0,0,0,0,0,0,0,0,0,0,0,0,0,0,0,0,0,0,0,0,0,0,0,0,0,0,0,0,0,0,0,0,0,0,0,0,0,0,0,0,0,0,0,0,0,0,0,0,0,0,0,0,0,0,0,0,0,0,0,0,0,0,0,0,0,0,0,0,0,0,0,0,0,0,0,0,0,0,0,0,0,0,0,0,0,0,0,0,0,0,0,0,0,0,0,0,0,0,0,0,0,0,0,0,0,0,0,0,0,0,0,0,0,0,0,0,0,0,0,0,0,0,0,0,0,0,0,0,0,64,128,128,128,191,128,128,128,255,255,255,255,255,255,191,0,0,0,0,0,0,0,0,0,0,0,0,191,255,255,255,255,255,255,255,255,255,255,255,255,255,255,255,0,0,0,0,0,0,0,0,0,0,0,0,255,255,255,255,255,255,255,255,255,255,191,128,255,255,255,191,0,0,0,0,0,0,0,0,0,0,0,0,0,191,255,255,128,0,0,0,0,0,0,64,255,255,255,64,0,0,0,0,0,0,0,0,0,0,0,0,0,0,64,128,0,0,0,0,0,0,0,191,255,255,128,0,0,0,0,0,0,0,0,0,0,0,0,0,0,0,0,0,0,0,0,0,0,0,64,255,255,255,64,0,0,0,0,0,0,0,0,0,0,0,0,0,0,0,0,0,0,0,0,0,0,0,255,255,255,64,0,0,0,0,0,0,0,0,0,0,0,0,0,0,0,0,0,0,0,0,0,0,0,191,255,255,191,0,0,0,0,0,0,0,0,0,0,0,0,0,0,0,0,0,0,0,0,0,0,0,128,255,255,255,64,0,0,0,0,0,0,0,0,0,0,0,0,0,0,0,0,0,0,0,0,0,0,0,191,255,255,128,0,0,0,0,0,0,0,0,0,0,0,0,0,0,0,0,0,0,0,0,0,0,0,0,255,255,191,0,0,0,0,0,0,0,0,0,0,0,0,0,0,0,0,0,0,0,0,0,0,0,0,128,255,255,64,0,0,0,0,0,0,0,0,0,0,0,0,0,0,0,0,0,0,0,0,0,0,0,0,255,255,255,0,0,0,0,0,0,0,0,0,0,0,0,0,0,0,0,0,0,0,0,0,0,0,0,0,255,255,128,0,0,0,0,0,0,0,0,0,0,0,0,0,0,0,0,0,0,0,0,0,0,0,0,0,255,255,128,0,0,0,0,0,0,0,0,0,0,0,0,0,0,0,0,0,0,0,0,0,0,0,0,128,255,255,128,0,0,0,0,0,0,0,0,0,0,0,0,0,0,0,0,0,0,0,0,0,0,0,0,128,255,255,128,0,0,0,0,0,0,0,0,0,0,0,0,0,0,0,0,0,0,0,0,0,0,0,0,64,255,255,191,0,0,0,0,0,0,0,0,0,0,0,0,0,0,0,0,0,0,0,0,0,0,0,0,0,255,255,255,255,191,0,0,0,0,0,0,0,0,0,0,0,0,0,0,0,0,0,0,0,0,0,0,0,64,191,255,255,128,0,0,0,0,0,0,0,0,0,0,0,0,0,0,0,0,0,0,0,0,0,0,0,0,0,0,0,0,0,0,0,0,0,0,0,0,0,0,0
4,0,0,0,0,0,0,0,0,0,0,0,0,0,0,0,0,0,0,0,0,0,0,0,0,0,0,0,0,0,0,0,0,0,0,0,0,0,0,0,0,0,0,0,0,0,0,0,0,0,0,0,0,0,0,0,0,0,0,0,0,0,0,0,0,0,0,0,0,0,0,0,0,0,0,0,0,0,0,0,0,0,0,0,0,0,0,0,0,0,0,0,0,0,0,0,0,0,0,0,0,0,0,0,0,0,0,0,0,0,0,0,0,0,0,0,0,0,0,0,0,0,0,0,0,0,0,0,0,0,0,0,0,0,0,0,0,0,0,0,0,0,0,0,0,0,0,0,0,0,0,0,0,0,0,0,0,0,0,0,0,25,227,188,0,0,0,0,0,0,0,0,0,0,0,0,0,0,0,0,0,0,0,0,0,0,0,0,0,78,252,231,0,0,0,0,0,0,0,0,0,0,0,0,0,0,0,0,0,0,0,0,0,0,0,0,0,156,252,178,0,0,0,0,0,0,0,0,0,0,0,0,0,0,0,0,0,0,0,0,0,0,0,0,27,253,252,56,0,0,0,0,0,0,0,0,0,0,0,0,0,0,0,62,71,0,0,0,0,0,0,0,150,253,217,12,0,0,0,0,0,0,0,0,0,0,0,0,0,0,18,210,168,0,0,0,0,0,0,82,253,230,27,0,0,0,0,0,0,0,0,0,0,0,0,0,0,0,141,253,168,0,0,0,0,0,8,197,252,131,0,0,0,0,0,0,0,0,0,0,0,0,0,0,0,32,232,232,40,0,0,0,0,0,84,252,199,9,0,0,0,0,0,0,0,0,0,0,0,0,0,0,6,155,252,115,0,0,0,0,0,22,237,236,66,0,0,0,0,0,0,0,0,0,0,0,0,0,0,0,198,252,252,107,27,0,0,0,62,155,252,101,0,0,0,0,0,0,0,0,0,0,0,0,0,0,0,85,253,253,253,254,253,253,253,253,255,253,253,183,148,36,0,0,0,0,0,0,0,0,0,0,0,0,0,85,252,252,252,218,252,130,203,203,253,252,252,252,252,211,0,0,0,0,0,0,0,0,0,0,0,0,0,7,118,126,38,12,21,2,9,115,253,201,126,82,126,106,0,0,0,0,0,0,0,0,0,0,0,0,0,0,0,0,0,0,0,0,70,239,225,21,0,0,0,0,0,0,0,0,0,0,0,0,0,0,0,0,0,0,0,0,0,0,0,18,239,252,79,0,0,0,0,0,0,0,0,0,0,0,0,0,0,0,0,0,0,0,0,0,0,0,0,145,253,129,0,0,0,0,0,0,0,0,0,0,0,0,0,0,0,0,0,0,0,0,0,0,0,0,29,239,231,28,0,0,0,0,0,0,0,0,0,0,0,0,0,0,0,0,0,0,0,0,0,0,0,22,213,251,86,0,0,0,0,0,0,0,0,0,0,0,0,0,0,0,0,0,0,0,0,0,0,0,0,114,252,91,0,0,0,0,0,0,0,0,0,0,0,0,0,0,0,0,0,0,0,0,0,0,0,0,0,148,217,12,0,0,0,0,0,0,0,0,0,0,0,0,0,0,0,0,0,0,0,0,0,0,0,0,0,0,0,0,0,0,0,0,0,0,0,0,0,0,0,0,0,0,0,0,0,0,0,0,0,0,0,0,0,0,0,0,0,0,0,0,0,0,0,0,0,0,0,0,0,0,0,0,0,0,0,0,0,0,0,0,0,0,0,0,0,0,0,0,0,0,0,0,0,0,0,0,0,0,0
1,0,0,0,0,0,0,0,0,0,0,0,0,0,0,0,0,0,0,0,0,0,0,0,0,0,0,0,0,0,0,0,0,0,0,0,0,0,0,0,0,0,0,0,0,0,0,0,0,0,0,0,0,0,0,0,0,0,0,0,0,0,0,0,0,0,0,0,0,0,0,0,0,0,0,0,0,0,0,0,0,0,0,0,0,0,0,0,0,0,0,0,0,0,0,0,0,0,0,0,0,0,0,0,0,0,0,0,0,0,0,0,0,0,0,0,0,0,0,0,0,0,0,0,0,0,0,0,0,0,0,0,0,0,0,0,0,0,0,0,0,0,0,0,0,0,0,0,0,0,0,0,88,255,144,5,0,0,0,0,0,0,0,0,0,0,0,0,0,0,0,0,0,0,0,0,0,0,0,0,142,253,253,59,0,0,0,0,0,0,0,0,0,0,0,0,0,0,0,0,0,0,0,0,0,0,0,0,118,253,253,154,9,0,0,0,0,0,0,0,0,0,0,0,0,0,0,0,0,0,0,0,0,0,0,0,6,96,253,253,41,0,0,0,0,0,0,0,0,0,0,0,0,0,0,0,0,0,0,0,0,0,0,0,0,8,191,253,137,0,0,0,0,0,0,0,0,0,0,0,0,0,0,0,0,0,0,0,0,0,0,0,0,0,177,253,158,0,0,0,0,0,0,0,0,0,0,0,0,0,0,0,0,0,0,0,0,0,0,0,0,0,120,253,158,0,0,0,0,0,0,0,0,0,0,0,0,0,0,0,0,0,0,0,0,0,0,0,0,0,60,253,158,0,0,0,0,0,0,0,0,0,0,0,0,0,0,0,0,0,0,0,0,0,0,0,0,0,60,253,158,0,0,0,0,0,0,0,0,0,0,0,0,0,0,0,0,0,0,0,0,0,0,0,0,0,88,253,158,0,0,0,0,0,0,0,0,0,0,0,0,0,0,0,0,0,0,0,0,0,0,0,0,0,177,253,158,0,0,0,0,0,0,0,0,0,0,0,0,0,0,0,0,0,0,0,0,0,0,0,0,0,177,253,158,0,0,0,0,0,0,0,0,0,0,0,0,0,0,0,0,0,0,0,0,0,0,0,0,0,177,253,201,11,0,0,0,0,0,0,0,0,0,0,0,0,0,0,0,0,0,0,0,0,0,0,0,0,62,253,205,11,0,0,0,0,0,0,0,0,0,0,0,0,0,0,0,0,0,0,0,0,0,0,0,0,60,253,158,0,0,0,0,0,0,0,0,0,0,0,0,0,0,0,0,0,0,0,0,0,0,0,0,0,60,253,158,0,0,0,0,0,0,0,0,0,0,0,0,0,0,0,0,0,0,0,0,0,0,0,0,0,60,253,183,6,0,0,0,0,0,0,0,0,0,0,0,0,0,0,0,0,0,0,0,0,0,0,0,0,60,253,178,5,0,0,0,0,0,0,0,0,0,0,0,0,0,0,0,0,0,0,0,0,0,0,0,0,60,253,158,0,0,0,0,0,0,0,0,0,0,0,0,0,0,0,0,0,0,0,0,0,0,0,0,0,4,144,158,0,0,0,0,0,0,0,0,0,0,0,0,0,0,0,0,0,0,0,0,0,0,0,0,0,0,0,0,0,0,0,0,0,0,0,0,0,0,0,0,0,0,0,0,0,0,0,0,0,0,0,0,0,0,0,0,0,0,0,0,0,0,0,0,0,0,0,0,0,0,0,0,0,0,0,0,0,0,0,0,0,0,0,0,0,0,0,0,0,0,0,0,0,0,0,0
1,0,0,0,0,0,0,0,0,0,0,0,0,0,0,0,0,0,0,0,0,0,0,0,0,0,0,0,0,0,0,0,0,0,0,0,0,0,0,0,0,0,0,0,0,0,0,0,0,0,0,0,0,0,0,0,0,0,0,0,0,0,0,0,0,0,0,0,0,0,0,0,0,0,0,0,0,0,0,0,0,0,0,0,0,0,0,0,0,0,0,0,0,0,0,0,0,0,0,0,0,0,0,0,0,0,0,0,0,0,0,0,0,0,0,0,0,0,0,0,0,0,0,0,165,29,2,0,0,0,0,0,0,0,0,0,0,0,0,0,0,0,0,0,0,0,0,0,0,0,0,0,193,252,154,7,0,0,0,0,0,0,0,0,0,0,0,0,0,0,0,0,0,0,0,0,0,0,0,0,32,230,252,87,0,0,0,0,0,0,0,0,0,0,0,0,0,0,0,0,0,0,0,0,0,0,0,0,0,217,252,212,0,0,0,0,0,0,0,0,0,0,0,0,0,0,0,0,0,0,0,0,0,0,0,0,0,130,252,252,87,0,0,0,0,0,0,0,0,0,0,0,0,0,0,0,0,0,0,0,0,0,0,0,0,97,252,252,121,0,0,0,0,0,0,0,0,0,0,0,0,0,0,0,0,0,0,0,0,0,0,0,0,19,233,252,121,0,0,0,0,0,0,0,0,0,0,0,0,0,0,0,0,0,0,0,0,0,0,0,0,0,229,252,121,0,0,0,0,0,0,0,0,0,0,0,0,0,0,0,0,0,0,0,0,0,0,0,0,0,177,252,121,0,0,0,0,0,0,0,0,0,0,0,0,0,0,0,0,0,0,0,0,0,0,0,0,0,109,252,242,52,0,0,0,0,0,0,0,0,0,0,0,0,0,0,0,0,0,0,0,0,0,0,0,0,105,253,255,109,0,0,0,0,0,0,0,0,0,0,0,0,0,0,0,0,0,0,0,0,0,0,0,0,0,241,253,108,0,0,0,0,0,0,0,0,0,0,0,0,0,0,0,0,0,0,0,0,0,0,0,0,0,241,253,182,0,0,0,0,0,0,0,0,0,0,0,0,0,0,0,0,0,0,0,0,0,0,0,0,0,241,253,228,0,0,0,0,0,0,0,0,0,0,0,0,0,0,0,0,0,0,0,0,0,0,0,0,0,241,253,228,0,0,0,0,0,0,0,0,0,0,0,0,0,0,0,0,0,0,0,0,0,0,0,0,0,207,253,228,0,0,0,0,0,0,0,0,0,0,0,0,0,0,0,0,0,0,0,0,0,0,0,0,0,81,253,236,32,0,0,0,0,0,0,0,0,0,0,0,0,0,0,0,0,0,0,0,0,0,0,0,0,0,253,252,213,32,0,0,0,0,0,0,0,0,0,0,0,0,0,0,0,0,0,0,0,0,0,0,0,0,201,252,252,84,0,0,0,0,0,0,0,0,0,0,0,0,0,0,0,0,0,0,0,0,0,0,0,0,132,252,235,44,0,0,0,0,0,0,0,0,0,0,0,0,0,0,0,0,0,0,0,0,0,0,0,0,0,0,0,0,0,0,0,0,0,0,0,0,0,0,0,0,0,0,0,0,0,0,0,0,0,0,0,0,0,0,0,0,0,0,0,0,0,0,0,0,0,0,0,0,0,0,0,0,0,0,0,0,0,0,0,0,0,0,0,0,0,0,0,0,0,0,0,0,0,0,0,0,0,0,0,0,0,0,0,0,0,0,0,0,0,0,0,0,0,0,0,0,0,0,0,0,0
9,0,0,0,0,0,0,0,0,0,0,0,0,0,0,0,0,0,0,0,0,0,0,0,0,0,0,0,0,0,0,0,0,0,0,0,0,0,0,0,0,0,0,0,0,0,0,0,0,0,0,0,0,0,0,0,0,0,0,0,0,0,0,0,0,0,0,0,0,0,0,0,0,0,0,0,0,0,0,0,0,0,0,0,0,0,0,0,0,0,0,0,0,0,0,0,0,0,0,0,0,0,0,0,0,0,0,0,0,0,0,0,0,0,0,0,0,0,0,0,0,0,0,0,0,0,0,0,0,0,0,0,0,0,0,0,0,0,0,0,0,0,0,0,0,0,0,0,0,0,0,0,0,0,0,0,0,0,0,0,0,0,0,0,0,0,0,0,0,0,0,0,0,0,0,0,0,0,0,0,63,243,158,73,2,0,0,0,0,0,0,0,0,0,0,0,0,0,0,0,0,0,0,0,0,0,0,24,212,254,248,250,196,93,44,0,0,0,0,0,0,0,0,0,0,0,0,0,0,0,0,0,0,0,2,175,254,192,14,54,205,254,237,18,0,0,0,0,0,0,0,0,0,0,0,0,0,0,0,0,0,0,31,254,225,14,0,0,51,254,254,86,0,0,0,0,0,0,0,0,0,0,0,0,0,0,0,0,0,0,110,254,76,0,0,0,51,254,254,102,0,0,0,0,0,0,0,0,0,0,0,0,0,0,0,0,0,0,144,254,54,0,0,0,114,254,229,14,0,0,0,0,0,0,0,0,0,0,0,0,0,0,0,0,0,0,155,254,54,0,0,0,143,254,196,0,0,0,0,0,0,0,0,0,0,0,0,0,0,0,0,0,0,0,71,254,93,0,0,7,222,254,196,0,0,0,0,0,0,0,0,0,0,0,0,0,0,0,0,0,0,0,14,214,221,110,38,105,254,246,139,0,0,0,0,0,0,0,0,0,0,0,0,0,0,0,0,0,0,0,0,30,173,254,254,254,254,200,0,0,0,0,0,0,0,0,0,0,0,0,0,0,0,0,0,0,0,0,0,0,6,42,42,108,254,200,0,0,0,0,0,0,0,0,0,0,0,0,0,0,0,0,0,0,0,0,0,0,0,0,0,63,254,200,0,0,0,0,0,0,0,0,0,0,0,0,0,0,0,0,0,0,0,0,0,0,0,0,0,130,254,128,0,0,0,0,0,0,0,0,0,0,0,0,0,0,0,0,0,0,0,0,0,0,0,0,0,84,254,163,0,0,0,0,0,0,0,0,0,0,0,0,0,0,0,0,0,0,0,0,0,0,0,0,0,47,254,179,0,0,0,0,0,0,0,0,0,0,0,0,0,0,0,0,0,0,0,0,0,0,0,0,0,47,254,138,0,0,0,0,0,0,0,0,0,0,0,0,0,0,0,0,0,0,0,0,0,0,0,0,0,47,254,200,0,0,0,0,0,0,0,0,0,0,0,0,0,0,0,0,0,0,0,0,0,0,0,0,0,47,254,200,0,0,0,0,0,0,0,0,0,0,0,0,0,0,0,0,0,0,0,0,0,0,0,0,0,17,231,253,28,0,0,0,0,0,0,0,0,0,0,0,0,0,0,0,0,0,0,0,0,0,0,0,0,0,135,237,20,0,0,0,0,0,0,0,0,0,0,0,0,0,0,0,0,0,0,0,0,0,0,0,0,0,0,0,0,0,0,0,0,0,0,0,0,0,0,0,0,0,0,0,0,0,0,0,0,0,0,0,0,0,0,0,0,0,0,0,0,0,0,0,0,0,0
2,0,0,0,0,0,0,0,0,0,0,0,0,0,0,0,0,0,0,0,0,0,0,0,0,0,0,0,0,0,0,0,0,0,0,0,0,0,0,0,0,0,0,0,0,0,0,0,0,0,0,0,0,0,0,0,0,0,0,0,0,0,0,0,0,0,0,0,0,0,0,0,0,0,0,0,0,0,0,0,0,0,0,0,0,0,0,0,0,0,0,0,0,0,0,0,0,0,0,0,0,0,0,0,0,0,0,0,0,0,0,0,0,0,0,0,0,0,0,0,0,0,0,0,0,0,0,0,5,20,20,9,0,0,0,0,0,0,0,0,0,0,0,0,0,0,0,0,0,0,0,0,0,0,0,99,194,253,253,211,41,0,0,0,0,0,0,0,0,0,0,0,0,0,0,0,0,0,0,0,0,0,37,248,254,253,253,253,200,0,0,0,0,0,0,0,0,0,0,0,0,0,0,0,0,0,0,0,0,0,24,193,254,125,88,208,253,114,0,0,0,0,0,0,0,0,0,0,0,0,0,0,0,0,0,0,0,0,0,0,0,0,0,159,254,196,0,0,0,0,0,0,0,0,0,0,0,0,0,0,0,0,0,0,0,0,0,0,0,0,7,235,253,187,0,0,0,0,0,0,0,0,0,0,0,0,0,0,0,0,0,0,0,0,0,0,0,0,146,253,253,30,0,0,0,0,0,0,0,0,0,0,0,0,0,0,0,0,0,0,0,0,0,0,0,19,247,253,110,0,0,0,0,0,0,0,0,0,0,0,0,0,0,0,0,0,0,99,98,98,8,0,0,95,253,253,58,0,0,0,0,0,0,0,0,0,0,0,0,0,0,5,127,209,254,255,254,254,254,178,141,254,254,177,0,0,0,0,0,0,0,0,0,0,0,0,0,0,5,150,253,253,237,174,143,233,244,253,254,253,253,141,5,0,0,0,0,0,0,0,0,0,0,0,0,0,59,253,253,128,18,0,0,0,42,182,254,253,253,253,155,0,0,0,0,0,0,0,0,0,0,0,0,0,201,189,49,2,0,0,0,13,107,241,254,182,241,253,253,190,21,0,0,0,0,0,0,0,0,0,0,0,254,135,0,0,0,0,83,183,253,253,171,9,41,163,253,254,226,165,188,195,0,0,0,0,0,0,0,0,255,246,156,66,134,255,254,254,244,83,0,0,0,0,76,232,254,254,244,157,0,0,0,0,0,0,0,0,196,250,253,253,253,254,251,165,78,0,0,0,0,0,0,24,39,39,33,0,0,0,0,0,0,0,0,0,0,74,174,174,174,175,124,0,0,0,0,0,0,0,0,0,0,0,0,0,0,0,0,0,0,0,0,0,0,0,0,0,0,0,0,0,0,0,0,0,0,0,0,0,0,0,0,0,0,0,0,0,0,0,0,0,0,0,0,0,0,0,0,0,0,0,0,0,0,0,0,0,0,0,0,0,0,0,0,0,0,0,0,0,0,0,0,0,0,0,0,0,0,0,0,0,0,0,0,0,0,0,0,0,0,0,0,0,0,0,0,0,0,0,0,0,0,0,0,0,0,0,0,0,0,0,0,0,0,0,0,0,0,0,0,0,0,0,0,0,0,0,0,0,0,0,0,0,0,0,0,0,0,0,0,0,0,0,0,0,0,0,0,0,0,0,0,0,0,0,0,0,0,0,0,0,0,0,0,0,0,0,0,0,0,0,0,0,0,0,0,0,0,0,0,0,0,0,0,0,0,0,0,0,0,0,0,0,0,0,0,0,0,0,0,0,0,0,0
9,0,0,0,0,0,0,0,0,0,0,0,0,0,0,0,0,0,0,0,0,0,0,0,0,0,0,0,0,0,0,0,0,0,0,0,0,0,0,0,0,0,0,0,0,0,0,0,0,0,0,0,0,0,0,0,0,0,0,0,0,0,0,0,0,0,0,0,0,0,0,0,0,0,0,0,0,0,0,0,0,0,0,0,0,0,0,0,0,0,0,0,0,0,0,0,0,0,0,0,0,0,0,0,0,0,0,0,0,0,0,0,0,0,0,0,0,0,0,0,0,0,0,0,0,0,0,0,0,0,0,0,0,0,0,0,0,0,0,0,0,0,0,0,0,0,0,0,0,0,0,0,0,0,0,0,0,0,0,0,0,0,0,0,0,0,0,0,0,0,0,0,0,0,0,0,0,0,0,0,45,157,242,254,255,185,93,0,0,0,0,0,0,0,0,0,0,0,0,0,0,0,0,0,0,0,0,63,242,254,254,254,254,254,253,141,0,0,0,0,0,0,0,0,0,0,0,0,0,0,0,0,0,0,39,242,254,240,136,95,95,133,238,232,0,0,0,0,0,0,0,0,0,0,0,0,0,0,0,0,0,18,230,254,216,33,0,0,0,0,198,232,0,0,0,0,0,0,0,0,0,0,0,0,0,0,0,0,0,145,254,239,28,0,0,0,0,0,198,181,0,0,0,0,0,0,0,0,0,0,0,0,0,0,0,0,0,230,254,128,0,0,0,0,0,18,230,201,16,0,0,0,0,0,0,0,0,0,0,0,0,0,0,0,0,237,254,26,0,0,0,0,8,167,254,254,64,0,0,0,0,0,0,0,0,0,0,0,0,0,0,0,0,237,254,160,52,7,45,124,212,254,254,254,112,0,0,0,0,0,0,0,0,0,0,0,0,0,0,0,0,237,254,254,254,224,249,254,254,248,243,254,76,0,0,0,0,0,0,0,0,0,0,0,0,0,0,0,0,58,174,249,254,254,254,218,140,67,227,254,64,0,0,0,0,0,0,0,0,0,0,0,0,0,0,0,0,0,0,117,128,128,115,8,0,87,254,254,64,0,0,0,0,0,0,0,0,0,0,0,0,0,0,0,0,0,0,0,0,0,0,0,0,203,254,195,12,0,0,0,0,0,0,0,0,0,0,0,0,0,0,0,0,0,0,0,0,0,0,0,38,243,254,77,0,0,0,0,0,0,0,0,0,0,0,0,0,0,0,0,0,0,0,0,0,0,0,0,188,254,251,54,0,0,0,0,0,0,0,0,0,0,0,0,0,0,0,0,0,0,0,0,0,0,0,0,207,254,220,0,0,0,0,0,0,0,0,0,0,0,0,0,0,0,0,0,0,0,0,0,0,0,0,16,226,254,78,0,0,0,0,0,0,0,0,0,0,0,0,0,0,0,0,0,0,0,0,0,0,0,0,135,254,242,34,0,0,0,0,0,0,0,0,0,0,0,0,0,0,0,0,0,0,0,0,0,0,0,0,211,254,223,0,0,0,0,0,0,0,0,0,0,0,0,0,0,0,0,0,0,0,0,0,0,0,0,0,211,254,223,0,0,0,0,0,0,0,0,0,0,0,0,0,0,0,0,0,0,0,0,0,0,0,0,0,111,238,135,0,0,0,0,0,0,0,0,0,0,0,0,0,0,0,0,0,0,0,0,0,0,0,0,0,0,0,0,0,0,0,0,0,0,0,0,0,0,0,0,0,0,0,0,0,0,0,0,0,0,0,0,0,0,0,0,0,0,0,0,0,0,0,0,0,0,0
2,0,0,0,0,0,0,0,0,0,0,0,0,0,0,0,0,0,0,0,0,0,0,0,0,0,0,0,0,0,0,0,0,0,0,0,0,0,0,0,0,0,0,0,0,0,0,0,0,0,0,0,0,0,0,0,0,0,0,0,0,0,0,0,0,0,0,0,0,0,0,0,0,0,0,0,0,0,0,0,0,0,0,0,0,0,0,0,0,0,0,0,0,0,0,0,0,0,0,0,0,0,0,0,0,0,0,0,0,0,0,0,0,0,0,0,0,0,0,0,0,0,0,0,0,42,125,161,254,254,160,102,0,0,0,0,0,0,0,0,0,0,0,0,0,0,0,0,0,0,0,0,0,213,253,253,253,253,253,229,39,0,0,0,0,0,0,0,0,0,0,0,0,0,0,0,0,0,0,0,144,251,253,253,225,168,253,253,84,0,0,0,0,0,0,0,0,0,0,0,0,0,0,0,0,0,0,0,222,253,127,19,14,59,253,211,7,0,0,0,0,0,0,0,0,0,0,0,0,0,0,0,0,0,0,0,22,25,5,0,0,176,253,207,0,0,0,0,0,0,0,0,0,0,0,0,0,0,0,0,0,0,0,0,0,0,0,0,58,245,253,160,0,0,0,0,0,0,0,0,0,0,0,0,0,0,0,0,0,0,0,0,0,0,0,0,176,253,236,52,0,0,0,0,0,0,0,0,0,0,0,0,0,0,0,0,0,0,0,0,0,0,0,100,243,253,94,0,0,0,0,0,0,0,0,0,0,0,0,0,0,0,0,0,0,0,0,0,0,0,23,217,253,237,51,0,0,0,0,0,0,0,0,0,0,0,0,0,0,0,0,0,0,0,0,0,0,22,191,253,236,78,0,0,0,0,0,0,0,0,0,0,0,0,0,0,0,0,0,0,0,0,0,0,0,116,253,253,188,0,0,0,0,0,0,0,0,0,0,0,0,0,0,0,0,0,0,0,0,0,0,0,94,243,253,238,83,0,0,0,0,34,133,152,57,0,0,0,0,0,0,0,0,0,0,0,0,0,0,18,227,253,253,91,0,0,0,9,66,226,211,32,0,0,0,0,0,0,0,0,0,0,0,0,0,0,17,189,253,253,180,17,0,0,29,145,253,211,32,0,0,0,0,0,0,0,0,0,0,0,0,0,0,0,122,253,253,198,16,0,9,130,228,247,200,33,0,0,0,0,0,0,0,0,0,0,0,0,0,0,0,12,237,253,244,84,0,58,181,253,248,186,0,0,0,0,0,0,0,0,0,0,0,0,0,0,0,0,0,188,253,253,169,64,150,232,253,249,119,0,0,0,0,0,0,0,0,0,0,0,0,0,0,0,0,0,0,241,253,253,253,253,253,253,209,85,0,0,0,0,0,0,0,0,0,0,0,0,0,0,0,0,0,0,0,241,253,253,253,253,251,210,27,0,0,0,0,0,0,0,0,0,0,0,0,0,0,0,0,0,0,0,0,118,244,253,253,209,85,0,0,0,0,0,0,0,0,0,0,0,0,0,0,0,0,0,0,0,0,0,0,0,0,0,0,0,0,0,0,0,0,0,0,0,0,0,0,0,0,0,0,0,0,0,0,0,0,0,0,0,0,0,0,0,0,0,0,0,0,0,0,0,0,0,0,0,0,0,0,0,0,0,0,0,0,0,0,0,0,0,0,0,0,0,0,0,0,0,0,0,0,0,0,0,0,0,0,0,0,0,0,0,0,0,0,0,0,0,0,0,0,0,0,0,0,0,0,0,0,0,0,0,0,0,0
0,0,0,0,0,0,0,0,0,0,0,0,0,0,0,0,0,0,0,0,0,0,0,0,0,0,0,0,0,0,0,0,0,0,0,0,0,0,0,0,0,0,0,0,0,0,0,0,0,0,0,0,0,0,0,0,0,0,0,0,0,0,0,0,0,0,0,0,0,0,0,0,0,0,0,0,0,0,0,0,0,0,0,0,0,0,0,0,0,0,0,0,0,0,0,0,0,0,0,0,0,0,0,0,0,0,0,0,0,0,0,0,0,0,0,0,0,0,0,0,0,0,0,0,0,0,0,0,0,118,164,106,0,0,0,0,0,0,0,0,0,0,0,0,0,0,0,0,0,0,0,0,0,0,0,31,119,216,255,254,249,168,49,0,0,0,0,0,0,0,0,0,0,0,0,0,0,0,0,0,0,93,216,246,254,254,254,254,254,254,104,0,0,0,0,0,0,0,0,0,0,0,0,0,0,0,0,0,36,228,254,254,254,254,254,254,254,254,225,0,0,0,0,0,0,0,0,0,0,0,0,0,0,0,0,36,218,254,254,229,59,25,49,171,254,254,235,0,0,0,0,0,0,0,0,0,0,0,0,0,0,0,0,139,254,254,191,24,0,0,0,5,175,254,235,0,0,0,0,0,0,0,0,0,0,0,0,0,0,0,128,250,254,254,182,0,0,0,0,0,53,254,235,0,0,0,0,0,0,0,0,0,0,0,0,0,0,0,230,254,254,230,59,0,0,0,0,0,33,254,251,92,0,0,0,0,0,0,0,0,0,0,0,0,0,85,249,254,230,59,0,0,0,0,0,0,33,254,254,111,0,0,0,0,0,0,0,0,0,0,0,0,29,211,254,231,59,0,0,0,0,0,0,0,67,255,255,111,0,0,0,0,0,0,0,0,0,0,0,0,112,254,254,162,0,0,0,0,0,0,0,10,185,254,250,85,0,0,0,0,0,0,0,0,0,0,0,0,112,254,254,162,0,0,0,0,0,0,0,134,254,254,208,0,0,0,0,0,0,0,0,0,0,0,0,0,203,254,254,139,0,0,0,0,0,10,137,229,254,250,86,0,0,0,0,0,0,0,0,0,0,0,0,0,243,254,254,32,0,0,0,0,10,151,254,254,254,208,0,0,0,0,0,0,0,0,0,0,0,0,0,0,243,254,254,49,0,0,10,33,152,254,254,254,233,35,0,0,0,0,0,0,0,0,0,0,0,0,0,0,229,254,254,219,157,157,185,255,254,254,250,140,85,0,0,0,0,0,0,0,0,0,0,0,0,0,0,0,112,254,254,254,254,254,254,255,254,250,126,0,0,0,0,0,0,0,0,0,0,0,0,0,0,0,0,0,106,254,254,254,254,254,254,254,251,191,0,0,0,0,0,0,0,0,0,0,0,0,0,0,0,0,0,0,0,233,254,254,254,254,254,253,124,0,0,0,0,0,0,0,0,0,0,0,0,0,0,0,0,0,0,0,0,51,124,238,254,146,124,92,0,0,0,0,0,0,0,0,0,0,0,0,0,0,0,0,0,0,0,0,0,0,0,0,0,0,0,0,0,0,0,0,0,0,0,0,0,0,0,0,0,0,0,0,0,0,0,0,0,0,0,0,0,0,0,0,0,0,0,0,0,0,0,0,0,0,0,0,0,0,0,0,0,0,0,0,0,0,0,0,0,0,0,0,0,0,0,0,0,0,0,0,0,0,0,0,0,0,0,0,0,0,0,0,0,0,0,0,0,0,0,0,0,0,0,0,0,0,0,0,0,0,0,0,0
9,0,0,0,0,0,0,0,0,0,0,0,0,0,0,0,0,0,0,0,0,0,0,0,0,0,0,0,0,0,0,0,0,0,0,0,0,0,0,0,0,0,0,0,0,0,0,0,0,0,0,0,0,0,0,0,0,0,0,0,0,0,0,0,0,0,0,0,0,0,0,0,0,0,0,0,0,0,0,0,0,0,0,0,0,0,0,0,0,0,0,0,0,0,0,0,0,0,0,0,0,0,0,0,0,0,0,0,0,0,0,0,0,0,0,0,0,0,0,0,0,0,0,0,0,0,0,0,0,0,0,0,0,0,0,0,0,0,0,0,0,0,0,0,0,0,0,0,0,0,0,0,0,0,0,0,0,0,0,0,0,0,0,0,0,0,0,0,0,0,0,0,0,0,0,0,0,0,0,0,11,65,190,255,242,57,0,0,0,0,0,0,0,0,0,0,0,0,0,0,0,0,0,0,0,0,0,49,237,252,252,253,252,237,60,0,0,0,0,0,0,0,0,0,0,0,0,0,0,0,0,0,0,0,46,189,252,252,252,253,231,238,234,71,37,25,0,0,0,0,0,0,0,0,0,0,0,0,0,0,0,12,164,252,252,231,146,84,36,70,236,252,252,184,7,0,0,0,0,0,0,0,0,0,0,0,0,0,12,164,252,252,200,52,0,0,0,27,229,252,252,252,36,0,0,0,0,0,0,0,0,0,0,0,0,0,84,252,252,228,25,0,0,0,0,37,252,252,252,228,25,0,0,0,0,0,0,0,0,0,0,0,0,30,237,252,228,54,0,0,0,0,49,166,252,252,252,128,0,0,0,0,0,0,0,0,0,0,0,0,0,6,134,252,207,19,0,42,97,160,237,252,252,252,224,30,0,0,0,0,0,0,0,0,0,0,0,0,0,0,49,252,252,233,229,239,252,253,252,252,252,252,128,0,0,0,0,0,0,0,0,0,0,0,0,0,0,0,3,127,252,252,252,252,252,253,252,252,252,252,60,0,0,0,0,0,0,0,0,0,0,0,0,0,0,0,0,0,35,121,121,121,121,70,253,253,253,129,0,0,0,0,0,0,0,0,0,0,0,0,0,0,0,0,0,0,0,0,0,0,0,150,252,252,247,65,0,0,0,0,0,0,0,0,0,0,0,0,0,0,0,0,0,0,0,0,0,0,0,253,252,252,186,0,0,0,0,0,0,0,0,0,0,0,0,0,0,0,0,0,0,0,0,0,0,0,24,253,252,245,68,0,0,0,0,0,0,0,0,0,0,0,0,0,0,0,0,0,0,0,0,0,0,0,149,253,252,187,0,0,0,0,0,0,0,0,0,0,0,0,0,0,0,0,0,0,0,0,0,0,0,32,244,253,252,96,0,0,0,0,0,0,0,0,0,0,0,0,0,0,0,0,0,0,0,0,0,0,0,109,252,253,244,64,0,0,0,0,0,0,0,0,0,0,0,0,0,0,0,0,0,0,0,0,0,0,0,212,252,253,125,0,0,0,0,0,0,0,0,0,0,0,0,0,0,0,0,0,0,0,0,0,0,0,0,229,252,248,62,0,0,0,0,0,0,0,0,0,0,0,0,0,0,0,0,0,0,0,0,0,0,0,0,171,252,183,0,0,0,0,0,0,0,0,0,0,0,0,0,0,0,0,0,0,0,0,0,0,0,0,0,0,0,0,0,0,0,0,0,0,0,0,0,0,0,0,0,0,0,0,0,0,0,0,0,0,0,0,0,0,0,0,0,0,0,0,0,0,0,0,0,0,0,0,0
7,0,0,0,0,0,0,0,0,0,0,0,0,0,0,0,0,0,0,0,0,0,0,0,0,0,0,0,0,0,0,0,0,0,0,0,0,0,0,0,0,0,0,0,0,0,0,0,0,0,0,0,0,0,0,0,0,0,0,0,0,0,0,0,0,0,0,0,0,0,0,0,0,0,0,0,0,0,0,0,0,0,0,0,0,0,0,0,0,0,0,0,0,0,0,0,0,0,0,0,0,0,0,0,0,0,0,0,0,0,0,0,0,0,0,0,0,0,0,0,0,0,0,0,0,0,0,0,0,0,0,0,0,0,0,0,0,0,0,0,0,0,0,0,0,0,0,0,0,0,0,0,0,0,0,0,0,0,0,0,0,0,0,0,0,0,0,0,0,0,0,0,0,0,0,0,0,0,0,0,176,238,231,194,156,156,156,156,255,163,41,0,0,0,0,0,0,0,0,0,0,0,0,0,0,0,0,0,162,251,253,254,253,253,253,253,254,253,174,0,0,0,0,0,0,0,0,0,0,0,0,0,0,0,0,0,0,72,78,137,174,174,174,174,254,253,229,13,0,0,0,0,0,0,0,0,0,0,0,0,0,0,0,0,0,0,0,0,0,0,0,106,254,253,180,2,0,0,0,0,0,0,0,0,0,0,0,0,0,0,0,0,0,0,0,0,0,0,0,195,254,253,100,0,0,0,0,0,0,0,0,0,0,0,0,0,0,0,0,0,0,0,0,0,0,0,123,254,255,174,0,0,0,0,0,0,0,0,0,0,0,0,0,0,0,0,0,0,0,0,0,0,0,44,243,253,219,36,0,0,0,0,0,0,0,0,0,0,0,0,0,0,0,0,0,0,0,0,0,0,44,229,253,253,68,0,0,0,0,0,0,0,0,0,0,0,0,0,0,0,0,0,0,0,0,0,0,32,228,253,253,110,0,0,0,0,0,0,0,0,0,0,0,0,0,0,0,0,0,0,0,0,0,0,0,134,253,253,185,14,0,0,0,0,0,0,0,0,0,0,0,0,0,0,0,0,0,0,0,0,0,0,121,255,254,235,15,0,0,0,0,0,0,0,0,0,0,0,0,0,0,0,0,0,0,0,0,0,0,124,244,254,236,27,0,0,0,0,0,0,0,0,0,0,0,0,0,0,0,0,0,0,0,0,0,0,85,247,253,254,135,0,0,0,0,0,0,0,0,0,0,0,0,0,0,0,0,0,0,0,0,0,0,79,217,253,253,131,3,0,0,0,0,0,0,0,0,0,0,0,0,0,0,0,0,0,0,0,0,0,61,229,253,253,177,0,0,0,0,0,0,0,0,0,0,0,0,0,0,0,0,0,0,0,0,0,0,83,255,254,254,207,23,0,0,0,0,0,0,0,0,0,0,0,0,0,0,0,0,0,0,0,0,7,88,244,254,253,171,25,0,0,0,0,0,0,0,0,0,0,0,0,0,0,0,0,0,0,0,0,0,146,253,253,254,141,24,0,0,0,0,0,0,0,0,0,0,0,0,0,0,0,0,0,0,0,0,0,56,247,253,253,131,3,0,0,0,0,0,0,0,0,0,0,0,0,0,0,0,0,0,0,0,0,0,0,5,155,237,118,0,0,0,0,0,0,0,0,0,0,0,0,0,0,0,0,0,0,0,0,0,0,0,0,0,0,0,0,0,0,0,0,0,0,0,0,0,0,0,0,0,0,0,0,0,0,0,0,0,0,0,0,0,0,0,0,0,0,0,0,0,0,0,0,0,0,0,0,0,0,0,0,0,0,0
8,0,0,0,0,0,0,0,0,0,0,0,0,0,0,0,0,0,0,0,0,0,0,0,0,0,0,0,0,0,0,0,0,0,0,0,0,0,0,0,0,0,0,0,0,0,0,0,0,0,0,0,0,0,0,0,0,0,0,0,0,0,0,0,0,0,0,0,0,0,0,0,0,0,0,0,0,0,0,0,0,0,0,0,0,0,0,0,0,0,0,0,0,0,0,0,0,0,0,0,0,0,0,0,0,0,0,0,0,0,0,0,0,0,0,0,0,0,0,0,0,0,0,0,0,0,0,0,0,0,0,0,0,0,0,0,0,0,0,0,0,0,0,0,0,0,0,0,0,4,104,141,191,255,253,253,203,242,110,0,0,0,0,0,0,0,0,0,0,0,0,0,0,0,0,0,0,104,252,252,252,253,252,252,252,253,196,0,0,0,0,0,0,0,0,0,0,0,0,0,0,0,0,0,0,104,252,252,252,56,56,84,240,244,81,0,0,0,0,0,0,0,0,0,0,0,0,0,0,0,0,0,0,4,28,153,252,214,38,134,252,225,0,0,0,0,0,0,0,0,0,0,0,0,0,0,0,0,0,0,0,0,0,0,101,254,253,253,253,101,0,0,0,0,0,0,0,0,0,0,0,0,0,0,0,0,0,0,0,0,0,0,0,153,252,252,177,0,0,0,0,0,0,0,0,0,0,0,0,0,0,0,0,0,0,0,0,0,0,0,0,66,252,252,177,0,0,0,0,0,0,0,0,0,0,0,0,0,0,0,0,0,0,0,0,0,0,0,0,141,252,252,252,151,0,0,0,0,0,0,0,0,0,0,0,0,0,0,0,0,0,0,0,0,0,0,63,254,253,56,163,242,66,7,0,0,0,0,0,0,0,0,0,0,0,0,0,0,0,0,0,0,0,0,113,253,214,19,38,178,252,81,0,0,0,0,0,0,0,0,0,0,0,0,0,0,0,0,0,0,0,0,113,253,109,0,0,53,252,196,10,0,0,0,0,0,0,0,0,0,0,0,0,0,0,0,0,0,0,0,213,253,84,0,0,16,215,252,28,0,0,0,0,0,0,0,0,0,0,0,0,0,0,0,0,0,0,0,226,254,84,0,0,0,157,253,140,0,0,0,0,0,0,0,0,0,0,0,0,0,0,0,0,0,0,0,150,253,84,0,0,0,57,252,139,0,0,0,0,0,0,0,0,0,0,0,0,0,0,0,0,0,0,0,163,253,122,0,0,0,57,252,139,0,0,0,0,0,0,0,0,0,0,0,0,0,0,0,0,0,0,0,113,253,196,0,0,0,157,252,139,0,0,0,0,0,0,0,0,0,0,0,0,0,0,0,0,0,0,0,101,254,228,31,0,16,216,253,128,0,0,0,0,0,0,0,0,0,0,0,0,0,0,0,0,0,0,0,0,228,252,149,32,54,252,233,22,0,0,0,0,0,0,0,0,0,0,0,0,0,0,0,0,0,0,0,0,53,252,252,228,229,252,130,0,0,0,0,0,0,0,0,0,0,0,0,0,0,0,0,0,0,0,0,0,4,28,153,252,241,115,6,0,0,0,0,0,0,0,0,0,0,0,0,0,0,0,0,0,0,0,0,0,0,0,0,0,0,0,0,0,0,0,0,0,0,0,0,0,0,0,0,0,0,0,0,0,0,0,0,0,0,0,0,0,0,0,0,0,0,0,0,0,0,0,0,0,0,0,0,0,0,0,0,0,0,0,0,0,0,0,0,0,0,0,0,0,0,0,0,0,0,0,0,0
2,0,0,0,0,0,0,0,0,0,0,0,0,0,0,0,0,0,0,0,0,0,0,0,0,0,0,0,0,0,0,0,0,0,0,0,0,0,0,0,0,0,0,0,0,0,0,0,0,0,0,0,0,0,0,0,0,0,0,0,0,0,0,0,0,0,0,0,0,0,0,0,0,0,0,0,0,0,0,0,0,0,0,0,0,0,0,0,0,0,0,0,0,0,0,0,0,0,0,0,0,0,0,0,0,0,0,0,0,0,0,0,0,0,0,0,0,0,0,15,56,56,56,56,47,0,0,0,0,0,0,0,0,0,0,0,0,0,0,0,0,0,0,0,0,28,192,221,253,253,253,253,247,209,92,6,0,0,0,0,0,0,0,0,0,0,0,0,0,0,0,0,0,219,253,211,188,188,188,188,250,253,253,175,25,0,0,0,0,0,0,0,0,0,0,0,0,0,0,0,0,254,112,12,0,0,0,0,33,111,244,253,208,74,0,0,0,0,0,0,0,0,0,0,0,0,0,0,0,80,14,0,0,0,0,0,0,0,67,210,253,243,25,0,0,0,0,0,0,0,0,0,0,0,0,0,0,0,0,0,0,0,0,0,0,0,0,52,205,253,182,4,0,0,0,0,0,0,0,0,0,0,0,0,0,0,0,0,0,0,0,0,0,0,0,0,88,253,253,63,0,0,0,0,0,0,0,0,0,0,0,0,0,0,0,0,0,0,0,0,0,0,0,0,4,201,253,184,0,0,0,0,0,0,0,0,0,0,0,0,0,0,0,0,0,0,0,0,0,0,0,0,0,78,253,238,28,0,0,0,0,0,0,0,0,0,0,0,0,0,0,0,0,0,0,0,0,0,0,0,0,15,253,253,74,0,0,0,0,0,0,0,0,0,0,0,0,0,0,0,0,0,0,0,0,0,0,0,0,15,253,253,74,0,0,0,0,0,0,0,0,0,0,0,0,0,0,0,0,0,0,0,0,0,0,0,0,16,253,254,74,0,0,0,0,0,0,0,0,0,0,0,0,0,0,0,0,0,2,15,110,39,55,15,16,30,253,253,74,0,0,0,0,0,0,0,0,0,0,0,0,0,0,0,0,21,170,253,253,253,253,253,253,253,253,237,25,0,0,0,0,0,0,0,0,0,0,0,0,0,0,0,0,85,253,253,230,228,228,239,254,253,253,251,123,2,0,0,0,0,0,0,0,0,0,0,0,0,0,0,0,143,253,220,9,0,0,31,148,253,253,253,253,132,21,0,0,0,0,0,0,0,0,0,0,0,0,0,0,65,250,253,220,134,134,134,209,253,203,171,253,254,204,118,35,0,0,0,0,0,0,0,0,0,0,0,0,0,120,253,253,253,253,253,253,171,22,7,96,211,253,253,218,0,0,0,0,0,0,0,0,0,0,0,0,0,2,43,109,185,208,128,86,2,0,0,0,19,109,92,6,0,0,0,0,0,0,0,0,0,0,0,0,0,0,0,0,0,0,0,0,0,0,0,0,0,0,0,0,0,0,0,0,0,0,0,0,0,0,0,0,0,0,0,0,0,0,0,0,0,0,0,0,0,0,0,0,0,0,0,0,0,0,0,0,0,0,0,0,0,0,0,0,0,0,0,0,0,0,0,0,0,0,0,0,0,0,0,0,0,0,0,0,0,0,0,0,0,0,0,0,0,0,0,0,0,0,0,0,0,0,0,0,0,0,0,0,0,0,0,0,0,0,0,0,0,0,0,0,0,0,0,0,0,0,0,0,0,0,0,0,0,0,0,0
0,0,0,0,0,0,0,0,0,0,0,0,0,0,0,0,0,0,0,0,0,0,0,0,0,0,0,0,0,0,0,0,0,0,0,0,0,0,0,0,0,0,0,0,0,0,0,0,0,0,0,0,0,0,0,0,0,0,0,0,0,0,0,0,0,0,0,0,0,0,0,0,0,0,0,0,0,0,0,0,0,0,0,0,0,0,0,0,0,0,0,0,0,0,0,0,0,0,0,0,0,0,0,0,0,0,0,0,0,0,0,0,0,0,0,0,0,0,0,0,0,0,0,0,0,0,0,0,0,0,0,0,0,0,0,0,0,0,0,0,0,0,0,0,0,0,0,0,0,0,0,0,0,0,0,108,254,136,153,161,69,0,0,0,0,0,0,0,0,0,0,0,0,0,0,0,0,0,0,0,0,0,60,249,253,254,253,98,15,0,0,0,0,0,0,0,0,0,0,0,0,0,0,0,0,0,0,0,0,32,224,251,162,138,243,165,7,0,0,0,0,0,0,0,0,0,0,0,0,0,0,0,0,0,0,0,0,170,253,128,0,0,129,253,103,0,0,0,0,0,0,0,0,0,0,0,0,0,0,0,0,0,0,7,170,254,173,0,0,0,0,183,254,26,0,0,0,0,0,0,0,0,0,0,0,0,0,0,0,0,26,166,236,140,169,0,0,0,0,19,215,93,0,0,0,0,0,0,0,0,0,0,0,0,0,0,0,7,182,234,54,0,0,0,0,0,0,0,184,168,0,0,0,0,0,0,0,0,0,0,0,0,0,0,0,136,253,104,0,0,0,0,0,0,0,0,118,235,17,0,0,0,0,0,0,0,0,0,0,0,0,0,51,254,148,0,0,0,0,0,0,0,0,0,93,255,23,0,0,0,0,0,0,0,0,0,0,0,0,0,184,199,19,0,0,0,0,0,0,0,0,0,93,254,23,0,0,0,0,0,0,0,0,0,0,0,0,3,191,93,0,0,0,0,0,0,0,0,0,0,134,254,23,0,0,0,0,0,0,0,0,0,0,0,0,24,253,93,0,0,0,0,0,0,0,0,0,0,184,228,15,0,0,0,0,0,0,0,0,0,0,0,0,24,254,93,0,0,0,0,0,0,0,0,0,0,185,185,0,0,0,0,0,0,0,0,0,0,0,0,0,11,215,93,0,0,0,0,0,0,0,0,0,0,184,101,0,0,0,0,0,0,0,0,0,0,0,0,0,0,184,101,0,0,0,0,0,0,0,0,0,28,240,84,0,0,0,0,0,0,0,0,0,0,0,0,0,0,151,235,50,0,0,0,0,0,0,0,0,182,219,0,0,0,0,0,0,0,0,0,0,0,0,0,0,0,34,195,186,13,0,0,0,0,0,0,81,237,69,0,0,0,0,0,0,0,0,0,0,0,0,0,0,0,0,40,224,184,13,0,0,0,34,139,243,164,6,0,0,0,0,0,0,0,0,0,0,0,0,0,0,0,0,0,76,224,220,183,166,207,240,230,162,9,0,0,0,0,0,0,0,0,0,0,0,0,0,0,0,0,0,0,0,32,103,186,253,168,69,0,0,0,0,0,0,0,0,0,0,0,0,0,0,0,0,0,0,0,0,0,0,0,0,0,0,0,0,0,0,0,0,0,0,0,0,0,0,0,0,0,0,0,0,0,0,0,0,0,0,0,0,0,0,0,0,0,0,0,0,0,0,0,0,0,0,0,0,0,0,0,0,0,0,0,0,0,0,0,0,0,0,0,0,0,0,0,0,0,0,0,0,0,0,0,0
2,0,0,0,0,0,0,0,0,0,0,0,0,0,0,0,0,0,0,0,0,0,0,0,0,0,0,0,0,0,0,0,0,0,0,0,0,0,0,0,0,0,0,0,0,0,0,0,0,0,0,0,0,0,0,0,0,0,0,0,0,0,0,0,0,0,0,0,0,0,0,0,0,0,0,0,0,0,0,0,0,0,0,0,0,0,0,0,0,0,0,0,0,0,0,0,0,0,0,0,123,254,254,210,31,0,0,0,0,0,0,0,0,0,0,0,0,0,0,0,0,0,0,0,0,0,36,123,246,253,253,253,222,130,4,0,0,0,0,0,0,0,0,0,0,0,0,0,0,0,0,0,0,127,217,254,253,253,253,253,253,253,23,0,0,0,0,0,0,0,0,0,0,0,0,0,0,0,0,0,43,222,253,254,253,175,190,253,253,253,206,28,0,0,0,0,0,0,0,0,0,0,0,0,0,0,0,120,235,253,253,223,55,10,85,245,253,253,200,24,0,0,0,0,0,0,0,0,0,0,0,0,0,0,0,40,155,253,235,132,0,0,0,75,210,253,253,147,0,0,0,0,0,0,0,0,0,0,0,0,0,0,0,0,113,119,49,0,0,0,0,154,253,253,253,59,0,0,0,0,0,0,0,0,0,0,0,0,0,0,0,0,0,0,0,0,0,0,0,136,253,253,253,147,0,0,0,0,0,0,0,0,0,0,0,0,0,0,0,0,0,0,0,0,0,0,72,241,253,253,184,14,0,0,0,0,0,0,0,0,0,0,0,0,0,0,0,0,0,0,0,0,0,9,149,241,253,253,75,0,0,0,0,0,0,0,0,0,0,0,0,0,0,0,0,0,0,0,0,0,0,165,254,254,254,254,14,0,0,0,0,0,0,0,0,0,0,0,0,0,0,0,8,61,61,175,209,61,96,238,253,253,193,44,3,0,0,0,0,0,0,0,0,0,0,0,0,0,0,5,131,253,253,253,253,254,253,253,253,240,70,0,0,0,0,0,0,0,0,0,0,0,0,0,0,0,57,159,253,253,253,253,253,254,253,253,196,16,0,0,0,0,0,0,0,0,0,0,0,0,0,0,0,9,198,253,253,253,253,253,253,254,253,253,169,9,0,0,0,0,0,0,0,0,0,0,0,0,0,0,8,128,214,253,253,253,253,253,253,255,253,253,168,9,0,0,0,0,0,0,0,0,0,0,0,0,0,0,61,253,253,253,253,253,253,253,253,254,253,253,197,96,0,0,0,0,0,0,0,0,0,0,0,0,0,0,202,253,253,253,253,253,253,184,75,201,253,253,253,178,0,0,0,0,0,0,0,0,0,0,0,0,0,0,122,253,253,253,253,229,155,14,0,25,131,253,253,196,44,0,0,0,0,0,0,0,0,0,0,0,0,0,210,253,253,253,146,49,0,0,0,0,122,253,182,12,0,0,0,0,0,0,0,0,0,0,0,0,0,0,0,0,0,0,0,0,0,0,0,0,0,0,0,0,0,0,0,0,0,0,0,0,0,0,0,0,0,0,0,0,0,0,0,0,0,0,0,0,0,0,0,0,0,0,0,0,0,0,0,0,0,0,0,0,0,0,0,0,0,0,0,0,0,0,0,0,0,0,0,0,0,0,0,0,0,0,0,0,0,0,0,0,0,0,0,0,0,0,0,0,0,0,0,0,0,0,0,0,0,0,0,0,0,0,0,0,0,0,0,0,0,0,0,0,0,0,0,0,0,0,0,0,0,0,0,0,0,0,0,0,0,0,0,0,0
6,0,0,0,0,0,0,0,0,0,0,0,0,0,0,0,0,0,0,0,0,0,0,0,0,0,0,0,0,0,0,0,0,0,0,0,0,0,0,0,0,0,0,0,0,0,0,0,0,0,0,0,0,0,0,0,0,0,0,0,0,0,0,0,0,0,0,0,0,0,0,0,0,0,0,0,0,0,0,0,0,0,0,0,0,0,0,0,0,0,0,0,0,0,0,0,0,0,0,0,0,0,2,30,156,254,220,133,25,0,0,0,0,0,0,0,0,0,0,0,0,0,0,0,0,0,0,0,0,19,156,253,253,253,253,253,212,25,0,0,0,0,0,0,0,0,0,0,0,0,0,0,0,0,0,16,152,209,253,253,253,227,227,253,253,128,0,0,0,0,0,0,0,0,0,0,0,0,0,0,0,0,19,195,253,254,249,205,124,24,25,141,84,8,0,0,0,0,0,0,0,0,0,0,0,0,0,0,0,62,209,253,253,252,117,0,0,0,0,0,0,0,0,0,0,0,0,0,0,0,0,0,0,0,0,0,21,191,253,253,218,116,0,0,0,0,0,0,0,0,0,0,0,0,0,0,0,0,0,0,0,0,0,21,191,253,253,217,30,0,0,0,0,0,0,0,0,0,0,0,0,0,0,0,0,0,0,0,0,0,0,108,253,253,216,32,0,0,0,0,0,0,0,0,0,0,0,0,0,0,0,0,0,0,0,0,0,0,21,212,253,217,32,0,0,0,0,0,0,0,0,0,0,0,0,0,0,0,0,0,0,0,0,0,0,0,164,253,253,53,0,0,0,0,0,0,0,0,0,0,0,0,0,0,0,0,0,0,0,0,0,0,0,43,254,254,175,0,0,0,0,0,0,0,0,0,0,0,0,0,0,0,0,0,0,0,0,0,0,0,3,167,253,218,26,0,0,0,0,0,3,10,0,0,0,0,0,0,0,0,0,0,0,0,0,0,0,0,25,253,253,175,0,0,0,0,35,158,167,194,134,11,0,0,0,0,0,0,0,0,0,0,0,0,0,0,48,253,253,72,0,0,89,169,250,254,253,253,253,152,0,0,0,0,0,0,0,0,0,0,0,0,0,0,145,253,253,72,0,62,243,253,253,254,253,253,253,193,0,0,0,0,0,0,0,0,0,0,0,0,0,0,145,253,253,72,0,61,208,253,126,162,253,253,253,193,0,0,0,0,0,0,0,0,0,0,0,0,0,0,106,253,253,113,0,0,19,125,203,232,253,253,173,37,0,0,0,0,0,0,0,0,0,0,0,0,0,0,25,253,253,245,218,218,218,250,253,254,232,36,12,0,0,0,0,0,0,0,0,0,0,0,0,0,0,0,3,115,253,253,253,253,253,253,253,139,21,0,0,0,0,0,0,0,0,0,0,0,0,0,0,0,0,0,0,2,93,161,253,253,253,143,17,0,0,0,0,0,0,0,0,0,0,0,0,0,0,0,0,0,0,0,0,0,0,0,0,0,0,0,0,0,0,0,0,0,0,0,0,0,0,0,0,0,0,0,0,0,0,0,0,0,0,0,0,0,0,0,0,0,0,0,0,0,0,0,0,0,0,0,0,0,0,0,0,0,0,0,0,0,0,0,0,0,0,0,0,0,0,0,0,0,0,0,0,0,0,0,0,0,0,0,0,0,0,0,0,0,0,0,0,0,0,0,0,0,0,0,0,0,0,0,0,0,0,0,0,0,0,0,0,0,0,0,0,0,0,0,0,0,0,0,0,0,0,0,0,0,0,0,0,0,0,0,0
3,0,0,0,0,0,0,0,0,0,0,0,0,0,0,0,0,0,0,0,0,0,0,0,0,0,0,0,0,0,0,0,0,0,0,0,0,0,0,0,0,0,0,0,0,0,0,0,0,0,0,0,0,0,0,0,0,0,0,0,0,0,0,0,0,0,0,0,0,0,0,0,0,0,0,0,0,0,0,0,0,0,0,0,0,0,0,0,0,0,0,0,0,0,0,0,0,0,0,0,0,0,0,0,0,0,0,0,0,0,0,0,0,0,0,0,0,0,0,0,0,0,0,0,0,0,0,0,0,0,0,0,0,0,0,0,0,0,0,0,0,0,0,0,0,0,0,0,0,0,64,128,128,128,191,255,191,128,255,128,64,0,0,0,0,0,0,0,0,0,0,0,0,0,0,128,191,255,255,255,255,255,255,255,255,255,255,255,255,64,0,0,0,0,0,0,0,0,0,0,0,0,128,255,255,255,255,255,255,255,255,191,255,255,255,255,255,128,0,0,0,0,0,0,0,0,0,0,0,0,64,128,191,255,191,128,64,0,0,0,0,191,255,255,255,128,0,0,0,0,0,0,0,0,0,0,0,0,0,0,0,128,0,0,0,0,0,0,128,255,255,255,191,0,0,0,0,0,0,0,0,0,0,0,0,0,0,0,0,0,0,0,0,0,0,191,255,255,255,191,64,0,0,0,0,0,0,0,0,0,0,0,0,0,0,0,0,0,0,0,0,64,191,255,255,255,191,64,0,0,0,0,0,0,0,0,0,0,0,0,0,0,0,0,0,0,0,0,191,255,255,255,255,255,64,0,0,0,0,0,0,0,0,0,0,0,0,0,0,0,0,0,0,0,64,255,255,255,255,255,191,0,0,0,0,0,0,0,0,0,0,0,0,0,0,0,0,0,0,0,0,0,128,255,255,255,255,255,0,0,0,0,0,0,0,0,0,0,0,0,0,0,0,0,0,0,0,0,0,0,64,128,255,255,255,255,191,64,0,0,0,0,0,0,0,0,0,0,0,0,0,0,0,0,0,0,0,0,0,0,191,255,255,255,255,255,191,64,0,0,0,0,0,0,0,0,0,0,0,0,0,0,0,0,0,0,0,0,0,64,128,255,255,255,255,255,64,0,0,0,0,0,0,0,0,0,0,0,0,0,0,0,0,0,0,0,0,0,0,64,255,255,255,255,255,0,0,0,0,0,0,0,0,0,0,0,0,0,0,0,0,0,0,0,0,0,0,64,255,255,255,255,128,0,0,0,0,0,0,0,0,0,0,0,0,0,0,0,0,0,0,0,0,0,128,255,255,255,255,191,0,0,0,0,0,0,0,0,0,0,0,0,0,0,0,0,0,0,64,128,255,255,255,255,255,255,191,0,0,0,0,0,0,0,0,0,0,0,0,0,0,0,0,0,0,64,255,255,255,255,255,255,255,191,0,0,0,0,0,0,0,0,0,0,0,0,0,0,0,0,0,0,0,255,255,255,255,255,255,255,64,0,0,0,0,0,0,0,0,0,0,0,0,0,0,0,0,0,0,0,0,191,255,255,255,191,64,0,0,0,0,0,0,0,0,0,0,0,0,0,0,0,0,0,0,0,0,0,0,0,0,0,0,0,0,0,0,0,0,0,0,0,0,0,0,0,0,0,0,0,0,0,0,0,0,0,0,0,0,0,0,0,0,0,0,0,0,0,0,0,0,0,0,0,0,0,0,0,0,0,0,0,0,0,0,0,0,0,0,0,0,0,0,0,0,0,0,0,0,0,0,0,0,0,0
5,0,0,0,0,0,0,0,0,0,0,0,0,0,0,0,0,0,0,0,0,0,0,0,0,0,0,0,0,0,0,0,0,0,0,0,0,0,0,0,0,0,0,0,0,0,0,0,0,0,0,0,0,0,0,0,0,0,0,0,0,0,0,0,0,0,0,0,0,0,0,0,0,0,0,0,0,0,0,0,0,0,0,0,0,0,0,0,0,0,0,0,0,0,0,0,0,0,0,0,0,0,0,0,0,0,0,0,0,0,0,0,0,0,0,0,0,0,0,0,0,0,0,0,0,0,0,0,0,0,0,3,120,246,255,70,0,0,0,0,0,0,0,0,0,0,0,0,0,0,7,0,0,0,4,13,13,56,136,182,253,253,253,129,0,0,0,0,0,0,0,0,0,0,0,0,0,12,155,143,116,19,143,253,253,253,253,253,236,235,235,59,0,0,0,0,0,0,0,0,0,0,0,0,19,215,253,253,253,253,253,253,253,253,253,123,10,0,0,0,0,0,0,0,0,0,0,0,0,0,0,0,32,253,253,253,253,246,222,222,222,120,99,12,0,0,0,0,0,0,0,0,0,0,0,0,0,0,0,0,32,253,253,222,93,70,0,0,0,0,0,0,0,0,0,0,0,0,0,0,0,0,0,0,0,0,0,0,114,253,253,236,167,77,105,44,9,0,0,0,0,0,0,0,0,0,0,0,0,0,0,0,0,0,0,42,222,253,253,253,253,253,253,253,189,71,32,0,0,0,0,0,0,0,0,0,0,0,0,0,0,0,0,149,253,253,216,197,197,197,212,253,253,253,226,131,117,32,0,0,0,0,0,0,0,0,0,0,0,0,0,113,229,195,23,0,0,0,19,68,167,212,253,253,253,224,39,0,0,0,0,0,0,0,0,0,0,0,0,0,38,23,0,0,0,0,0,0,0,21,61,170,213,253,225,38,0,0,0,0,0,0,0,0,0,0,0,0,0,0,0,0,0,0,0,0,0,0,0,0,75,212,253,165,0,0,0,0,0,0,0,0,0,0,0,0,0,0,0,0,0,0,0,0,0,0,0,0,0,22,244,253,0,0,0,0,0,0,0,0,0,0,0,0,0,0,0,0,0,0,0,0,0,0,0,0,0,0,242,253,0,0,0,0,0,0,0,0,218,217,217,144,37,0,0,0,0,0,0,0,0,0,0,0,0,42,246,208,0,0,0,0,0,0,0,0,95,207,253,253,235,144,34,0,0,0,0,0,0,0,0,0,42,228,253,129,0,0,0,0,0,0,0,0,0,19,148,210,253,253,238,205,83,0,0,0,0,0,0,0,218,253,253,78,0,0,0,0,0,0,0,0,0,0,0,23,155,253,253,253,249,236,202,112,112,112,157,236,252,253,146,3,0,0,0,0,0,0,0,0,0,0,0,0,2,12,94,216,253,253,253,253,253,253,253,253,204,81,1,0,0,0,0,0,0,0,0,0,0,0,0,0,0,0,0,28,129,220,253,253,253,253,253,204,15,0,0,0,0,0,0,0,0,0,0,0,0,0,0,0,0,0,0,0,0,0,0,0,0,0,0,0,0,0,0,0,0,0,0,0,0,0,0,0,0,0,0,0,0,0,0,0,0,0,0,0,0,0,0,0,0,0,0,0,0,0,0,0,0,0,0,0,0,0,0,0,0,0,0,0,0,0,0,0,0,0,0,0,0,0,0,0,0,0,0,0,0,0,0,0,0,0,0,0,0,0,0,0,0,0,0,0,0,0,0,0,0,0,0,0,0,0,0,0,0
6,0,0,0,0,0,0,0,0,0,0,0,0,0,0,0,0,0,0,0,0,0,0,0,0,0,0,0,0,0,0,0,0,0,0,0,0,0,0,0,0,0,0,0,0,0,0,0,0,0,0,0,0,0,0,0,0,0,0,0,0,0,0,0,0,0,0,0,0,0,0,0,0,0,38,233,253,0,0,0,0,0,0,0,0,0,0,0,0,0,0,0,0,0,0,0,0,0,0,0,0,30,155,235,153,0,0,0,0,0,0,0,0,0,0,0,0,0,0,0,0,0,0,0,0,0,0,0,49,228,170,44,0,0,0,0,0,0,0,0,0,0,0,0,0,0,0,0,0,0,0,0,0,0,0,85,233,172,13,0,0,0,0,0,0,0,0,0,0,0,0,0,0,0,0,0,0,0,0,0,0,0,136,250,180,8,0,0,0,0,0,0,0,0,0,0,0,0,0,0,0,0,0,0,0,0,0,0,0,49,233,243,0,0,0,0,0,0,0,0,0,0,0,0,0,0,0,0,0,0,0,0,0,0,0,0,0,184,252,64,0,0,0,0,0,0,0,0,0,0,0,0,0,0,0,0,0,0,0,0,0,0,0,0,13,203,185,6,0,0,0,0,0,0,0,0,0,0,0,0,0,0,0,0,0,0,0,0,0,0,0,0,47,252,119,0,0,0,0,0,0,0,0,0,0,0,0,0,0,0,0,0,0,0,0,0,0,0,0,0,151,221,25,0,0,0,0,0,0,0,0,0,0,0,0,0,0,0,0,0,0,0,0,0,0,0,0,24,253,184,0,0,0,0,0,0,0,0,0,0,0,0,0,0,0,0,0,0,0,0,0,0,0,0,0,24,252,110,0,0,0,0,0,0,0,0,0,0,0,0,0,0,0,0,0,0,0,0,0,0,0,0,0,24,252,69,57,122,185,184,184,184,80,0,0,0,0,0,0,0,0,0,0,0,0,0,0,0,0,0,0,24,252,219,244,252,253,252,252,252,252,95,0,0,0,0,0,0,0,0,0,0,0,0,0,0,0,0,0,76,252,252,252,147,75,22,54,179,252,116,0,0,0,0,0,0,0,0,0,0,0,0,0,0,0,0,64,255,253,222,25,0,0,0,0,51,243,221,0,0,0,0,0,0,0,0,0,0,0,0,0,0,0,0,189,218,173,252,119,0,0,0,13,174,252,116,0,0,0,0,0,0,0,0,0,0,0,0,0,0,0,0,230,146,34,234,227,131,70,70,172,252,221,32,0,0,0,0,0,0,0,0,0,0,0,0,0,0,0,0,94,146,0,118,236,252,253,252,252,218,35,0,0,0,0,0,0,0,0,0,0,0,0,0,0,0,0,0,0,0,0,0,61,137,148,178,106,14,0,0,0,0,0,0,0,0,0,0,0,0,0,0,0,0,0,0,0,0,0,0,0,0,0,0,0,0,0,0,0,0,0,0,0,0,0,0,0,0,0,0,0,0,0,0,0,0,0,0,0,0,0,0,0,0,0,0,0,0,0,0,0,0,0,0,0,0,0,0,0,0,0,0,0,0,0,0,0,0,0,0,0,0,0,0,0,0,0,0,0,0,0,0,0,0,0,0,0,0,0,0,0,0,0,0,0,0,0,0,0,0,0,0,0,0,0,0,0,0,0,0,0,0,0,0,0,0,0,0,0,0,0,0,0,0,0,0,0,0,0,0,0,0,0,0,0,0,0,0,0,0,0,0,0,0,0,0,0,0,0,0,0,0,0,0,0,0,0,0,0,0,0,0,0,0,0
2,0,0,0,0,0,0,0,0,0,0,0,0,0,0,0,0,0,0,0,0,0,0,0,0,0,0,0,0,0,0,0,0,0,0,0,0,0,0,0,0,0,0,0,0,0,0,0,0,0,0,0,0,0,0,0,0,0,0,0,0,0,0,0,0,0,0,0,0,0,0,0,0,0,0,0,0,0,0,0,0,0,0,0,0,0,0,0,0,0,0,0,0,0,0,0,0,0,0,0,0,0,0,0,0,0,0,0,0,0,0,0,0,0,0,0,0,0,0,0,0,0,0,29,86,86,86,0,0,0,0,0,0,0,0,0,0,0,0,0,0,0,0,0,0,0,0,0,0,29,170,255,255,255,255,255,141,0,0,0,0,0,0,0,0,0,0,0,0,0,0,0,0,0,0,0,86,255,255,198,170,170,170,170,255,255,29,0,0,0,0,0,0,0,0,0,0,0,0,0,0,0,0,57,226,255,141,0,0,0,0,0,141,255,141,0,0,0,0,0,0,0,0,0,0,0,0,0,0,0,0,255,255,114,0,0,0,0,0,0,0,198,198,0,0,0,0,0,0,0,0,0,0,0,0,0,0,0,0,57,57,0,0,0,0,0,0,0,0,170,255,0,0,0,0,0,0,0,0,0,0,0,0,0,0,0,0,0,0,0,0,0,0,0,0,0,0,198,255,0,0,0,0,0,0,0,0,0,0,0,0,0,0,0,0,0,0,0,0,0,0,0,0,0,0,255,226,0,0,0,0,0,0,0,0,0,0,0,0,0,0,0,0,0,0,0,0,0,0,0,0,0,0,255,170,0,0,0,0,0,0,0,0,0,0,0,0,0,0,0,0,0,0,0,0,0,0,0,0,0,141,255,114,0,0,0,0,0,0,0,0,0,0,0,0,0,0,0,0,0,0,0,0,0,0,0,0,0,170,255,86,0,0,0,0,0,0,0,0,0,0,0,0,0,0,0,0,0,0,0,0,0,0,0,0,0,198,255,0,0,0,0,0,0,0,0,0,0,0,0,0,0,0,0,0,0,0,0,0,0,0,0,0,57,255,255,170,170,170,114,29,0,0,0,0,0,0,0,0,0,0,0,0,0,0,0,0,0,0,0,57,226,255,255,255,255,255,255,255,170,29,0,0,0,0,0,0,0,0,0,0,0,0,0,0,0,29,141,255,255,255,198,141,170,86,141,226,255,255,86,0,0,0,0,0,0,0,0,0,0,0,0,0,57,226,255,255,255,170,0,0,0,0,0,0,86,226,255,198,0,0,0,0,0,0,0,0,0,0,0,0,226,255,198,255,255,57,0,0,0,0,0,0,0,0,86,57,0,0,0,0,0,0,0,0,0,0,0,114,255,170,170,255,170,0,0,0,0,0,0,0,0,0,0,0,0,0,0,0,0,0,0,0,0,0,0,226,226,170,255,226,29,0,0,0,0,0,0,0,0,0,0,0,0,0,0,0,0,0,0,0,0,0,29,86,86,86,86,29,0,0,0,0,0,0,0,0,0,0,0,0,0,0,0,0,0,0,0,0,0,0,0,0,0,0,0,0,0,0,0,0,0,0,0,0,0,0,0,0,0,0,0,0,0,0,0,0,0,0,0,0,0,0,0,0,0,0,0,0,0,0,0,0,0,0,0,0,0,0,0,0,0,0,0,0,0,0,0,0,0,0,0,0,0,0,0,0,0,0,0,0,0,0,0,0,0,0,0,0,0,0,0,0,0,0,0,0,0,0,0,0,0,0,0,0,0,0,0,0,0,0,0,0,0,0
8,0,0,0,0,0,0,0,0,0,0,0,0,0,0,0,0,0,0,0,0,0,0,0,0,0,0,0,0,0,0,0,0,0,0,0,0,0,0,0,0,0,0,0,0,0,0,0,0,0,0,0,0,0,0,0,0,0,0,0,0,0,0,0,0,0,0,0,0,0,0,0,0,0,0,0,0,0,0,0,0,0,0,0,0,0,0,0,0,0,0,0,0,0,0,0,0,0,0,0,0,0,0,0,0,0,0,0,0,0,0,0,0,0,0,0,0,0,0,0,0,0,0,0,0,0,0,0,0,0,0,70,165,16,0,0,0,0,0,0,0,0,0,0,0,0,0,0,0,0,0,0,0,0,0,0,0,0,7,187,252,103,0,0,0,0,0,0,0,0,0,0,0,0,0,0,0,0,0,0,0,0,0,57,85,85,204,252,252,52,0,0,0,0,0,0,0,0,0,0,0,0,0,0,0,0,0,0,38,163,226,243,252,252,253,252,252,28,0,0,0,0,0,0,0,0,0,0,0,0,0,0,0,0,4,79,253,253,255,253,253,253,255,234,187,13,0,0,0,0,0,0,0,0,0,0,0,0,0,0,0,0,104,252,252,252,222,208,252,252,159,28,0,0,0,0,0,0,0,0,0,0,0,0,0,0,0,0,0,0,141,252,252,127,35,172,252,214,25,0,0,0,0,0,0,0,0,0,0,0,0,0,0,0,0,0,0,0,91,252,252,128,179,252,252,40,0,0,0,0,0,0,0,0,0,0,0,0,0,0,0,0,0,0,0,0,0,157,253,253,254,253,156,0,0,0,0,0,0,0,0,0,0,0,0,0,0,0,0,0,0,0,0,0,0,44,240,252,253,214,19,0,0,0,0,0,0,0,0,0,0,0,0,0,0,0,0,0,0,0,0,0,0,0,159,252,253,196,0,0,0,0,0,0,0,0,0,0,0,0,0,0,0,0,0,0,0,0,0,0,0,0,185,252,253,246,100,0,0,0,0,0,0,0,0,0,0,0,0,0,0,0,0,0,0,0,0,0,0,57,253,253,229,253,253,40,0,0,0,0,0,0,0,0,0,0,0,0,0,0,0,0,0,0,0,0,0,57,252,151,10,171,252,215,26,0,0,0,0,0,0,0,0,0,0,0,0,0,0,0,0,0,0,0,0,144,252,28,0,38,234,252,113,0,0,0,0,0,0,0,0,0,0,0,0,0,0,0,0,0,0,0,26,243,252,28,0,0,97,252,113,0,0,0,0,0,0,0,0,0,0,0,0,0,0,0,0,0,0,0,141,253,253,28,0,7,104,253,226,0,0,0,0,0,0,0,0,0,0,0,0,0,0,0,0,0,0,0,141,252,252,78,120,187,252,252,125,0,0,0,0,0,0,0,0,0,0,0,0,0,0,0,0,0,0,0,44,224,252,252,253,252,252,127,0,0,0,0,0,0,0,0,0,0,0,0,0,0,0,0,0,0,0,0,0,44,228,252,241,115,28,3,0,0,0,0,0,0,0,0,0,0,0,0,0,0,0,0,0,0,0,0,0,0,0,0,0,0,0,0,0,0,0,0,0,0,0,0,0,0,0,0,0,0,0,0,0,0,0,0,0,0,0,0,0,0,0,0,0,0,0,0,0,0,0,0,0,0,0,0,0,0,0,0,0,0,0,0,0,0,0,0,0,0,0,0,0,0,0,0,0,0,0,0,0,0,0,0,0,0,0,0,0,0,0,0,0,0,0,0,0,0,0,0,0,0,0,0,0,0,0,0,0,0,0
6,0,0,0,0,0,0,0,0,0,0,0,0,0,0,0,0,0,0,0,0,0,0,0,0,0,0,0,0,0,0,0,0,0,0,0,0,0,0,0,0,0,0,0,0,0,0,0,61,218,54,0,0,0,0,0,0,0,0,0,0,0,0,0,0,0,0,0,0,0,0,0,0,0,0,22,205,231,36,0,0,0,0,0,0,0,0,0,0,0,0,0,0,0,0,0,0,0,0,0,0,0,22,204,254,98,0,0,0,0,0,0,0,0,0,0,0,0,0,0,0,0,0,0,0,0,0,0,0,2,182,254,161,7,0,0,0,0,0,0,0,0,0,0,0,0,0,0,0,0,0,0,0,0,0,0,0,195,254,161,6,0,0,0,0,0,0,0,0,0,0,0,0,0,0,0,0,0,0,0,0,0,0,0,121,254,196,24,0,0,0,0,0,0,0,0,0,0,0,0,0,0,0,0,0,0,0,0,0,0,0,71,247,221,26,0,0,0,0,0,0,0,0,0,0,0,0,0,0,0,0,0,0,0,0,0,0,0,125,246,220,27,0,0,0,0,0,0,0,0,0,0,0,0,0,0,0,0,0,0,0,0,0,0,0,92,244,247,35,0,0,0,0,0,0,0,0,0,0,0,0,0,0,0,0,0,0,0,0,0,0,0,79,211,254,87,0,0,0,0,0,0,0,0,0,0,0,0,0,0,0,0,0,0,0,0,0,0,0,21,191,254,193,5,0,2,53,115,199,116,0,0,0,0,0,0,0,0,0,0,0,0,0,0,0,0,2,112,254,211,26,38,116,175,254,254,254,248,73,0,0,0,0,0,0,0,0,0,0,0,0,0,0,0,55,254,246,79,162,248,254,254,224,177,215,254,74,0,0,0,0,0,0,0,0,0,0,0,0,0,0,5,245,254,254,253,254,250,196,32,2,0,154,254,77,0,0,0,0,0,0,0,0,0,0,0,0,0,5,188,254,254,254,245,217,40,0,0,0,3,210,250,48,0,0,0,0,0,0,0,0,0,0,0,0,0,72,254,254,254,212,32,0,0,0,0,3,138,254,136,0,0,0,0,0,0,0,0,0,0,0,0,0,25,223,254,254,123,13,0,0,0,0,21,210,254,204,22,0,0,0,0,0,0,0,0,0,0,0,0,12,202,254,231,40,0,0,0,30,104,188,231,254,193,34,0,0,0,0,0,0,0,0,0,0,0,0,0,82,250,254,254,204,120,79,189,243,254,254,230,122,14,0,0,0,0,0,0,0,0,0,0,0,0,0,50,248,229,254,255,254,254,254,255,254,182,99,8,0,0,0,0,0,0,0,0,0,0,0,0,0,0,0,0,0,0,0,0,0,0,0,0,0,0,0,0,0,0,0,0,0,0,0,0,0,0,0,0,0,0,0,0,0,0,0,0,0,0,0,0,0,0,0,0,0,0,0,0,0,0,0,0,0,0,0,0,0,0,0,0,0,0,0,0,0,0,0,0,0,0,0,0,0,0,0,0,0,0,0,0,0,0,0,0,0,0,0,0,0,0,0,0,0,0,0,0,0,0,0,0,0,0,0,0,0,0,0,0,0,0,0,0,0,0,0,0,0,0,0,0,0,0,0,0,0,0,0,0,0,0,0,0,0,0,0,0,0,0,0,0,0,0,0,0,0,0,0,0,0,0,0,0,0,0,0,0,0,0,0,0,0,0,0,0,0,0,0,0,0,0,0,0,0,0,0,0,0,0,0,0,0,0,0,0,0,0,0,0,0,0,0,0,0,0,0
5,0,0,0,0,0,0,0,0,0,0,0,0,0,0,0,0,0,0,0,0,0,0,0,0,0,0,0,0,0,0,0,0,0,0,0,0,0,0,0,0,0,0,0,0,0,0,0,0,0,0,0,0,0,0,0,0,0,0,0,0,0,0,0,0,0,0,0,0,0,0,0,0,0,0,0,0,0,0,0,0,0,0,0,0,0,0,0,0,0,0,0,0,0,0,0,0,0,0,0,0,0,0,0,0,0,0,0,0,0,0,0,0,0,0,0,0,0,0,0,0,0,0,0,0,0,0,0,0,0,0,0,0,0,0,0,0,0,0,0,0,0,0,0,0,0,0,0,0,0,0,0,0,0,0,0,0,0,0,0,0,0,0,0,0,0,0,0,0,0,0,0,0,0,0,0,0,0,0,0,0,0,0,0,0,0,0,0,0,0,0,0,0,0,0,0,0,0,0,0,0,0,0,0,0,0,0,0,0,0,0,0,0,0,0,0,0,0,0,0,0,0,0,0,0,0,0,0,0,0,0,0,0,0,0,0,0,0,0,3,94,11,0,0,0,0,0,0,0,0,0,0,0,0,0,0,0,0,0,0,0,0,0,0,0,0,92,201,254,121,0,0,0,0,0,0,0,0,0,0,0,0,0,0,0,0,0,0,0,0,0,0,7,133,250,254,148,11,0,0,0,0,0,0,0,4,0,0,0,0,0,0,0,0,0,0,0,0,0,71,209,254,254,254,254,201,201,158,117,134,134,134,158,215,148,0,0,0,0,0,0,0,0,0,0,6,135,254,184,180,249,255,240,148,201,201,201,201,201,137,128,29,0,0,0,0,0,0,0,0,0,0,56,211,227,77,4,0,12,13,10,0,0,0,0,0,0,0,0,0,0,0,0,0,0,0,0,0,0,66,242,254,126,94,45,91,70,19,0,0,0,0,0,0,0,0,0,0,0,0,0,0,0,0,0,0,0,202,252,244,240,240,247,254,254,241,127,4,0,0,0,0,0,0,0,0,0,0,0,0,0,0,0,0,0,26,45,14,0,0,26,54,78,144,254,169,4,0,0,0,0,0,0,0,0,0,0,0,0,0,0,0,0,0,0,0,0,0,0,0,0,0,54,241,187,6,0,0,0,0,0,0,0,0,0,0,0,0,0,0,0,0,0,0,0,0,0,0,0,0,0,56,248,135,0,0,0,0,0,0,0,0,0,0,0,0,0,0,0,0,0,0,0,0,0,0,0,0,0,0,241,160,0,0,0,0,0,0,0,0,0,0,0,0,0,0,0,0,0,0,0,0,0,0,0,0,0,17,245,139,0,0,0,0,0,0,0,0,0,0,0,0,0,0,0,0,0,0,0,0,0,0,0,0,0,107,243,34,0,0,0,0,0,0,0,0,0,0,0,0,0,0,0,0,0,0,0,0,0,0,0,0,47,237,168,0,0,0,0,0,0,0,0,0,0,0,0,0,0,0,0,0,0,0,0,0,0,0,0,49,216,221,11,0,0,0,0,0,0,0,0,0,0,0,0,0,0,0,0,0,0,0,0,0,0,5,136,243,197,32,0,0,0,0,0,0,0,0,0,0,0,0,0,0,0,0,0,0,0,0,0,0,0,7,40,40,9,0,0,0,0,0,0,0,0,0,0,0,0,0,0,0,0,0,0,0,0,0,0,0,0,0,0,0,0,0,0,0,0,0,0,0,0,0,0,0,0,0,0,0,0,0,0,0,0,0,0,0,0,0,0,0,0,0,0,0,0,0,0,0,0,0,0,0,0
6,0,0,0,0,0,0,0,0,0,0,0,0,0,0,0,0,0,0,0,0,0,0,0,0,0,0,0,0,0,0,0,0,0,0,0,0,0,0,0,0,0,0,0,0,0,0,0,0,0,0,0,0,0,0,0,0,0,0,0,0,0,0,0,0,0,0,0,0,0,0,0,0,0,0,0,0,0,0,0,0,0,0,0,0,0,0,0,0,0,0,0,0,0,0,0,0,10,128,239,179,2,0,0,0,0,0,0,0,0,0,0,0,0,0,0,0,0,0,0,0,0,0,0,10,188,252,242,254,88,0,0,0,0,0,0,0,0,0,0,0,0,0,0,0,0,0,0,0,0,0,0,186,235,71,122,254,109,0,0,0,0,0,0,0,0,0,0,0,0,0,0,0,0,0,0,0,0,0,53,249,52,0,122,254,109,0,0,0,0,0,0,0,0,0,0,0,0,0,0,0,0,0,0,0,0,0,225,64,0,0,51,254,90,0,0,0,0,0,0,0,0,0,0,0,0,0,0,0,0,0,0,0,0,57,253,8,0,0,41,255,28,0,0,0,0,0,0,0,0,0,0,0,0,0,0,0,0,0,0,0,0,165,158,1,0,0,40,236,19,0,0,0,0,0,0,0,0,0,0,0,0,0,0,0,0,0,0,0,0,142,126,0,0,0,0,49,0,0,0,0,0,0,0,0,0,0,0,0,0,0,0,0,0,0,0,0,0,202,92,0,0,0,0,0,0,0,0,0,0,0,0,0,0,0,0,0,0,0,0,0,0,0,0,0,39,248,20,0,0,0,0,0,24,117,173,90,10,0,0,0,0,0,0,0,0,0,0,0,0,0,0,0,49,222,10,0,0,0,9,96,229,254,254,254,145,0,0,0,0,0,0,0,0,0,0,0,0,0,0,0,49,194,0,0,0,0,108,254,217,114,112,236,222,0,0,0,0,0,0,0,0,0,0,0,0,0,0,0,49,251,19,0,0,78,251,173,16,0,0,56,232,15,0,0,0,0,0,0,0,0,0,0,0,0,0,0,49,254,46,0,0,189,199,14,0,0,0,21,222,1,0,0,0,0,0,0,0,0,0,0,0,0,0,0,49,254,78,0,19,236,75,0,0,0,0,27,222,0,0,0,0,0,0,0,0,0,0,0,0,0,0,0,28,240,146,1,159,222,13,0,0,0,2,146,212,0,0,0,0,0,0,0,0,0,0,0,0,0,0,0,0,183,254,128,192,138,10,0,0,0,23,254,102,0,0,0,0,0,0,0,0,0,0,0,0,0,0,0,0,20,220,254,254,254,148,57,57,82,204,219,9,0,0,0,0,0,0,0,0,0,0,0,0,0,0,0,0,0,64,202,254,254,255,254,254,254,252,87,0,0,0,0,0,0,0,0,0,0,0,0,0,0,0,0,0,0,0,8,43,102,212,186,173,124,64,0,0,0,0,0,0,0,0,0,0,0,0,0,0,0,0,0,0,0,0,0,0,0,0,0,0,0,0,0,0,0,0,0,0,0,0,0,0,0,0,0,0,0,0,0,0,0,0,0,0,0,0,0,0,0,0,0,0,0,0,0,0,0,0,0,0,0,0,0,0,0,0,0,0,0,0,0,0,0,0,0,0,0,0,0,0,0,0,0,0,0,0,0,0,0,0,0,0,0,0,0,0,0,0,0,0,0,0,0,0,0,0,0,0,0,0,0,0,0,0,0,0,0,0,0,0,0,0,0,0,0,0,0,0,0,0,0,0,0,0,0,0,0,0,0,0,0,0,0
2,0,0,0,0,0,0,0,0,0,0,0,0,0,0,0,0,0,0,0,0,0,0,0,0,0,0,0,0,0,0,0,0,0,0,0,0,0,0,0,0,0,0,0,0,0,0,0,0,0,0,0,0,0,0,0,0,0,0,0,0,0,0,0,0,0,0,0,0,0,0,0,0,0,0,0,0,0,0,0,0,0,0,0,0,0,0,0,0,0,0,0,0,0,0,0,0,0,0,0,0,0,0,0,0,0,0,0,0,0,0,0,0,0,0,0,0,0,0,0,0,0,0,29,90,147,147,147,147,147,193,122,8,0,0,0,0,0,0,0,0,0,0,0,0,0,0,0,23,79,185,237,254,254,254,254,254,254,254,254,156,3,0,0,0,0,0,0,0,0,0,0,0,0,0,128,232,254,249,249,244,140,104,32,32,32,41,216,254,59,0,0,0,0,0,0,0,0,0,0,0,0,0,147,254,120,0,0,0,0,0,0,0,0,4,183,254,119,0,0,0,0,0,0,0,0,0,0,0,0,0,147,254,32,0,0,0,0,0,0,0,0,22,254,254,38,0,0,0,0,0,0,0,0,0,0,0,0,0,16,73,4,0,0,0,0,0,0,0,0,27,254,250,10,0,0,0,0,0,0,0,0,0,0,0,0,0,0,0,0,0,0,0,0,0,0,0,0,151,254,135,0,0,0,0,0,0,0,0,0,0,0,0,0,0,0,0,0,0,0,0,0,0,0,0,72,251,234,32,0,0,0,0,0,0,0,0,0,0,0,0,0,0,0,0,0,0,0,0,0,0,0,4,196,253,135,0,0,0,0,0,0,0,0,0,0,0,0,0,0,0,0,0,0,0,0,0,0,0,0,125,254,209,0,0,0,0,0,0,0,0,0,0,0,0,0,0,0,0,0,0,0,0,0,0,0,0,53,235,221,33,0,0,0,0,0,0,0,0,0,0,0,0,0,0,0,0,0,0,0,0,0,0,0,0,227,254,153,0,0,0,0,0,0,0,0,0,0,0,0,0,0,0,0,0,0,0,0,0,0,0,12,143,248,193,19,0,0,0,0,0,0,0,0,0,0,0,0,0,0,0,0,0,0,0,0,0,0,0,91,254,248,57,0,0,0,0,0,0,0,0,0,0,0,0,0,0,0,0,0,0,0,0,0,0,0,127,251,245,27,0,0,0,0,0,0,0,0,0,0,0,0,0,0,0,0,0,0,0,0,0,0,0,84,246,242,79,0,0,0,0,0,0,0,0,0,0,0,0,0,0,0,0,0,0,0,0,0,0,3,168,244,250,76,0,0,0,0,0,0,0,0,0,0,0,0,0,0,0,0,0,0,0,0,0,0,10,130,254,254,152,33,33,33,33,33,33,33,33,33,33,33,33,10,0,0,0,0,0,0,0,0,0,0,77,254,254,254,254,254,254,254,254,254,254,254,254,254,254,254,254,201,103,0,0,0,0,0,0,0,0,0,12,86,164,254,161,254,254,154,146,146,146,146,146,146,146,146,132,114,84,0,0,0,0,0,0,0,0,0,0,0,0,0,0,0,0,0,0,0,0,0,0,0,0,0,0,0,0,0,0,0,0,0,0,0,0,0,0,0,0,0,0,0,0,0,0,0,0,0,0,0,0,0,0,0,0,0,0,0,0,0,0,0,0,0,0,0,0,0,0,0,0,0,0,0,0,0,0,0,0,0,0,0,0,0,0,0,0,0,0,0,0,0,0,0,0,0,0,0,0,0,0,0,0,0,0,0,0,0,0,0,0,0,0
6,0,0,0,0,0,0,0,0,0,0,0,0,0,0,0,0,0,0,0,0,0,0,0,0,0,0,0,0,0,0,0,0,0,0,0,0,0,0,0,0,0,0,0,0,0,0,0,0,0,0,0,0,0,0,0,0,0,0,0,0,0,0,0,0,0,0,0,0,41,254,127,0,0,0,0,0,0,0,0,0,0,0,0,0,0,0,0,0,0,0,0,0,0,0,0,0,84,253,203,0,0,0,0,0,0,0,0,0,0,0,0,0,0,0,0,0,0,0,0,0,0,0,0,0,139,253,203,0,0,0,0,0,0,0,0,0,0,0,0,0,0,0,0,0,0,0,0,0,0,0,0,0,139,253,203,0,0,0,0,0,0,0,0,0,0,0,0,0,0,0,0,0,0,0,0,0,0,0,0,0,208,253,135,0,0,0,0,0,0,0,0,0,0,0,0,0,0,0,0,0,0,0,0,0,0,0,0,128,252,253,93,0,0,0,0,0,0,0,0,0,0,0,0,0,0,0,0,0,0,0,0,0,0,0,0,184,253,253,4,0,0,0,0,0,0,0,0,0,0,0,0,0,0,0,0,0,0,0,0,0,0,0,5,195,253,164,1,0,0,0,0,0,0,0,0,0,0,0,0,0,0,0,0,0,0,0,0,0,0,0,31,253,253,83,0,0,0,0,0,0,0,0,0,0,0,0,0,0,0,0,0,0,0,0,0,0,0,0,187,253,194,1,0,0,0,0,0,0,0,0,0,0,0,0,0,0,0,0,0,0,0,0,0,0,0,0,229,253,114,0,0,0,0,50,39,1,0,0,0,0,0,0,0,0,0,0,0,0,0,0,0,0,0,48,245,253,52,0,12,102,159,239,253,53,0,0,0,0,0,0,0,0,0,0,0,0,0,0,0,0,0,159,253,182,3,6,140,253,253,253,253,223,30,0,0,0,0,0,0,0,0,0,0,0,0,0,0,0,0,174,253,168,0,123,253,253,253,253,253,201,0,0,0,0,0,0,0,0,0,0,0,0,0,0,0,0,0,175,253,159,4,200,253,253,254,253,253,129,0,0,0,0,0,0,0,0,0,0,0,0,0,0,0,0,0,105,253,69,72,253,253,253,253,253,253,59,0,0,0,0,0,0,0,0,0,0,0,0,0,0,0,0,0,76,253,133,155,253,253,253,254,253,175,3,0,0,0,0,0,0,0,0,0,0,0,0,0,0,0,0,0,19,236,253,253,253,253,253,253,248,55,0,0,0,0,0,0,0,0,0,0,0,0,0,0,0,0,0,0,0,72,241,253,254,253,253,243,79,0,0,0,0,0,0,0,0,0,0,0,0,0,0,0,0,0,0,0,0,0,40,164,253,253,252,79,0,0,0,0,0,0,0,0,0,0,0,0,0,0,0,0,0,0,0,0,0,0,0,0,0,0,0,0,0,0,0,0,0,0,0,0,0,0,0,0,0,0,0,0,0,0,0,0,0,0,0,0,0,0,0,0,0,0,0,0,0,0,0,0,0,0,0,0,0,0,0,0,0,0,0,0,0,0,0,0,0,0,0,0,0,0,0,0,0,0,0,0,0,0,0,0,0,0,0,0,0,0,0,0,0,0,0,0,0,0,0,0,0,0,0,0,0,0,0,0,0,0,0,0,0,0,0,0,0,0,0,0,0,0,0,0,0,0,0,0,0,0,0,0,0,0,0,0,0,0,0,0,0,0,0,0,0,0,0,0,0,0,0,0,0,0,0,0,0,0,0,0,0,0,0,0,0,0,0
8,0,0,0,0,0,0,0,0,0,0,0,0,0,0,0,0,0,0,0,0,0,0,0,0,0,0,0,0,0,0,0,0,0,0,0,0,0,0,0,0,0,0,0,0,0,0,0,0,0,0,0,0,0,0,0,0,0,0,0,0,0,0,0,0,0,0,0,0,0,0,0,0,0,0,0,0,0,0,0,0,0,0,0,0,0,0,0,0,0,0,0,0,0,0,0,0,0,0,0,0,0,0,0,0,0,0,0,0,0,0,0,0,0,0,0,0,0,0,0,0,0,0,0,0,0,51,193,254,253,92,10,0,0,0,0,0,0,0,0,0,0,0,0,0,0,0,0,0,0,0,0,21,183,233,252,253,252,253,172,0,0,0,0,0,0,0,0,0,0,0,0,0,0,0,0,0,0,11,92,254,253,244,203,203,203,234,253,102,0,0,0,0,0,0,0,0,0,0,0,0,0,0,0,0,0,51,252,253,130,40,0,0,0,71,252,183,0,0,0,0,0,0,0,0,0,0,0,0,0,0,0,0,62,173,253,123,0,0,0,0,0,0,203,234,30,0,0,0,0,0,0,0,0,0,0,0,0,0,0,0,142,253,130,0,0,0,0,0,0,0,203,213,10,0,0,0,0,0,0,0,0,0,0,0,0,0,0,52,253,203,0,0,0,0,0,0,0,92,253,183,0,0,0,0,0,0,0,0,0,0,0,0,0,0,0,31,232,243,203,41,0,0,0,21,142,253,252,61,0,0,0,0,0,0,0,0,0,0,0,0,0,0,0,0,142,254,253,254,253,254,253,254,253,254,253,82,0,0,0,0,0,0,0,0,0,0,0,0,0,0,0,0,20,131,252,253,252,253,252,253,252,253,252,243,81,0,0,0,0,0,0,0,0,0,0,0,0,0,0,0,0,0,123,254,253,254,253,254,233,142,183,254,151,0,0,0,0,0,0,0,0,0,0,0,0,0,0,0,0,21,223,253,252,131,50,50,30,0,0,172,232,41,0,0,0,0,0,0,0,0,0,0,0,0,0,0,0,113,253,244,81,0,0,0,0,0,0,92,253,203,0,0,0,0,0,0,0,0,0,0,0,0,0,0,41,233,252,81,0,0,0,0,0,0,0,92,252,203,0,0,0,0,0,0,0,0,0,0,0,0,0,0,102,254,91,0,0,0,0,0,0,0,0,152,253,142,0,0,0,0,0,0,0,0,0,0,0,0,0,0,102,253,91,0,0,0,0,0,0,0,41,233,252,102,0,0,0,0,0,0,0,0,0,0,0,0,0,0,102,255,253,52,10,0,0,0,0,52,233,254,192,0,0,0,0,0,0,0,0,0,0,0,0,0,0,0,20,213,252,253,212,142,102,163,203,233,252,233,50,0,0,0,0,0,0,0,0,0,0,0,0,0,0,0,0,21,183,254,253,254,253,254,253,254,213,41,0,0,0,0,0,0,0,0,0,0,0,0,0,0,0,0,0,0,0,71,151,253,252,253,171,50,10,0,0,0,0,0,0,0,0,0,0,0,0,0,0,0,0,0,0,0,0,0,0,0,0,0,0,0,0,0,0,0,0,0,0,0,0,0,0,0,0,0,0,0,0,0,0,0,0,0,0,0,0,0,0,0,0,0,0,0,0,0,0,0,0,0,0,0,0,0,0,0,0,0,0,0,0,0,0,0,0,0,0,0,0,0,0,0,0,0,0,0,0,0,0,0,0,0,0,0,0,0,0,0,0,0,0,0,0,0,0,0,0,0,0,0,0,0,0,0,0,0
8,0,0,0,0,0,0,0,0,0,0,0,0,0,0,0,0,0,0,0,0,0,0,0,0,0,0,0,0,0,0,0,0,0,0,0,0,0,0,0,0,0,0,0,0,0,0,0,0,0,0,0,0,0,0,0,0,0,0,0,0,0,0,0,0,0,0,0,0,0,0,0,0,0,0,0,0,0,0,0,0,0,0,0,0,0,0,0,0,0,0,0,0,0,0,0,0,0,0,0,0,0,0,0,0,0,0,0,0,0,0,0,0,0,0,0,0,0,0,0,0,0,0,0,0,0,0,0,7,30,156,253,219,25,0,0,0,0,0,0,0,0,0,0,0,0,0,0,0,0,0,0,0,0,12,145,206,249,239,228,228,43,0,0,0,0,0,0,0,0,0,0,0,0,0,0,0,0,0,13,37,89,202,253,237,82,46,0,0,0,0,0,0,0,0,0,0,0,0,0,0,0,0,0,0,12,49,174,252,252,252,222,76,0,0,0,0,0,0,0,0,0,0,0,0,0,0,0,0,0,0,0,0,90,252,252,252,252,252,210,26,0,0,0,0,0,0,0,0,0,0,0,0,0,0,0,0,0,0,0,38,235,252,252,252,186,249,253,200,0,0,0,0,0,0,0,0,0,0,0,0,0,0,0,0,0,0,0,10,194,252,252,252,23,103,253,228,0,0,0,0,0,0,0,0,0,0,0,0,0,0,0,0,0,0,0,0,181,252,220,110,4,0,253,228,0,0,0,0,0,0,0,0,0,0,0,0,0,0,0,0,0,0,0,44,246,252,204,16,0,0,253,228,0,0,0,0,0,0,0,0,0,0,0,0,0,0,0,0,0,0,0,3,127,252,252,196,69,173,253,228,0,0,0,0,0,0,0,0,0,0,0,0,0,0,0,0,0,0,0,0,29,213,251,253,253,253,255,114,0,0,0,0,0,0,0,0,0,0,0,0,0,0,0,0,0,0,0,0,0,0,88,220,252,252,253,242,70,8,0,0,0,0,0,0,0,0,0,0,0,0,0,0,0,0,0,0,0,0,0,97,252,252,253,252,252,188,62,0,0,0,0,0,0,0,0,0,0,0,0,0,0,0,0,0,0,0,0,97,252,148,147,227,234,252,232,77,10,0,0,0,0,0,0,0,0,0,0,0,0,0,0,0,0,0,0,126,252,11,0,35,62,232,252,252,48,0,0,0,0,0,0,0,0,0,0,0,0,0,0,0,0,0,0,217,252,11,0,0,0,77,252,252,48,0,0,0,0,0,0,0,0,0,0,0,0,0,0,0,0,0,0,217,252,52,0,0,0,146,252,252,48,0,0,0,0,0,0,0,0,0,0,0,0,0,0,0,0,0,0,114,252,235,154,109,217,241,252,143,7,0,0,0,0,0,0,0,0,0,0,0,0,0,0,0,0,0,0,9,179,252,253,252,252,252,145,6,0,0,0,0,0,0,0,0,0,0,0,0,0,0,0,0,0,0,0,0,5,127,132,189,131,51,4,0,0,0,0,0,0,0,0,0,0,0,0,0,0,0,0,0,0,0,0,0,0,0,0,0,0,0,0,0,0,0,0,0,0,0,0,0,0,0,0,0,0,0,0,0,0,0,0,0,0,0,0,0,0,0,0,0,0,0,0,0,0,0,0,0,0,0,0,0,0,0,0,0,0,0,0,0,0,0,0,0,0,0,0,0,0,0,0,0,0,0,0,0,0,0,0,0,0,0,0,0,0,0,0,0,0,0,0,0,0,0,0,0,0,0,0,0,0,0,0,0
7,0,0,0,0,0,0,0,0,0,0,0,0,0,0,0,0,0,0,0,0,0,0,0,0,0,0,0,0,0,0,0,0,0,0,0,0,0,0,0,0,0,0,0,0,0,0,0,0,0,0,0,0,0,0,0,0,0,0,0,0,0,0,0,0,0,0,0,0,0,0,0,0,0,0,0,0,0,0,0,0,0,0,0,0,0,0,0,0,0,0,0,0,0,0,0,0,0,0,0,0,0,0,0,0,0,0,0,0,0,0,0,0,0,0,0,0,0,0,0,0,0,0,0,0,0,0,0,0,0,0,0,0,0,0,0,0,0,0,0,0,0,0,0,0,0,0,0,0,0,0,0,0,0,0,0,0,0,0,0,0,0,0,0,0,0,0,0,0,0,0,0,0,0,0,0,0,0,0,0,0,0,0,0,0,0,0,0,0,0,0,0,0,0,0,0,0,0,0,0,0,0,0,4,4,7,7,2,2,7,7,108,131,238,207,77,0,0,0,0,0,0,0,0,0,0,0,0,0,0,20,195,212,254,254,171,166,254,254,254,254,254,254,148,0,0,0,0,0,0,0,0,0,0,0,0,0,0,140,254,254,254,251,249,241,236,199,112,112,234,254,148,0,0,0,0,0,0,0,0,0,0,0,0,0,0,11,105,105,105,85,75,28,0,0,0,52,240,254,76,0,0,0,0,0,0,0,0,0,0,0,0,0,0,0,0,0,0,0,0,0,0,0,0,77,250,254,24,0,0,0,0,0,0,0,0,0,0,0,0,0,0,0,0,0,0,0,0,0,0,0,0,0,218,254,24,0,0,0,0,0,0,0,0,0,0,0,0,0,0,0,0,0,0,0,0,0,0,0,0,0,218,254,24,0,0,0,0,0,0,0,0,0,0,0,0,0,0,0,0,0,0,0,0,0,0,0,0,0,194,254,24,0,0,0,0,0,0,0,0,0,0,0,0,0,0,0,0,0,0,0,0,0,0,0,0,0,182,254,52,0,0,0,0,0,0,0,0,0,0,0,0,0,0,0,0,0,0,0,0,0,0,0,0,65,245,254,148,0,0,0,0,0,0,0,0,0,0,0,0,0,0,0,0,0,0,0,0,0,0,0,0,182,254,254,54,0,0,0,0,0,0,0,0,0,0,0,0,0,0,0,0,0,0,0,0,0,0,0,0,212,254,254,24,0,0,0,0,0,0,0,0,0,0,0,0,0,0,0,0,0,0,0,0,0,0,0,0,212,254,174,5,0,0,0,0,0,0,0,0,0,0,0,0,0,0,0,0,0,0,0,0,0,0,0,0,212,254,154,0,0,0,0,0,0,0,0,0,0,0,0,0,0,0,0,0,0,0,0,0,0,0,0,0,212,254,154,0,0,0,0,0,0,0,0,0,0,0,0,0,0,0,0,0,0,0,0,0,0,0,0,0,212,254,154,0,0,0,0,0,0,0,0,0,0,0,0,0,0,0,0,0,0,0,0,0,0,0,0,0,212,255,103,0,0,0,0,0,0,0,0,0,0,0,0,0,0,0,0,0,0,0,0,0,0,0,0,0,157,254,30,0,0,0,0,0,0,0,0,0,0,0,0,0,0,0,0,0,0,0,0,0,0,0,0,0,88,254,30,0,0,0,0,0,0,0,0,0,0,0,0,0,0,0,0,0,0,0,0,0,0,0,0,0,45,237,30,0,0,0,0,0,0,0,0,0,0,0,0,0,0,0,0,0,0,0,0,0,0,0,0,0,0,0,0,0,0,0,0,0,0,0,0,0,0
0,0,0,0,0,0,0,0,0,0,0,0,0,0,0,0,0,0,0,0,0,0,0,0,0,0,0,0,0,0,0,0,0,0,0,0,0,0,0,0,0,0,0,0,0,0,0,0,0,0,0,0,0,0,0,0,0,0,0,0,0,0,0,0,0,0,0,0,0,0,0,0,0,0,0,0,0,0,0,0,0,0,0,0,0,0,0,0,0,0,0,0,0,0,0,0,0,0,0,0,0,0,0,0,0,0,0,0,0,0,0,0,0,0,0,0,0,0,0,0,0,0,0,0,0,0,0,37,239,254,186,36,0,0,0,0,0,0,0,0,0,0,0,0,0,0,0,0,0,0,0,0,0,0,8,186,253,245,253,155,0,0,0,0,0,0,0,0,0,0,0,0,0,0,0,0,0,0,0,0,0,13,183,216,209,48,240,155,0,0,0,0,0,0,0,0,0,0,0,0,0,0,0,0,0,0,0,0,0,107,253,207,25,0,219,155,0,0,0,0,0,0,0,0,0,0,0,0,0,0,0,0,0,0,0,0,31,241,253,23,0,0,136,155,0,0,0,0,0,0,0,0,0,0,0,0,0,0,0,0,0,0,0,0,138,244,83,0,0,0,137,254,0,0,0,0,0,0,0,0,0,0,0,0,0,0,0,0,0,0,0,25,241,206,0,0,0,0,136,253,8,0,0,0,0,0,0,0,0,0,0,0,0,0,0,0,0,0,0,147,253,49,0,0,0,0,136,253,98,0,0,0,0,0,0,0,0,0,0,0,0,0,0,0,0,0,70,250,180,2,0,0,0,0,136,253,98,0,0,0,0,0,0,0,0,0,0,0,0,0,0,0,0,0,156,253,137,0,0,0,0,0,136,253,98,0,0,0,0,0,0,0,0,0,0,0,0,0,0,0,0,23,217,234,0,0,0,0,0,0,137,254,99,0,0,0,0,0,0,0,0,0,0,0,0,0,0,0,0,106,254,150,0,0,0,0,0,0,136,253,98,0,0,0,0,0,0,0,0,0,0,0,0,0,0,0,0,195,254,106,0,0,0,0,0,0,136,253,30,0,0,0,0,0,0,0,0,0,0,0,0,0,0,0,0,195,254,39,0,0,0,0,0,0,227,200,0,0,0,0,0,0,0,0,0,0,0,0,0,0,0,0,0,195,254,39,0,0,0,0,0,0,234,155,0,0,0,0,0,0,0,0,0,0,0,0,0,0,0,0,0,196,255,61,0,0,0,0,5,79,128,23,0,0,0,0,0,0,0,0,0,0,0,0,0,0,0,0,0,142,254,182,6,0,0,0,111,241,62,0,0,0,0,0,0,0,0,0,0,0,0,0,0,0,0,0,0,0,186,253,169,36,31,102,241,228,43,0,0,0,0,0,0,0,0,0,0,0,0,0,0,0,0,0,0,0,72,217,253,243,241,254,212,43,0,0,0,0,0,0,0,0,0,0,0,0,0,0,0,0,0,0,0,0,0,27,126,245,253,133,9,0,0,0,0,0,0,0,0,0,0,0,0,0,0,0,0,0,0,0,0,0,0,0,0,0,0,0,0,0,0,0,0,0,0,0,0,0,0,0,0,0,0,0,0,0,0,0,0,0,0,0,0,0,0,0,0,0,0,0,0,0,0,0,0,0,0,0,0,0,0,0,0,0,0,0,0,0,0,0,0,0,0,0,0,0,0,0,0,0,0,0,0,0,0,0,0,0,0,0,0,0,0,0,0,0,0,0,0,0,0,0,0,0,0,0,0,0,0,0,0,0,0,0,0
4,0,0,0,0,0,0,0,0,0,0,0,0,0,0,0,0,0,0,0,0,0,0,0,0,0,0,0,0,0,0,0,0,0,0,0,0,0,0,0,0,0,0,0,0,0,0,0,0,0,0,0,0,0,0,0,0,0,0,0,0,0,0,0,0,0,0,0,0,0,0,0,0,0,0,0,0,0,0,0,0,0,0,0,0,0,0,0,0,0,0,0,0,0,0,0,0,0,0,0,0,0,0,0,0,0,0,0,0,0,0,0,0,0,0,0,0,0,0,0,0,0,0,0,0,0,0,0,0,0,0,0,0,0,0,0,0,0,0,0,0,0,0,0,0,0,0,0,0,0,0,0,0,0,0,0,0,0,0,0,0,0,0,0,0,0,0,0,0,0,0,0,0,0,0,0,0,0,0,0,0,52,243,132,0,0,0,0,0,137,254,100,0,0,0,0,0,0,0,0,0,0,0,0,0,0,0,0,49,187,253,132,0,0,0,0,6,199,253,145,0,0,0,0,0,0,0,0,0,0,0,0,0,0,0,11,167,253,238,56,0,0,0,0,79,253,241,31,0,0,0,0,0,0,0,0,0,0,0,0,0,0,0,154,253,253,64,0,0,0,0,33,230,253,168,0,0,0,0,0,0,0,0,0,0,0,0,0,0,35,182,236,253,230,18,0,0,0,56,195,253,236,71,0,0,0,0,0,0,0,0,0,0,0,0,0,0,49,253,253,229,54,0,0,0,0,100,253,253,88,0,0,0,0,0,0,0,0,0,0,0,0,0,0,13,175,253,229,55,0,0,0,0,0,157,253,233,40,0,0,0,0,0,0,0,0,0,0,0,0,0,0,141,253,253,77,0,0,0,0,0,10,194,253,146,0,0,0,0,0,0,0,0,0,0,0,0,0,0,0,157,253,253,143,73,0,0,0,6,181,253,232,41,0,0,0,0,0,0,0,0,0,0,0,0,0,0,0,100,253,253,253,250,242,242,242,244,253,253,147,0,0,0,0,0,0,0,0,0,0,0,0,0,0,0,0,0,24,122,214,242,242,242,242,250,254,235,41,0,0,0,0,0,0,0,0,0,0,0,0,0,0,0,0,0,0,0,0,0,0,0,0,145,253,147,0,0,0,0,0,0,0,0,0,0,0,0,0,0,0,0,0,0,0,0,0,0,0,0,76,254,253,96,0,0,0,0,0,0,0,0,0,0,0,0,0,0,0,0,0,0,0,0,0,0,0,0,122,254,237,32,0,0,0,0,0,0,0,0,0,0,0,0,0,0,0,0,0,0,0,0,0,0,0,0,122,254,200,0,0,0,0,0,0,0,0,0,0,0,0,0,0,0,0,0,0,0,0,0,0,0,0,0,214,245,26,0,0,0,0,0,0,0,0,0,0,0,0,0,0,0,0,0,0,0,0,0,0,0,0,37,246,242,0,0,0,0,0,0,0,0,0,0,0,0,0,0,0,0,0,0,0,0,0,0,0,0,0,110,253,242,0,0,0,0,0,0,0,0,0,0,0,0,0,0,0,0,0,0,0,0,0,0,0,0,0,161,253,190,0,0,0,0,0,0,0,0,0,0,0,0,0,0,0,0,0,0,0,0,0,0,0,0,0,230,195,6,0,0,0,0,0,0,0,0,0,0,0,0,0,0,0,0,0,0,0,0,0,0,0,0,0,0,0,0,0,0,0,0,0,0,0,0,0,0,0,0,0,0,0,0,0,0,0,0,0,0,0,0,0,0,0,0,0,0,0,0,0,0,0,0,0,0,0,0
0,0,0,0,0,0,0,0,0,0,0,0,0,0,0,0,0,0,0,0,0,0,0,0,0,0,0,0,0,0,0,0,0,0,0,0,0,0,0,0,0,0,0,0,0,0,0,0,0,0,0,0,0,0,0,0,0,0,0,0,0,0,0,0,0,0,0,0,0,0,0,0,0,0,0,0,0,0,0,0,0,0,0,0,0,0,0,0,0,0,0,0,0,0,0,0,0,0,0,0,0,0,0,0,0,0,0,0,0,0,0,0,0,0,0,0,0,0,0,0,0,0,0,0,0,0,0,0,0,0,0,0,0,0,0,0,0,0,0,0,0,0,0,0,0,0,0,0,0,0,0,0,0,0,0,0,0,0,0,0,0,0,0,0,0,0,0,0,0,0,0,0,0,0,0,0,0,0,0,0,0,0,0,0,0,7,124,157,60,6,0,0,0,0,0,0,0,0,0,0,82,0,0,0,0,0,0,0,0,0,0,0,7,145,253,253,253,36,0,0,0,0,0,0,0,0,0,0,35,0,0,0,0,0,0,0,0,0,3,130,192,253,253,236,152,10,0,0,0,0,0,0,0,0,0,0,0,0,0,0,0,0,0,0,0,35,198,253,253,253,201,71,60,11,0,0,0,0,0,0,0,0,0,0,0,0,0,0,0,0,0,0,89,229,254,253,241,145,14,60,244,212,60,0,0,0,0,0,0,0,0,0,0,0,0,0,0,0,0,130,233,253,254,198,77,0,0,73,253,253,186,98,0,0,0,0,0,0,0,0,0,0,0,0,0,0,129,250,253,253,191,10,0,0,0,73,253,253,253,253,0,0,0,0,0,0,0,0,0,0,0,0,0,128,251,253,253,195,6,0,0,0,0,73,253,253,253,22,0,0,0,0,0,0,0,0,0,0,0,0,125,254,254,254,139,0,0,0,0,0,0,80,254,254,145,0,0,0,0,0,0,0,0,0,0,0,0,0,182,253,253,186,10,0,0,0,0,0,47,228,253,244,73,0,0,0,0,0,0,0,0,0,0,0,0,0,182,253,253,36,0,0,0,0,0,25,192,253,253,82,0,0,0,0,0,0,0,0,0,0,0,0,0,33,230,253,196,12,0,0,0,28,67,226,253,253,237,29,0,0,0,0,0,0,0,0,0,0,0,0,0,49,253,253,189,9,0,30,67,223,253,253,253,236,71,0,0,0,0,0,0,0,0,0,0,0,0,0,0,12,198,253,253,202,194,222,254,253,253,253,201,71,0,0,0,0,0,0,0,0,0,0,0,0,0,0,0,0,141,253,253,253,253,253,254,253,183,48,14,0,0,0,0,0,0,0,0,0,0,0,0,0,0,0,0,0,9,71,156,156,156,156,157,87,14,0,0,0,0,0,0,0,0,0,0,0,0,0,0,0,0,0,0,0,0,0,0,0,0,0,0,0,0,0,0,0,0,0,0,0,0,0,0,0,0,0,0,0,0,0,0,0,0,0,0,0,0,0,0,0,0,0,0,0,0,0,0,0,0,0,0,0,0,0,0,0,0,0,0,0,0,0,0,0,0,0,0,0,0,0,0,0,0,0,0,0,0,0,0,0,0,0,0,0,0,0,0,0,0,0,0,0,0,0,0,0,0,0,0,0,0,0,0,0,0,0,0,0,0,0,0,0,0,0,0,0,0,0,0,0,0,0,0,0,0,0,0,0,0,0,0,0,0,0,0,0,0,0,0,0,0,0,0,0,0,0,0,0,0,0,0,0,0,0,0,0,0,0,0,0,0,0,0,0,0
8,0,0,0,0,0,0,0,0,0,0,0,0,0,0,0,0,0,0,0,0,0,0,0,0,0,0,0,0,0,0,0,0,0,0,0,0,0,0,0,0,0,0,0,0,0,0,0,0,0,0,0,0,0,0,0,0,0,0,0,0,0,0,0,0,0,0,0,0,0,0,0,0,0,0,0,0,0,0,0,0,0,0,0,0,0,0,0,0,0,0,0,0,0,0,0,0,0,0,0,0,0,0,0,0,0,0,0,0,0,0,0,0,0,0,0,0,0,0,0,0,0,0,0,0,0,0,0,0,0,0,0,0,0,0,0,0,0,0,0,0,0,0,0,0,0,0,0,0,0,0,0,0,0,0,0,0,16,196,254,254,118,0,0,0,0,0,0,0,0,0,0,0,0,0,0,0,0,0,0,0,0,0,0,36,227,253,214,253,181,0,0,0,0,0,0,0,0,0,0,0,0,0,0,0,0,0,0,0,0,75,217,241,253,130,72,253,135,0,0,0,0,0,0,0,0,0,0,0,0,0,0,0,0,0,0,4,110,240,241,254,100,11,184,253,85,0,0,0,0,0,0,0,0,0,0,0,0,0,0,0,0,0,0,152,253,202,59,254,50,69,253,220,0,0,0,0,0,0,0,0,0,0,0,0,0,0,0,0,0,0,73,254,217,0,0,202,202,241,248,52,0,0,0,0,0,0,0,0,0,0,0,0,0,0,0,0,0,0,57,249,237,51,0,5,172,253,130,0,0,0,0,0,0,0,0,0,0,0,0,0,0,0,0,0,0,0,0,144,253,231,49,50,244,163,8,0,0,0,0,0,0,0,0,0,0,0,0,0,0,0,0,0,0,0,0,12,179,253,233,234,249,33,0,0,0,0,0,0,0,0,0,0,0,0,0,0,0,0,0,0,0,0,0,0,24,233,253,254,102,0,0,0,0,0,0,0,0,0,0,0,0,0,0,0,0,0,0,0,0,0,0,0,0,135,254,255,18,0,0,0,0,0,0,0,0,0,0,0,0,0,0,0,0,0,0,0,0,0,0,0,54,249,253,254,18,0,0,0,0,0,0,0,0,0,0,0,0,0,0,0,0,0,0,0,0,0,0,28,222,253,253,254,18,0,0,0,0,0,0,0,0,0,0,0,0,0,0,0,0,0,0,0,0,0,6,166,253,207,253,254,18,0,0,0,0,0,0,0,0,0,0,0,0,0,0,0,0,0,0,0,0,0,106,253,194,34,253,254,18,0,0,0,0,0,0,0,0,0,0,0,0,0,0,0,0,0,0,0,0,59,222,218,13,77,254,208,7,0,0,0,0,0,0,0,0,0,0,0,0,0,0,0,0,0,0,0,0,142,254,63,41,224,253,110,0,0,0,0,0,0,0,0,0,0,0,0,0,0,0,0,0,0,0,0,16,243,254,155,235,253,240,0,0,0,0,0,0,0,0,0,0,0,0,0,0,0,0,0,0,0,0,0,17,248,254,253,250,222,35,0,0,0,0,0,0,0,0,0,0,0,0,0,0,0,0,0,0,0,0,0,0,84,189,149,62,0,0,0,0,0,0,0,0,0,0,0,0,0,0,0,0,0,0,0,0,0,0,0,0,0,0,0,0,0,0,0,0,0,0,0,0,0,0,0,0,0,0,0,0,0,0,0,0,0,0,0,0,0,0,0,0,0,0,0,0,0,0,0,0,0,0,0,0,0,0,0,0,0,0,0,0,0,0,0,0,0,0,0,0,0,0,0,0,0,0,0,0,0,0,0,0,0,0,0
8,0,0,0,0,0,0,0,0,0,0,0,0,0,0,0,0,0,0,0,0,0,0,0,0,0,0,0,0,0,0,0,0,0,0,0,0,0,0,0,0,0,0,0,0,0,0,0,0,0,0,0,0,0,0,0,0,0,0,0,0,0,0,0,0,0,0,0,0,0,0,0,0,0,0,0,0,0,0,0,0,0,0,0,0,0,0,0,0,0,0,0,0,0,0,0,0,0,0,0,0,0,0,0,0,0,0,0,0,0,0,0,0,0,0,0,0,0,0,0,0,0,0,0,0,2,179,255,116,9,0,0,0,0,0,0,0,0,0,0,0,0,0,0,0,0,0,0,0,0,0,0,0,80,254,254,248,224,52,0,0,0,0,0,0,0,0,0,0,0,0,0,0,0,0,0,0,0,0,0,0,29,254,254,89,121,252,68,0,0,0,0,0,0,0,0,0,0,0,0,0,0,0,0,0,0,0,0,0,29,254,227,14,77,254,152,0,0,0,0,0,0,0,0,0,0,0,0,0,0,0,0,0,0,0,0,0,29,254,201,0,77,254,178,0,0,0,0,0,0,0,0,0,0,0,0,0,0,0,0,0,0,0,0,0,21,239,201,0,77,254,240,143,14,0,0,0,0,0,0,0,0,0,0,0,0,0,0,0,0,0,0,0,0,201,219,10,156,254,254,254,127,0,0,0,0,0,0,0,0,0,0,0,0,0,0,0,0,0,0,0,0,117,254,68,239,254,254,236,54,0,0,0,0,0,0,0,0,0,0,0,0,0,0,0,0,0,0,0,0,41,254,254,254,254,236,81,0,0,0,0,0,0,0,0,0,0,0,0,0,0,0,0,0,0,0,0,0,67,254,254,254,198,55,0,0,0,0,0,0,0,0,0,0,0,0,0,0,0,0,0,0,0,0,0,84,246,254,254,189,14,0,0,0,0,0,0,0,0,0,0,0,0,0,0,0,0,0,0,0,0,23,150,247,254,254,254,177,0,0,0,0,0,0,0,0,0,0,0,0,0,0,0,0,0,0,0,0,72,239,254,254,204,54,228,200,1,0,0,0,0,0,0,0,0,0,0,0,0,0,0,0,0,0,2,99,247,254,212,50,2,0,198,254,58,0,0,0,0,0,0,0,0,0,0,0,0,0,0,0,0,0,88,254,254,251,22,0,0,0,152,254,85,0,0,0,0,0,0,0,0,0,0,0,0,0,0,0,0,0,210,254,244,90,0,0,0,7,230,254,85,0,0,0,0,0,0,0,0,0,0,0,0,0,0,0,0,0,210,254,102,0,0,0,22,165,254,254,85,0,0,0,0,0,0,0,0,0,0,0,0,0,0,0,0,0,192,254,124,21,88,146,235,254,254,254,85,0,0,0,0,0,0,0,0,0,0,0,0,0,0,0,0,0,28,149,248,239,254,254,254,239,119,48,9,0,0,0,0,0,0,0,0,0,0,0,0,0,0,0,0,0,0,0,134,199,173,164,93,22,0,0,0,0,0,0,0,0,0,0,0,0,0,0,0,0,0,0,0,0,0,0,0,0,0,0,0,0,0,0,0,0,0,0,0,0,0,0,0,0,0,0,0,0,0,0,0,0,0,0,0,0,0,0,0,0,0,0,0,0,0,0,0,0,0,0,0,0,0,0,0,0,0,0,0,0,0,0,0,0,0,0,0,0,0,0,0,0,0,0,0,0,0,0,0,0,0,0,0,0,0,0,0,0,0,0,0,0,0,0,0,0,0,0,0,0,0,0,0,0,0,0,0,0,0
7,0,0,0,0,0,0,0,0,0,0,0,0,0,0,0,0,0,0,0,0,0,0,0,0,0,0,0,0,0,0,0,0,0,0,0,0,0,0,0,0,0,0,0,0,0,0,0,0,0,0,0,0,0,0,0,0,0,0,0,0,0,0,0,0,0,0,0,0,0,0,0,0,0,0,0,0,0,0,0,0,0,0,0,0,0,0,0,0,0,0,0,0,0,0,0,0,0,0,0,0,0,0,0,0,0,0,0,0,0,0,0,0,0,0,0,0,0,0,0,0,0,0,0,0,0,0,0,0,0,0,0,0,0,0,0,0,0,0,0,0,0,0,0,0,0,0,0,0,0,0,0,0,0,0,0,0,0,0,0,0,0,0,0,0,0,0,0,0,0,0,0,0,0,0,0,0,0,0,0,0,0,0,0,0,0,0,0,0,0,0,0,0,0,0,0,0,0,0,0,0,0,0,0,0,0,25,0,0,0,0,0,18,81,160,188,254,254,156,3,0,0,0,0,0,0,0,0,0,0,0,0,9,226,219,98,198,226,181,202,234,254,254,254,254,254,209,5,0,0,0,0,0,0,0,0,0,0,0,0,6,213,244,252,254,254,254,254,252,244,170,87,240,254,130,0,0,0,0,0,0,0,0,0,0,0,0,0,0,0,0,76,178,157,120,85,63,0,0,79,248,254,75,0,0,0,0,0,0,0,0,0,0,0,0,0,0,0,0,0,0,0,0,0,0,0,27,248,254,218,6,0,0,0,0,0,0,0,0,0,0,0,0,0,0,0,0,0,0,0,0,0,0,17,170,254,250,61,0,0,0,0,0,0,0,0,0,0,0,0,0,0,0,0,0,0,0,0,0,0,0,105,254,254,109,0,0,0,0,0,0,0,0,0,0,0,0,0,0,0,0,0,0,0,0,0,0,0,40,239,254,188,8,0,0,0,0,0,0,0,0,0,0,0,0,0,0,0,0,0,0,0,0,0,0,11,192,254,238,44,0,0,0,0,0,0,0,0,0,0,0,0,0,0,0,0,0,0,0,0,0,0,11,188,254,254,116,0,0,0,0,0,0,0,0,0,0,0,0,0,0,0,0,0,0,0,0,0,0,0,147,255,238,126,0,0,0,0,0,0,0,0,0,0,0,0,0,0,0,0,0,0,0,0,0,0,0,100,250,254,139,0,0,0,0,0,0,0,0,0,0,0,0,0,0,0,0,0,0,0,0,0,0,0,39,228,254,176,21,0,0,0,0,0,0,0,0,0,0,0,0,0,0,0,0,0,0,0,0,0,15,83,229,254,207,22,0,0,0,0,0,0,0,0,0,0,0,0,0,0,0,0,0,0,0,0,0,0,48,254,254,204,59,0,0,0,0,0,0,0,0,0,0,0,0,0,0,0,0,0,0,0,0,0,0,6,167,254,254,96,0,0,0,0,0,0,0,0,0,0,0,0,0,0,0,0,0,0,0,0,0,0,4,135,254,254,162,3,0,0,0,0,0,0,0,0,0,0,0,0,0,0,0,0,0,0,0,0,0,0,66,254,254,158,3,0,0,0,0,0,0,0,0,0,0,0,0,0,0,0,0,0,0,0,0,0,0,0,104,254,231,24,0,0,0,0,0,0,0,0,0,0,0,0,0,0,0,0,0,0,0,0,0,0,0,0,69,254,136,0,0,0,0,0,0,0,0,0,0,0,0,0,0,0,0,0,0,0,0,0,0,0,0,0,0,0,0,0,0,0,0,0,0,0,0,0,0,0,0,0,0,0,0,0,0
9,0,0,0,0,0,0,0,0,0,0,0,0,0,0,0,0,0,0,0,0,0,0,0,0,0,0,0,0,0,0,0,0,0,0,0,0,0,0,0,0,0,0,0,0,0,0,0,0,0,0,0,0,0,0,0,0,0,0,0,0,0,0,0,0,0,0,0,0,0,0,0,0,0,0,0,0,0,0,0,0,0,0,0,0,0,0,0,0,0,0,0,0,0,0,0,0,0,0,0,0,0,0,0,0,0,0,0,0,0,0,0,0,0,0,0,0,0,0,0,0,0,0,0,0,0,0,0,0,0,0,0,0,0,0,0,0,0,0,0,0,0,0,0,0,0,0,0,0,0,0,0,0,0,0,0,0,0,0,0,0,0,0,0,0,0,0,0,0,0,0,0,0,0,0,0,0,0,0,0,0,12,105,158,211,255,254,240,60,0,0,0,0,0,0,0,0,0,0,0,0,0,0,0,0,0,0,32,192,227,254,205,128,126,33,175,236,0,0,0,0,0,0,0,0,0,0,0,0,0,0,0,0,0,54,226,254,202,121,22,0,0,0,39,251,35,0,0,0,0,0,0,0,0,0,0,0,0,0,0,6,91,249,249,98,2,0,0,0,0,0,39,227,0,0,0,0,0,0,0,0,0,0,0,0,0,0,0,79,254,249,67,0,0,0,0,0,0,0,166,162,0,0,0,0,0,0,0,0,0,0,0,0,0,0,42,243,254,63,0,0,0,0,0,0,0,25,238,249,0,0,0,0,0,0,0,0,0,0,0,0,0,0,134,254,150,1,0,0,0,0,0,0,26,215,254,192,0,0,0,0,0,0,0,0,0,0,0,0,0,7,250,233,12,0,0,0,0,0,6,89,229,254,254,73,0,0,0,0,0,0,0,0,0,0,0,0,0,28,251,246,81,0,0,0,16,124,201,254,223,254,241,39,0,0,0,0,0,0,0,0,0,0,0,0,0,0,105,254,249,147,144,211,243,233,176,94,109,254,160,0,0,0,0,0,0,0,0,0,0,0,0,0,0,0,11,66,239,239,239,208,89,27,0,3,187,254,41,0,0,0,0,0,0,0,0,0,0,0,0,0,0,0,0,0,0,0,0,0,0,0,0,44,254,254,24,0,0,0,0,0,0,0,0,0,0,0,0,0,0,0,0,0,0,0,0,0,0,0,0,44,254,187,2,0,0,0,0,0,0,0,0,0,0,0,0,0,0,0,0,0,0,0,0,0,0,0,0,120,254,178,0,0,0,0,0,0,0,0,0,0,0,0,0,0,0,0,0,0,0,0,0,0,0,0,0,166,251,62,0,0,0,0,0,0,0,0,0,0,0,0,0,0,0,0,0,0,0,0,0,0,0,0,41,245,244,0,0,0,0,0,0,0,0,0,0,0,0,0,0,0,0,0,0,0,0,0,0,0,0,0,79,254,204,0,0,0,0,0,0,0,0,0,0,0,0,0,0,0,0,0,0,0,0,0,0,0,0,0,173,254,114,0,0,0,0,0,0,0,0,0,0,0,0,0,0,0,0,0,0,0,0,0,0,0,0,63,245,254,99,0,0,0,0,0,0,0,0,0,0,0,0,0,0,0,0,0,0,0,0,0,0,0,0,111,254,221,13,0,0,0,0,0,0,0,0,0,0,0,0,0,0,0,0,0,0,0,0,0,0,0,0,0,0,0,0,0,0,0,0,0,0,0,0,0,0,0,0,0,0,0,0,0,0,0,0,0,0,0,0,0,0,0,0,0,0,0,0,0,0,0,0,0,0,0
9,0,0,0,0,0,0,0,0,0,0,0,0,0,0,0,0,0,0,0,0,0,0,0,0,0,0,0,0,0,0,0,0,0,0,0,0,0,0,0,0,0,0,0,0,0,0,0,0,0,0,0,0,0,0,0,0,0,0,0,0,0,0,0,0,0,0,0,0,0,0,0,0,0,0,0,0,0,0,0,0,0,0,0,0,0,0,0,0,0,0,0,0,0,0,0,0,0,0,0,0,0,0,0,0,0,0,0,0,0,0,0,0,0,0,0,0,0,0,0,0,0,0,0,0,0,0,0,0,0,0,0,0,0,0,0,0,0,0,0,0,0,0,0,0,0,0,0,0,0,0,0,0,0,0,0,0,0,0,0,0,0,0,0,0,0,0,0,0,0,0,0,0,0,0,0,0,0,0,0,0,0,0,0,76,141,166,253,203,13,0,0,0,0,0,0,0,0,0,0,0,0,0,0,0,0,0,0,0,7,82,169,243,253,252,252,252,138,0,0,0,0,0,0,0,0,0,0,0,0,0,0,0,0,0,29,134,204,252,252,252,244,142,209,252,235,28,0,0,0,0,0,0,0,0,0,0,0,0,0,0,0,101,234,252,253,252,164,90,25,76,222,252,241,47,0,0,0,0,0,0,0,0,0,0,0,0,0,0,104,253,253,253,214,38,0,26,104,253,253,253,226,0,0,0,0,0,0,0,0,0,0,0,0,0,0,76,253,252,233,145,0,0,132,243,253,252,252,252,225,0,0,0,0,0,0,0,0,0,0,0,0,0,0,113,253,252,109,85,85,160,240,252,244,224,252,252,100,0,0,0,0,0,0,0,0,0,0,0,0,0,0,213,253,252,240,252,253,252,252,202,50,243,252,151,0,0,0,0,0,0,0,0,0,0,0,0,0,0,38,226,255,253,253,253,226,150,113,13,104,253,253,128,0,0,0,0,0,0,0,0,0,0,0,0,0,0,0,88,222,196,196,96,0,0,0,76,253,252,208,22,0,0,0,0,0,0,0,0,0,0,0,0,0,0,0,0,25,0,0,0,0,0,29,210,253,252,56,0,0,0,0,0,0,0,0,0,0,0,0,0,0,0,0,0,0,0,0,0,0,0,185,252,253,151,6,0,0,0,0,0,0,0,0,0,0,0,0,0,0,0,0,0,0,0,0,0,0,45,229,253,214,0,0,0,0,0,0,0,0,0,0,0,0,0,0,0,0,0,0,0,0,0,0,0,19,225,252,252,88,0,0,0,0,0,0,0,0,0,0,0,0,0,0,0,0,0,0,0,0,0,0,0,154,252,252,164,0,0,0,0,0,0,0,0,0,0,0,0,0,0,0,0,0,0,0,0,0,0,0,101,253,252,164,28,0,0,0,0,0,0,0,0,0,0,0,0,0,0,0,0,0,0,0,0,0,0,10,229,254,253,56,0,0,0,0,0,0,0,0,0,0,0,0,0,0,0,0,0,0,0,0,0,0,0,160,252,253,240,43,0,0,0,0,0,0,0,0,0,0,0,0,0,0,0,0,0,0,0,0,0,0,0,197,252,253,158,0,0,0,0,0,0,0,0,0,0,0,0,0,0,0,0,0,0,0,0,0,0,0,0,110,240,178,9,0,0,0,0,0,0,0,0,0,0,0,0,0,0,0,0,0,0,0,0,0,0,0,0,0,0,0,0,0,0,0,0,0,0,0,0,0,0,0,0,0,0,0,0,0,0,0,0,0,0,0,0,0,0,0,0,0,0,0,0,0,0,0,0,0,0,0,0,0,0
0,0,0,0,0,0,0,0,0,0,0,0,0,0,0,0,0,0,0,0,0,0,0,0,0,0,0,0,0,0,0,0,0,0,0,0,0,0,0,0,0,0,0,0,0,0,0,0,0,0,0,0,0,0,0,0,0,0,0,0,0,0,0,0,0,0,0,0,0,0,0,0,0,0,0,0,0,0,0,0,0,0,0,0,0,0,0,0,0,0,0,0,0,0,0,0,0,0,0,0,0,0,0,0,0,0,0,0,0,0,0,0,0,0,0,0,0,0,0,0,0,0,0,0,0,0,0,0,0,0,0,0,0,0,0,0,0,0,0,0,0,0,0,0,0,0,0,0,0,0,0,0,0,0,85,163,182,241,156,47,0,0,0,0,0,0,0,0,0,0,0,0,0,0,0,0,0,0,0,0,0,102,248,254,253,253,253,247,120,4,0,0,0,0,0,0,0,0,0,0,0,0,0,0,0,0,0,0,0,154,253,254,253,253,253,253,254,148,6,0,0,0,0,0,0,0,0,0,0,0,0,0,0,0,0,0,23,222,253,254,253,250,99,176,254,253,81,0,0,0,0,0,0,0,0,0,0,0,0,0,0,0,0,20,204,253,253,254,253,184,0,0,254,253,216,0,0,0,0,0,0,0,0,0,0,0,0,0,0,0,0,171,254,254,228,149,110,0,0,0,255,254,217,0,0,0,0,0,0,0,0,0,0,0,0,0,0,0,88,252,253,184,12,0,0,0,0,0,169,253,216,0,0,0,0,0,0,0,0,0,0,0,0,0,0,14,208,253,247,59,0,0,0,0,0,0,86,253,216,0,0,0,0,0,0,0,0,0,0,0,0,0,0,162,254,253,138,0,0,0,0,0,0,0,73,253,216,0,0,0,0,0,0,0,0,0,0,0,0,0,46,232,254,233,23,0,0,0,0,0,0,0,137,253,216,0,0,0,0,0,0,0,0,0,0,0,0,0,200,254,255,83,0,0,0,0,0,0,0,0,255,254,191,0,0,0,0,0,0,0,0,0,0,0,0,106,249,253,192,8,0,0,0,0,0,0,4,152,254,253,42,0,0,0,0,0,0,0,0,0,0,0,0,217,253,253,78,0,0,0,0,0,0,0,77,253,254,147,5,0,0,0,0,0,0,0,0,0,0,0,0,217,253,142,0,0,0,0,0,0,0,36,241,253,248,17,0,0,0,0,0,0,0,0,0,0,0,0,0,217,253,72,0,0,0,0,0,0,72,217,253,253,52,0,0,0,0,0,0,0,0,0,0,0,0,0,16,228,254,72,0,0,0,0,27,99,247,254,242,59,0,0,0,0,0,0,0,0,0,0,0,0,0,0,55,253,253,111,0,0,28,127,216,254,253,212,36,0,0,0,0,0,0,0,0,0,0,0,0,0,0,0,8,222,253,253,186,217,235,253,253,243,177,18,0,0,0,0,0,0,0,0,0,0,0,0,0,0,0,0,0,105,249,253,254,253,253,251,202,71,0,0,0,0,0,0,0,0,0,0,0,0,0,0,0,0,0,0,0,0,64,162,221,201,162,86,0,0,0,0,0,0,0,0,0,0,0,0,0,0,0,0,0,0,0,0,0,0,0,0,0,0,0,0,0,0,0,0,0,0,0,0,0,0,0,0,0,0,0,0,0,0,0,0,0,0,0,0,0,0,0,0,0,0,0,0,0,0,0,0,0,0,0,0,0,0,0,0,0,0,0,0,0,0,0,0,0,0,0,0,0,0,0,0,0,0,0,0,0,0,0,0,0,0,0
3,0,0,0,0,0,0,0,0,0,0,0,0,0,0,0,0,0,0,0,0,0,0,0,0,0,0,0,0,0,0,0,0,0,0,0,0,0,0,0,0,0,0,0,0,0,0,0,0,0,0,0,0,0,0,0,0,0,0,0,0,0,0,0,0,0,0,0,0,0,0,0,0,0,0,0,0,0,0,0,0,0,0,0,0,0,0,0,0,0,0,0,0,0,0,0,0,0,0,0,0,0,0,0,0,0,0,0,0,0,0,0,0,0,0,0,0,0,0,0,0,0,0,0,0,0,47,125,163,163,163,106,73,63,0,0,0,0,0,0,0,0,0,0,0,0,0,0,0,0,0,0,11,210,247,253,253,253,253,254,253,250,222,16,0,0,0,0,0,0,0,0,0,0,0,0,0,0,0,0,16,242,254,253,253,253,253,254,253,253,253,195,0,0,0,0,0,0,0,0,0,0,0,0,0,0,0,0,0,104,203,235,156,144,112,54,142,240,253,253,0,0,0,0,0,0,0,0,0,0,0,0,0,0,0,0,0,0,0,0,0,0,0,0,87,253,253,253,0,0,0,0,0,0,0,0,0,0,0,0,0,0,0,0,0,0,0,0,0,0,27,157,254,254,254,195,0,0,0,0,0,0,0,0,0,0,0,0,0,0,0,0,0,0,0,0,28,127,216,254,253,253,223,37,0,0,0,0,0,0,0,0,0,0,0,0,0,0,0,0,0,0,24,140,235,253,253,254,245,158,21,0,0,0,0,0,0,0,0,0,0,0,0,0,0,0,0,0,0,40,234,253,253,253,253,228,82,0,0,0,0,0,0,0,0,0,0,0,0,0,0,0,0,0,0,0,0,26,254,253,253,253,253,254,115,0,0,0,0,0,0,0,0,0,0,0,0,0,0,0,0,0,0,0,0,0,118,249,254,254,254,255,199,0,0,0,0,0,0,0,0,0,0,0,0,0,0,0,0,0,0,0,0,0,0,17,18,87,253,254,198,0,0,0,0,0,0,0,0,0,0,0,0,0,0,0,0,0,0,0,0,0,0,0,32,213,253,254,198,0,0,0,0,0,0,0,0,0,0,0,0,0,0,0,0,0,0,0,0,0,0,69,213,253,253,248,87,0,0,0,0,0,0,0,0,0,0,0,0,0,14,98,181,156,91,13,0,0,149,248,253,253,253,117,0,0,0,0,0,0,0,0,0,0,0,0,0,88,208,254,254,208,78,0,32,202,255,254,254,248,84,0,0,0,0,0,0,0,0,0,0,0,0,0,120,252,253,223,76,22,55,132,224,253,254,253,225,87,0,0,0,0,0,0,0,0,0,0,0,0,0,0,228,253,253,237,217,228,253,253,253,253,230,145,18,0,0,0,0,0,0,0,0,0,0,0,0,0,0,0,87,251,253,253,253,254,253,253,245,169,20,0,0,0,0,0,0,0,0,0,0,0,0,0,0,0,0,0,0,67,72,72,72,72,72,72,41,0,0,0,0,0,0,0,0,0,0,0,0,0,0,0,0,0,0,0,0,0,0,0,0,0,0,0,0,0,0,0,0,0,0,0,0,0,0,0,0,0,0,0,0,0,0,0,0,0,0,0,0,0,0,0,0,0,0,0,0,0,0,0,0,0,0,0,0,0,0,0,0,0,0,0,0,0,0,0,0,0,0,0,0,0,0,0,0,0,0,0,0,0,0,0,0,0,0,0,0,0,0,0,0,0,0,0,0,0,0,0,0,0,0,0,0,0,0,0,0,0,0,0,0,0,0,0,0
1,0,0,0,0,0,0,0,0,0,0,0,0,0,0,0,0,0,0,0,0,0,0,0,0,0,0,0,0,0,0,0,0,0,0,0,0,0,0,0,0,0,0,0,0,0,0,0,0,0,0,0,0,0,0,0,0,0,0,0,0,0,0,0,0,0,0,0,0,0,0,0,0,0,0,0,0,0,0,0,0,0,0,0,0,0,0,0,0,0,0,0,0,0,0,0,0,0,0,0,0,0,0,0,0,0,0,0,0,0,0,0,0,0,0,0,0,0,0,0,0,0,0,0,0,0,0,0,0,0,0,0,0,0,0,0,0,0,0,0,0,0,0,0,0,0,0,0,0,0,0,0,0,0,0,178,255,105,0,0,0,0,0,0,0,0,0,0,0,0,0,0,0,0,0,0,0,0,0,0,0,0,6,188,253,216,14,0,0,0,0,0,0,0,0,0,0,0,0,0,0,0,0,0,0,0,0,0,0,0,14,202,253,253,23,0,0,0,0,0,0,0,0,0,0,0,0,0,0,0,0,0,0,0,0,0,0,0,12,199,253,128,6,0,0,0,0,0,0,0,0,0,0,0,0,0,0,0,0,0,0,0,0,0,0,0,42,253,253,158,0,0,0,0,0,0,0,0,0,0,0,0,0,0,0,0,0,0,0,0,0,0,0,0,42,253,253,158,0,0,0,0,0,0,0,0,0,0,0,0,0,0,0,0,0,0,0,0,0,0,0,0,155,253,253,158,0,0,0,0,0,0,0,0,0,0,0,0,0,0,0,0,0,0,0,0,0,0,0,0,160,253,253,147,0,0,0,0,0,0,0,0,0,0,0,0,0,0,0,0,0,0,0,0,0,0,0,0,160,253,253,41,0,0,0,0,0,0,0,0,0,0,0,0,0,0,0,0,0,0,0,0,0,0,0,17,225,253,235,31,0,0,0,0,0,0,0,0,0,0,0,0,0,0,0,0,0,0,0,0,0,0,0,24,253,253,176,0,0,0,0,0,0,0,0,0,0,0,0,0,0,0,0,0,0,0,0,0,0,0,0,24,253,253,176,0,0,0,0,0,0,0,0,0,0,0,0,0,0,0,0,0,0,0,0,0,0,0,0,24,253,253,176,0,0,0,0,0,0,0,0,0,0,0,0,0,0,0,0,0,0,0,0,0,0,0,0,24,253,253,176,0,0,0,0,0,0,0,0,0,0,0,0,0,0,0,0,0,0,0,0,0,0,0,0,24,253,253,162,0,0,0,0,0,0,0,0,0,0,0,0,0,0,0,0,0,0,0,0,0,0,0,0,46,253,253,59,0,0,0,0,0,0,0,0,0,0,0,0,0,0,0,0,0,0,0,0,0,0,0,0,142,253,253,59,0,0,0,0,0,0,0,0,0,0,0,0,0,0,0,0,0,0,0,0,0,0,0,0,142,253,253,59,0,0,0,0,0,0,0,0,0,0,0,0,0,0,0,0,0,0,0,0,0,0,0,0,142,253,202,8,0,0,0,0,0,0,0,0,0,0,0,0,0,0,0,0,0,0,0,0,0,0,0,0,87,253,139,0,0,0,0,0,0,0,0,0,0,0,0,0,0,0,0,0,0,0,0,0,0,0,0,0,0,0,0,0,0,0,0,0,0,0,0,0,0,0,0,0,0,0,0,0,0,0,0,0,0,0,0,0,0,0,0,0,0,0,0,0,0,0,0,0,0,0,0,0,0,0,0,0,0,0,0,0,0,0,0,0,0,0,0,0,0,0,0,0,0,0,0,0,0,0,0,0
2,0,0,0,0,0,0,0,0,0,0,0,0,0,0,0,0,0,0,0,0,0,0,0,0,0,0,0,0,0,0,0,0,0,0,0,0,0,0,0,0,0,0,0,0,0,0,0,0,0,0,0,0,0,0,0,0,0,0,0,0,0,0,0,0,0,0,0,0,0,0,0,0,0,0,0,0,0,0,0,0,0,0,0,0,0,0,0,0,0,0,0,0,36,84,0,24,96,96,84,0,0,0,0,0,0,0,0,0,0,0,0,0,0,0,0,0,0,0,0,0,214,220,96,205,251,253,244,190,23,0,0,0,0,0,0,0,0,0,0,0,0,0,0,0,0,0,0,0,253,236,126,156,251,253,251,251,110,0,0,0,0,0,0,0,0,0,0,0,0,0,0,0,0,0,0,0,91,236,126,8,31,31,197,251,204,24,0,0,0,0,0,0,0,0,0,0,0,0,0,0,0,0,0,0,0,71,47,0,0,0,190,251,251,94,0,0,0,0,0,0,0,0,0,0,0,0,0,0,0,0,0,0,0,0,0,0,0,36,214,253,189,0,0,0,0,0,0,0,0,0,0,0,0,0,0,0,0,0,0,0,0,0,0,0,0,115,251,251,69,0,0,0,0,0,0,0,0,0,0,0,0,0,0,0,0,0,0,0,0,0,0,0,0,253,251,251,31,0,0,0,0,0,0,0,0,0,0,0,0,0,0,0,0,0,0,0,0,0,0,0,139,253,251,140,4,0,0,0,0,0,0,0,0,0,0,0,0,0,0,0,0,0,0,0,0,0,0,139,217,253,231,47,0,0,0,0,0,0,0,0,0,0,0,0,0,0,0,0,0,0,0,0,0,12,174,253,253,255,63,0,0,0,0,0,0,0,0,0,0,0,0,0,0,0,0,0,0,0,0,0,12,158,251,251,231,161,16,0,0,0,0,0,0,0,0,0,0,0,0,0,0,0,0,0,0,0,0,0,96,251,251,251,94,0,0,0,0,0,0,0,0,0,0,0,0,0,0,0,0,0,0,0,0,0,0,0,134,251,251,156,12,0,0,0,0,0,0,0,0,0,0,0,0,0,0,0,0,0,0,0,0,0,0,0,253,251,172,12,0,0,0,0,0,0,0,0,0,0,0,0,0,0,0,0,0,0,0,0,0,0,0,0,255,253,253,213,36,0,0,0,0,0,0,0,0,0,0,0,0,48,134,153,0,0,0,0,0,0,0,0,133,251,251,251,212,191,170,32,32,32,32,32,32,32,32,92,190,221,243,121,0,0,0,0,0,0,0,0,48,141,251,251,251,253,251,251,251,251,253,251,251,251,251,253,251,188,94,0,0,0,0,0,0,0,0,0,0,4,31,169,228,253,251,251,251,251,253,251,251,251,211,189,69,15,0,0,0,0,0,0,0,0,0,0,0,0,0,0,59,95,94,94,94,94,95,94,94,94,35,0,0,0,0,0,0,0,0,0,0,0,0,0,0,0,0,0,0,0,0,0,0,0,0,0,0,0,0,0,0,0,0,0,0,0,0,0,0,0,0,0,0,0,0,0,0,0,0,0,0,0,0,0,0,0,0,0,0,0,0,0,0,0,0,0,0,0,0,0,0,0,0,0,0,0,0,0,0,0,0,0,0,0,0,0,0,0,0,0,0,0,0,0,0,0,0,0,0,0,0,0,0,0,0,0,0,0,0,0,0,0,0,0,0,0,0,0,0,0,0,0,0,0,0,0,0,0,0,0,0,0,0,0,0,0,0,0,0,0,0,0,0,0,0,0
7,0,0,0,0,0,0,0,0,0,0,0,0,0,0,0,0,0,0,0,0,0,0,0,0,0,0,0,0,0,0,0,0,0,0,0,0,0,0,0,0,0,0,0,0,0,0,0,0,0,0,0,0,0,0,0,0,0,0,0,0,0,0,0,0,0,0,0,0,0,0,0,0,0,0,0,0,0,0,0,0,0,0,0,0,0,0,0,0,0,0,0,0,0,0,0,0,0,0,0,0,0,0,0,0,0,0,0,0,0,0,0,0,0,0,0,0,0,0,0,0,0,0,0,0,0,0,0,0,0,0,0,0,0,0,0,0,0,0,0,0,0,0,0,0,0,0,0,0,0,0,0,0,0,0,0,0,0,0,0,0,0,0,0,0,0,0,0,0,0,0,0,0,0,0,0,0,0,0,0,0,0,0,0,0,0,0,0,0,0,0,0,0,0,0,0,0,0,0,0,0,0,0,0,0,0,0,0,0,0,0,0,8,13,103,236,241,25,0,0,0,0,0,0,0,0,0,0,0,0,0,21,122,83,24,16,20,80,106,127,229,254,254,254,180,10,0,0,0,0,0,0,0,0,0,0,0,0,24,239,254,255,254,234,223,255,254,245,218,231,254,218,11,0,0,0,0,0,0,0,0,0,0,0,0,0,0,104,74,126,126,126,126,113,44,33,0,48,254,182,0,0,0,0,0,0,0,0,0,0,0,0,0,0,0,0,0,0,0,0,0,0,0,0,0,99,254,151,0,0,0,0,0,0,0,0,0,0,0,0,0,0,0,0,0,0,0,0,0,0,0,0,0,245,242,30,0,0,0,0,0,0,0,0,0,0,0,0,0,0,0,0,0,0,0,0,0,0,0,0,104,254,207,0,0,0,0,0,0,0,0,0,0,0,0,0,0,0,0,0,0,0,0,0,0,0,0,0,239,251,69,0,0,0,0,0,0,0,0,0,0,0,0,0,0,0,0,0,0,0,0,0,0,0,0,84,251,237,0,0,0,0,0,0,0,0,0,0,0,0,0,0,0,0,0,0,0,0,0,0,0,0,0,210,254,114,0,0,0,0,0,0,0,0,0,0,0,0,0,0,0,0,0,0,0,0,0,0,0,0,28,241,254,4,0,0,0,0,0,0,0,0,0,0,0,0,0,0,0,0,0,0,0,0,0,0,0,0,100,254,186,1,0,0,0,0,0,0,0,0,0,0,0,0,0,0,0,0,0,0,0,0,0,0,0,0,210,254,153,0,0,0,0,0,0,0,0,0,0,0,0,0,0,0,0,0,0,0,0,0,0,0,0,30,241,254,17,0,0,0,0,0,0,0,0,0,0,0,0,0,0,0,0,0,0,0,0,0,0,0,0,180,254,201,5,0,0,0,0,0,0,0,0,0,0,0,0,0,0,0,0,0,0,0,0,0,0,0,13,226,254,47,0,0,0,0,0,0,0,0,0,0,0,0,0,0,0,0,0,0,0,0,0,0,0,0,109,254,245,23,0,0,0,0,0,0,0,0,0,0,0,0,0,0,0,0,0,0,0,0,0,0,0,0,190,254,158,0,0,0,0,0,0,0,0,0,0,0,0,0,0,0,0,0,0,0,0,0,0,0,0,0,190,254,48,0,0,0,0,0,0,0,0,0,0,0,0,0,0,0,0,0,0,0,0,0,0,0,0,0,164,177,15,0,0,0,0,0,0,0,0,0,0,0,0,0,0,0,0,0,0,0,0,0,0,0,0,0,0,0,0,0,0,0,0,0,0,0,0,0,0,0,0,0,0
2,0,0,0,0,0,0,0,0,0,0,0,0,0,0,0,0,0,0,0,0,0,0,0,0,0,0,0,0,0,0,0,0,0,0,0,0,0,0,0,0,0,0,0,0,0,0,0,0,0,0,0,0,0,0,0,0,0,0,0,0,0,0,0,0,0,0,0,0,0,0,0,0,0,0,0,0,0,0,0,0,0,0,0,0,0,0,0,0,0,0,0,0,0,0,0,0,0,0,0,0,0,0,0,0,0,0,0,0,0,0,0,0,0,0,0,0,0,0,0,0,0,0,0,0,0,0,2,56,140,195,155,155,12,0,0,0,0,0,0,0,0,0,0,0,0,0,0,0,0,0,0,0,0,30,192,254,254,254,254,254,103,0,0,0,0,0,0,0,0,0,0,0,0,0,0,0,0,0,0,11,103,253,254,254,254,254,254,254,55,0,0,0,0,0,0,0,0,0,0,0,0,0,0,0,0,0,0,135,254,254,254,242,244,254,254,254,20,0,0,0,0,0,0,0,0,0,0,0,0,0,0,0,0,0,0,130,179,179,138,48,196,254,254,170,6,0,0,0,0,0,0,0,0,0,0,0,0,0,0,0,0,0,0,0,0,0,1,123,254,254,242,37,0,0,0,0,0,0,0,0,0,0,0,0,0,0,0,0,0,0,0,0,0,0,6,254,254,254,196,0,0,0,0,0,0,0,0,0,0,0,0,0,0,0,0,0,0,0,0,0,0,0,155,254,254,243,31,0,0,0,0,0,0,0,0,0,0,0,0,0,0,0,0,0,0,0,0,0,0,77,243,254,249,77,0,0,0,0,0,0,0,0,0,0,0,0,0,0,0,0,0,0,0,0,0,0,0,249,254,254,180,0,0,0,0,0,0,0,0,0,0,0,0,0,0,0,0,0,0,0,0,0,0,1,120,254,254,253,98,0,0,0,0,0,0,0,0,0,0,0,0,0,0,0,0,0,0,0,0,0,0,41,254,254,254,131,0,0,0,0,0,0,0,0,0,0,0,0,0,0,0,0,0,0,0,0,0,0,6,131,254,254,205,15,0,0,0,0,0,0,0,0,0,0,0,0,0,0,0,0,0,0,0,0,0,0,86,254,254,241,69,0,0,0,0,0,0,0,0,0,0,0,0,0,0,0,0,0,0,0,0,0,0,15,208,254,254,77,0,40,126,153,176,55,12,0,0,0,0,0,0,0,0,0,0,0,0,0,0,0,0,132,254,254,254,89,122,227,254,254,254,229,82,0,0,0,0,0,0,0,0,0,0,0,0,0,0,0,84,253,254,254,254,239,254,254,252,192,71,14,0,0,0,0,0,0,0,0,0,0,0,0,0,0,0,8,203,254,254,254,254,254,254,233,76,0,0,0,0,0,0,0,0,0,0,0,0,0,0,0,0,0,0,100,254,254,254,254,254,228,88,7,0,0,0,0,0,0,0,0,0,0,0,0,0,0,0,0,0,0,0,5,84,166,254,183,55,23,0,0,0,0,0,0,0,0,0,0,0,0,0,0,0,0,0,0,0,0,0,0,0,0,0,0,0,0,0,0,0,0,0,0,0,0,0,0,0,0,0,0,0,0,0,0,0,0,0,0,0,0,0,0,0,0,0,0,0,0,0,0,0,0,0,0,0,0,0,0,0,0,0,0,0,0,0,0,0,0,0,0,0,0,0,0,0,0,0,0,0,0,0,0,0,0,0,0,0,0,0,0,0,0,0,0,0,0,0,0,0,0,0,0,0,0,0,0,0,0,0,0,0,0,0,0
1,0,0,0,0,0,0,0,0,0,0,0,0,0,0,0,0,0,0,0,0,0,0,0,0,0,0,0,0,0,0,0,0,0,0,0,0,0,0,0,0,0,0,0,0,0,0,0,0,0,0,0,0,0,0,0,0,0,0,0,0,0,0,0,0,0,0,0,0,0,0,0,0,0,0,0,0,0,0,0,0,0,0,0,0,0,0,0,0,0,0,0,0,0,0,0,0,0,0,0,0,0,0,0,0,0,0,0,0,0,0,0,0,0,0,0,0,0,0,0,0,0,0,0,0,0,0,0,0,8,251,228,7,0,0,0,0,0,0,0,0,0,0,0,0,0,0,0,0,0,0,0,0,0,0,0,0,129,254,250,76,0,0,0,0,0,0,0,0,0,0,0,0,0,0,0,0,19,32,0,0,0,0,0,65,247,254,200,0,0,0,0,0,0,0,0,0,0,0,0,0,0,0,0,0,23,38,0,0,0,0,0,128,254,254,107,0,0,0,0,0,0,0,0,0,0,0,0,0,0,0,0,0,0,0,0,0,0,0,106,247,254,250,69,0,0,0,0,0,0,0,0,0,0,0,0,0,0,0,0,0,0,0,0,0,0,0,196,254,254,243,0,0,0,0,0,0,0,0,0,0,0,0,0,0,0,0,0,0,0,0,0,0,0,60,252,254,254,71,0,0,0,0,0,0,0,0,0,0,0,0,0,0,0,0,0,0,0,0,0,0,24,221,254,254,254,5,0,0,0,0,0,0,0,0,0,0,0,0,0,0,0,0,0,0,0,0,0,0,62,254,254,254,183,2,0,0,0,0,0,0,0,0,0,0,0,0,0,0,0,0,0,0,0,0,0,0,160,255,254,255,114,0,0,0,0,0,0,0,0,0,0,0,0,0,0,0,0,0,0,0,0,0,0,55,233,254,254,181,6,0,0,0,0,0,0,0,0,0,0,0,0,0,0,0,0,0,0,0,0,0,0,142,254,255,254,60,0,0,0,0,0,0,0,0,0,0,0,0,0,0,0,0,0,0,0,0,0,0,3,192,254,254,220,23,0,0,0,0,0,0,0,0,0,0,0,0,0,0,0,0,0,0,0,0,0,0,12,254,254,254,117,0,0,0,0,0,0,0,0,0,0,0,0,0,0,0,0,0,0,0,0,0,0,0,126,254,254,255,59,0,0,0,0,0,0,0,0,0,0,0,0,0,0,0,0,0,0,0,0,0,0,0,203,254,254,243,48,0,0,0,0,0,0,0,0,0,0,0,0,0,0,0,0,0,0,0,0,0,0,0,244,254,254,195,0,0,0,0,0,0,0,0,0,0,0,0,0,0,0,0,0,0,0,0,0,0,0,0,244,254,254,101,0,0,0,0,0,0,0,0,0,0,0,0,0,0,0,0,0,0,0,0,0,0,0,93,253,254,218,11,0,0,0,0,0,0,0,0,0,0,0,0,0,0,0,0,0,0,0,0,0,0,0,162,254,243,114,0,0,0,0,0,0,0,0,0,0,0,0,0,0,0,0,0,0,0,0,0,0,0,0,0,0,0,0,0,0,0,0,0,0,0,0,0,0,0,0,0,0,0,0,0,0,0,0,0,0,0,0,0,0,0,0,0,0,0,0,0,0,0,0,0,0,0,0,0,0,0,0,0,0,0,0,0,0,0,0,0,0,0,0,0,0,0,0,0,0,0,0,0,0,0,0,0,0,0,0,0,0,0,0,0,0,0,0,0,0,0,0,0,0,0,0,0,0,0,0,0,0,0,0,0,0,0
1,0,0,0,0,0,0,0,0,0,0,0,0,0,0,0,0,0,0,0,0,0,0,0,0,0,0,0,0,0,0,0,0,0,0,0,0,0,0,0,0,0,0,0,0,0,0,0,0,0,0,0,0,0,0,0,0,0,0,0,0,0,0,0,0,0,0,0,0,0,0,0,0,0,0,0,0,0,0,0,0,0,0,0,0,0,0,0,0,0,0,0,0,0,0,0,0,0,0,0,0,0,0,0,0,0,0,0,0,0,0,0,0,0,0,0,0,0,0,0,0,0,0,0,0,0,0,163,123,0,0,0,0,0,0,0,0,0,0,0,0,0,0,0,0,0,0,0,0,0,0,0,0,0,41,243,203,0,0,0,0,0,0,0,0,0,0,0,0,0,0,0,0,0,0,0,0,0,0,0,0,0,51,253,142,0,0,0,0,0,0,0,0,0,0,0,0,0,0,0,0,0,0,0,0,0,0,0,0,0,10,212,102,0,0,0,0,0,0,0,0,0,0,0,0,0,0,0,0,0,0,0,0,0,0,0,0,0,0,203,102,0,0,0,0,0,0,0,0,0,0,0,0,0,0,0,0,0,0,0,0,0,0,0,0,0,0,203,102,0,0,0,0,0,0,0,0,0,0,0,0,0,0,0,0,0,0,0,0,0,0,0,0,0,31,233,102,0,0,0,0,0,0,0,0,0,0,0,0,0,0,0,0,0,0,0,0,0,0,0,0,0,51,252,183,0,0,0,0,0,0,0,0,0,0,0,0,0,0,0,0,0,0,0,0,0,0,0,0,0,51,253,203,0,0,0,0,0,0,0,0,0,0,0,0,0,0,0,0,0,0,0,0,0,0,0,0,0,51,252,203,0,0,0,0,0,0,0,0,0,0,0,0,0,0,0,0,0,0,0,0,0,0,0,0,0,51,253,142,0,0,0,0,0,0,0,0,0,0,0,0,0,0,0,0,0,0,0,0,0,0,0,0,0,51,252,102,0,0,0,0,0,0,0,0,0,0,0,0,0,0,0,0,0,0,0,0,0,0,0,0,0,51,253,102,0,0,0,0,0,0,0,0,0,0,0,0,0,0,0,0,0,0,0,0,0,0,0,0,0,51,252,102,0,0,0,0,0,0,0,0,0,0,0,0,0,0,0,0,0,0,0,0,0,0,0,0,0,0,203,203,0,0,0,0,0,0,0,0,0,0,0,0,0,0,0,0,0,0,0,0,0,0,0,0,0,0,203,203,0,0,0,0,0,0,0,0,0,0,0,0,0,0,0,0,0,0,0,0,0,0,0,0,0,0,204,204,0,0,0,0,0,0,0,0,0,0,0,0,0,0,0,0,0,0,0,0,0,0,0,0,0,0,203,223,20,0,0,0,0,0,0,0,0,0,0,0,0,0,0,0,0,0,0,0,0,0,0,0,0,0,183,255,50,0,0,0,0,0,0,0,0,0,0,0,0,0,0,0,0,0,0,0,0,0,0,0,0,0,61,233,30,0,0,0,0,0,0,0,0,0,0,0,0,0,0,0,0,0,0,0,0,0,0,0,0,0,0,0,0,0,0,0,0,0,0,0,0,0,0,0,0,0,0,0,0,0,0,0,0,0,0,0,0,0,0,0,0,0,0,0,0,0,0,0,0,0,0,0,0,0,0,0,0,0,0,0,0,0,0,0,0,0,0,0,0,0,0,0,0,0,0,0,0,0,0,0,0,0,0,0,0,0,0,0,0,0,0,0,0,0,0,0,0,0,0,0,0,0,0,0,0,0,0,0
2,0,0,0,0,0,0,0,0,0,0,0,0,0,0,0,0,0,0,0,0,0,0,0,0,0,0,0,0,0,0,0,0,0,0,0,0,0,0,0,0,0,0,0,0,0,0,0,0,0,0,0,0,0,0,0,0,0,0,0,0,0,0,0,0,0,0,0,0,0,0,0,0,0,0,0,0,0,0,0,0,0,0,0,0,0,0,0,0,0,0,0,0,0,0,0,0,0,9,181,191,118,7,0,0,0,0,0,0,0,0,0,0,0,0,0,0,0,0,0,0,0,0,0,0,0,166,252,253,252,141,0,0,0,0,0,0,0,0,0,0,0,0,0,0,0,0,0,0,0,0,0,0,0,176,252,253,252,202,13,0,0,0,0,0,0,0,0,0,0,0,0,0,0,0,0,0,0,0,0,0,0,59,244,253,252,252,45,0,0,0,0,0,0,0,0,0,0,0,0,0,0,0,0,0,0,0,0,0,0,0,230,253,252,252,45,0,0,0,0,0,0,0,0,0,0,0,0,0,0,0,0,0,0,0,0,0,0,0,116,255,253,253,161,0,0,0,0,0,0,0,0,0,0,0,0,0,0,0,0,0,0,0,0,0,0,0,116,253,252,252,87,0,0,0,0,0,0,0,0,0,0,0,0,0,0,0,0,0,0,0,0,0,0,0,199,253,252,252,45,0,0,0,0,0,0,0,0,0,0,0,0,0,0,0,0,0,0,0,0,0,0,76,248,253,252,252,121,93,93,76,0,0,0,0,0,0,0,0,0,0,0,0,0,0,0,0,0,22,116,218,252,253,252,252,252,252,253,248,230,230,73,0,0,0,0,0,0,0,0,0,0,0,0,11,97,253,253,253,253,255,253,253,253,253,255,253,253,253,75,0,0,0,0,0,0,0,0,0,0,0,0,189,253,252,252,252,252,253,252,252,231,252,232,252,231,172,8,0,0,0,0,0,0,0,0,0,0,19,164,246,253,252,252,252,252,236,69,69,37,69,38,69,37,13,0,0,0,0,0,0,0,0,0,0,0,112,252,252,253,252,252,252,252,94,0,0,0,0,0,0,0,0,0,0,0,0,0,0,0,0,0,0,43,246,252,252,253,252,252,252,147,0,0,0,0,0,0,0,0,0,0,0,0,0,0,0,0,0,0,0,162,253,253,253,255,253,253,253,75,0,0,0,0,0,0,0,0,0,0,0,0,0,0,0,0,0,0,5,178,252,252,252,253,252,252,172,8,0,0,0,0,0,0,0,0,0,0,0,0,0,0,0,0,0,0,24,252,252,252,252,253,240,151,13,0,0,0,0,0,0,0,0,0,0,0,0,0,0,0,0,0,0,0,76,252,252,252,252,253,164,0,0,0,0,0,0,0,0,0,0,0,0,0,0,0,0,0,0,0,0,0,3,169,252,252,252,128,8,0,0,0,0,0,0,0,0,0,0,0,0,0,0,0,0,0,0,0,0,0,0,0,0,0,0,0,0,0,0,0,0,0,0,0,0,0,0,0,0,0,0,0,0,0,0,0,0,0,0,0,0,0,0,0,0,0,0,0,0,0,0,0,0,0,0,0,0,0,0,0,0,0,0,0,0,0,0,0,0,0,0,0,0,0,0,0,0,0,0,0,0,0,0,0,0,0,0,0,0,0,0,0,0,0,0,0,0,0,0,0,0,0,0,0,0,0,0,0,0,0,0,0,0,0,0,0,0,0,0,0,0,0,0,0,0,0,0,0,0,0,0,0,0,0,0,0,0,0,0,0,0,0,0,0,0
4,0,0,0,0,0,0,0,0,0,0,0,0,0,0,0,0,0,0,0,0,0,0,0,0,0,0,0,0,0,0,0,0,0,0,0,0,0,0,0,0,0,0,0,0,0,0,0,0,0,0,0,0,0,0,0,0,0,0,0,0,0,0,0,0,0,0,0,0,0,0,0,0,0,0,0,0,0,0,0,0,0,0,0,0,0,0,0,0,0,0,0,0,0,0,0,0,0,0,0,0,0,0,0,0,0,0,0,0,0,0,0,0,0,0,0,0,0,0,0,0,0,0,0,0,0,0,0,0,0,0,0,0,0,0,0,0,0,0,0,0,0,0,0,0,0,0,0,0,0,0,0,0,57,237,59,0,0,0,0,0,0,0,0,0,0,0,0,0,0,0,0,0,0,0,0,0,0,0,0,51,235,250,22,0,0,0,0,0,0,0,0,0,0,0,0,0,0,0,0,0,0,0,0,0,0,0,11,182,254,191,0,0,0,0,0,0,0,0,0,0,0,0,0,0,0,0,0,0,0,0,0,0,0,0,150,254,208,39,0,0,0,0,0,0,0,0,0,0,0,0,0,0,0,0,0,0,0,0,0,0,0,89,248,254,181,0,0,0,0,0,27,162,173,0,0,0,0,0,0,0,0,0,0,0,0,0,0,0,59,248,255,214,27,0,0,0,0,26,170,254,131,0,0,0,0,0,0,0,0,0,0,0,0,0,0,33,234,254,214,29,0,0,0,0,0,138,254,211,14,0,0,0,0,0,0,0,0,0,0,0,0,0,0,106,254,248,59,0,0,0,0,0,54,233,247,55,0,0,0,0,0,0,0,0,0,0,0,0,0,0,0,143,254,183,0,0,0,0,0,0,146,254,221,0,0,0,0,0,0,0,0,0,0,0,0,0,0,0,0,245,254,61,0,0,0,0,0,21,211,254,55,0,0,0,22,0,0,0,0,0,0,0,0,0,0,0,0,204,254,154,31,0,0,0,0,139,254,184,3,0,0,137,175,0,0,0,0,0,0,0,0,0,0,0,0,76,244,254,222,98,42,42,42,212,254,180,98,146,240,242,75,0,0,0,0,0,0,0,0,0,0,0,0,0,80,211,254,254,254,254,254,254,254,254,254,254,166,46,0,0,0,0,0,0,0,0,0,0,0,0,0,0,0,8,88,120,187,224,254,254,219,120,64,15,2,0,0,0,0,0,0,0,0,0,0,0,0,0,0,0,0,0,0,0,0,6,254,254,34,0,0,0,0,0,0,0,0,0,0,0,0,0,0,0,0,0,0,0,0,0,0,0,0,6,254,254,5,0,0,0,0,0,0,0,0,0,0,0,0,0,0,0,0,0,0,0,0,0,0,0,0,6,254,228,4,0,0,0,0,0,0,0,0,0,0,0,0,0,0,0,0,0,0,0,0,0,0,0,0,6,254,155,0,0,0,0,0,0,0,0,0,0,0,0,0,0,0,0,0,0,0,0,0,0,0,0,0,6,254,178,1,0,0,0,0,0,0,0,0,0,0,0,0,0,0,0,0,0,0,0,0,0,0,0,0,1,68,234,132,0,0,0,0,0,0,0,0,0,0,0,0,0,0,0,0,0,0,0,0,0,0,0,0,0,0,0,0,0,0,0,0,0,0,0,0,0,0,0,0,0,0,0,0,0,0,0,0,0,0,0,0,0,0,0,0,0,0,0,0,0,0,0,0,0,0,0,0,0,0,0,0,0,0,0,0,0,0,0,0,0,0,0,0,0,0,0,0,0,0,0,0,0,0,0
2,0,0,0,0,0,0,0,0,0,0,0,0,0,0,0,0,0,0,0,0,0,0,0,0,0,0,0,0,0,0,0,0,0,0,0,0,0,0,0,0,0,0,0,0,0,0,0,0,0,0,0,0,0,0,0,0,0,0,0,0,0,0,0,0,0,0,0,0,0,0,0,0,0,0,0,0,0,0,0,0,0,0,0,0,0,0,0,0,0,0,0,0,0,0,0,0,0,0,0,0,0,0,0,0,0,0,0,0,0,0,0,0,0,0,0,0,0,0,0,0,7,18,77,137,137,137,137,137,189,144,186,115,5,0,0,0,0,0,0,0,0,0,0,0,20,36,61,154,189,254,254,254,254,254,254,254,254,254,254,254,151,8,0,0,0,0,0,0,0,0,0,0,137,254,254,254,254,254,254,254,254,254,254,234,201,203,254,254,254,53,0,0,0,0,0,0,0,0,0,0,43,226,254,254,196,183,183,172,65,65,65,41,0,4,175,254,254,53,0,0,0,0,0,0,0,0,0,0,0,29,47,47,9,0,0,0,0,0,0,0,0,0,148,254,254,53,0,0,0,0,0,0,0,0,0,0,0,0,0,0,0,0,0,0,0,0,0,0,0,0,148,254,254,53,0,0,0,0,0,0,0,0,0,0,0,0,0,0,0,0,0,0,0,0,0,0,0,15,250,254,222,27,0,0,0,0,0,0,0,0,0,0,0,0,0,0,0,0,0,0,0,0,0,0,0,197,254,250,117,0,0,0,0,0,0,0,0,0,0,0,0,0,0,0,0,0,0,0,0,0,0,0,72,253,254,187,0,0,0,0,0,0,0,0,0,0,0,0,0,0,0,0,0,0,0,0,0,0,0,67,212,254,206,27,0,0,0,0,0,0,0,0,0,0,0,0,0,0,0,0,0,0,0,0,0,0,24,199,254,251,74,0,0,0,0,0,0,0,0,0,0,0,0,0,0,0,0,0,0,0,0,0,0,23,199,255,254,153,0,0,0,0,0,0,0,0,0,0,0,0,0,0,0,0,0,0,0,0,0,0,19,202,254,254,254,5,0,0,0,0,0,0,0,0,0,0,0,0,0,0,0,0,0,0,0,0,0,74,207,254,254,250,82,1,0,0,0,0,0,0,0,0,0,0,0,0,0,0,0,0,0,0,0,0,32,208,254,255,232,86,0,0,0,0,0,0,0,0,0,0,0,0,0,0,0,0,0,0,0,0,0,21,190,254,254,254,150,48,48,48,48,48,14,0,0,0,0,0,0,0,0,0,0,0,0,0,0,19,108,214,254,254,254,254,254,254,254,254,254,254,204,145,40,0,0,0,0,0,0,0,0,0,0,12,164,217,254,254,254,254,254,254,254,254,254,254,254,254,254,254,234,14,0,0,0,0,0,0,0,0,0,36,254,254,254,254,254,245,153,153,153,153,153,153,153,153,227,254,214,11,0,0,0,0,0,0,0,0,0,20,216,254,157,135,78,16,0,0,0,0,0,0,0,0,13,17,11,0,0,0,0,0,0,0,0,0,0,0,0,0,0,0,0,0,0,0,0,0,0,0,0,0,0,0,0,0,0,0,0,0,0,0,0,0,0,0,0,0,0,0,0,0,0,0,0,0,0,0,0,0,0,0,0,0,0,0,0,0,0,0,0,0,0,0,0,0,0,0,0,0,0,0,0,0,0,0,0,0,0,0,0,0,0,0,0,0,0,0,0,0,0,0,0,0,0,0,0,0,0,0,0,0,0,0,0,0,0,0,0,0,0,0,0,0
1,0,0,0,0,0,0,0,0,0,0,0,0,0,0,0,0,0,0,0,0,0,0,0,0,0,0,0,0,0,0,0,0,0,0,0,0,0,0,0,0,0,0,0,0,0,0,0,0,0,0,0,0,0,0,0,0,0,0,0,0,0,0,0,0,0,0,0,0,0,0,0,0,0,0,0,0,0,0,0,0,0,0,0,0,0,0,0,0,0,0,0,0,0,0,0,0,0,0,0,0,0,0,0,0,0,0,0,0,0,0,0,0,0,0,0,0,0,0,0,0,0,0,0,0,0,0,128,128,2,0,0,0,0,0,0,0,0,0,0,0,0,0,0,0,0,0,0,0,0,0,0,0,0,31,223,254,55,0,0,0,0,0,0,0,0,0,0,0,0,0,0,0,0,0,0,0,0,0,0,0,0,127,254,254,55,0,0,0,0,0,0,0,0,0,0,0,0,0,0,0,0,0,0,0,0,0,0,0,0,181,254,254,55,0,0,0,0,0,0,0,0,0,0,0,0,0,0,0,0,0,0,0,0,0,0,0,0,181,254,212,22,0,0,0,0,0,0,0,0,0,0,0,0,0,0,0,0,0,0,0,0,0,0,0,0,181,254,186,0,0,0,0,0,0,0,0,0,0,0,0,0,0,0,0,0,0,0,0,0,0,0,0,0,181,254,186,0,0,0,0,0,0,0,0,0,0,0,0,0,0,0,0,0,0,0,0,0,0,0,0,10,195,254,101,0,0,0,0,0,0,0,0,0,0,0,0,0,0,0,0,0,0,0,0,0,0,0,0,50,254,254,150,0,0,0,0,0,0,0,0,0,0,0,0,0,0,0,0,0,0,0,0,0,0,0,0,50,254,254,125,0,0,0,0,0,0,0,0,0,0,0,0,0,0,0,0,0,0,0,0,0,0,0,0,84,254,254,152,0,0,0,0,0,0,0,0,0,0,0,0,0,0,0,0,0,0,0,0,0,0,0,0,138,254,254,99,0,0,0,0,0,0,0,0,0,0,0,0,0,0,0,0,0,0,0,0,0,0,0,0,50,254,254,186,0,0,0,0,0,0,0,0,0,0,0,0,0,0,0,0,0,0,0,0,0,0,0,0,50,254,254,186,0,0,0,0,0,0,0,0,0,0,0,0,0,0,0,0,0,0,0,0,0,0,0,0,32,227,254,186,0,0,0,0,0,0,0,0,0,0,0,0,0,0,0,0,0,0,0,0,0,0,0,0,0,181,254,213,22,0,0,0,0,0,0,0,0,0,0,0,0,0,0,0,0,0,0,0,0,0,0,0,0,181,254,254,55,0,0,0,0,0,0,0,0,0,0,0,0,0,0,0,0,0,0,0,0,0,0,0,0,181,254,254,111,0,0,0,0,0,0,0,0,0,0,0,0,0,0,0,0,0,0,0,0,0,0,0,0,36,223,254,214,23,0,0,0,0,0,0,0,0,0,0,0,0,0,0,0,0,0,0,0,0,0,0,0,0,65,255,218,25,0,0,0,0,0,0,0,0,0,0,0,0,0,0,0,0,0,0,0,0,0,0,0,0,0,0,0,0,0,0,0,0,0,0,0,0,0,0,0,0,0,0,0,0,0,0,0,0,0,0,0,0,0,0,0,0,0,0,0,0,0,0,0,0,0,0,0,0,0,0,0,0,0,0,0,0,0,0,0,0,0,0,0,0,0,0,0,0,0,0,0,0,0,0,0,0,0,0,0,0,0,0,0,0,0,0,0,0,0,0,0,0,0,0,0,0,0,0,0,0,0,0
0,0,0,0,0,0,0,0,0,0,0,0,0,0,0,0,0,0,0,0,0,0,0,0,0,0,0,0,0,0,0,0,0,0,0,0,0,0,0,0,0,0,0,0,0,0,0,0,0,0,0,0,0,0,0,0,0,0,0,0,0,0,0,0,0,0,0,0,0,0,0,0,0,0,0,0,0,0,0,0,0,0,0,0,0,0,0,0,0,0,0,0,0,0,0,0,0,0,0,0,0,0,0,0,0,0,0,0,0,0,0,0,0,0,0,0,0,0,0,0,0,0,0,0,0,0,0,0,0,0,0,0,0,0,0,0,0,0,0,0,0,0,0,0,0,0,0,0,0,0,0,0,0,0,0,0,0,62,176,254,254,255,150,11,0,0,0,0,0,0,0,0,0,0,0,0,0,0,0,0,0,0,0,20,139,245,253,253,233,109,223,107,0,0,0,0,0,0,0,0,0,0,0,0,0,0,0,0,0,0,23,204,243,224,234,171,23,0,60,243,47,0,0,0,0,0,0,0,0,0,0,0,0,0,0,0,0,23,203,253,78,12,27,0,0,0,0,217,61,0,0,0,0,0,0,0,0,0,0,0,0,0,0,0,20,204,253,253,181,39,0,0,0,0,0,152,144,0,0,0,0,0,0,0,0,0,0,0,0,0,0,0,171,254,254,254,234,78,0,0,0,0,0,69,235,0,0,0,0,0,0,0,0,0,0,0,0,0,0,171,252,245,159,43,13,0,0,0,0,0,0,37,235,0,0,0,0,0,0,0,0,0,0,0,0,3,133,254,232,121,0,0,0,0,0,0,0,0,0,115,235,0,0,0,0,0,0,0,0,0,0,0,0,64,253,242,68,0,0,0,0,0,0,0,0,0,0,128,228,0,0,0,0,0,0,0,0,0,0,0,14,218,253,59,0,0,0,0,0,0,0,0,0,0,0,192,80,0,0,0,0,0,0,0,0,0,0,0,121,254,169,0,0,0,0,0,0,0,0,0,0,0,62,230,39,0,0,0,0,0,0,0,0,0,0,0,217,253,72,0,0,0,0,0,0,0,0,0,0,0,229,145,0,0,0,0,0,0,0,0,0,0,0,47,248,237,11,0,0,0,0,0,0,0,0,0,0,108,242,31,0,0,0,0,0,0,0,0,0,0,0,132,253,228,0,0,0,0,0,0,0,0,0,0,7,234,89,0,0,0,0,0,0,0,0,0,0,0,0,235,253,209,0,0,0,0,0,0,0,0,0,7,181,136,5,0,0,0,0,0,0,0,0,0,0,0,0,236,254,241,21,0,0,0,0,0,0,0,37,177,117,0,0,0,0,0,0,0,0,0,0,0,0,0,0,235,240,214,72,0,0,0,0,0,0,103,204,68,0,0,0,0,0,0,0,0,0,0,0,0,0,0,0,113,253,240,72,0,0,0,29,37,98,182,31,0,0,0,0,0,0,0,0,0,0,0,0,0,0,0,0,12,218,253,182,110,160,199,240,202,52,0,0,0,0,0,0,0,0,0,0,0,0,0,0,0,0,0,0,0,49,201,253,254,201,149,67,0,0,0,0,0,0,0,0,0,0,0,0,0,0,0,0,0,0,0,0,0,0,0,0,0,0,0,0,0,0,0,0,0,0,0,0,0,0,0,0,0,0,0,0,0,0,0,0,0,0,0,0,0,0,0,0,0,0,0,0,0,0,0,0,0,0,0,0,0,0,0,0,0,0,0,0,0,0,0,0,0,0,0,0,0,0,0,0,0,0,0,0,0,0,0,0,0,0
2,0,0,0,0,0,0,0,0,0,0,0,0,0,0,0,0,0,0,0,0,0,0,0,0,0,0,0,0,0,0,0,0,0,0,0,0,0,0,0,0,0,0,0,0,0,0,0,0,0,0,0,0,0,0,0,0,0,0,0,0,0,0,0,0,0,0,0,0,0,0,0,0,0,0,0,0,0,0,0,0,0,0,0,0,0,0,0,0,0,0,0,0,0,0,0,0,0,0,0,0,0,0,0,0,0,0,0,0,0,0,0,0,0,0,0,0,0,0,0,0,0,0,0,0,0,0,0,0,0,0,0,0,0,0,0,0,0,0,0,0,0,0,0,0,0,0,21,73,73,73,197,217,217,73,73,63,0,0,0,0,0,0,0,0,0,0,0,0,0,0,0,0,0,79,201,252,252,252,252,252,252,253,252,241,98,0,0,0,0,0,0,0,0,0,0,0,0,0,0,0,0,191,252,252,252,252,252,252,252,253,252,252,252,1,0,0,0,0,0,0,0,0,0,0,0,0,0,0,0,191,252,252,252,143,143,143,143,253,252,252,252,144,0,0,0,0,0,0,0,0,0,0,0,0,0,0,0,15,35,35,35,0,0,0,0,35,222,252,252,144,0,0,0,0,0,0,0,0,0,0,0,0,0,0,0,0,0,0,0,0,0,0,0,0,217,252,252,144,0,0,0,0,0,0,0,0,0,0,0,0,0,0,0,0,0,0,0,0,0,0,0,63,237,252,252,62,0,0,0,0,0,0,0,0,0,0,0,0,0,0,0,0,0,0,0,0,0,0,63,255,253,253,191,0,0,0,0,0,0,0,0,0,0,0,0,0,0,0,0,0,0,0,0,0,0,73,237,253,252,220,15,0,0,0,0,0,0,0,0,0,0,0,0,0,0,0,0,0,0,0,0,0,73,232,252,253,241,102,0,0,0,0,0,0,0,0,0,0,0,0,0,0,0,0,0,0,0,0,0,63,237,252,252,253,97,0,0,0,0,0,0,0,0,0,0,0,0,0,0,0,0,0,0,0,0,0,1,253,253,253,253,84,0,0,0,0,0,0,0,0,0,0,0,0,0,0,0,0,0,0,0,0,0,11,155,252,252,252,128,0,0,0,0,0,0,0,42,135,217,114,31,0,0,0,0,0,0,0,0,0,0,37,252,252,252,252,128,37,37,37,37,37,37,140,221,253,252,252,128,0,0,0,0,0,0,0,0,0,0,37,252,252,252,252,252,253,252,252,252,253,252,252,252,253,252,252,252,0,0,0,0,0,0,0,0,0,0,37,253,253,253,253,253,255,253,253,253,255,253,253,253,255,253,253,191,0,0,0,0,0,0,0,0,0,0,5,119,252,252,252,252,253,252,252,252,253,252,200,97,98,179,179,77,0,0,0,0,0,0,0,0,0,0,0,1,71,71,71,71,72,71,71,71,72,71,20,0,0,0,0,0,0,0,0,0,0,0,0,0,0,0,0,0,0,0,0,0,0,0,0,0,0,0,0,0,0,0,0,0,0,0,0,0,0,0,0,0,0,0,0,0,0,0,0,0,0,0,0,0,0,0,0,0,0,0,0,0,0,0,0,0,0,0,0,0,0,0,0,0,0,0,0,0,0,0,0,0,0,0,0,0,0,0,0,0,0,0,0,0,0,0,0,0,0,0,0,0,0,0,0,0,0,0,0,0,0,0,0,0,0,0,0,0,0,0,0,0,0,0,0,0,0,0,0,0,0,0,0,0,0,0,0,0,0,0,0,0,0,0,0,0,0,0,0
8,0,0,0,0,0,0,0,0,0,0,0,0,0,0,0,0,0,0,0,0,0,0,0,0,0,0,0,0,0,0,0,0,0,0,0,0,0,0,0,0,0,0,0,0,0,0,0,0,0,0,0,0,0,0,0,0,0,0,0,0,0,0,0,0,0,0,0,0,0,0,0,0,0,0,0,0,0,0,0,0,0,0,0,0,0,0,0,0,0,0,0,0,0,0,0,0,0,0,0,0,0,0,0,0,0,0,0,0,0,0,0,0,0,0,0,0,0,0,0,0,0,0,0,0,0,0,0,0,0,0,0,0,0,0,0,0,0,0,0,0,0,0,0,0,0,0,0,0,0,0,0,0,0,0,0,0,0,0,0,0,0,0,0,0,0,0,0,0,0,0,0,0,0,0,0,0,0,0,0,0,0,0,12,46,136,136,244,254,255,254,169,136,19,0,0,0,0,0,0,0,0,0,0,0,0,0,0,0,4,154,217,253,253,253,253,253,253,253,253,253,107,0,0,0,0,0,0,0,0,0,0,0,0,0,0,23,168,253,253,253,212,101,82,82,89,212,253,253,152,0,0,0,0,0,0,0,0,0,0,0,0,0,0,195,253,253,208,100,15,0,0,76,197,253,253,253,65,0,0,0,0,0,0,0,0,0,0,0,0,0,169,248,253,192,18,0,0,0,133,252,253,253,158,47,7,0,0,0,0,0,0,0,0,0,0,0,0,30,227,253,198,13,0,0,33,206,251,253,191,70,8,0,0,0,0,0,0,0,0,0,0,0,0,0,0,3,209,253,129,0,4,117,246,253,251,126,5,0,0,0,0,0,0,0,0,0,0,0,0,0,0,0,0,0,207,253,195,14,168,253,253,189,62,0,0,0,0,0,0,0,0,0,0,0,0,0,0,0,0,0,0,0,188,253,251,212,253,244,176,15,0,0,0,0,0,0,0,0,0,0,0,0,0,0,0,0,0,0,0,0,27,233,253,253,253,166,0,0,0,0,0,0,0,0,0,0,0,0,0,0,0,0,0,0,0,0,0,0,0,169,253,253,253,76,0,0,0,0,0,0,0,0,0,0,0,0,0,0,0,0,0,0,0,0,0,0,78,235,253,253,253,175,0,0,0,0,0,0,0,0,0,0,0,0,0,0,0,0,0,0,0,0,0,32,228,253,143,100,253,248,53,0,0,0,0,0,0,0,0,0,0,0,0,0,0,0,0,0,0,0,33,220,253,143,1,12,205,253,174,0,0,0,0,0,0,0,0,0,0,0,0,0,0,0,0,0,0,21,219,253,201,12,0,3,171,253,176,0,0,0,0,0,0,0,0,0,0,0,0,0,0,0,0,0,0,114,253,253,88,0,2,67,253,253,154,0,0,0,0,0,0,0,0,0,0,0,0,0,0,0,0,0,0,154,253,202,13,28,70,253,253,210,17,0,0,0,0,0,0,0,0,0,0,0,0,0,0,0,0,0,0,154,253,205,84,210,253,253,201,76,0,0,0,0,0,0,0,0,0,0,0,0,0,0,0,0,0,0,0,154,253,253,253,253,251,141,13,0,0,0,0,0,0,0,0,0,0,0,0,0,0,0,0,0,0,0,0,99,253,253,253,148,22,0,0,0,0,0,0,0,0,0,0,0,0,0,0,0,0,0,0,0,0,0,0,0,0,0,0,0,0,0,0,0,0,0,0,0,0,0,0,0,0,0,0,0,0,0,0,0,0,0,0,0,0,0,0,0,0,0,0,0,0,0,0,0,0,0,0,0,0,0,0,0
3,0,0,0,0,0,0,0,0,0,0,0,0,0,0,0,0,0,0,0,0,0,0,0,0,0,0,0,0,0,0,0,0,0,0,0,0,0,0,0,0,0,0,0,0,0,0,0,0,0,0,0,0,0,0,0,0,0,0,0,0,0,0,0,0,0,0,0,0,0,0,0,0,0,0,0,0,0,0,0,0,0,0,0,0,0,0,0,0,0,0,0,0,0,0,0,0,0,0,0,0,0,0,0,0,0,0,0,0,0,0,0,0,0,0,0,0,0,0,0,0,0,0,0,0,0,0,0,0,0,0,0,0,0,0,0,0,0,0,0,0,0,0,0,0,0,0,0,0,0,0,0,0,76,113,114,238,253,159,50,0,0,0,0,0,0,0,0,0,0,0,0,0,0,0,0,0,0,0,76,194,243,252,215,243,252,252,237,0,0,0,0,0,0,0,0,0,0,0,0,0,0,0,0,0,0,198,246,252,214,118,31,50,100,252,252,0,0,0,0,0,0,0,0,0,0,0,0,0,0,0,0,0,0,225,176,84,28,0,0,0,73,252,252,0,0,0,0,0,0,0,0,0,0,0,0,0,0,0,0,0,0,0,0,0,0,0,0,48,227,252,252,0,0,0,0,0,0,0,0,0,0,0,0,0,0,0,0,0,0,0,0,0,0,0,114,159,253,240,63,0,0,0,0,0,0,0,0,0,0,0,0,0,0,0,0,0,0,0,0,67,101,225,253,252,252,99,0,0,0,0,0,0,0,0,0,0,0,0,0,0,0,0,0,0,0,57,104,240,252,252,253,252,252,115,0,0,0,0,0,0,0,0,0,0,0,0,0,0,0,0,0,0,16,253,252,252,252,236,225,233,252,242,75,0,0,0,0,0,0,0,0,0,0,0,0,0,0,0,0,0,140,253,252,252,157,50,0,85,252,252,189,0,0,0,0,0,0,0,0,0,0,0,0,0,0,0,0,0,79,204,140,31,0,0,0,0,198,253,253,0,0,0,0,0,0,0,0,0,0,0,0,0,0,0,0,0,0,15,0,0,0,0,0,0,119,252,252,48,0,0,0,0,0,0,0,0,0,0,0,0,0,0,0,0,0,0,0,0,0,0,0,19,209,252,252,140,0,0,0,0,0,0,0,0,0,0,0,0,0,0,0,0,0,0,16,0,0,0,0,101,252,252,252,47,0,0,0,0,0,0,0,0,0,0,0,0,0,0,0,0,0,63,203,31,0,0,141,240,252,252,252,0,0,0,0,0,0,0,0,0,0,0,0,0,0,0,0,0,0,255,253,119,13,191,255,253,253,84,0,0,0,0,0,0,0,0,0,0,0,0,0,0,0,0,0,0,0,253,252,246,228,252,253,223,136,9,0,0,0,0,0,0,0,0,0,0,0,0,0,0,0,0,0,0,0,253,252,252,252,252,253,136,0,0,0,0,0,0,0,0,0,0,0,0,0,0,0,0,0,0,0,0,0,253,252,252,252,236,84,9,0,0,0,0,0,0,0,0,0,0,0,0,0,0,0,0,0,0,0,0,0,253,252,220,112,50,0,0,0,0,0,0,0,0,0,0,0,0,0,0,0,0,0,0,0,0,0,0,0,0,0,0,0,0,0,0,0,0,0,0,0,0,0,0,0,0,0,0,0,0,0,0,0,0,0,0,0,0,0,0,0,0,0,0,0,0,0,0,0,0,0,0,0,0,0,0,0,0,0,0,0,0,0,0,0,0,0,0,0,0,0,0,0,0,0,0,0,0,0,0,0,0,0,0
2,0,0,0,0,0,0,0,0,0,0,0,0,0,0,0,0,0,0,0,0,0,0,0,0,0,0,0,0,0,0,0,0,0,0,0,0,0,0,0,0,0,0,0,0,0,0,0,0,0,0,0,0,0,0,0,0,0,0,0,0,0,0,0,0,0,0,0,0,0,0,0,0,0,55,254,124,0,0,0,0,0,0,0,0,0,0,0,0,0,0,0,0,0,0,0,0,0,0,0,3,100,218,253,112,0,0,0,0,0,0,0,0,0,0,0,0,0,0,0,0,0,0,0,0,0,0,25,167,253,246,188,23,0,0,0,0,0,0,0,0,0,0,0,0,0,0,0,0,0,0,0,0,0,105,214,253,253,181,0,0,0,0,0,0,0,0,0,0,0,0,0,0,0,0,0,0,0,0,0,24,171,250,254,253,140,24,0,0,0,0,0,0,0,0,0,0,0,0,0,0,0,0,0,0,0,0,25,200,253,253,254,253,216,100,0,0,0,0,0,0,0,0,0,0,0,0,0,0,0,0,0,0,0,0,183,253,253,253,254,253,253,244,177,20,0,0,0,0,0,0,0,0,0,0,0,0,0,0,0,0,0,0,206,253,253,160,254,253,253,253,253,118,0,0,0,0,0,0,0,0,0,0,0,0,0,0,0,0,0,0,19,24,24,1,29,144,212,253,253,60,0,0,0,59,0,0,0,0,0,0,0,0,0,0,0,0,0,0,0,0,0,0,0,0,157,253,253,118,0,0,0,0,0,0,0,0,0,0,0,0,0,0,0,0,0,0,0,0,0,0,0,0,37,255,254,220,25,0,6,180,0,0,0,0,0,0,0,0,0,0,0,0,0,0,0,0,0,0,0,0,16,205,253,253,56,25,181,132,0,0,0,0,0,0,0,0,0,0,0,0,0,0,0,0,0,0,0,0,0,169,253,253,207,253,238,114,0,0,0,0,0,0,0,0,3,49,49,49,49,49,49,49,49,49,49,49,125,226,253,253,253,235,59,0,0,0,0,0,0,0,0,0,128,253,253,253,253,253,253,253,253,253,254,253,253,253,253,253,163,45,0,0,0,0,0,0,0,0,0,0,220,253,253,253,253,253,253,253,253,253,254,253,253,253,253,106,12,0,0,0,0,0,0,0,0,0,0,0,31,176,253,253,253,253,213,60,157,111,52,202,253,253,233,40,0,0,0,0,0,0,0,0,0,0,0,0,0,4,171,253,253,253,253,223,218,218,221,253,253,235,62,0,0,0,0,0,0,0,0,0,0,0,0,0,0,0,32,165,253,253,253,253,253,253,254,253,238,59,0,0,0,0,0,0,0,0,0,0,0,0,0,0,0,0,0,3,11,11,93,253,253,253,132,132,56,0,0,0,0,0,0,0,0,0,0,0,0,0,0,0,0,0,0,0,0,0,0,0,0,0,0,0,0,0,0,0,0,0,0,0,0,0,0,0,0,0,0,0,0,0,0,0,0,0,0,0,0,0,0,0,0,0,0,0,0,0,0,0,0,0,0,0,0,0,0,0,0,0,0,0,0,0,0,0,0,0,0,0,0,0,0,0,0,0,0,0,0,0,0,0,0,0,0,0,0,0,0,0,0,0,0,0,0,0,0,0,0,0,0,0,0,0,0,0,0,0,0,0,0,0,0,0,0,0,0,0,0,0,0,0,0,0,0,0,0,0,0,0,0,0,0,0,0,0,0,0,0,0,0,0,0,0,0,0,0,0,0,0,0,0,0,0,0,0,0,0,0,0,0,0,0,0,0,0
3,0,0,0,0,0,0,0,0,0,0,0,0,0,0,0,0,0,0,0,0,0,0,0,0,0,0,0,0,0,0,0,0,0,0,0,0,0,0,0,0,0,0,0,0,0,0,0,0,0,0,0,0,0,0,0,0,0,0,0,0,0,0,0,0,0,0,0,0,0,0,0,0,0,0,0,0,0,0,0,0,0,0,0,0,0,0,0,0,0,0,0,0,0,0,0,0,0,0,0,0,0,0,0,0,0,0,0,0,0,0,0,0,0,0,0,0,0,0,0,0,0,0,0,0,0,0,0,0,0,0,0,0,0,0,0,0,0,0,0,0,0,0,0,0,0,0,8,117,224,132,173,253,143,132,128,13,13,13,10,0,0,0,0,0,0,0,0,0,0,0,0,0,0,0,157,252,252,252,252,252,252,252,253,252,252,252,226,35,0,0,0,0,0,0,0,0,0,0,0,0,0,0,60,176,216,216,216,216,216,233,236,252,252,252,252,134,0,0,0,0,0,0,0,0,0,0,0,0,0,0,0,0,0,0,0,0,0,40,44,84,84,196,252,228,32,0,0,0,0,0,0,0,0,0,0,0,0,0,0,0,0,0,0,0,0,0,0,0,0,169,252,252,48,0,0,0,0,0,0,0,0,0,0,0,0,0,0,0,0,0,0,0,0,0,0,0,63,233,252,231,34,0,0,0,0,0,0,0,0,0,0,0,0,0,0,0,0,0,0,0,0,0,45,97,234,252,252,82,0,0,0,0,0,0,0,0,0,0,0,0,0,0,0,0,0,0,0,38,97,154,237,252,252,252,229,37,0,0,0,0,0,0,0,0,0,0,0,0,0,0,0,0,0,0,37,221,252,252,253,252,252,231,52,0,0,0,0,0,0,0,0,0,0,0,0,0,0,0,0,0,0,0,85,252,252,252,253,252,217,9,0,0,0,0,0,0,0,0,0,0,0,0,0,0,0,0,0,0,0,0,41,167,241,247,255,253,253,172,132,37,0,0,0,0,0,0,0,0,0,0,0,0,0,0,0,0,0,0,0,0,0,52,109,120,228,244,252,221,28,0,0,0,0,0,0,0,0,0,0,0,0,0,0,0,0,0,0,0,0,0,0,0,0,88,242,252,65,0,0,0,0,0,0,0,0,0,0,0,0,0,0,0,0,0,0,0,0,0,0,0,0,0,181,252,167,0,0,0,0,0,0,0,0,0,0,0,0,0,0,0,0,0,0,0,0,0,0,0,0,12,198,252,228,26,0,0,0,0,0,0,0,0,0,0,0,0,0,0,0,0,0,0,0,0,4,31,46,164,252,252,187,9,0,0,0,0,0,0,0,0,0,0,0,0,0,0,0,157,205,127,134,85,150,225,234,252,252,228,54,0,0,0,0,0,0,0,0,0,0,0,0,0,0,0,99,244,252,239,249,252,253,252,252,252,183,54,0,0,0,0,0,0,0,0,0,0,0,0,0,0,0,0,129,252,252,252,252,252,253,252,184,121,7,0,0,0,0,0,0,0,0,0,0,0,0,0,0,0,0,0,3,104,172,206,241,136,127,11,5,0,0,0,0,0,0,0,0,0,0,0,0,0,0,0,0,0,0,0,0,0,0,0,0,0,0,0,0,0,0,0,0,0,0,0,0,0,0,0,0,0,0,0,0,0,0,0,0,0,0,0,0,0,0,0,0,0,0,0,0,0,0,0,0,0,0,0,0,0,0,0,0,0,0,0,0,0,0,0,0,0,0,0,0,0,0,0,0,0,0,0,0,0,0,0
2,0,0,0,0,0,0,0,0,0,0,0,0,0,0,0,0,0,0,0,0,0,0,0,0,0,0,0,0,0,0,0,0,0,0,0,0,0,0,0,0,0,0,0,0,0,0,0,0,0,0,0,0,0,0,0,0,0,0,0,0,0,0,0,0,0,0,0,0,0,0,0,0,0,0,0,0,0,0,0,0,0,0,0,0,0,0,0,0,0,0,0,0,0,0,0,0,0,0,0,0,128,255,191,128,0,0,0,0,0,0,0,0,0,0,0,0,0,0,0,0,0,0,0,0,0,191,255,255,255,255,255,255,255,0,0,0,0,0,0,0,0,0,0,0,0,0,0,0,0,0,0,0,255,255,255,255,255,255,255,255,255,0,0,0,0,0,0,0,0,0,0,0,0,0,0,0,0,0,0,0,255,255,255,255,255,255,255,255,191,0,0,0,0,0,0,0,0,0,0,0,0,0,0,0,0,0,0,128,255,255,255,255,128,191,255,255,128,0,0,0,0,0,0,0,0,0,0,0,0,0,0,0,0,0,64,255,255,255,255,64,0,128,255,255,128,0,0,0,0,0,0,0,0,0,0,0,0,0,0,0,0,64,255,255,255,191,128,0,0,191,255,255,128,0,0,0,0,0,0,0,0,0,0,0,0,0,0,0,0,255,255,255,128,0,0,0,0,255,255,255,0,0,0,0,0,0,0,0,0,0,0,0,0,0,0,0,191,255,255,191,0,0,0,0,128,255,255,128,0,0,0,0,0,0,0,0,0,0,0,0,0,0,0,0,255,255,255,0,0,0,0,0,128,255,255,128,0,0,0,0,0,0,0,0,0,0,0,0,0,0,0,0,0,64,0,0,0,0,0,0,255,255,255,64,0,0,0,0,0,0,0,0,0,0,0,0,0,0,0,0,0,0,0,0,0,0,0,191,255,255,191,0,0,0,0,0,0,0,0,0,0,0,0,0,0,0,0,0,0,0,0,0,0,0,0,255,255,255,0,0,0,0,0,0,0,0,0,0,0,0,0,0,0,0,0,0,0,0,0,0,0,0,128,255,255,255,0,0,0,0,0,0,0,0,0,0,0,0,0,0,0,0,0,0,0,0,0,0,0,64,255,255,255,64,0,0,0,0,0,0,0,0,0,0,0,0,0,0,0,0,0,0,0,0,0,0,0,191,255,255,191,0,0,0,0,0,0,0,0,0,0,0,0,0,0,0,0,0,0,0,0,128,255,255,255,255,255,255,255,255,128,0,0,0,0,0,0,0,0,0,0,0,0,0,0,0,128,191,255,255,255,255,255,255,255,255,255,255,255,191,0,0,0,0,0,0,0,0,0,0,0,0,128,255,255,255,255,255,255,255,255,255,255,255,255,255,255,255,191,0,0,0,0,0,0,0,0,0,64,255,255,255,255,255,255,191,255,255,255,255,64,0,64,191,255,255,255,0,0,0,0,0,0,0,0,0,0,0,0,0,0,0,0,0,0,0,0,0,0,0,0,0,0,0,0,0,0,0,0,0,0,0,0,0,0,0,0,0,0,0,0,0,0,0,0,0,0,0,0,0,0,0,0,0,0,0,0,0,0,0,0,0,0,0,0,0,0,0,0,0,0,0,0,0,0,0,0,0,0,0,0,0,0,0,0,0,0,0,0,0,0,0,0,0,0,0,0,0,0,0,0,0,0,0,0,0,0,0,0,0,0,0,0,0,0,0,0,0,0,0,0,0,0,0,0,0,0,0,0,0,0,0,0,0,0,0,0,0,0,0,0,0,0,0
7,0,0,0,0,0,0,0,0,0,0,0,0,0,0,0,0,0,0,0,0,0,0,0,0,0,0,0,0,0,0,0,0,0,0,0,0,0,0,0,0,0,0,0,0,0,0,0,0,0,0,0,0,0,0,0,0,0,0,0,0,0,0,0,0,0,0,0,0,0,0,0,0,0,0,0,0,0,0,0,0,0,0,0,0,0,0,0,0,0,0,0,0,0,0,0,0,0,0,0,0,0,0,0,0,0,0,0,0,0,0,0,0,0,0,0,0,0,0,0,0,0,0,0,0,0,0,0,0,0,0,0,0,0,0,0,0,0,0,0,0,0,0,0,0,0,0,0,0,0,0,0,0,0,0,0,0,0,0,0,0,0,0,0,0,0,0,0,0,0,0,0,0,0,0,0,0,64,191,255,191,128,0,0,0,0,0,0,0,0,0,0,0,0,0,0,0,0,0,0,0,0,0,0,0,128,255,255,255,255,191,0,0,0,0,0,0,0,0,0,0,0,0,0,0,0,0,0,0,0,0,0,0,128,255,255,255,255,255,255,255,128,0,0,0,0,0,0,0,0,0,0,0,0,0,0,0,0,0,0,0,128,255,255,64,0,64,191,255,255,255,64,0,0,0,0,0,0,0,0,0,0,0,0,0,0,0,0,0,0,191,255,0,0,0,0,255,255,255,255,0,0,0,0,0,0,0,0,0,0,0,0,0,0,0,0,0,0,128,255,0,0,0,128,255,255,255,64,0,0,0,0,0,0,0,0,0,0,0,0,0,0,0,0,0,0,0,255,0,0,0,128,255,255,128,0,0,0,0,0,0,0,0,0,0,0,0,0,0,0,0,0,0,0,0,255,0,0,0,128,255,255,64,0,0,0,0,0,0,0,0,0,0,0,0,0,0,0,0,0,0,0,0,0,0,0,0,255,255,255,0,0,0,0,0,0,0,0,0,0,0,0,0,0,0,0,0,0,0,0,0,0,0,64,255,255,255,128,0,0,0,0,0,0,0,0,0,0,0,0,0,0,0,0,0,0,0,0,0,0,191,255,255,255,255,128,0,0,0,0,0,0,0,0,0,0,0,0,0,0,0,0,0,0,0,0,0,0,255,255,255,255,255,255,64,0,0,0,0,0,0,0,0,0,0,0,0,0,0,0,0,0,0,0,0,0,128,64,191,255,255,255,255,128,0,0,0,0,0,0,0,0,0,0,0,0,0,0,0,0,0,0,0,0,0,0,128,255,255,191,128,64,0,0,0,0,0,0,0,0,0,0,0,0,0,0,0,0,0,0,0,0,0,0,64,255,255,128,0,0,0,0,0,0,0,0,0,0,0,0,0,0,0,0,0,0,0,0,0,0,0,0,0,255,255,255,0,0,0,0,0,0,0,0,0,0,0,0,0,0,0,0,0,0,0,0,0,0,0,0,0,255,255,255,0,0,0,0,0,0,0,0,0,0,0,0,0,0,0,0,0,0,0,0,0,0,0,0,0,128,255,255,128,0,0,0,0,0,0,0,0,0,0,0,0,0,0,0,0,0,0,0,0,0,0,0,0,128,255,255,128,0,0,0,0,0,0,0,0,0,0,0,0,0,0,0,0,0,0,0,0,0,0,0,0,0,128,191,64,0,0,0,0,0,0,0,0,0,0,0,0,0,0,0,0,0,0,0,0,0,0,0,0,0,0,0,0,0,0,0,0,0,0,0,0,0,0,0,0,0,0,0,0,0,0,0,0,0,0,0,0,0,0,0,0,0,0,0,0,0,0,0,0,0,0
6,0,0,0,0,0,0,0,0,0,0,0,0,0,0,0,0,0,0,0,0,0,0,0,0,0,0,0,0,0,0,0,0,0,0,0,0,0,0,0,0,0,0,0,0,0,0,0,0,0,0,0,0,0,0,0,0,0,0,0,0,0,0,0,0,0,0,0,0,0,152,254,166,0,0,0,0,0,0,0,0,0,0,0,0,0,0,0,0,0,0,0,0,0,0,0,0,0,239,253,253,0,0,0,0,0,0,0,0,0,0,0,0,0,0,0,0,0,0,0,0,0,0,0,0,8,240,253,253,0,0,0,0,0,0,0,0,0,0,0,0,0,0,0,0,0,0,0,0,0,0,0,15,191,253,253,182,0,0,0,0,0,0,0,0,0,0,0,0,0,0,0,0,0,0,0,0,0,0,0,163,253,253,240,73,0,0,0,0,0,0,0,0,0,0,0,0,0,0,0,0,0,0,0,0,0,0,54,232,253,253,190,0,0,0,0,0,0,0,0,0,0,0,0,0,0,0,0,0,0,0,0,0,0,0,154,253,253,205,28,0,0,0,0,0,0,0,0,0,0,0,0,0,0,0,0,0,0,0,0,0,6,161,251,253,253,22,0,0,0,0,0,0,0,0,0,0,0,0,0,0,0,0,0,0,0,0,0,0,42,253,253,248,128,4,0,0,0,0,0,0,0,0,0,0,0,0,0,0,0,0,0,0,0,0,0,36,217,253,253,134,0,0,0,0,0,0,0,0,0,0,0,0,0,0,0,0,0,0,0,0,0,0,0,123,254,255,223,44,0,0,0,0,0,0,0,0,0,0,0,0,0,0,0,0,0,0,0,0,0,0,0,209,253,253,55,0,0,0,0,0,0,0,0,0,0,43,61,39,0,0,0,0,0,0,0,0,0,0,78,238,253,253,29,0,0,0,0,0,7,15,113,164,164,227,253,222,138,7,0,0,0,0,0,0,0,0,254,253,253,253,29,0,0,0,22,120,176,253,253,253,253,253,253,253,253,104,0,0,0,0,0,0,0,0,210,253,253,253,29,0,40,128,230,253,254,253,204,178,178,187,253,253,253,104,0,0,0,0,0,0,0,0,106,253,253,253,188,179,219,253,248,223,162,74,26,15,30,145,253,253,203,31,0,0,0,0,0,0,0,0,50,230,253,253,253,253,253,253,128,0,0,0,88,191,253,253,253,205,28,0,0,0,0,0,0,0,0,0,0,156,253,253,253,253,253,253,243,239,241,239,248,253,253,189,84,9,0,0,0,0,0,0,0,0,0,0,0,50,208,229,253,253,253,253,253,253,254,253,224,137,59,17,0,0,0,0,0,0,0,0,0,0,0,0,0,0,0,49,104,210,253,253,226,104,105,104,37,0,0,0,0,0,0,0,0,0,0,0,0,0,0,0,0,0,0,0,0,0,0,0,0,0,0,0,0,0,0,0,0,0,0,0,0,0,0,0,0,0,0,0,0,0,0,0,0,0,0,0,0,0,0,0,0,0,0,0,0,0,0,0,0,0,0,0,0,0,0,0,0,0,0,0,0,0,0,0,0,0,0,0,0,0,0,0,0,0,0,0,0,0,0,0,0,0,0,0,0,0,0,0,0,0,0,0,0,0,0,0,0,0,0,0,0,0,0,0,0,0,0,0,0,0,0,0,0,0,0,0,0,0,0,0,0,0,0,0,0,0,0,0,0,0,0,0,0,0,0,0,0,0,0,0,0,0,0,0,0,0,0,0,0,0,0,0,0,0,0,0,0,0,0,0,0,0
2,0,0,0,0,0,0,0,0,0,0,0,0,0,0,0,0,0,0,0,0,0,0,0,0,0,0,0,0,0,0,0,0,0,0,0,0,0,0,0,0,0,0,0,0,0,0,0,0,0,0,0,0,0,0,0,0,0,0,0,0,0,0,0,0,0,0,0,0,0,0,0,0,0,0,0,0,0,0,0,0,0,0,0,0,0,0,0,0,0,0,0,0,0,0,0,0,0,0,0,0,0,0,0,0,0,0,0,0,0,0,0,0,0,0,0,0,0,0,0,0,0,0,0,0,0,0,0,0,0,0,115,202,223,30,0,0,0,0,0,0,0,0,0,0,0,0,0,0,0,0,0,0,0,0,10,206,80,129,252,254,254,103,0,0,0,0,0,0,0,0,0,0,0,0,0,0,0,0,0,0,0,0,178,254,254,254,254,254,254,176,0,0,0,0,0,0,0,0,0,0,0,0,0,0,0,0,0,0,0,92,254,254,254,254,254,254,254,197,0,0,0,0,0,0,0,0,0,0,0,0,0,0,0,0,0,0,79,249,254,254,254,254,157,175,254,144,0,0,0,0,0,0,0,0,0,0,0,0,0,0,0,0,0,0,200,254,254,254,253,143,7,194,254,103,0,0,0,0,0,0,0,0,0,0,0,0,0,0,0,0,0,0,217,254,254,241,93,0,79,254,254,37,0,0,0,0,0,0,0,0,0,0,0,0,0,0,0,0,0,0,161,254,240,28,0,0,162,254,203,4,0,0,0,0,0,0,0,0,0,0,0,0,0,0,0,0,0,0,29,131,28,0,0,48,244,254,169,0,0,0,0,0,0,0,0,0,0,0,0,0,0,0,0,0,0,0,0,0,0,0,4,201,254,254,99,0,0,0,0,0,0,0,0,0,0,0,0,0,0,0,0,0,0,0,0,0,0,0,128,254,254,176,0,0,0,0,0,0,0,0,0,0,0,0,0,0,0,0,0,0,0,0,19,38,38,52,227,254,254,92,0,0,0,0,0,0,0,0,0,0,0,0,0,0,0,0,0,5,77,160,225,254,254,254,254,254,178,11,0,0,0,0,0,0,0,0,0,0,0,0,0,0,0,0,60,207,254,254,254,254,254,254,254,254,113,0,0,0,0,0,0,0,0,0,0,0,0,0,0,0,0,15,197,254,254,225,176,254,254,254,254,254,226,44,0,0,0,0,0,0,0,0,0,0,0,0,0,0,1,159,254,254,177,23,116,254,254,254,239,247,254,182,0,0,0,0,0,0,0,0,0,0,0,0,0,0,77,254,254,174,22,154,254,254,255,227,17,79,216,235,0,0,0,0,0,0,0,0,0,0,0,0,0,0,195,254,152,30,154,253,254,254,194,18,0,0,58,165,0,0,0,0,0,0,0,0,0,0,0,0,0,33,245,254,198,233,254,254,254,162,14,0,0,0,0,0,0,0,0,0,0,0,0,0,0,0,0,0,0,38,254,254,254,254,254,254,128,17,0,0,0,0,0,0,0,0,0,0,0,0,0,0,0,0,0,0,0,0,0,0,0,0,0,0,0,0,0,0,0,0,0,0,0,0,0,0,0,0,0,0,0,0,0,0,0,0,0,0,0,0,0,0,0,0,0,0,0,0,0,0,0,0,0,0,0,0,0,0,0,0,0,0,0,0,0,0,0,0,0,0,0,0,0,0,0,0,0,0,0,0,0,0,0,0,0,0,0,0,0,0,0,0,0,0,0,0,0,0,0,0,0,0,0,0,0,0,0,0,0,0,0,0,0,0
7,0,0,0,0,0,0,0,0,0,0,0,0,0,0,0,0,0,0,0,0,0,0,0,0,0,0,0,0,0,0,0,0,0,0,0,0,0,0,0,0,0,0,0,0,0,0,0,0,0,0,0,0,0,0,0,0,0,0,0,0,0,0,0,0,0,0,0,0,0,0,0,0,0,0,0,0,0,0,0,0,0,0,0,0,0,0,0,0,0,0,0,0,0,0,0,0,0,0,0,0,0,0,0,0,0,0,0,0,0,0,0,0,0,0,0,0,0,0,0,0,0,0,0,0,0,0,0,0,0,0,0,0,0,0,0,0,0,0,0,0,0,0,0,0,0,0,0,0,0,0,0,0,0,0,0,0,0,0,0,0,0,0,0,0,0,0,0,0,0,0,0,0,0,0,0,0,0,0,0,0,0,0,0,0,0,0,0,0,0,0,0,0,0,0,0,0,0,0,0,0,0,0,0,0,0,0,0,0,0,0,0,0,0,0,0,0,0,0,0,0,0,0,0,0,0,0,8,123,148,148,148,87,43,43,43,43,43,43,43,43,43,148,148,201,227,25,0,0,0,0,0,0,0,0,43,252,252,252,252,253,252,252,252,252,253,252,252,252,252,253,252,252,231,28,0,0,0,0,0,0,0,0,22,47,29,126,170,170,126,170,126,126,127,126,179,205,126,127,221,252,136,0,0,0,0,0,0,0,0,0,0,0,0,0,0,0,0,0,0,0,0,0,0,0,0,11,206,238,28,0,0,0,0,0,0,0,0,0,0,0,0,0,0,0,0,0,0,0,0,0,0,0,0,87,252,143,0,0,0,0,0,0,0,0,0,0,0,0,0,0,0,0,0,0,0,0,0,0,0,0,0,254,253,109,0,0,0,0,0,0,0,0,0,0,0,0,0,0,0,0,0,0,0,0,0,0,0,0,36,253,224,14,0,0,0,0,0,0,0,0,0,0,0,0,0,0,0,0,0,0,0,0,0,0,0,32,223,253,116,0,0,0,0,0,0,0,0,0,0,0,0,0,0,0,0,0,0,0,0,0,0,0,0,91,252,243,47,0,0,0,0,0,0,0,0,0,0,0,0,0,0,0,0,0,0,0,0,0,0,0,9,204,252,79,0,0,0,0,0,0,0,0,0,0,0,0,0,0,0,0,0,0,0,0,0,0,0,0,128,253,236,0,0,0,0,0,0,0,0,0,0,0,0,0,0,0,0,0,0,0,0,0,0,0,0,29,213,252,112,0,0,0,0,0,0,0,0,0,0,0,0,0,0,0,0,0,0,0,0,0,0,0,0,182,252,194,4,0,0,0,0,0,0,0,0,0,0,0,0,0,0,0,0,0,0,0,0,0,0,0,11,206,247,98,0,0,0,0,0,0,0,0,0,0,0,0,0,0,0,0,0,0,0,0,0,0,0,0,87,252,187,0,0,0,0,0,0,0,0,0,0,0,0,0,0,0,0,0,0,0,0,0,0,0,0,0,255,253,127,0,0,0,0,0,0,0,0,0,0,0,0,0,0,0,0,0,0,0,0,0,0,0,0,0,253,252,47,0,0,0,0,0,0,0,0,0,0,0,0,0,0,0,0,0,0,0,0,0,0,0,0,9,253,182,23,7,0,0,0,0,0,0,0,0,0,0,0,0,0,0,0,0,0,0,0,0,0,0,0,80,253,252,252,128,0,0,0,0,0,0,0,0,0,0,0,0,0,0,0,0,0,0,0,0,0,0,0,0,209,217,94,14,0,0,0,0,0,0,0,0,0,0,0,0
1,0,0,0,0,0,0,0,0,0,0,0,0,0,0,0,0,0,0,0,0,0,0,0,0,0,0,0,0,0,0,0,0,0,0,0,0,0,0,0,0,0,0,0,0,0,0,0,0,0,0,0,0,0,0,0,0,0,0,0,0,0,0,0,0,0,0,0,0,0,0,0,0,0,0,0,0,0,0,0,0,0,0,0,0,0,0,0,0,0,0,0,0,0,0,0,0,0,0,0,0,0,0,0,0,0,0,0,0,0,0,0,0,0,0,0,0,0,0,0,0,0,0,0,0,0,0,0,0,0,0,0,0,0,0,0,0,0,0,0,0,0,0,0,0,0,0,0,0,0,0,0,0,0,0,0,0,0,0,0,0,0,0,0,0,0,0,0,0,0,0,0,0,0,0,0,0,0,0,0,0,0,73,254,128,0,0,0,0,0,0,0,0,0,0,0,0,0,0,0,0,0,0,0,0,0,0,0,0,0,72,253,194,0,0,0,0,0,0,0,0,0,0,0,0,0,0,0,0,0,0,0,0,0,0,0,0,0,72,253,194,0,0,0,0,0,0,0,0,0,0,0,0,0,0,0,0,0,0,0,0,0,0,0,0,0,72,253,194,0,0,0,0,0,0,0,0,0,0,0,0,0,0,0,0,0,0,0,0,0,0,0,0,0,72,253,194,0,0,0,0,0,0,0,0,0,0,0,0,0,0,0,0,0,0,0,0,0,0,0,0,0,72,253,194,0,0,0,0,0,0,0,0,0,0,0,0,0,0,0,0,0,0,0,0,0,0,0,0,0,11,204,194,0,0,0,0,0,0,0,0,0,0,0,0,0,0,0,0,0,0,0,0,0,0,0,0,0,0,196,194,0,0,0,0,0,0,0,0,0,0,0,0,0,0,0,0,0,0,0,0,0,0,0,0,0,0,196,194,0,0,0,0,0,0,0,0,0,0,0,0,0,0,0,0,0,0,0,0,0,0,0,0,0,0,196,194,0,0,0,0,0,0,0,0,0,0,0,0,0,0,0,0,0,0,0,0,0,0,0,0,0,0,196,194,0,0,0,0,0,0,0,0,0,0,0,0,0,0,0,0,0,0,0,0,0,0,0,0,0,0,196,194,0,0,0,0,0,0,0,0,0,0,0,0,0,0,0,0,0,0,0,0,0,0,0,0,0,0,196,194,0,0,0,0,0,0,0,0,0,0,0,0,0,0,0,0,0,0,0,0,0,0,0,0,0,0,196,194,0,0,0,0,0,0,0,0,0,0,0,0,0,0,0,0,0,0,0,0,0,0,0,0,0,0,196,177,0,0,0,0,0,0,0,0,0,0,0,0,0,0,0,0,0,0,0,0,0,0,0,0,0,0,196,65,0,0,0,0,0,0,0,0,0,0,0,0,0,0,0,0,0,0,0,0,0,0,0,0,0,0,196,65,0,0,0,0,0,0,0,0,0,0,0,0,0,0,0,0,0,0,0,0,0,0,0,0,0,0,196,65,0,0,0,0,0,0,0,0,0,0,0,0,0,0,0,0,0,0,0,0,0,0,0,0,0,0,196,65,0,0,0,0,0,0,0,0,0,0,0,0,0,0,0,0,0,0,0,0,0,0,0,0,0,0,162,32,0,0,0,0,0,0,0,0,0,0,0,0,0,0,0,0,0,0,0,0,0,0,0,0,0,0,0,0,0,0,0,0,0,0,0,0,0,0,0,0,0,0,0,0,0,0,0,0,0,0,0,0,0,0,0,0,0,0,0,0,0,0,0,0,0,0,0,0
6,0,0,0,0,0,0,0,0,0,0,0,0,0,0,0,0,0,0,0,0,0,0,0,0,0,0,0,0,0,0,0,0,0,0,0,0,0,0,0,0,0,0,0,0,0,0,0,0,0,0,0,0,0,0,0,0,0,0,0,0,0,0,0,0,0,0,0,0,0,0,38,221,69,0,0,0,0,0,0,0,0,0,0,0,0,0,0,0,0,0,0,0,0,0,0,0,0,0,222,223,31,0,0,0,0,0,0,0,0,0,0,0,0,0,0,0,0,0,0,0,0,0,0,0,0,100,249,96,0,0,0,0,0,0,0,0,0,0,0,0,0,0,0,0,0,0,0,0,0,0,0,0,0,229,219,13,0,0,0,0,0,0,0,0,0,0,0,0,0,0,0,0,0,0,0,0,0,0,0,0,26,254,56,0,0,0,0,0,0,0,0,0,0,0,0,0,0,0,0,0,0,0,0,0,0,0,0,5,155,254,23,0,0,0,0,0,0,0,0,0,0,0,0,0,0,0,0,0,0,0,0,0,0,0,0,24,253,197,4,0,0,0,0,0,0,0,0,0,0,0,0,0,0,0,0,0,0,0,0,0,0,0,0,91,253,118,0,0,0,0,0,0,0,0,0,0,0,0,0,0,0,0,0,0,0,0,0,0,0,0,0,174,254,0,0,0,0,0,0,0,0,0,0,0,0,0,0,0,0,0,0,0,0,0,0,0,0,0,43,249,253,0,0,0,0,0,0,0,0,0,0,0,0,0,0,0,0,0,0,0,0,0,0,0,0,0,47,253,177,0,0,0,0,0,0,0,0,0,0,0,0,0,0,0,0,0,0,0,0,0,0,0,0,0,114,253,160,0,0,0,0,93,9,0,0,0,0,0,0,0,0,0,0,0,0,0,0,0,0,0,0,0,198,254,69,0,38,153,254,254,254,71,0,0,0,0,0,0,0,0,0,0,0,0,0,0,0,0,0,0,230,240,31,13,226,253,236,148,224,137,0,0,0,0,0,0,0,0,0,0,0,0,0,0,0,0,0,0,230,230,0,187,253,192,54,0,147,137,0,0,0,0,0,0,0,0,0,0,0,0,0,0,0,0,0,0,197,238,25,254,236,29,0,0,230,171,0,0,0,0,0,0,0,0,0,0,0,0,0,0,0,0,0,0,81,254,152,255,148,0,0,95,254,146,0,0,0,0,0,0,0,0,0,0,0,0,0,0,0,0,0,0,5,211,253,254,64,22,147,245,227,21,0,0,0,0,0,0,0,0,0,0,0,0,0,0,0,0,0,0,0,90,253,254,211,228,253,214,79,0,0,0,0,0,0,0,0,0,0,0,0,0,0,0,0,0,0,0,0,7,135,254,253,244,128,25,0,0,0,0,0,0,0,0,0,0,0,0,0,0,0,0,0,0,0,0,0,0,0,0,0,0,0,0,0,0,0,0,0,0,0,0,0,0,0,0,0,0,0,0,0,0,0,0,0,0,0,0,0,0,0,0,0,0,0,0,0,0,0,0,0,0,0,0,0,0,0,0,0,0,0,0,0,0,0,0,0,0,0,0,0,0,0,0,0,0,0,0,0,0,0,0,0,0,0,0,0,0,0,0,0,0,0,0,0,0,0,0,0,0,0,0,0,0,0,0,0,0,0,0,0,0,0,0,0,0,0,0,0,0,0,0,0,0,0,0,0,0,0,0,0,0,0,0,0,0,0,0,0,0,0,0,0,0,0,0,0,0,0,0,0,0,0,0,0,0,0,0,0,0,0,0,0,0
2,0,0,0,0,0,0,0,0,0,0,0,0,0,0,0,0,0,0,0,0,0,0,0,0,0,0,0,0,0,0,0,0,0,0,0,0,0,0,0,0,0,0,0,0,0,0,0,0,0,0,0,0,0,0,0,0,0,0,0,0,0,0,0,0,0,0,0,0,0,0,0,0,0,0,0,0,0,0,0,0,0,0,0,0,0,0,0,0,0,0,0,0,0,0,0,0,81,239,224,9,0,0,0,0,0,0,0,0,0,0,0,0,0,0,0,0,0,0,0,0,0,0,0,124,253,254,254,205,24,0,0,0,0,0,0,0,0,0,0,0,0,0,0,0,0,0,0,0,0,0,53,236,235,91,227,254,83,0,0,0,0,0,0,0,0,0,0,0,0,0,0,0,0,0,0,0,0,0,142,254,122,0,102,251,247,50,0,0,0,0,0,0,0,0,0,0,0,0,0,0,0,0,0,0,0,37,235,180,2,0,0,232,254,91,0,0,0,0,0,0,0,0,0,0,0,0,0,0,0,0,0,0,0,154,254,135,0,0,0,76,254,204,7,0,0,0,0,0,0,0,0,0,0,0,0,0,0,0,0,0,20,212,174,3,0,0,0,49,254,254,19,0,0,0,0,0,0,0,0,0,0,0,0,0,0,0,0,0,172,254,134,0,0,0,0,9,215,254,19,0,0,0,0,0,0,0,0,0,0,0,0,0,0,0,0,0,128,222,134,0,0,0,0,0,207,254,19,0,0,0,0,0,0,0,0,0,0,0,0,0,0,0,0,0,0,9,8,0,0,0,0,0,171,254,74,0,0,0,0,0,0,0,0,0,0,0,0,0,0,0,0,0,0,0,0,0,0,0,0,22,228,254,37,0,0,0,0,0,0,0,0,0,0,0,0,0,0,0,0,0,0,0,0,0,0,0,0,115,254,202,6,0,0,0,0,0,0,0,0,0,0,0,0,0,0,0,0,0,0,0,0,0,0,0,14,236,254,125,0,0,0,0,0,0,0,0,0,0,0,0,0,0,0,0,0,0,0,0,0,4,10,10,161,254,203,17,0,0,0,0,0,0,0,0,0,0,0,0,0,0,0,0,0,0,0,0,17,198,254,254,254,254,117,0,0,0,0,0,0,0,0,0,0,0,0,0,0,0,0,0,0,0,0,9,159,227,189,254,254,254,62,0,0,0,0,0,0,0,0,0,0,0,0,0,0,0,0,0,0,0,0,58,254,185,168,254,254,254,182,2,0,0,0,0,0,0,0,0,0,0,0,0,0,0,0,0,0,0,0,121,254,153,251,254,139,220,254,163,31,0,0,0,0,0,0,0,0,0,0,0,0,0,0,0,0,0,47,242,254,254,254,188,9,35,217,254,223,91,34,34,8,0,0,0,0,0,0,0,0,0,0,0,0,0,92,254,254,254,234,50,0,0,33,187,254,254,254,254,206,106,0,0,0,0,0,0,0,0,0,0,0,0,0,0,0,0,0,0,0,0,0,0,0,0,0,0,0,0,0,0,0,0,0,0,0,0,0,0,0,0,0,0,0,0,0,0,0,0,0,0,0,0,0,0,0,0,0,0,0,0,0,0,0,0,0,0,0,0,0,0,0,0,0,0,0,0,0,0,0,0,0,0,0,0,0,0,0,0,0,0,0,0,0,0,0,0,0,0,0,0,0,0,0,0,0,0,0,0,0,0,0,0,0,0,0,0,0,0,0,0,0,0,0,0,0,0,0,0,0,0,0,0,0,0,0,0,0,0,0,0,0,0,0,0
0,0,0,0,0,0,0,0,0,0,0,0,0,0,0,0,0,0,0,0,0,0,0,0,0,0,0,0,0,0,0,0,0,0,0,0,0,0,0,0,0,0,0,0,0,0,0,0,0,0,0,0,0,0,0,0,0,0,0,0,0,0,0,0,0,0,0,0,0,0,0,0,0,0,0,0,0,0,0,0,0,0,0,0,0,0,0,0,0,0,0,0,0,0,0,0,0,0,0,0,0,0,0,0,0,0,0,0,0,0,0,0,0,0,0,0,0,0,0,0,0,0,0,0,0,0,0,0,0,0,0,0,0,0,0,0,0,0,0,0,0,0,0,0,0,0,0,0,0,0,0,0,0,0,0,0,0,0,0,0,0,0,0,0,0,0,0,0,0,0,0,0,0,0,0,0,0,0,0,0,9,71,145,145,83,82,25,8,0,0,0,0,0,0,0,0,0,0,0,0,0,0,0,0,0,0,27,128,189,252,252,252,253,252,252,188,157,55,0,0,0,0,0,0,0,0,0,0,0,0,0,0,7,129,229,252,252,252,252,252,253,252,252,252,252,228,128,7,0,0,0,0,0,0,0,0,0,0,0,6,145,252,252,252,252,252,252,194,129,72,146,192,235,252,252,88,6,0,0,0,0,0,0,0,0,0,0,25,252,252,252,252,252,252,134,3,0,0,0,0,43,115,252,252,116,0,0,0,0,0,0,0,0,0,0,25,252,252,252,252,252,76,5,0,0,0,0,0,0,49,236,252,232,9,0,0,0,0,0,0,0,0,0,71,252,252,252,252,133,5,0,0,0,0,0,0,0,0,159,252,252,115,0,0,0,0,0,0,0,0,0,145,252,252,252,134,5,0,0,0,0,0,0,0,0,0,85,252,252,183,0,0,0,0,0,0,0,0,70,247,252,252,223,31,0,0,0,0,0,0,0,0,0,35,222,252,252,252,0,0,0,0,0,0,0,0,255,253,253,251,69,0,0,0,0,0,0,0,0,0,3,139,253,253,253,248,0,0,0,0,0,0,0,0,253,252,249,127,0,0,0,0,0,0,0,0,0,17,136,252,252,252,242,120,0,0,0,0,0,0,0,0,253,252,216,0,0,0,0,0,0,0,0,21,54,221,252,252,252,252,127,0,0,0,0,0,0,0,0,0,253,252,216,0,0,0,0,0,0,0,55,217,252,252,252,252,252,107,8,0,0,0,0,0,0,0,0,0,253,252,216,0,0,0,0,24,113,181,253,252,252,252,252,235,94,10,0,0,0,0,0,0,0,0,0,0,219,252,226,73,73,108,193,216,252,252,253,252,252,238,94,43,0,0,0,0,0,0,0,0,0,0,0,0,25,165,252,252,252,252,252,252,252,252,249,167,150,39,0,0,0,0,0,0,0,0,0,0,0,0,0,0,0,21,111,220,252,252,252,252,210,155,34,0,0,0,0,0,0,0,0,0,0,0,0,0,0,0,0,0,0,0,0,16,23,23,23,23,14,0,0,0,0,0,0,0,0,0,0,0,0,0,0,0,0,0,0,0,0,0,0,0,0,0,0,0,0,0,0,0,0,0,0,0,0,0,0,0,0,0,0,0,0,0,0,0,0,0,0,0,0,0,0,0,0,0,0,0,0,0,0,0,0,0,0,0,0,0,0,0,0,0,0,0,0,0,0,0,0,0,0,0,0,0,0,0,0,0,0,0,0,0,0,0,0,0,0,0,0,0,0,0,0,0,0,0,0,0,0,0,0,0,0,0,0,0,0,0,0,0,0,0,0,0,0
7,0,0,0,0,0,0,0,0,0,0,0,0,0,0,0,0,0,0,0,0,0,0,0,0,0,0,0,0,0,0,0,0,0,0,0,0,0,0,0,0,0,0,0,0,0,0,0,0,0,0,0,0,0,0,0,0,0,0,0,0,0,0,0,0,0,0,0,0,0,0,0,0,0,0,0,0,0,0,0,0,0,0,0,0,0,0,0,0,0,0,0,0,0,0,0,0,0,0,0,0,0,0,0,0,0,0,0,0,0,0,0,0,0,0,0,0,0,0,0,0,0,0,0,0,0,0,0,0,0,0,0,0,0,0,0,0,0,0,0,0,0,0,0,0,0,0,0,0,0,0,0,0,0,0,0,0,0,0,0,0,0,0,0,0,0,0,0,0,0,0,0,0,0,0,0,0,0,0,0,0,0,19,3,0,0,7,24,181,244,61,0,0,0,0,0,0,0,0,0,0,0,0,0,0,17,151,110,161,161,236,169,162,161,186,252,252,253,206,0,0,0,0,0,0,0,0,0,0,0,0,0,19,188,252,253,252,252,252,252,253,252,252,252,252,247,149,0,0,0,0,0,0,0,0,0,0,0,0,0,13,173,252,253,252,252,252,252,253,252,252,252,252,230,0,0,0,0,0,0,0,0,0,0,0,0,0,0,0,51,137,23,22,54,137,32,75,65,252,252,252,126,0,0,0,0,0,0,0,0,0,0,0,0,0,0,0,0,0,0,0,0,0,0,3,118,253,253,243,53,0,0,0,0,0,0,0,0,0,0,0,0,0,0,0,0,0,0,0,0,0,0,45,252,252,252,137,0,0,0,0,0,0,0,0,0,0,0,0,0,0,0,0,0,0,0,0,0,0,0,138,252,252,252,54,0,0,0,0,0,0,0,0,0,0,0,0,0,0,0,0,0,0,0,0,0,0,43,233,252,252,218,14,0,0,0,0,0,0,0,0,0,0,0,0,0,0,0,0,0,0,0,0,0,0,220,253,252,252,108,0,0,0,0,0,0,0,0,0,0,0,0,0,0,0,0,0,0,0,0,0,0,104,253,255,253,215,21,0,0,0,0,0,0,0,0,0,0,0,0,0,0,0,0,0,0,0,0,0,45,236,252,253,223,67,0,0,0,0,0,0,0,0,0,0,0,0,0,0,0,0,0,0,0,0,0,0,153,252,252,253,123,0,0,0,0,0,0,0,0,0,0,0,0,0,0,0,0,0,0,0,0,0,0,132,240,252,252,140,17,0,0,0,0,0,0,0,0,0,0,0,0,0,0,0,0,0,0,0,0,0,11,203,252,252,200,11,0,0,0,0,0,0,0,0,0,0,0,0,0,0,0,0,0,0,0,0,0,0,202,253,253,253,23,0,0,0,0,0,0,0,0,0,0,0,0,0,0,0,0,0,0,0,0,0,0,74,253,252,252,193,8,0,0,0,0,0,0,0,0,0,0,0,0,0,0,0,0,0,0,0,0,0,68,215,253,252,202,44,0,0,0,0,0,0,0,0,0,0,0,0,0,0,0,0,0,0,0,0,0,0,93,252,253,252,141,0,0,0,0,0,0,0,0,0,0,0,0,0,0,0,0,0,0,0,0,0,0,0,93,252,253,157,6,0,0,0,0,0,0,0,0,0,0,0,0,0,0,0,0,0,0,0,0,0,0,0,0,0,0,0,0,0,0,0,0,0,0,0,0,0,0,0,0,0,0,0,0,0,0,0,0,0,0,0,0,0,0,0,0,0,0,0,0,0,0,0,0,0,0,0,0,0,0,0
0,0,0,0,0,0,0,0,0,0,0,0,0,0,0,0,0,0,0,0,0,0,0,0,0,0,0,0,0,0,0,0,0,0,0,0,0,0,0,0,0,0,0,0,0,0,0,0,0,0,0,0,0,0,0,0,0,0,0,0,0,0,0,0,0,0,0,0,0,0,0,0,0,0,0,0,0,0,0,0,0,0,0,0,0,0,0,0,0,0,0,0,0,0,0,0,0,0,0,0,0,0,0,0,0,0,0,0,0,0,0,0,0,0,0,0,0,0,0,0,0,0,0,0,0,0,0,45,254,254,254,148,24,9,0,0,0,0,0,0,0,0,0,0,0,0,0,0,0,0,0,0,0,0,43,254,252,252,252,252,252,121,13,0,0,0,0,0,0,0,0,0,0,0,0,0,0,0,0,0,0,58,237,254,252,252,252,252,252,252,68,0,0,0,0,0,0,0,0,0,0,0,0,0,0,0,0,0,69,224,252,254,252,252,252,252,252,252,135,17,0,0,0,0,0,0,0,0,0,0,0,0,0,0,0,75,216,252,252,254,231,168,252,252,252,252,252,45,0,0,0,0,0,0,0,0,0,0,0,0,0,0,77,212,252,252,252,242,93,32,114,177,252,252,252,158,12,0,0,0,0,0,0,0,0,0,0,0,0,75,212,252,252,252,252,231,0,0,0,116,252,252,252,252,21,0,0,0,0,0,0,0,0,0,0,0,69,216,252,252,252,252,252,62,0,0,0,116,252,252,252,252,21,0,0,0,0,0,0,0,0,0,0,0,93,252,252,252,252,252,62,0,0,0,0,21,158,252,252,252,21,0,0,0,0,0,0,0,0,0,0,64,239,252,252,252,252,252,21,0,0,0,0,0,139,252,252,252,21,0,0,0,0,0,0,0,0,0,5,87,254,254,254,254,237,41,0,0,0,0,0,11,150,254,254,254,22,0,0,0,0,0,0,0,0,5,85,252,252,252,252,222,55,0,0,0,0,0,0,116,252,252,252,214,18,0,0,0,0,0,0,0,0,24,252,252,252,252,252,91,0,0,0,0,0,0,26,153,252,252,252,45,0,0,0,0,0,0,0,0,0,24,252,252,252,252,252,91,0,0,0,0,18,93,151,252,252,252,184,28,0,0,0,0,0,0,0,0,0,24,252,252,252,252,252,164,116,116,116,117,141,252,252,252,252,252,68,0,0,0,0,0,0,0,0,0,0,24,252,252,252,252,252,252,252,252,252,254,252,252,252,252,252,163,31,0,0,0,0,0,0,0,0,0,0,9,121,252,252,252,252,252,252,252,252,254,252,252,252,178,91,33,0,0,0,0,0,0,0,0,0,0,0,0,13,119,252,252,252,252,252,252,252,254,252,252,184,37,0,0,0,0,0,0,0,0,0,0,0,0,0,0,0,13,121,252,252,252,252,252,252,254,214,45,28,0,0,0,0,0,0,0,0,0,0,0,0,0,0,0,0,0,8,21,21,169,252,252,41,22,18,0,0,0,0,0,0,0,0,0,0,0,0,0,0,0,0,0,0,0,0,0,0,0,0,0,0,0,0,0,0,0,0,0,0,0,0,0,0,0,0,0,0,0,0,0,0,0,0,0,0,0,0,0,0,0,0,0,0,0,0,0,0,0,0,0,0,0,0,0,0,0,0,0,0,0,0,0,0,0,0,0,0,0,0,0,0,0,0,0,0,0,0,0,0,0,0,0,0,0,0,0,0,0,0,0,0,0,0,0,0,0,0,0,0,0,0,0,0,0,0,0,0,0,0
2,0,0,0,0,0,0,0,0,0,0,0,0,0,0,0,0,0,0,0,0,0,0,0,0,0,0,0,0,0,0,0,0,0,0,0,0,0,0,0,0,0,0,0,0,0,0,0,0,0,0,0,0,0,0,0,0,0,0,0,0,0,0,0,0,0,0,0,0,0,0,0,0,0,0,0,0,0,0,0,0,0,0,0,0,0,0,0,0,0,0,0,0,11,150,254,254,254,254,236,24,17,0,0,0,0,0,0,0,0,0,0,0,0,0,0,0,0,0,0,0,116,252,252,252,252,252,254,252,195,30,0,0,0,0,0,0,0,0,0,0,0,0,0,0,0,0,0,0,116,252,252,252,252,252,254,252,252,185,70,70,25,0,0,0,0,0,0,0,0,0,0,0,0,0,0,0,74,210,252,252,252,252,254,252,252,252,252,252,91,0,0,0,0,0,0,0,0,0,0,0,0,0,0,0,0,76,136,136,136,136,254,252,252,252,252,252,164,31,0,0,0,0,0,0,0,0,0,0,0,0,0,0,0,0,0,0,0,0,115,139,252,252,252,252,252,169,25,0,0,0,0,0,0,0,0,0,0,0,0,0,0,0,0,0,0,0,0,17,91,149,252,252,252,252,45,0,0,0,0,0,0,0,0,0,0,0,0,0,0,0,0,0,0,0,0,0,0,93,252,252,252,252,45,0,0,0,0,0,0,0,0,0,0,0,0,0,0,0,0,0,0,0,0,0,0,93,252,252,252,252,45,0,0,0,0,0,0,0,0,0,0,0,0,0,0,0,0,0,0,0,0,0,0,93,252,252,252,252,45,0,0,0,0,0,0,0,0,0,0,0,0,0,0,0,0,0,0,0,0,0,7,109,255,254,254,254,64,2,0,0,0,0,0,0,0,0,0,0,0,0,22,47,47,47,47,47,47,47,104,252,252,252,252,252,252,21,0,0,0,0,0,0,0,0,0,0,20,70,153,252,252,252,252,252,254,252,252,252,252,252,252,252,252,85,0,0,0,0,0,0,0,0,9,93,136,252,252,252,252,252,252,252,254,252,252,252,252,252,252,252,252,167,0,0,0,0,0,0,0,0,24,252,252,252,252,252,252,252,252,252,254,252,252,252,252,252,178,136,136,12,0,0,0,0,0,0,0,0,150,252,252,252,252,176,114,215,252,252,254,252,252,252,252,176,41,0,0,0,0,0,0,0,0,0,0,0,254,252,252,252,252,202,162,228,252,252,254,252,252,252,178,41,0,0,0,0,0,0,0,0,0,0,0,0,85,252,252,252,252,252,252,252,252,252,254,252,252,184,37,0,0,0,0,0,0,0,0,0,0,0,0,0,5,83,252,252,252,252,252,252,252,252,254,252,195,28,0,0,0,0,0,0,0,0,0,0,0,0,0,0,0,4,85,252,252,252,252,252,252,252,22,21,16,0,0,0,0,0,0,0,0,0,0,0,0,0,0,0,0,0,0,0,0,0,0,0,0,0,0,0,0,0,0,0,0,0,0,0,0,0,0,0,0,0,0,0,0,0,0,0,0,0,0,0,0,0,0,0,0,0,0,0,0,0,0,0,0,0,0,0,0,0,0,0,0,0,0,0,0,0,0,0,0,0,0,0,0,0,0,0,0,0,0,0,0,0,0,0,0,0,0,0,0,0,0,0,0,0,0,0,0,0,0,0,0,0,0,0,0,0,0,0,0,0,0,0,0,0,0,0,0,0,0,0,0,0,0,0,0,0,0,0,0,0,0,0,0,0,0,0,0,0,0,0
2,0,0,0,0,0,0,0,0,0,0,0,0,0,0,0,0,0,0,0,0,0,0,0,0,0,0,0,0,0,0,0,0,0,0,0,0,0,0,0,0,0,0,0,0,0,0,0,0,0,0,0,0,0,0,0,0,0,0,0,0,0,0,0,0,0,0,0,0,0,0,0,0,0,0,0,0,0,0,0,0,0,0,0,0,0,0,0,0,0,0,0,0,0,0,0,0,0,0,0,97,221,254,40,0,0,0,0,0,0,0,0,0,0,0,0,0,0,0,0,0,0,0,0,0,0,21,163,254,253,253,237,23,0,0,0,0,0,0,0,0,0,0,0,0,0,0,0,0,0,0,0,0,81,223,253,254,253,253,235,15,0,0,0,0,0,0,0,0,0,0,0,0,0,0,0,0,0,0,0,79,250,253,253,254,253,253,231,0,0,0,0,0,0,0,0,0,0,0,0,0,0,0,0,0,0,0,83,246,253,253,253,254,253,253,134,0,0,0,0,0,0,0,0,0,0,0,0,0,0,0,0,0,8,113,242,253,253,253,253,254,253,253,10,0,0,0,0,0,0,0,0,0,0,0,0,0,0,0,0,0,71,253,253,253,253,253,253,254,253,157,1,0,0,0,0,0,0,0,0,0,0,0,0,0,0,0,0,0,23,253,253,253,253,253,253,254,213,17,0,0,0,0,0,0,0,0,0,0,0,0,0,0,0,0,0,0,16,193,192,179,253,253,253,254,153,0,0,0,0,0,0,0,0,0,0,0,0,0,0,0,0,0,0,0,0,8,7,108,253,253,253,240,44,0,0,0,0,0,0,0,0,0,0,0,0,0,0,0,0,0,0,0,0,0,12,188,254,254,254,178,11,0,0,0,0,0,0,0,0,0,0,0,0,0,0,0,0,0,0,0,0,0,166,253,253,253,253,254,106,0,0,0,0,0,0,0,0,0,0,0,0,0,0,0,0,0,0,0,0,90,244,253,253,253,253,254,213,61,0,0,0,0,0,0,0,0,0,0,0,0,0,0,0,0,0,0,90,250,253,253,253,253,253,255,253,249,29,0,0,0,0,0,0,0,0,0,0,0,0,0,0,0,0,90,250,253,253,253,244,215,253,254,253,253,246,142,56,109,166,166,94,0,0,0,0,0,0,0,0,0,92,244,253,253,253,250,88,51,242,254,253,253,253,253,253,253,253,253,143,0,0,0,0,0,0,0,0,21,214,253,253,253,250,87,0,0,67,250,253,253,253,253,253,253,253,250,89,0,0,0,0,0,0,0,0,163,253,253,253,253,98,0,0,0,0,71,221,253,253,253,253,253,226,98,0,0,0,0,0,0,0,0,0,254,253,253,247,104,14,0,0,0,0,0,18,157,250,236,176,124,26,0,0,0,0,0,0,0,0,0,0,110,253,210,83,0,0,0,0,0,0,0,0,0,31,26,0,0,0,0,0,0,0,0,0,0,0,0,0,0,0,0,0,0,0,0,0,0,0,0,0,0,0,0,0,0,0,0,0,0,0,0,0,0,0,0,0,0,0,0,0,0,0,0,0,0,0,0,0,0,0,0,0,0,0,0,0,0,0,0,0,0,0,0,0,0,0,0,0,0,0,0,0,0,0,0,0,0,0,0,0,0,0,0,0,0,0,0,0,0,0,0,0,0,0,0,0,0,0,0,0,0,0,0,0,0,0,0,0,0,0,0,0,0,0,0,0,0,0,0,0,0,0,0,0,0,0,0,0,0,0,0,0,0,0,0,0,0,0,0,0,0,0,0
0,0,0,0,0,0,0,0,0,0,0,0,0,0,0,0,0,0,0,0,0,0,0,0,0,0,0,0,0,0,0,0,0,0,0,0,0,0,0,0,0,0,0,0,0,0,0,0,0,0,0,0,0,0,0,0,0,0,0,0,0,0,0,0,0,0,0,0,0,0,0,0,0,0,0,0,0,0,0,0,0,0,0,0,0,0,0,0,0,0,0,0,0,0,0,0,0,0,0,0,0,0,0,0,0,0,0,0,0,0,0,0,0,0,0,0,0,0,0,0,0,0,0,0,0,0,0,0,0,0,0,0,0,0,0,0,0,0,0,0,0,0,0,0,0,0,0,0,0,0,0,0,0,0,0,0,0,0,0,0,0,0,0,0,0,0,0,0,0,0,0,0,0,0,0,0,0,0,0,0,0,0,0,58,0,0,78,112,195,241,164,49,0,0,0,0,0,0,0,0,0,0,0,0,0,0,0,0,0,33,141,244,205,131,248,253,253,253,253,243,108,0,0,0,0,0,0,0,0,0,0,0,0,0,0,0,128,236,253,253,253,253,253,253,253,253,253,253,236,48,0,0,0,0,0,0,0,0,0,0,0,0,36,206,249,253,253,253,232,68,32,32,32,32,49,253,253,237,0,0,0,0,0,0,0,0,0,0,0,36,150,253,253,253,253,187,63,0,0,0,0,0,3,160,253,253,0,0,0,0,0,0,0,0,0,0,35,218,253,253,213,253,231,40,0,0,0,0,0,0,17,234,253,253,0,0,0,0,0,0,0,0,0,34,151,253,253,143,69,218,63,0,0,0,0,0,0,0,125,253,253,149,0,0,0,0,0,0,0,0,0,151,253,253,144,8,0,30,0,0,0,0,0,0,0,54,230,253,147,28,0,0,0,0,0,0,0,0,124,252,253,145,7,0,0,0,0,0,0,0,0,0,38,179,253,250,90,0,0,0,0,0,0,0,0,0,254,253,253,19,0,0,0,0,0,0,0,0,0,29,228,253,249,124,0,0,0,0,0,0,0,0,0,0,255,253,196,9,0,0,0,0,0,0,0,0,9,145,253,253,210,0,0,0,0,0,0,0,0,0,0,0,254,253,253,19,0,0,0,0,0,0,0,29,145,253,253,215,35,0,0,0,0,0,0,0,0,0,0,0,238,253,253,169,46,33,22,0,10,33,130,228,253,253,215,35,0,0,0,0,0,0,0,0,0,0,0,0,48,236,253,253,253,253,221,156,184,253,253,253,253,215,35,0,0,0,0,0,0,0,0,0,0,0,0,0,0,109,242,253,253,253,253,253,253,253,253,239,143,35,0,0,0,0,0,0,0,0,0,0,0,0,0,0,0,0,49,110,227,240,240,240,240,206,110,31,0,0,0,0,0,0,0,0,0,0,0,0,0,0,0,0,0,0,0,0,0,0,0,0,0,0,0,0,0,0,0,0,0,0,0,0,0,0,0,0,0,0,0,0,0,0,0,0,0,0,0,0,0,0,0,0,0,0,0,0,0,0,0,0,0,0,0,0,0,0,0,0,0,0,0,0,0,0,0,0,0,0,0,0,0,0,0,0,0,0,0,0,0,0,0,0,0,0,0,0,0,0,0,0,0,0,0,0,0,0,0,0,0,0,0,0,0,0,0,0,0,0,0,0,0,0,0,0,0,0,0,0,0,0,0,0,0,0,0,0,0,0,0,0,0,0,0,0,0,0,0,0,0,0,0,0,0,0,0,0,0,0,0,0,0,0,0,0,0,0,0,0,0,0,0,0,0,0,0
6,0,0,0,0,0,0,0,0,0,0,0,0,0,0,0,0,0,0,0,0,0,0,0,0,0,0,0,0,0,0,0,0,0,0,0,0,0,0,0,0,0,0,0,113,253,0,0,0,0,0,0,0,0,0,0,0,0,0,0,0,0,0,0,0,0,0,0,0,0,0,41,233,252,0,0,0,0,0,0,0,0,0,0,0,0,0,0,0,0,0,0,0,0,0,0,0,0,0,102,254,233,0,0,0,0,0,0,0,0,0,0,0,0,0,0,0,0,0,0,0,0,0,0,0,0,0,142,233,50,0,0,0,0,0,0,0,0,0,0,0,0,0,0,0,0,0,0,0,0,0,0,0,0,113,253,203,0,0,0,0,0,0,0,0,0,0,0,0,0,0,0,0,0,0,0,0,0,0,0,0,0,233,252,162,0,0,0,0,0,0,0,0,0,0,0,0,0,0,0,0,0,0,0,0,0,0,0,0,82,254,253,41,0,0,0,0,0,0,0,0,0,0,0,0,0,0,0,0,0,0,0,0,0,0,0,21,223,253,171,0,0,0,0,0,0,0,0,0,0,0,0,0,0,0,0,0,0,0,0,0,0,0,0,113,253,163,20,0,0,0,0,0,0,0,0,0,0,0,0,0,0,0,0,0,0,0,0,0,0,0,41,233,252,102,0,0,0,0,0,0,0,0,0,0,0,0,0,0,0,0,0,0,0,0,0,0,0,31,193,254,172,0,0,0,0,0,0,0,0,0,0,0,0,0,0,0,0,0,0,0,0,0,0,0,0,173,252,233,30,0,0,0,0,21,20,82,0,0,0,0,0,0,0,0,0,0,0,0,0,0,0,0,123,254,233,41,0,0,0,51,233,254,253,254,253,234,30,0,0,0,0,0,0,0,0,0,0,0,0,82,243,233,50,0,0,0,82,233,252,253,252,253,252,253,131,0,0,0,0,0,0,0,0,0,0,0,0,152,253,203,0,0,0,0,102,254,233,142,102,163,243,255,151,0,0,0,0,0,0,0,0,0,0,0,0,152,252,203,0,0,0,0,102,253,111,0,0,0,203,253,151,0,0,0,0,0,0,0,0,0,0,0,0,153,253,234,71,21,0,0,82,234,30,0,41,113,233,244,40,0,0,0,0,0,0,0,0,0,0,0,0,112,252,253,252,223,122,142,142,253,212,203,243,253,212,81,0,0,0,0,0,0,0,0,0,0,0,0,0,21,142,214,253,255,253,255,253,255,253,255,253,142,61,0,0,0,0,0,0,0,0,0,0,0,0,0,0,0,0,10,50,151,192,151,232,151,151,151,70,0,0,0,0,0,0,0,0,0,0,0,0,0,0,0,0,0,0,0,0,0,0,0,0,0,0,0,0,0,0,0,0,0,0,0,0,0,0,0,0,0,0,0,0,0,0,0,0,0,0,0,0,0,0,0,0,0,0,0,0,0,0,0,0,0,0,0,0,0,0,0,0,0,0,0,0,0,0,0,0,0,0,0,0,0,0,0,0,0,0,0,0,0,0,0,0,0,0,0,0,0,0,0,0,0,0,0,0,0,0,0,0,0,0,0,0,0,0,0,0,0,0,0,0,0,0,0,0,0,0,0,0,0,0,0,0,0,0,0,0,0,0,0,0,0,0,0,0,0,0,0,0,0,0,0,0,0,0,0,0,0,0,0,0,0,0,0,0,0,0,0,0,0,0,0,0,0,0,0,0,0,0,0,0,0,0,0,0,0,0,0,0,0,0,0,0,0,0,0,0,0,0,0,0,0
7,0,0,0,0,0,0,0,0,0,0,0,0,0,0,0,0,0,0,0,0,0,0,0,0,0,0,0,0,0,0,0,0,0,0,0,0,0,0,0,0,0,0,0,0,0,0,0,0,0,0,0,0,0,0,0,0,0,0,0,0,0,0,0,0,0,0,0,0,0,0,0,0,0,0,0,0,0,0,0,0,0,0,0,0,0,0,0,0,0,0,0,0,0,0,0,0,0,0,0,0,0,0,0,0,0,0,0,0,0,0,0,0,0,0,0,0,0,0,0,0,0,0,0,0,0,0,0,0,0,0,0,0,0,0,0,0,0,0,0,0,0,0,0,0,0,0,0,0,0,0,0,0,0,0,0,0,0,0,0,0,0,0,0,0,0,0,0,0,0,0,0,0,0,0,0,0,0,0,0,0,0,0,0,0,0,0,0,0,0,0,0,0,0,0,0,0,0,0,0,0,0,0,0,0,0,0,0,0,0,0,0,0,0,17,206,246,119,0,0,0,0,0,0,0,0,0,0,0,0,0,0,0,0,0,0,0,0,0,86,119,138,250,255,255,247,55,0,0,0,0,0,0,0,0,0,0,0,0,0,44,226,243,243,243,243,243,251,254,254,254,254,254,242,6,0,0,0,0,0,0,0,0,0,0,0,0,98,230,254,254,254,254,254,254,254,254,254,254,254,254,187,0,0,0,0,0,0,0,0,0,0,0,0,44,243,254,254,254,254,254,254,254,254,254,254,254,254,247,68,0,0,0,0,0,0,0,0,0,0,0,0,226,254,254,254,254,254,254,183,162,162,179,254,254,254,235,0,0,0,0,0,0,0,0,0,0,0,0,101,253,254,254,254,226,169,65,9,0,0,91,254,254,254,235,0,0,0,0,0,0,0,0,0,0,0,0,119,254,254,254,254,62,0,0,0,0,0,177,254,254,254,194,0,0,0,0,0,0,0,0,0,0,0,0,119,254,254,254,181,8,0,0,0,0,0,177,254,254,254,104,0,0,0,0,0,0,0,0,0,0,0,0,88,251,254,229,54,0,0,0,0,0,41,237,254,254,234,24,0,0,0,0,0,0,0,0,0,0,0,0,0,62,65,40,0,0,0,0,0,0,53,254,254,254,228,0,0,0,0,0,0,0,0,0,0,0,0,0,0,0,0,0,0,0,0,0,0,0,80,254,254,254,133,0,0,0,0,0,0,0,0,0,0,0,0,0,0,0,0,0,0,0,0,0,0,0,184,255,254,254,98,0,0,0,0,0,0,0,0,0,0,0,0,0,0,0,0,0,0,0,0,0,0,40,231,254,254,254,98,0,0,0,0,0,0,0,0,0,0,0,0,0,0,0,0,0,0,0,0,0,0,60,254,254,254,254,98,0,0,0,0,0,0,0,0,0,0,0,0,0,0,0,0,0,0,0,0,0,0,60,254,255,254,234,38,0,0,0,0,0,0,0,0,0,0,0,0,0,0,0,0,0,0,0,0,0,0,60,254,255,254,222,0,0,0,0,0,0,0,0,0,0,0,0,0,0,0,0,0,0,0,0,0,0,0,60,254,254,254,215,0,0,0,0,0,0,0,0,0,0,0,0,0,0,0,0,0,0,0,0,0,0,0,60,254,255,253,89,0,0,0,0,0,0,0,0,0,0,0,0,0,0,0,0,0,0,0,0,0,0,0,29,218,255,215,0,0,0,0,0,0,0,0,0,0,0,0,0,0,0,0,0,0,0,0,0,0,0,0,0,0,0,0,0,0,0,0,0,0,0,0,0,0,0
7,0,0,0,0,0,0,0,0,0,0,0,0,0,0,0,0,0,0,0,0,0,0,0,0,0,0,0,0,0,0,0,0,0,0,0,0,0,0,0,0,0,0,0,0,0,0,0,0,0,0,0,0,0,0,0,0,0,0,0,0,0,0,0,0,0,0,0,0,0,0,0,0,0,0,0,0,0,0,0,0,0,0,0,0,0,0,0,0,0,0,0,0,0,0,0,0,0,0,0,0,0,0,0,0,0,0,0,0,0,0,0,0,0,0,0,0,0,0,0,0,0,0,0,0,0,0,0,0,0,0,0,0,0,0,0,0,0,0,0,0,0,0,0,0,0,0,0,0,0,0,0,0,0,0,0,0,0,0,0,0,0,0,0,0,0,0,0,0,0,0,0,0,0,145,253,253,80,0,0,0,0,0,0,0,0,0,0,0,0,0,0,0,0,0,0,0,0,0,0,0,0,232,252,252,211,0,0,0,0,0,0,0,0,36,85,57,0,0,0,0,0,0,0,0,0,0,0,0,0,125,245,252,250,197,30,22,22,22,22,22,92,223,253,246,19,0,0,0,0,0,0,0,0,0,0,0,0,0,83,242,253,252,252,252,252,253,252,252,252,252,253,252,21,0,0,0,0,0,0,0,0,0,0,0,0,0,0,35,165,252,252,252,252,253,252,252,252,252,253,252,21,0,0,0,0,0,0,0,0,0,0,0,0,0,0,0,18,141,211,211,229,219,222,211,140,185,254,253,109,0,0,0,0,0,0,0,0,0,0,0,0,0,0,0,0,0,0,0,27,11,16,0,0,211,253,252,21,0,0,0,0,0,0,0,0,0,0,0,0,0,0,0,0,0,0,0,0,0,0,0,112,249,253,252,21,0,0,0,0,0,0,0,0,0,0,0,0,0,0,0,0,0,0,0,0,0,0,0,169,252,253,231,16,0,0,0,0,0,0,0,0,0,0,0,0,0,0,0,0,0,0,0,0,0,0,0,169,252,253,168,0,0,0,0,0,0,0,0,0,0,0,0,0,0,0,0,0,0,0,0,0,0,0,13,218,253,255,151,0,0,0,0,0,0,0,0,0,0,0,0,0,0,0,0,0,0,0,0,0,0,0,22,252,252,222,16,0,0,0,0,0,0,0,0,0,0,0,0,0,0,0,0,0,0,0,0,0,0,0,171,252,252,202,0,0,0,0,0,0,0,0,0,0,0,0,0,0,0,0,0,0,0,0,0,0,0,22,237,252,252,106,0,0,0,0,0,0,0,0,0,0,0,0,0,0,0,0,0,0,0,0,0,0,0,85,252,252,252,18,0,0,0,0,0,0,0,0,0,0,0,0,0,0,0,0,0,0,0,0,0,0,0,146,253,253,147,0,0,0,0,0,0,0,0,0,0,0,0,0,0,0,0,0,0,0,0,0,0,0,32,237,252,252,112,0,0,0,0,0,0,0,0,0,0,0,0,0,0,0,0,0,0,0,0,0,0,0,96,252,252,247,38,0,0,0,0,0,0,0,0,0,0,0,0,0,0,0,0,0,0,0,0,0,0,0,148,252,252,119,0,0,0,0,0,0,0,0,0,0,0,0,0,0,0,0,0,0,0,0,0,0,0,0,60,252,244,49,0,0,0,0,0,0,0,0,0,0,0,0,0,0,0,0,0,0,0,0,0,0,0,0,0,0,0,0,0,0,0,0,0,0,0,0,0,0,0,0,0,0,0,0,0,0,0,0,0,0,0,0,0,0,0,0,0,0,0,0,0,0,0,0,0,0,0
7,0,0,0,0,0,0,0,0,0,0,0,0,0,0,0,0,0,0,0,0,0,0,0,0,0,0,0,0,0,0,0,0,0,0,0,0,0,0,0,0,0,0,0,0,0,0,0,0,0,0,0,0,0,0,0,0,0,0,0,0,0,0,0,0,0,0,0,0,0,0,0,0,0,0,0,0,0,0,0,0,0,0,0,0,0,0,0,0,0,0,0,0,0,0,0,0,0,0,0,0,0,0,0,0,0,0,0,0,0,0,0,0,0,0,0,0,0,0,0,0,0,0,0,0,0,0,0,0,0,0,0,0,0,0,0,0,0,0,0,0,0,0,0,0,0,0,0,0,0,0,0,0,0,0,0,0,0,0,0,0,0,0,0,0,0,0,0,0,0,0,0,0,0,0,0,0,0,0,0,0,0,0,0,0,0,0,0,0,0,0,0,0,0,0,0,0,0,0,0,3,121,155,155,155,155,171,178,155,75,21,0,0,0,0,0,0,0,0,0,0,0,0,0,0,0,0,0,50,251,250,244,233,178,244,244,250,254,227,120,4,0,0,0,0,0,0,0,0,0,0,0,0,0,0,0,0,59,48,0,0,0,0,0,53,130,205,254,195,45,0,0,0,0,0,0,0,0,0,0,0,0,0,0,0,0,0,0,0,0,0,0,0,0,9,126,240,228,44,0,0,0,0,0,0,0,0,0,0,0,0,0,0,0,0,0,0,0,0,0,0,0,0,0,22,205,230,14,0,0,0,0,0,0,0,0,0,0,0,0,0,0,0,0,0,0,0,0,0,0,0,0,0,22,216,165,8,0,0,0,0,0,0,0,0,0,0,0,0,0,0,0,0,0,0,0,0,0,0,0,0,0,147,254,137,0,0,0,0,0,0,0,0,0,0,0,0,0,0,0,0,0,0,0,0,0,0,0,0,0,37,228,164,0,0,0,0,0,0,0,0,0,0,0,0,0,0,0,0,0,0,0,0,0,0,0,0,0,0,135,234,7,0,0,0,0,0,0,0,0,0,0,0,0,0,0,0,0,0,0,0,0,0,0,0,0,0,116,254,108,0,0,0,0,0,0,0,0,0,0,0,0,0,0,0,0,0,0,0,0,0,0,0,0,0,36,254,110,0,0,0,0,0,0,0,0,0,0,0,0,0,0,0,0,0,0,0,0,0,0,0,0,0,99,254,110,0,0,0,0,0,0,0,0,0,0,0,0,0,0,0,0,0,0,0,0,0,0,0,0,0,135,254,25,0,0,0,0,0,0,0,0,0,0,0,0,0,0,0,0,0,0,0,0,0,0,0,0,0,163,194,3,0,0,0,0,0,0,0,0,0,0,0,0,0,0,0,0,0,0,0,0,0,0,0,0,50,245,154,0,0,0,0,0,0,0,0,0,0,0,0,0,0,0,0,0,0,0,0,0,0,0,0,8,204,230,19,0,0,0,0,0,0,0,0,0,0,0,0,0,0,0,0,0,0,0,0,0,0,0,0,131,254,127,0,0,0,0,0,0,0,0,0,0,0,0,0,0,0,0,0,0,0,0,0,0,0,0,89,247,190,38,0,0,0,0,0,0,0,0,0,0,0,0,0,0,0,0,0,0,0,0,0,0,0,90,252,155,3,0,0,0,0,0,0,0,0,0,0,0,0,0,0,0,0,0,0,0,0,0,0,0,48,246,227,18,0,0,0,0,0,0,0,0,0,0,0,0,0,0,0,0,0,0,0,0,0,0,0,0,0,0,0,0,0,0,0,0,0,0,0,0,0,0,0
2,0,0,0,0,0,0,0,0,0,0,0,0,0,0,0,0,0,0,0,0,0,0,0,0,0,0,0,0,0,0,0,0,0,0,0,0,0,0,0,0,0,0,0,0,0,0,0,0,0,0,0,0,0,0,0,0,0,0,0,0,0,0,0,0,0,0,0,0,0,0,0,0,0,0,0,0,0,0,0,0,0,0,0,0,0,0,0,0,0,0,0,0,0,0,0,0,0,0,6,18,126,197,255,254,79,0,0,0,0,0,0,0,0,0,0,0,0,0,0,0,0,0,0,0,6,64,184,253,253,253,237,253,228,32,0,0,0,0,0,0,0,0,0,0,0,0,0,0,0,0,0,42,185,253,253,253,205,85,64,253,253,132,0,0,0,0,0,0,0,0,0,0,0,0,0,0,0,0,35,173,242,182,92,65,6,0,30,253,253,83,0,0,0,0,0,0,0,0,0,0,0,0,0,0,0,0,125,234,39,0,0,0,0,0,30,253,253,53,0,0,0,0,0,0,0,0,0,0,0,0,0,0,0,0,73,78,0,0,0,0,0,0,30,253,226,31,0,0,0,0,0,0,0,0,0,0,0,0,0,0,0,0,0,0,0,0,0,0,0,1,145,253,185,0,0,0,0,0,0,0,0,0,0,0,0,0,0,0,0,0,0,0,0,0,0,0,0,23,253,253,70,0,0,0,0,0,0,0,0,0,0,0,0,0,0,0,0,0,0,0,0,0,0,0,0,149,253,223,26,0,0,0,0,0,0,0,0,0,0,0,0,0,0,0,0,0,0,0,0,0,0,0,107,252,246,103,0,0,0,0,0,0,0,0,0,0,0,0,0,0,0,0,0,0,0,0,0,0,0,0,231,253,188,0,0,0,0,0,0,0,0,0,0,0,0,0,0,0,0,0,0,0,0,0,0,0,0,125,250,249,67,0,0,0,0,0,0,0,0,0,0,0,0,0,0,0,0,0,0,0,0,0,0,0,71,250,253,133,0,0,0,0,0,0,0,0,0,0,0,0,0,0,0,0,0,0,52,130,244,182,112,40,223,253,248,7,0,0,0,0,0,0,0,0,0,0,0,0,0,0,0,0,0,42,234,253,239,253,253,253,253,253,141,0,0,0,0,0,0,0,0,0,0,0,0,0,0,0,0,0,0,148,253,107,128,253,253,253,253,253,162,1,0,0,0,0,0,0,0,0,0,0,0,0,0,0,0,0,14,206,189,8,155,253,253,253,253,253,253,91,0,0,0,0,0,0,0,0,0,0,0,0,0,0,0,0,147,253,235,201,251,253,253,253,253,253,253,166,35,0,0,0,0,0,0,0,0,0,0,0,0,0,0,0,171,253,253,253,251,141,35,63,183,253,253,253,233,219,188,68,0,0,0,0,0,0,0,0,0,0,0,0,92,223,253,148,77,0,0,0,6,17,125,196,253,253,223,91,0,0,0,0,0,0,0,0,0,0,0,0,0,0,0,0,0,0,0,0,0,0,0,0,0,0,0,0,0,0,0,0,0,0,0,0,0,0,0,0,0,0,0,0,0,0,0,0,0,0,0,0,0,0,0,0,0,0,0,0,0,0,0,0,0,0,0,0,0,0,0,0,0,0,0,0,0,0,0,0,0,0,0,0,0,0,0,0,0,0,0,0,0,0,0,0,0,0,0,0,0,0,0,0,0,0,0,0,0,0,0,0,0,0,0,0,0,0,0,0,0,0,0,0,0,0,0,0,0,0,0,0,0,0,0,0,0,0,0,0,0,0,0,0,0,0
3,0,0,0,0,0,0,0,0,0,0,0,0,0,0,0,0,0,0,0,0,0,0,0,0,0,0,0,0,0,0,0,0,0,0,0,0,0,0,0,0,0,0,0,0,0,0,0,0,0,0,0,0,0,0,0,0,0,0,0,0,0,0,0,0,0,0,0,0,0,0,0,0,0,0,0,0,0,0,0,0,0,0,0,0,0,0,0,0,0,0,0,0,0,0,0,0,0,0,0,0,0,0,0,0,0,0,0,0,0,0,0,0,0,0,0,0,0,47,254,254,136,70,13,0,0,0,0,0,0,0,0,0,0,0,0,0,0,0,0,0,0,0,0,0,0,47,253,253,254,253,234,163,114,47,9,0,0,0,0,0,0,0,0,0,0,0,0,0,0,0,0,0,0,42,249,253,254,253,253,253,254,253,215,140,116,61,0,0,0,0,0,0,0,0,0,0,0,0,0,0,0,0,74,219,254,253,253,253,254,253,253,253,254,240,101,0,0,0,0,0,0,0,0,0,0,0,0,0,0,0,0,0,0,168,184,235,229,254,254,254,254,254,245,44,0,0,0,0,0,0,0,0,0,0,0,0,0,0,0,0,0,0,0,17,15,40,144,253,254,253,253,152,0,0,0,0,0,0,0,0,0,0,0,0,0,0,0,0,0,0,0,0,83,132,228,253,254,253,251,79,0,0,0,0,0,0,0,0,0,0,0,0,0,0,0,0,0,0,0,34,254,253,253,253,254,253,162,0,0,0,0,0,0,0,0,0,0,0,0,0,0,0,0,0,0,0,0,127,254,254,254,254,254,220,38,0,0,0,0,0,0,0,0,0,0,0,0,0,0,0,0,0,0,0,0,42,237,253,253,253,254,253,234,105,0,0,0,0,0,0,0,0,0,0,0,0,0,0,0,0,0,0,0,0,55,104,96,46,71,154,240,253,125,3,0,0,0,0,0,0,0,0,0,0,0,0,0,0,0,0,0,0,0,0,0,0,0,0,40,228,254,23,0,0,0,0,0,0,0,0,0,0,0,0,0,0,0,0,0,0,0,0,0,0,0,0,0,93,255,82,0,0,0,0,0,0,0,0,0,0,0,0,0,0,0,0,0,0,0,0,0,0,0,0,0,110,254,173,9,0,0,0,0,0,0,0,0,0,0,0,0,0,0,0,0,0,0,0,0,0,0,5,74,240,254,215,9,0,0,0,0,0,0,0,0,0,0,0,119,151,0,0,0,0,0,0,0,0,85,197,253,253,254,106,0,0,0,0,0,0,0,0,0,0,0,47,254,254,229,178,211,161,162,161,203,254,255,254,254,254,127,9,0,0,0,0,0,0,0,0,0,0,0,5,161,253,254,253,253,253,254,253,253,253,254,253,232,139,0,0,0,0,0,0,0,0,0,0,0,0,0,0,30,137,237,253,253,253,254,253,253,253,239,162,25,0,0,0,0,0,0,0,0,0,0,0,0,0,0,0,0,0,19,69,144,228,254,253,211,94,25,0,0,0,0,0,0,0,0,0,0,0,0,0,0,0,0,0,0,0,0,0,0,0,0,0,0,0,0,0,0,0,0,0,0,0,0,0,0,0,0,0,0,0,0,0,0,0,0,0,0,0,0,0,0,0,0,0,0,0,0,0,0,0,0,0,0,0,0,0,0,0,0,0,0,0,0,0,0,0,0,0,0,0,0,0,0,0,0,0,0,0,0,0,0,0,0,0,0,0,0,0,0,0,0,0,0,0,0,0,0,0,0,0,0,0,0,0,0,0,0,0,0,0
7,0,0,0,0,0,0,0,0,0,0,0,0,0,0,0,0,0,0,0,0,0,0,0,0,0,0,0,0,0,0,0,0,0,0,0,0,0,0,0,0,0,0,0,0,0,0,0,0,0,0,0,0,0,0,0,0,0,0,0,0,0,0,0,0,0,0,0,0,0,0,0,0,0,0,0,0,0,0,0,0,0,0,0,0,0,0,0,0,0,0,0,0,0,0,0,0,0,0,0,0,0,0,0,0,0,0,0,0,0,0,0,0,0,0,0,0,0,0,0,0,0,0,0,0,0,0,0,0,0,0,0,0,0,0,0,0,0,0,0,0,0,0,0,0,0,0,0,0,0,0,0,0,0,0,0,0,0,0,0,0,0,0,0,0,0,0,0,0,0,0,0,0,0,0,0,0,0,0,0,0,0,0,0,0,0,0,0,0,0,0,0,0,0,0,0,0,0,0,16,29,19,0,0,0,0,0,0,0,0,0,0,0,0,0,0,0,0,0,0,0,0,0,0,0,0,0,216,252,224,169,170,169,169,119,108,57,57,57,0,0,0,0,0,0,0,0,0,0,0,0,0,0,0,0,253,252,252,252,253,252,252,252,253,252,252,252,198,197,197,197,86,85,19,0,0,0,0,0,0,0,0,0,103,252,252,252,253,252,252,252,253,252,252,252,253,252,252,252,253,252,193,13,0,0,0,0,0,0,0,0,0,26,113,113,226,225,225,250,239,244,253,253,255,253,253,253,255,253,253,28,0,0,0,0,0,0,0,0,0,0,0,0,0,0,0,75,38,56,84,84,197,196,196,221,253,252,252,28,0,0,0,0,0,0,0,0,0,0,0,0,0,0,0,0,0,0,0,0,0,0,0,113,253,252,186,6,0,0,0,0,0,0,0,0,0,0,0,0,0,0,0,0,0,0,0,0,0,0,0,113,253,252,168,0,0,0,0,0,0,0,0,0,0,0,0,0,0,0,0,0,0,0,0,0,0,0,0,114,254,253,168,0,0,0,0,0,0,0,0,0,0,0,0,0,0,0,0,0,0,0,0,0,0,0,0,113,253,252,187,7,0,0,0,0,0,0,0,0,0,0,0,0,0,0,0,0,0,0,0,0,0,0,0,113,253,252,224,19,0,0,0,0,0,0,0,0,0,0,0,0,0,0,0,0,0,0,0,0,0,0,0,113,253,252,168,0,0,0,0,0,0,0,0,0,0,0,0,0,0,0,0,0,0,0,0,0,0,0,0,0,254,253,178,4,0,0,0,0,0,0,0,0,0,0,0,0,0,0,0,0,0,0,0,0,0,0,0,0,253,252,252,28,0,0,0,0,0,0,0,0,0,0,0,0,0,0,0,0,0,0,0,0,0,0,0,0,253,252,252,116,0,0,0,0,0,0,0,0,0,0,0,0,0,0,0,0,0,0,0,0,0,0,0,0,253,252,252,190,0,0,0,0,0,0,0,0,0,0,0,0,0,0,0,0,0,0,0,0,0,0,0,0,254,253,253,253,0,0,0,0,0,0,0,0,0,0,0,0,0,0,0,0,0,0,0,0,0,0,0,0,228,252,252,227,0,0,0,0,0,0,0,0,0,0,0,0,0,0,0,0,0,0,0,0,0,0,0,0,104,252,252,103,0,0,0,0,0,0,0,0,0,0,0,0,0,0,0,0,0,0,0,0,0,0,0,0,4,28,28,3,0,0,0,0,0,0,0,0,0,0,0,0,0,0,0,0,0,0,0,0,0,0,0,0,0,0,0,0,0,0,0,0,0,0
3,0,0,0,0,0,0,0,0,0,0,0,0,0,0,0,0,0,0,0,0,0,0,0,0,0,0,0,0,0,0,0,0,0,0,0,0,0,0,0,0,0,0,0,0,0,0,0,0,0,0,0,0,0,0,0,0,0,0,0,0,0,0,0,0,0,0,0,0,0,0,0,0,0,0,0,0,0,0,0,0,0,0,0,0,0,0,0,0,0,0,0,0,0,0,0,0,0,0,0,0,0,0,0,0,0,0,0,0,0,0,0,0,0,0,0,0,0,0,0,0,0,0,0,0,0,0,0,0,0,0,0,0,0,0,0,0,0,0,0,0,0,0,0,0,0,0,0,0,0,0,0,0,0,0,0,0,0,0,0,0,0,0,0,0,0,0,0,0,0,0,0,0,0,0,0,20,146,227,254,254,254,254,255,215,137,38,24,0,0,0,0,0,0,0,0,0,0,0,0,0,0,0,0,114,253,253,253,253,253,253,253,253,253,253,227,184,111,13,0,0,0,0,0,0,0,0,0,0,0,0,0,63,204,248,243,139,139,139,94,139,195,248,250,253,253,183,5,0,0,0,0,0,0,0,0,0,0,0,0,0,0,0,0,0,0,0,0,0,0,0,75,249,253,253,113,0,0,0,0,0,0,0,0,0,0,0,0,0,0,0,0,0,0,0,0,30,91,189,241,253,253,220,31,0,0,0,0,0,0,0,0,0,0,0,0,0,0,0,10,120,156,227,227,237,253,253,253,231,107,16,0,0,0,0,0,0,0,0,0,0,0,0,0,0,0,0,120,253,253,253,253,253,208,179,97,4,0,0,0,0,0,0,0,0,0,0,0,0,0,0,0,0,0,0,79,220,253,253,230,77,4,0,0,0,0,0,0,0,0,0,0,0,0,0,0,0,0,0,0,0,0,0,0,34,166,245,253,198,15,0,0,0,0,0,0,0,0,0,0,0,0,0,0,0,0,0,0,0,0,0,0,0,0,52,234,253,151,42,0,0,0,0,0,0,0,0,0,0,0,0,0,0,0,0,0,0,0,0,0,0,0,0,58,195,253,215,18,0,0,0,0,0,0,0,0,0,0,0,0,0,0,0,0,0,0,0,0,0,0,0,0,93,253,253,48,0,0,0,0,0,0,0,0,0,0,0,0,0,0,0,0,0,0,0,0,0,0,0,0,32,243,253,48,0,0,0,0,0,0,0,0,0,0,0,0,0,0,0,0,0,0,0,0,0,0,0,0,36,244,253,48,0,0,0,0,0,0,0,0,0,0,0,0,0,0,0,0,0,0,0,0,0,0,2,51,224,253,196,2,0,0,0,0,0,0,0,0,0,0,0,0,0,0,0,0,0,0,28,0,0,23,124,253,253,248,99,0,0,0,0,0,0,0,0,0,0,0,0,0,0,0,0,0,0,81,194,11,20,201,253,253,253,141,0,0,0,0,0,0,0,0,0,0,0,0,0,0,0,0,0,0,66,252,253,203,250,253,253,246,97,3,0,0,0,0,0,0,0,0,0,0,0,0,0,0,0,0,0,0,84,253,253,253,253,253,189,98,0,0,0,0,0,0,0,0,0,0,0,0,0,0,0,0,0,0,0,0,4,210,253,253,186,62,3,0,0,0,0,0,0,0,0,0,0,0,0,0,0,0,0,0,0,0,0,0,0,0,0,0,0,0,0,0,0,0,0,0,0,0,0,0,0,0,0,0,0,0,0,0,0,0,0,0,0,0,0,0,0,0,0,0,0,0,0,0,0,0,0,0,0,0,0,0,0
1,0,0,0,0,0,0,0,0,0,0,0,0,0,0,0,0,0,0,0,0,0,0,0,0,0,0,0,0,0,0,0,0,0,0,0,0,0,0,0,0,0,0,0,0,0,0,0,0,0,0,0,0,0,0,0,0,0,0,0,0,0,0,0,0,0,0,0,0,0,0,0,0,0,0,0,0,0,0,0,0,0,0,0,0,0,0,0,0,0,0,0,0,0,0,0,0,0,0,0,0,0,0,0,0,0,0,0,0,0,0,0,0,0,0,0,0,0,0,0,0,0,0,0,0,0,0,0,0,0,0,0,0,0,0,0,0,0,0,0,0,0,0,0,0,0,0,0,0,0,0,0,143,219,93,0,0,0,0,0,0,0,0,0,0,0,0,0,0,0,0,0,0,0,0,0,0,0,0,0,210,254,253,64,0,0,0,0,0,0,0,0,0,0,0,0,0,0,0,0,0,0,0,0,0,0,0,0,152,254,254,189,0,0,0,0,0,0,0,0,0,0,0,0,0,0,0,0,0,0,0,0,0,0,0,0,47,233,254,220,30,0,0,0,0,0,0,0,0,0,0,0,0,0,0,0,0,0,0,0,0,0,0,0,0,203,254,254,71,0,0,0,0,0,0,0,0,0,0,0,0,0,0,0,0,0,0,0,0,0,0,0,0,203,254,254,71,0,0,0,0,0,0,0,0,0,0,0,0,0,0,0,0,0,0,0,0,0,0,0,0,203,254,254,71,0,0,0,0,0,0,0,0,0,0,0,0,0,0,0,0,0,0,0,0,0,0,0,0,96,254,254,71,0,0,0,0,0,0,0,0,0,0,0,0,0,0,0,0,0,0,0,0,0,0,0,0,73,254,254,71,0,0,0,0,0,0,0,0,0,0,0,0,0,0,0,0,0,0,0,0,0,0,0,0,73,255,254,71,0,0,0,0,0,0,0,0,0,0,0,0,0,0,0,0,0,0,0,0,0,0,0,0,19,211,254,102,0,0,0,0,0,0,0,0,0,0,0,0,0,0,0,0,0,0,0,0,0,0,0,0,0,197,254,202,0,0,0,0,0,0,0,0,0,0,0,0,0,0,0,0,0,0,0,0,0,0,0,0,0,197,254,202,0,0,0,0,0,0,0,0,0,0,0,0,0,0,0,0,0,0,0,0,0,0,0,0,0,197,254,210,12,0,0,0,0,0,0,0,0,0,0,0,0,0,0,0,0,0,0,0,0,0,0,0,0,180,254,254,78,0,0,0,0,0,0,0,0,0,0,0,0,0,0,0,0,0,0,0,0,0,0,0,0,66,254,254,78,0,0,0,0,0,0,0,0,0,0,0,0,0,0,0,0,0,0,0,0,0,0,0,0,66,254,254,78,0,0,0,0,0,0,0,0,0,0,0,0,0,0,0,0,0,0,0,0,0,0,0,0,66,254,254,78,0,0,0,0,0,0,0,0,0,0,0,0,0,0,0,0,0,0,0,0,0,0,0,0,65,249,254,145,0,0,0,0,0,0,0,0,0,0,0,0,0,0,0,0,0,0,0,0,0,0,0,0,0,60,227,38,0,0,0,0,0,0,0,0,0,0,0,0,0,0,0,0,0,0,0,0,0,0,0,0,0,0,0,0,0,0,0,0,0,0,0,0,0,0,0,0,0,0,0,0,0,0,0,0,0,0,0,0,0,0,0,0,0,0,0,0,0,0,0,0,0,0,0,0,0,0,0,0,0,0,0,0,0,0,0,0,0,0,0,0,0,0,0,0,0,0,0,0,0,0,0
9,0,0,0,0,0,0,0,0,0,0,0,0,0,0,0,0,0,0,0,0,0,0,0,0,0,0,0,0,0,0,0,0,0,0,0,0,0,0,0,0,0,0,0,0,0,0,0,0,0,0,0,0,0,0,0,0,0,0,0,0,0,0,0,0,0,0,0,0,0,0,0,0,0,0,0,0,0,0,0,0,0,0,0,0,0,0,0,0,0,0,0,0,0,0,0,0,0,0,0,0,0,0,0,0,0,0,0,0,0,0,0,0,0,0,0,0,0,0,0,0,0,0,0,0,0,0,0,0,0,0,0,0,0,0,0,0,0,0,0,0,0,0,0,0,0,0,0,0,0,0,0,0,0,0,0,0,0,0,0,0,0,0,0,0,0,0,0,0,0,0,0,0,0,0,0,0,0,0,0,0,0,0,0,0,0,0,0,0,0,0,0,0,0,0,0,0,0,0,0,0,0,0,0,0,0,0,0,0,37,80,163,255,234,118,16,0,0,0,0,0,0,0,0,0,0,0,0,0,0,0,0,0,0,0,0,103,231,253,253,254,253,253,138,0,0,0,0,0,0,0,0,0,0,0,0,0,0,0,0,0,0,0,121,250,253,253,253,254,253,253,231,36,0,0,0,0,0,0,0,0,0,0,0,0,0,0,0,0,0,40,254,253,253,232,112,113,245,253,253,72,0,0,0,0,0,0,0,0,0,0,0,0,0,0,0,0,7,181,254,253,162,16,0,27,242,253,246,46,0,0,0,0,0,0,0,0,0,0,0,0,0,0,0,0,19,254,255,215,11,0,0,131,247,254,176,47,0,0,0,0,0,0,0,0,0,0,0,0,0,0,0,8,102,253,254,253,192,145,177,254,253,253,253,194,0,33,0,0,0,0,0,0,0,0,0,0,0,0,0,6,107,158,254,253,253,253,253,254,253,253,146,23,0,0,0,0,0,0,0,0,0,0,0,0,0,0,0,0,0,0,106,238,253,253,253,254,253,185,12,0,0,0,0,0,0,0,0,0,0,0,0,0,0,0,0,0,0,0,0,16,149,233,253,254,253,127,0,0,0,0,0,0,0,0,0,0,0,0,0,0,0,0,0,0,0,0,0,0,0,0,0,255,254,127,0,0,0,0,0,0,0,0,0,0,0,0,0,0,0,0,0,0,0,0,0,0,0,0,20,254,253,127,0,0,0,0,0,0,0,0,0,0,0,0,0,0,0,0,0,0,0,0,0,0,0,0,13,254,253,127,0,0,0,0,0,0,0,0,0,0,0,0,0,0,0,0,0,0,0,0,0,0,0,0,72,254,253,127,0,0,0,0,0,0,0,0,0,0,0,0,0,0,0,0,0,0,0,0,0,0,0,0,124,254,253,127,0,0,0,0,0,0,0,0,0,0,0,0,0,0,0,0,0,0,0,0,0,0,0,0,182,255,254,36,0,0,0,0,0,0,0,0,0,0,0,0,0,0,0,0,0,0,0,0,0,0,0,0,181,254,253,36,0,0,0,0,0,0,0,0,0,0,0,0,0,0,0,0,0,0,0,0,0,0,0,0,181,254,253,36,0,0,0,0,0,0,0,0,0,0,0,0,0,0,0,0,0,0,0,0,0,0,0,0,181,254,229,21,0,0,0,0,0,0,0,0,0,0,0,0,0,0,0,0,0,0,0,0,0,0,0,0,117,254,133,0,0,0,0,0,0,0,0,0,0,0,0,0,0,0,0,0,0,0,0,0,0,0,0,0,0,0,0,0,0,0,0,0,0,0,0,0,0,0
3,0,0,0,0,0,0,0,0,0,0,0,0,0,0,0,0,0,0,0,0,0,0,0,0,0,0,0,0,0,0,0,0,0,0,0,0,0,0,0,0,0,0,0,0,0,0,0,0,0,0,0,0,0,0,0,0,0,0,0,0,0,0,0,0,0,0,0,0,0,0,0,0,0,0,0,0,0,0,0,0,0,0,0,0,0,0,0,0,0,0,0,0,0,0,0,0,0,0,0,0,0,0,0,0,0,0,0,0,0,0,0,0,0,0,0,0,0,0,0,0,0,0,0,0,0,0,0,0,0,0,0,0,0,0,0,0,0,0,0,0,0,0,0,0,0,0,0,0,0,0,0,0,0,0,67,149,159,222,254,254,156,3,0,0,0,0,0,0,0,0,0,0,0,0,0,0,0,3,70,152,225,225,254,253,253,253,253,253,253,93,0,0,0,0,0,0,0,0,0,0,0,0,0,0,0,130,253,253,253,253,244,243,205,149,207,253,253,103,0,0,0,0,0,0,0,0,0,0,0,0,0,0,0,207,227,177,132,84,0,0,0,0,204,253,227,38,0,0,0,0,0,0,0,0,0,0,0,0,0,0,0,120,168,0,0,0,0,0,0,157,251,253,168,0,0,0,0,0,0,0,0,0,0,0,0,0,0,0,0,63,59,0,0,0,0,0,57,237,253,244,86,0,0,0,0,0,0,0,0,0,0,0,0,0,0,0,0,0,0,0,0,0,0,59,236,253,253,109,0,0,0,0,0,0,0,0,0,0,0,0,0,0,0,0,0,0,0,0,0,0,175,249,253,236,92,2,0,0,0,0,0,0,0,0,0,0,0,0,0,0,0,0,0,0,0,0,25,157,254,253,238,57,0,0,0,0,0,0,0,0,0,0,0,0,0,0,0,0,0,0,0,0,0,77,219,253,254,239,60,0,0,0,0,0,0,0,0,0,0,0,0,0,0,0,0,0,0,0,0,5,98,250,254,254,255,52,0,0,0,0,0,0,0,0,0,0,0,0,0,0,0,0,0,0,0,0,0,151,253,253,253,253,254,224,29,0,0,0,0,0,0,0,0,0,0,0,0,0,0,0,0,0,0,0,0,165,253,244,163,184,254,253,132,0,0,0,0,0,0,0,0,0,0,0,0,0,0,0,0,0,0,0,0,7,84,3,0,0,254,253,243,0,0,0,0,0,0,0,0,0,0,0,0,0,0,0,0,0,0,0,0,0,0,0,0,70,254,253,226,0,0,0,0,0,0,0,0,0,0,0,0,0,0,0,0,0,0,0,0,0,0,0,31,241,254,253,108,0,0,0,0,0,0,0,0,0,0,0,0,0,0,0,0,0,0,0,0,0,29,85,201,253,254,195,17,0,0,0,0,0,0,0,0,0,0,0,0,0,0,0,0,0,3,120,203,209,247,253,253,253,172,15,0,0,0,0,0,0,0,0,0,0,0,0,0,0,0,0,0,0,55,253,253,253,253,246,179,61,0,0,0,0,0,0,0,0,0,0,0,0,0,0,0,0,0,0,0,0,31,221,235,159,159,54,0,0,0,0,0,0,0,0,0,0,0,0,0,0,0,0,0,0,0,0,0,0,0,0,0,0,0,0,0,0,0,0,0,0,0,0,0,0,0,0,0,0,0,0,0,0,0,0,0,0,0,0,0,0,0,0,0,0,0,0,0,0,0,0,0,0,0,0,0,0,0,0,0,0,0,0,0,0,0,0,0,0,0,0,0,0,0,0,0,0,0,0,0,0,0,0,0,0,0,0
7,0,0,0,0,0,0,0,0,0,0,0,0,0,0,0,0,0,0,0,0,0,0,0,0,0,0,0,0,0,0,0,0,0,0,0,0,0,0,0,0,0,0,0,0,0,0,0,0,0,0,0,0,0,0,0,0,0,0,0,0,0,0,0,0,0,0,0,0,0,0,0,0,0,0,0,0,0,0,0,0,0,0,0,0,0,0,0,0,0,0,0,0,0,0,0,0,0,0,0,0,0,0,0,0,0,0,0,0,0,0,0,0,0,0,0,0,0,0,0,0,0,0,0,0,0,0,0,0,0,0,0,0,0,0,0,0,0,0,0,0,0,0,0,0,0,0,0,0,0,0,0,0,0,0,0,0,0,0,0,0,0,0,0,0,0,0,0,0,0,0,0,0,0,0,0,34,56,121,155,155,155,83,56,13,0,0,0,0,0,0,0,0,0,0,0,0,0,0,0,0,0,0,0,238,254,254,246,215,235,244,254,221,93,6,0,0,0,0,0,0,0,0,0,0,0,0,0,0,0,0,0,90,90,90,12,0,0,0,85,166,253,216,50,0,0,0,0,0,0,0,0,0,0,0,0,0,0,0,0,0,0,0,0,0,0,0,0,0,250,244,64,0,0,0,0,0,0,0,0,0,0,0,0,0,0,0,0,0,0,0,0,0,0,0,0,96,253,81,0,0,0,0,0,0,0,0,0,0,0,0,0,0,0,0,0,0,0,0,0,0,0,0,33,226,197,5,0,0,0,0,0,0,0,0,0,0,0,0,0,0,0,0,0,0,0,82,138,27,0,0,213,254,105,0,0,0,0,0,0,0,0,0,0,0,0,0,0,0,0,0,0,0,0,111,254,215,85,63,248,202,8,0,0,0,0,0,0,0,0,0,0,0,0,0,0,0,0,0,0,0,0,16,115,254,248,238,239,61,0,0,0,0,0,0,0,0,0,0,0,0,0,0,0,0,0,0,0,0,0,0,1,118,254,254,183,32,0,0,0,0,0,0,0,0,0,0,0,0,0,0,0,0,0,0,0,0,0,0,0,76,254,253,254,236,186,106,82,90,39,6,6,6,4,0,0,0,0,0,0,0,0,0,0,0,0,0,0,138,247,91,90,171,230,254,254,254,254,254,254,254,221,160,122,0,0,0,0,0,0,0,0,0,0,0,63,242,218,0,0,0,24,42,139,139,139,91,111,47,75,43,40,0,0,0,0,0,0,0,0,0,0,0,121,254,125,0,0,0,0,0,0,0,0,0,0,0,0,0,0,0,0,0,0,0,0,0,0,0,0,33,226,247,34,0,0,0,0,0,0,0,0,0,0,0,0,0,0,0,0,0,0,0,0,0,0,0,0,136,254,179,0,0,0,0,0,0,0,0,0,0,0,0,0,0,0,0,0,0,0,0,0,0,0,0,0,165,252,116,0,0,0,0,0,0,0,0,0,0,0,0,0,0,0,0,0,0,0,0,0,0,0,0,4,197,159,0,0,0,0,0,0,0,0,0,0,0,0,0,0,0,0,0,0,0,0,0,0,0,0,0,5,192,72,0,0,0,0,0,0,0,0,0,0,0,0,0,0,0,0,0,0,0,0,0,0,0,0,0,0,22,0,0,0,0,0,0,0,0,0,0,0,0,0,0,0,0,0,0,0,0,0,0,0,0,0,0,0,0,0,0,0,0,0,0,0,0,0,0,0,0,0,0,0,0,0,0,0,0,0,0,0,0,0,0,0,0,0,0,0,0,0,0,0,0,0,0,0,0,0,0,0,0,0,0
5,0,0,0,0,0,0,0,0,0,0,0,0,0,0,0,0,0,0,0,0,0,0,0,0,0,0,0,0,0,0,0,0,0,0,0,0,0,0,0,0,0,0,0,0,0,0,0,0,0,0,0,0,0,0,0,0,0,0,0,0,0,0,0,0,0,0,0,0,0,0,0,0,0,0,0,0,0,0,0,0,0,0,0,0,0,0,0,0,0,0,0,0,0,0,0,0,0,0,0,0,0,0,0,0,0,0,0,0,0,0,0,0,0,0,0,0,0,0,0,0,0,0,0,0,0,0,0,0,0,0,0,0,0,0,0,0,0,0,0,0,0,0,0,0,0,0,0,0,0,0,0,0,0,0,0,0,0,0,0,0,0,0,0,0,0,0,0,0,0,0,0,0,0,0,0,0,0,0,0,0,0,0,0,0,0,0,0,0,0,0,0,0,0,0,0,0,0,0,0,0,0,0,0,0,0,0,0,13,143,158,155,71,0,0,0,0,0,0,0,0,0,0,0,0,0,0,0,0,0,0,0,0,0,0,0,136,250,254,254,254,238,237,185,149,149,149,149,149,146,19,0,0,0,0,0,0,0,0,0,0,0,0,0,180,254,254,254,254,255,254,254,254,254,254,254,254,254,206,0,0,0,0,0,0,0,0,0,0,0,0,115,248,254,168,92,123,123,176,210,179,210,210,210,210,176,123,0,0,0,0,0,0,0,0,0,0,0,8,209,254,238,68,0,0,0,0,0,0,0,0,0,0,0,0,0,0,0,0,0,0,0,0,0,0,0,53,254,254,151,63,84,84,57,80,0,0,0,0,0,0,0,0,0,0,0,0,0,0,0,0,0,0,0,80,251,254,254,254,254,254,254,237,86,0,0,0,0,0,0,0,0,0,0,0,0,0,0,0,0,0,0,0,186,254,254,253,245,245,251,254,162,0,0,0,0,0,0,0,0,0,0,0,0,0,0,0,0,0,0,0,41,79,79,73,0,0,136,254,183,9,0,0,0,0,0,0,0,0,0,0,0,0,0,0,0,0,0,0,0,0,0,0,0,0,110,254,233,17,0,0,0,0,0,0,0,0,0,0,0,0,0,0,0,0,0,0,0,0,0,0,3,101,249,254,116,1,0,0,0,0,0,0,0,0,0,0,0,0,0,0,0,0,0,0,0,0,0,32,153,254,254,136,2,0,0,0,0,0,0,0,0,0,0,0,0,0,0,0,0,0,0,0,0,0,42,197,254,235,147,10,0,0,0,0,0,0,0,0,0,0,0,0,0,0,0,0,162,108,19,0,0,80,229,254,237,137,0,0,0,0,0,0,0,0,0,0,0,0,0,0,0,0,0,0,212,254,228,180,211,246,254,172,82,0,0,0,0,0,0,0,0,0,0,0,0,0,0,0,0,0,0,0,157,254,254,254,254,241,119,31,0,0,0,0,0,0,0,0,0,0,0,0,0,0,0,0,0,0,0,0,19,139,246,244,190,77,0,0,0,0,0,0,0,0,0,0,0,0,0,0,0,0,0,0,0,0,0,0,0,0,41,32,0,0,0,0,0,0,0,0,0,0,0,0,0,0,0,0,0,0,0,0,0,0,0,0,0,0,0,0,0,0,0,0,0,0,0,0,0,0,0,0,0,0,0,0,0,0,0,0,0,0,0,0,0,0,0,0,0,0,0,0,0,0,0,0,0,0,0,0,0,0,0,0,0,0,0,0,0,0,0,0,0,0,0,0,0,0,0,0,0,0,0,0,0,0,0,0,0,0,0,0,0,0
0,0,0,0,0,0,0,0,0,0,0,0,0,0,0,0,0,0,0,0,0,0,0,0,0,0,0,0,0,0,0,0,0,0,0,0,0,0,0,0,0,0,0,0,0,0,0,0,0,0,0,0,0,0,0,0,0,0,0,0,0,0,0,0,0,0,0,0,0,0,0,0,0,0,0,0,0,0,0,0,0,0,0,0,0,0,0,0,0,0,0,0,0,0,0,0,0,0,0,0,0,0,0,0,0,0,0,0,0,0,0,0,0,0,0,0,0,0,0,0,0,0,0,0,0,21,116,144,207,254,254,245,50,0,0,0,0,0,0,0,0,0,0,0,0,0,0,0,0,0,0,0,115,224,253,253,254,207,213,253,179,15,0,0,0,0,0,0,0,0,0,0,0,0,0,0,0,0,66,186,250,253,223,154,44,14,17,111,164,10,0,0,0,0,0,0,0,0,0,0,0,0,0,0,0,70,212,253,243,144,7,0,0,170,200,26,4,0,0,0,0,0,0,0,0,0,0,0,0,0,0,0,22,207,253,234,55,0,0,0,0,177,253,246,94,12,0,0,0,0,0,0,0,0,0,0,0,0,0,0,186,253,234,60,0,0,0,0,0,116,238,253,253,55,0,0,0,0,0,0,0,0,0,0,0,0,0,32,231,253,145,0,0,0,0,0,0,0,62,244,253,237,73,0,0,0,0,0,0,0,0,0,0,0,0,134,253,240,35,0,0,0,0,0,0,0,0,66,253,253,201,18,0,0,0,0,0,0,0,0,0,0,25,234,253,149,0,0,0,0,0,0,0,0,0,6,107,253,253,180,0,0,0,0,0,0,0,0,0,0,34,253,253,121,0,0,0,0,0,0,0,0,0,0,8,206,253,228,29,0,0,0,0,0,0,0,0,0,34,254,254,122,0,0,0,0,0,0,0,0,0,0,0,39,243,255,128,0,0,0,0,0,0,0,0,0,34,253,253,121,0,0,0,0,0,0,0,0,0,0,0,0,155,253,196,9,0,0,0,0,0,0,0,0,34,253,253,121,0,0,0,0,0,0,0,0,0,0,0,0,122,253,223,20,0,0,0,0,0,0,0,0,34,253,253,178,0,0,0,0,0,0,0,0,0,0,0,0,131,253,176,0,0,0,0,0,0,0,0,0,12,203,253,236,20,0,0,0,0,0,0,0,0,0,0,83,246,244,90,0,0,0,0,0,0,0,0,0,0,91,253,253,174,0,0,0,0,0,0,0,0,8,113,242,253,170,0,0,0,0,0,0,0,0,0,0,0,35,233,253,249,145,15,0,0,0,0,8,55,181,253,253,190,9,0,0,0,0,0,0,0,0,0,0,0,0,191,253,253,253,206,155,73,93,155,224,253,253,253,180,52,0,0,0,0,0,0,0,0,0,0,0,0,0,26,212,253,253,253,253,253,253,254,253,253,179,104,14,0,0,0,0,0,0,0,0,0,0,0,0,0,0,0,17,57,143,244,253,253,253,192,114,33,2,0,0,0,0,0,0,0,0,0,0,0,0,0,0,0,0,0,0,0,0,0,0,0,0,0,0,0,0,0,0,0,0,0,0,0,0,0,0,0,0,0,0,0,0,0,0,0,0,0,0,0,0,0,0,0,0,0,0,0,0,0,0,0,0,0,0,0,0,0,0,0,0,0,0,0,0,0,0,0,0,0,0,0,0,0,0,0,0,0,0,0,0,0,0,0,0,0,0,0,0,0,0,0,0,0,0,0,0,0,0,0,0,0,0,0,0,0,0,0,0,0
6,0,0,0,0,0,0,0,0,0,0,0,0,0,0,0,0,0,0,0,0,0,0,0,0,0,0,0,0,0,0,0,0,0,0,0,0,0,0,0,0,0,0,0,0,0,0,0,0,0,0,0,0,0,0,0,0,0,0,0,0,0,0,0,0,0,0,0,0,0,0,0,0,0,0,0,0,0,0,0,0,0,0,0,0,0,0,0,0,0,0,0,0,0,0,0,0,0,0,0,0,0,6,186,246,141,0,0,0,0,0,0,0,0,0,0,0,0,0,0,0,0,0,0,0,0,0,0,0,5,184,219,56,7,0,0,0,0,0,0,0,0,0,0,0,0,0,0,0,0,0,0,0,0,0,0,3,165,201,31,0,0,0,0,0,0,0,0,0,0,0,0,0,0,0,0,0,0,0,0,0,0,0,0,123,245,51,0,0,0,0,0,0,0,0,0,0,0,0,0,0,0,0,0,0,0,0,0,0,0,0,37,251,131,0,0,0,0,0,0,0,0,0,0,0,0,0,0,0,0,0,0,0,0,0,0,0,0,0,160,229,12,0,0,0,0,0,0,0,0,0,0,0,0,0,0,0,0,0,0,0,0,0,0,0,0,102,250,96,0,0,0,0,0,0,0,0,0,0,0,0,0,0,0,0,0,0,0,0,0,0,0,0,32,233,158,5,0,0,0,0,0,0,0,0,0,0,0,0,0,0,0,0,0,0,0,0,0,0,0,0,117,241,42,0,0,0,0,0,0,0,0,0,0,0,0,0,0,0,0,0,0,0,0,0,0,0,0,37,245,252,197,130,18,0,0,0,0,0,0,0,0,0,0,0,0,0,0,0,0,0,0,0,0,0,20,231,247,120,115,219,222,30,0,0,0,0,0,0,0,0,0,0,0,0,0,0,0,0,0,0,0,0,50,253,170,0,0,25,242,137,0,0,0,0,0,0,0,0,0,0,0,0,0,0,0,0,0,0,0,0,8,249,116,0,0,0,196,153,0,0,0,0,0,0,0,0,0,0,0,0,0,0,0,0,0,0,0,0,106,232,14,0,0,7,230,151,0,0,0,0,0,0,0,0,0,0,0,0,0,0,0,0,0,0,0,0,203,163,0,0,0,25,254,50,0,0,0,0,0,0,0,0,0,0,0,0,0,0,0,0,0,0,0,25,251,55,0,0,12,176,194,1,0,0,0,0,0,0,0,0,0,0,0,0,0,0,0,0,0,0,0,128,255,7,0,1,184,227,38,0,0,0,0,0,0,0,0,0,0,0,0,0,0,0,0,0,0,0,0,157,225,4,21,170,248,46,0,0,0,0,0,0,0,0,0,0,0,0,0,0,0,0,0,0,0,0,0,157,249,79,166,249,84,0,0,0,0,0,0,0,0,0,0,0,0,0,0,0,0,0,0,0,0,0,0,76,240,254,228,69,0,0,0,0,0,0,0,0,0,0,0,0,0,0,0,0,0,0,0,0,0,0,0,0,0,0,0,0,0,0,0,0,0,0,0,0,0,0,0,0,0,0,0,0,0,0,0,0,0,0,0,0,0,0,0,0,0,0,0,0,0,0,0,0,0,0,0,0,0,0,0,0,0,0,0,0,0,0,0,0,0,0,0,0,0,0,0,0,0,0,0,0,0,0,0,0,0,0,0,0,0,0,0,0,0,0,0,0,0,0,0,0,0,0,0,0,0,0,0,0,0,0,0,0,0,0,0,0,0,0,0,0,0,0,0,0,0,0,0,0,0,0,0,0,0,0,0,0,0,0,0,0,0,0
7,0,0,0,0,0,0,0,0,0,0,0,0,0,0,0,0,0,0,0,0,0,0,0,0,0,0,0,0,0,0,0,0,0,0,0,0,0,0,0,0,0,0,0,0,0,0,0,0,0,0,0,0,0,0,0,0,0,0,0,0,0,0,0,0,0,0,0,0,0,0,0,0,0,0,0,0,0,0,0,0,0,0,0,0,0,0,0,0,0,0,0,0,0,0,0,0,0,0,0,0,0,0,0,0,0,0,0,0,0,0,0,0,0,0,0,0,0,0,0,0,0,0,0,0,0,0,0,0,0,0,0,0,0,0,0,0,0,0,0,0,0,0,0,0,0,0,0,0,0,0,0,0,0,0,0,0,0,0,0,0,0,0,0,0,0,0,0,0,0,0,0,0,0,0,0,0,0,0,0,0,0,0,0,0,0,0,0,0,0,0,0,0,0,0,0,0,0,0,0,0,0,0,9,24,0,0,17,24,24,87,159,253,253,253,244,50,0,0,0,0,0,0,0,0,0,0,0,0,0,0,144,252,162,161,228,252,252,253,252,252,252,252,253,113,0,0,0,0,0,0,0,0,0,0,0,0,0,0,93,252,253,252,252,252,252,253,240,183,208,252,253,206,0,0,0,0,0,0,0,0,0,0,0,0,0,0,17,98,117,210,252,252,116,46,37,0,17,234,253,206,0,0,0,0,0,0,0,0,0,0,0,0,0,0,0,0,3,12,22,22,2,0,0,0,85,250,253,102,0,0,0,0,0,0,0,0,0,0,0,0,0,0,0,0,0,0,0,0,0,0,0,0,208,253,242,42,0,0,0,0,0,0,0,0,0,0,0,0,0,0,0,0,0,0,0,0,0,0,0,0,207,252,230,0,0,0,0,0,0,0,0,0,0,0,0,0,0,0,0,0,0,0,0,0,0,0,0,51,240,252,230,0,0,0,0,0,0,0,0,0,0,0,0,0,0,0,0,0,0,0,0,0,0,0,0,70,252,252,135,0,0,0,0,0,0,0,0,0,0,0,0,0,0,0,0,0,0,0,0,0,0,0,22,205,252,252,63,0,0,0,0,0,0,0,0,0,0,0,0,0,0,0,0,0,0,0,0,0,0,0,47,253,253,190,0,0,0,0,0,0,0,0,0,0,0,0,0,0,0,0,0,0,0,0,0,0,0,0,120,252,252,117,0,0,0,0,0,0,0,0,0,0,0,0,0,0,0,0,0,0,0,0,0,0,0,49,228,252,227,16,0,0,0,0,0,0,0,0,0,0,0,0,0,0,0,0,0,0,0,0,0,0,0,138,252,252,66,0,0,0,0,0,0,0,0,0,0,0,0,0,0,0,0,0,0,0,0,0,0,0,0,243,252,252,45,0,0,0,0,0,0,0,0,0,0,0,0,0,0,0,0,0,0,0,0,0,0,0,74,255,253,173,0,0,0,0,0,0,0,0,0,0,0,0,0,0,0,0,0,0,0,0,0,0,0,0,230,253,223,25,0,0,0,0,0,0,0,0,0,0,0,0,0,0,0,0,0,0,0,0,0,0,0,26,236,253,123,0,0,0,0,0,0,0,0,0,0,0,0,0,0,0,0,0,0,0,0,0,0,0,26,203,252,234,17,0,0,0,0,0,0,0,0,0,0,0,0,0,0,0,0,0,0,0,0,0,0,0,70,252,252,126,0,0,0,0,0,0,0,0,0,0,0,0,0,0,0,0,0,0,0,0,0,0,0,0,0,0,0,0,0,0,0,0,0,0,0,0,0,0,0,0,0,0
7,0,0,0,0,0,0,0,0,0,0,0,0,0,0,0,0,0,0,0,0,0,0,0,0,0,0,0,0,0,0,0,0,0,0,0,0,0,0,0,0,0,0,0,0,0,0,0,0,0,0,0,0,0,0,0,0,0,0,0,0,0,0,0,0,0,0,0,0,0,0,0,0,0,0,0,0,0,0,0,0,0,0,0,0,0,0,0,0,0,0,0,0,0,0,0,0,0,0,0,0,0,0,0,0,0,0,0,0,0,0,0,0,0,0,0,0,0,0,0,0,0,0,0,0,0,0,0,0,0,0,0,0,0,0,0,0,0,0,0,0,0,0,0,0,0,0,0,0,0,57,170,226,226,114,0,0,0,0,0,0,0,0,0,0,0,0,0,0,0,0,0,0,0,0,0,0,0,226,255,255,255,255,141,0,0,0,0,0,0,0,0,0,0,0,0,0,0,0,0,0,0,0,0,0,29,255,198,0,170,255,255,57,0,0,0,0,0,0,0,0,0,0,0,0,0,0,0,0,0,0,0,0,0,0,0,0,0,226,255,86,0,0,0,0,0,0,0,0,0,0,0,0,0,0,0,0,0,0,0,0,0,0,0,0,0,170,255,170,0,0,0,0,0,0,0,0,0,0,0,0,0,0,0,0,0,0,0,0,0,0,0,0,0,141,255,226,0,0,0,0,0,0,0,0,0,0,0,0,0,0,0,0,0,0,0,0,0,0,0,0,0,86,255,255,0,0,0,0,0,0,0,0,0,0,0,0,0,0,0,0,0,0,0,0,0,0,0,0,0,29,255,255,86,0,0,0,0,0,0,0,0,0,0,0,0,0,0,0,0,0,0,0,0,0,0,0,0,57,255,255,170,86,57,0,0,0,0,0,0,0,0,0,0,0,0,0,0,0,0,0,0,141,170,226,255,255,255,255,255,255,255,226,114,0,0,0,0,0,0,0,0,0,0,0,0,0,0,57,226,255,255,255,255,198,226,255,226,86,141,170,141,0,0,0,0,0,0,0,0,0,0,0,0,0,57,255,255,198,114,57,0,0,170,255,170,0,0,0,0,0,0,0,0,0,0,0,0,0,0,0,0,0,29,170,29,0,0,0,0,0,141,255,226,0,0,0,0,0,0,0,0,0,0,0,0,0,0,0,0,0,0,0,0,0,0,0,0,0,86,255,255,0,0,0,0,0,0,0,0,0,0,0,0,0,0,0,0,0,0,0,0,0,0,0,0,0,29,255,255,57,0,0,0,0,0,0,0,0,0,0,0,0,0,0,0,0,0,0,0,0,0,0,0,0,0,255,255,86,0,0,0,0,0,0,0,0,0,0,0,0,0,0,0,0,0,0,0,0,0,0,0,0,0,198,255,86,0,0,0,0,0,0,0,0,0,0,0,0,0,0,0,0,0,0,0,0,0,0,0,0,0,170,255,86,0,0,0,0,0,0,0,0,0,0,0,0,0,0,0,0,0,0,0,0,0,0,0,0,0,170,255,86,0,0,0,0,0,0,0,0,0,0,0,0,0,0,0,0,0,0,0,0,0,0,0,0,0,29,226,57,0,0,0,0,0,0,0,0,0,0,0,0,0,0,0,0,0,0,0,0,0,0,0,0,0,0,0,0,0,0,0,0,0,0,0,0,0,0,0,0,0,0,0,0,0,0,0,0,0,0,0,0,0,0,0,0,0,0,0,0,0,0,0,0,0,0,0,0,0,0,0,0,0,0,0,0,0,0,0,0,0,0,0,0,0,0,0,0,0,0,0,0,0,0
7,0,0,0,0,0,0,0,0,0,0,0,0,0,0,0,0,0,0,0,0,0,0,0,0,0,0,0,0,0,0,0,0,0,0,0,0,0,0,0,0,0,0,0,0,0,0,0,0,0,0,0,0,0,0,0,0,0,0,0,0,0,0,0,0,0,0,0,0,0,0,0,0,0,0,0,0,0,0,0,0,0,0,0,0,0,0,0,0,0,0,0,0,0,0,0,0,0,0,0,0,0,0,0,0,0,0,0,0,0,0,0,0,0,0,0,0,0,0,0,0,0,0,0,0,0,0,0,0,0,0,0,0,0,0,0,0,0,0,0,0,0,0,0,0,0,0,0,0,0,0,0,0,0,0,0,0,0,0,0,0,0,0,0,0,0,0,0,0,0,0,0,0,0,0,0,0,0,29,86,170,255,255,255,170,170,86,57,0,0,0,0,0,0,0,0,0,0,0,0,0,0,0,0,0,0,226,255,255,255,198,170,198,255,255,255,198,57,0,0,0,0,0,0,0,0,0,0,0,0,0,0,0,86,255,141,57,0,0,0,0,0,57,198,255,255,29,0,0,0,0,0,0,0,0,0,0,0,0,0,0,57,198,0,0,0,0,0,0,0,0,0,170,255,170,0,0,0,0,0,0,0,0,0,0,0,0,0,0,0,57,0,0,0,0,0,0,0,0,0,29,255,170,0,0,0,0,0,0,0,0,0,0,0,0,0,0,0,0,0,0,0,0,0,0,0,0,0,170,255,114,0,0,0,0,0,0,0,0,0,0,0,0,0,0,0,0,0,0,0,0,0,0,0,0,86,255,255,0,0,0,0,0,0,0,0,0,0,0,0,0,0,0,0,0,0,0,0,0,0,0,0,29,255,255,86,0,0,0,0,0,0,0,0,0,0,0,0,0,0,0,0,0,0,0,0,0,0,0,57,255,255,170,0,0,0,0,0,0,0,0,0,0,0,0,0,0,0,0,0,0,0,0,0,0,0,29,255,255,114,0,0,0,0,0,0,0,0,0,0,0,0,0,0,0,0,0,0,0,0,0,0,0,86,255,255,57,0,0,0,0,0,0,0,0,0,0,0,0,0,0,0,0,0,0,0,0,0,0,0,114,255,255,57,0,0,0,0,0,0,0,0,0,0,0,0,0,0,0,0,0,0,0,0,0,0,0,114,255,255,86,0,0,0,0,0,0,0,0,0,0,0,0,0,0,0,0,0,0,0,0,0,0,0,57,255,255,141,0,0,0,0,0,0,0,0,0,0,0,0,0,0,0,0,0,0,0,0,0,0,0,114,226,226,29,0,0,0,0,0,0,0,0,0,0,0,0,0,0,0,0,0,0,0,0,0,0,29,170,255,226,29,0,0,0,0,0,0,0,0,0,0,0,0,0,0,0,0,0,0,0,0,0,0,0,198,255,198,29,0,0,0,0,0,0,0,0,0,0,0,0,0,0,0,0,0,0,0,0,0,0,0,141,255,226,29,0,0,0,0,0,0,0,0,0,0,0,0,0,0,0,0,0,0,0,0,0,0,0,86,255,226,57,0,0,0,0,0,0,0,0,0,0,0,0,0,0,0,0,0,0,0,0,0,0,0,0,141,226,29,0,0,0,0,0,0,0,0,0,0,0,0,0,0,0,0,0,0,0,0,0,0,0,0,0,0,0,0,0,0,0,0,0,0,0,0,0,0,0,0,0,0,0,0,0,0,0,0,0,0,0,0,0,0,0,0,0,0,0,0,0,0,0,0,0,0,0,0,0,0,0,0,0,0,0
6,0,0,0,0,0,0,0,0,0,0,0,0,0,0,0,0,0,0,0,0,0,0,0,0,0,0,0,0,0,0,0,0,0,0,0,0,0,0,0,0,0,0,0,0,0,0,0,0,0,0,0,0,0,0,0,0,0,0,0,0,0,0,0,0,0,0,0,0,0,0,0,0,0,0,0,0,0,0,0,0,0,0,0,0,0,0,0,0,0,0,0,0,0,0,0,0,0,0,12,146,255,103,0,0,0,0,0,0,0,0,0,0,0,0,0,0,0,0,0,0,0,0,0,0,0,10,108,254,254,210,0,0,0,0,0,0,0,0,0,0,0,0,0,0,0,0,0,0,0,0,0,0,0,82,254,254,254,106,0,0,0,0,0,0,0,0,0,0,0,0,0,0,0,0,0,0,0,0,0,0,5,193,254,254,185,8,0,0,0,0,0,0,0,0,0,0,0,0,0,0,0,0,0,0,0,0,0,0,102,254,254,241,12,0,0,0,0,0,0,0,0,0,0,0,0,0,0,0,0,0,0,0,0,0,0,0,148,254,254,206,0,0,0,0,0,0,0,0,0,0,0,0,0,0,0,0,0,0,0,0,0,0,0,52,236,254,244,41,0,0,0,0,0,0,0,0,0,0,0,0,0,0,0,0,0,0,0,0,0,0,0,192,254,254,162,0,0,0,0,0,0,0,0,0,0,0,0,0,0,0,0,0,0,0,0,0,0,0,61,251,254,227,38,0,0,76,79,0,0,0,0,0,0,0,0,0,0,0,0,0,0,0,0,0,0,5,191,254,254,154,10,96,240,253,253,213,32,0,0,0,0,0,0,0,0,0,0,0,0,0,0,0,0,66,254,254,240,43,96,254,254,254,254,254,125,0,0,0,0,0,0,0,0,0,0,0,0,0,0,0,0,185,254,254,138,56,249,254,254,166,189,254,241,68,0,0,0,0,0,0,0,0,0,0,0,0,0,0,32,237,254,254,53,184,254,246,86,2,15,239,254,152,0,0,0,0,0,0,0,0,0,0,0,0,0,0,98,254,254,171,105,254,254,195,0,0,0,168,254,152,0,0,0,0,0,0,0,0,0,0,0,0,0,0,153,254,254,105,179,254,222,16,0,0,3,192,254,90,0,0,0,0,0,0,0,0,0,0,0,0,0,0,139,254,254,240,250,254,154,0,0,7,156,254,233,27,0,0,0,0,0,0,0,0,0,0,0,0,0,0,13,224,254,254,254,254,130,102,102,200,254,252,103,0,0,0,0,0,0,0,0,0,0,0,0,0,0,0,0,129,254,254,254,254,254,254,254,254,251,98,0,0,0,0,0,0,0,0,0,0,0,0,0,0,0,0,0,3,98,249,254,254,222,220,220,131,47,0,0,0,0,0,0,0,0,0,0,0,0,0,0,0,0,0,0,0,0,136,254,120,4,0,0,0,0,0,0,0,0,0,0,0,0,0,0,0,0,0,0,0,0,0,0,0,0,0,0,0,0,0,0,0,0,0,0,0,0,0,0,0,0,0,0,0,0,0,0,0,0,0,0,0,0,0,0,0,0,0,0,0,0,0,0,0,0,0,0,0,0,0,0,0,0,0,0,0,0,0,0,0,0,0,0,0,0,0,0,0,0,0,0,0,0,0,0,0,0,0,0,0,0,0,0,0,0,0,0,0,0,0,0,0,0,0,0,0,0,0,0,0,0,0,0,0,0,0,0,0,0,0,0,0,0,0,0,0,0,0,0,0,0,0,0,0,0,0,0,0,0,0,0,0,0,0
6,0,0,0,0,0,0,0,0,0,0,0,0,0,0,0,0,0,0,0,0,0,0,0,0,0,0,0,0,0,0,0,0,0,0,0,0,0,0,0,0,0,0,0,0,0,0,0,0,0,0,0,0,0,0,0,0,0,0,0,0,0,0,0,0,0,0,0,0,0,0,0,0,0,0,0,0,0,0,0,0,0,0,0,0,0,0,0,0,0,0,0,0,0,0,0,0,92,253,253,253,255,133,48,0,0,0,0,0,0,0,0,0,0,0,0,0,0,0,0,0,0,0,20,191,236,251,251,251,253,247,110,0,0,0,0,0,0,0,0,0,0,0,0,0,0,0,0,0,0,32,205,253,251,251,219,126,126,110,0,0,0,0,0,0,0,0,0,0,0,0,0,0,0,0,0,0,0,202,251,253,251,219,42,0,0,0,0,0,0,0,0,0,0,0,0,0,0,0,0,0,0,0,0,0,80,240,251,253,231,47,0,0,0,0,0,0,0,0,0,0,0,0,0,0,0,0,0,0,0,0,0,12,174,253,253,255,63,0,0,0,0,0,0,0,0,0,0,0,0,0,0,0,0,0,0,0,0,0,0,52,251,251,251,161,16,0,0,0,0,0,0,0,0,0,0,0,0,0,0,0,0,0,0,0,0,0,0,190,251,251,251,0,0,0,0,0,0,0,0,0,0,0,0,0,0,0,0,0,0,0,0,0,0,0,0,190,251,251,113,0,0,0,0,0,0,0,0,0,0,0,0,0,0,0,0,0,0,0,0,0,0,0,0,190,251,251,94,0,0,0,0,0,0,0,0,0,0,0,0,0,0,0,0,0,0,0,0,0,0,0,0,191,253,253,95,0,0,0,0,0,0,0,0,0,0,0,0,0,0,0,0,0,0,0,0,0,0,0,0,190,251,251,94,0,0,0,0,0,0,0,0,0,0,0,0,0,0,0,0,0,0,0,0,0,0,0,0,190,251,251,173,0,0,0,0,0,0,0,0,0,0,0,0,0,0,0,0,0,0,0,0,0,0,0,0,190,251,251,251,0,48,64,64,64,223,221,221,181,162,64,56,0,0,0,0,0,0,0,0,0,0,0,0,91,251,251,251,159,228,251,251,251,253,251,251,251,251,253,240,79,0,0,0,0,0,0,0,0,0,0,0,0,128,253,253,255,253,253,253,253,255,253,253,193,253,255,253,253,31,0,0,0,0,0,0,0,0,0,0,0,32,229,251,253,251,251,251,152,95,70,78,55,193,253,251,235,27,0,0,0,0,0,0,0,0,0,0,0,0,111,204,253,251,251,251,251,253,157,189,251,251,253,235,63,0,0,0,0,0,0,0,0,0,0,0,0,0,0,19,189,196,251,251,251,253,251,251,251,251,253,81,0,0,0,0,0,0,0,0,0,0,0,0,0,0,0,0,0,12,94,232,251,253,251,172,94,94,95,23,0,0,0,0,0,0,0,0,0,0,0,0,0,0,0,0,0,0,0,0,0,0,0,0,0,0,0,0,0,0,0,0,0,0,0,0,0,0,0,0,0,0,0,0,0,0,0,0,0,0,0,0,0,0,0,0,0,0,0,0,0,0,0,0,0,0,0,0,0,0,0,0,0,0,0,0,0,0,0,0,0,0,0,0,0,0,0,0,0,0,0,0,0,0,0,0,0,0,0,0,0,0,0,0,0,0,0,0,0,0,0,0,0,0,0,0,0,0,0,0,0,0,0,0,0,0,0,0,0,0,0,0,0,0,0,0,0,0,0,0,0,0,0,0,0
6,0,0,0,0,0,0,0,0,0,0,0,0,0,0,0,0,0,0,0,0,0,0,0,0,0,0,0,0,0,0,0,0,0,0,0,0,0,0,0,0,0,0,0,0,0,0,0,0,0,0,0,0,0,0,0,0,0,0,0,0,0,0,0,0,0,0,0,0,42,228,253,124,0,0,0,0,0,0,0,0,0,0,0,0,0,0,0,0,0,0,0,0,0,0,0,145,206,251,251,251,105,0,0,0,0,0,0,0,0,0,0,0,0,0,0,0,0,0,0,0,0,0,27,253,251,220,137,164,25,0,0,0,0,0,0,0,0,0,0,0,0,0,0,0,0,0,0,0,0,47,211,253,251,35,0,0,0,0,0,0,0,0,0,0,0,0,0,0,0,0,0,0,0,0,0,0,27,211,251,253,147,10,0,0,0,0,0,0,0,0,0,0,0,0,0,0,0,0,0,0,0,0,0,0,37,253,253,182,0,0,0,0,0,0,0,0,0,0,0,0,0,0,0,0,0,0,0,0,0,0,0,0,140,251,251,77,0,0,0,0,0,0,0,0,0,0,0,0,0,0,0,0,0,0,0,0,0,0,0,21,221,251,251,0,0,0,0,0,0,0,0,0,0,0,0,0,0,0,0,0,0,0,0,0,0,0,0,144,251,251,173,0,0,0,0,0,0,0,0,0,0,0,0,0,0,0,0,0,0,0,0,0,0,0,0,144,251,251,71,0,0,0,0,0,0,0,0,0,0,0,0,0,0,0,0,0,0,0,0,0,0,0,21,176,253,253,72,0,0,0,0,0,0,42,228,253,253,255,149,62,0,0,0,0,0,0,0,0,0,0,73,251,251,251,71,0,0,0,0,105,145,206,251,251,251,253,251,236,83,0,0,0,0,0,0,0,0,0,73,251,251,173,20,0,0,32,115,241,253,251,251,235,215,216,236,251,236,61,0,0,0,0,0,0,0,0,73,251,251,251,71,0,0,217,251,251,253,188,142,82,0,0,83,236,251,71,0,0,0,0,0,0,0,0,73,251,251,251,71,0,105,241,251,251,72,30,0,0,0,0,0,217,251,71,0,0,0,0,0,0,0,0,0,145,253,253,253,255,253,253,221,51,0,0,0,0,0,73,253,253,221,51,0,0,0,0,0,0,0,0,0,62,231,251,251,253,251,230,61,0,0,0,0,0,105,176,251,230,61,0,0,0,0,0,0,0,0,0,0,0,61,251,251,253,251,246,138,37,218,217,217,217,241,242,215,55,0,0,0,0,0,0,0,0,0,0,0,0,21,142,220,253,251,251,251,251,253,251,251,251,173,103,0,0,0,0,0,0,0,0,0,0,0,0,0,0,0,0,51,253,251,251,251,251,253,147,71,71,20,0,0,0,0,0,0,0,0,0,0,0,0,0,0,0,0,0,0,0,0,0,0,0,0,0,0,0,0,0,0,0,0,0,0,0,0,0,0,0,0,0,0,0,0,0,0,0,0,0,0,0,0,0,0,0,0,0,0,0,0,0,0,0,0,0,0,0,0,0,0,0,0,0,0,0,0,0,0,0,0,0,0,0,0,0,0,0,0,0,0,0,0,0,0,0,0,0,0,0,0,0,0,0,0,0,0,0,0,0,0,0,0,0,0,0,0,0,0,0,0,0,0,0,0,0,0,0,0,0,0,0,0,0,0,0,0,0,0,0,0,0,0,0,0,0,0,0,0,0,0,0,0,0,0,0,0,0,0,0,0,0,0,0,0,0,0,0,0,0,0,0,0,0,0,0
2,0,0,0,0,0,0,0,0,0,0,0,0,0,0,0,0,0,0,0,0,0,0,0,0,0,0,0,0,0,0,0,0,0,0,0,0,0,0,0,0,0,0,0,0,0,0,0,0,0,0,0,0,0,0,0,0,0,0,0,0,0,0,0,0,0,0,20,67,67,20,0,0,0,0,0,0,0,0,0,0,0,0,0,0,0,0,0,0,0,0,0,0,0,58,234,254,254,203,19,0,0,0,0,0,0,0,0,0,0,0,0,0,0,0,0,0,0,0,0,0,0,170,244,246,254,254,199,16,0,0,0,0,0,0,0,0,0,0,0,0,0,0,0,0,0,0,0,0,0,0,0,16,195,254,254,37,0,0,0,0,0,0,0,0,0,0,0,0,0,0,0,0,0,0,0,0,0,0,0,0,26,254,254,142,0,0,0,0,0,0,0,0,0,0,0,0,0,0,0,0,0,0,0,0,0,0,0,0,4,144,253,238,30,0,0,0,0,0,0,0,0,0,0,0,0,0,0,0,0,0,0,0,0,0,0,0,0,0,245,254,66,0,0,0,0,0,0,0,0,0,0,0,0,0,0,0,0,0,0,0,0,0,0,0,0,0,99,254,66,0,0,0,0,0,0,0,0,0,0,0,0,0,0,0,0,0,0,0,0,0,0,0,0,0,57,254,111,0,0,0,0,0,0,0,0,0,0,0,0,0,0,0,0,0,0,0,0,0,0,0,0,0,57,254,159,0,0,0,0,0,0,0,0,0,0,0,0,0,0,0,0,0,0,0,0,0,0,0,0,0,36,241,160,0,0,0,0,0,0,0,0,0,0,0,0,0,0,0,0,0,0,0,0,0,0,0,0,0,36,240,159,0,0,0,0,0,0,0,9,119,119,0,0,0,0,0,0,0,0,0,5,84,104,138,138,104,103,254,86,0,0,0,0,0,0,4,204,242,60,0,0,0,0,0,0,0,0,0,195,254,254,254,254,254,254,254,156,29,0,0,0,15,83,198,254,169,0,0,0,0,0,0,0,0,0,115,252,254,254,245,210,254,254,254,254,243,236,236,236,239,254,254,97,3,0,0,0,0,0,0,0,0,0,202,237,103,47,38,19,254,254,157,210,254,254,254,254,243,193,75,2,0,0,0,0,0,0,0,0,0,0,255,242,71,0,48,167,254,182,11,0,75,158,169,140,34,0,0,0,0,0,0,0,0,0,0,0,0,0,254,254,250,245,250,254,182,7,0,0,0,0,0,0,0,0,0,0,0,0,0,0,0,0,0,0,0,0,122,229,254,254,227,141,11,0,0,0,0,0,0,0,0,0,0,0,0,0,0,0,0,0,0,0,0,0,0,10,66,66,5,0,0,0,0,0,0,0,0,0,0,0,0,0,0,0,0,0,0,0,0,0,0,0,0,0,0,0,0,0,0,0,0,0,0,0,0,0,0,0,0,0,0,0,0,0,0,0,0,0,0,0,0,0,0,0,0,0,0,0,0,0,0,0,0,0,0,0,0,0,0,0,0,0,0,0,0,0,0,0,0,0,0,0,0,0,0,0,0,0,0,0,0,0,0,0,0,0,0,0,0,0,0,0,0,0,0,0,0,0,0,0,0,0,0,0,0,0,0,0,0,0,0,0,0,0,0,0,0,0,0,0,0,0,0,0,0,0,0,0,0,0,0,0,0,0,0,0,0,0,0,0,0,0,0,0,0,0,0,0,0,0,0,0,0,0,0,0,0,0,0,0,0,0,0,0,0,0,0,0,0,0,0,0,0
8,0,0,0,0,0,0,0,0,0,0,0,0,0,0,0,0,0,0,0,0,0,0,0,0,0,0,0,0,0,0,0,0,0,0,0,0,0,0,0,0,0,0,0,0,0,0,0,0,0,0,0,0,0,0,0,0,0,0,0,0,0,0,0,0,0,0,0,0,0,0,0,0,0,0,0,0,0,0,0,0,0,0,0,0,0,0,0,0,0,0,0,0,0,0,0,0,0,0,0,0,0,0,0,0,0,0,0,0,0,0,0,0,0,0,0,0,0,0,0,0,0,0,0,0,0,0,0,0,0,0,0,0,0,0,0,0,0,0,0,0,0,0,0,0,0,0,0,0,0,0,0,0,0,0,0,0,0,0,0,0,42,201,255,150,0,0,0,0,0,0,0,0,0,0,0,0,0,0,0,0,0,0,0,0,0,0,0,5,210,254,254,175,0,0,0,0,0,0,0,0,0,0,0,0,0,0,0,0,0,0,0,18,17,0,0,151,254,254,252,58,0,0,0,0,0,0,0,0,0,0,0,0,0,0,0,42,150,197,250,250,250,250,213,253,254,254,132,0,0,0,0,0,0,0,0,0,0,0,0,0,0,6,116,243,254,254,254,254,254,254,254,254,254,139,9,0,0,0,0,0,0,0,0,0,0,0,0,0,0,159,254,254,254,254,254,254,254,254,254,254,229,43,0,0,0,0,0,0,0,0,0,0,0,0,0,0,54,252,254,254,202,121,38,27,189,254,254,254,89,0,0,0,0,0,0,0,0,0,0,0,0,0,0,3,176,254,254,138,2,0,0,41,246,254,254,158,15,0,0,0,0,0,0,0,0,0,0,0,0,0,0,9,207,254,254,166,3,0,0,80,254,254,240,36,0,0,0,0,0,0,0,0,0,0,0,0,0,0,0,0,80,253,254,254,82,0,47,243,254,254,102,0,0,0,0,0,0,0,0,0,0,0,0,0,0,0,0,0,0,163,251,254,244,91,193,254,254,215,11,0,0,0,0,0,0,0,0,0,0,0,0,0,0,0,0,0,0,0,187,254,254,254,254,254,244,26,0,0,0,0,0,0,0,0,0,0,0,0,0,0,0,0,0,0,0,0,9,171,254,254,254,254,186,0,0,0,0,0,0,0,0,0,0,0,0,0,0,0,0,0,0,0,0,0,0,21,247,254,254,254,71,0,0,0,0,0,0,0,0,0,0,0,0,0,0,0,0,0,0,0,0,0,0,150,254,254,254,254,143,0,0,0,0,0,0,0,0,0,0,0,0,0,0,0,0,0,0,0,0,0,13,220,254,254,254,254,143,0,0,0,0,0,0,0,0,0,0,0,0,0,0,0,0,0,0,0,0,0,137,254,254,254,254,254,69,0,0,0,0,0,0,0,0,0,0,0,0,0,0,0,0,0,0,0,0,16,226,254,254,254,254,241,35,0,0,0,0,0,0,0,0,0,0,0,0,0,0,0,0,0,0,0,0,192,254,254,254,254,254,193,0,0,0,0,0,0,0,0,0,0,0,0,0,0,0,0,0,0,0,0,0,250,254,254,254,254,223,32,0,0,0,0,0,0,0,0,0,0,0,0,0,0,0,0,0,0,0,0,0,0,0,0,0,0,0,0,0,0,0,0,0,0,0,0,0,0,0,0,0,0,0,0,0,0,0,0,0,0,0,0,0,0,0,0,0,0,0,0,0,0,0,0,0,0,0,0,0,0,0,0,0,0,0,0,0,0,0,0,0,0,0,0,0,0,0,0,0,0,0,0,0,0,0,0
1,0,0,0,0,0,0,0,0,0,0,0,0,0,0,0,0,0,0,0,0,0,0,0,0,0,0,0,0,0,0,0,0,0,0,0,0,0,0,0,0,0,0,0,0,0,0,0,0,0,0,0,0,0,0,0,0,0,0,0,0,0,0,0,0,0,0,0,0,0,0,0,0,0,0,0,0,0,0,0,0,0,0,0,0,0,0,0,0,0,0,0,0,0,0,0,0,0,0,0,0,0,0,0,0,0,0,0,0,0,0,0,0,0,0,0,0,0,0,0,0,0,0,0,0,0,11,225,0,0,0,0,0,0,0,0,0,0,0,0,0,0,0,0,0,0,0,0,0,0,0,0,0,0,78,252,0,0,0,0,0,0,0,0,0,0,0,0,0,0,0,0,0,0,0,0,0,0,0,0,0,0,78,252,0,0,0,0,0,0,0,0,0,0,0,0,0,0,0,0,0,0,0,0,0,0,0,0,0,0,78,252,107,0,0,0,0,0,0,0,0,0,0,0,0,0,0,0,0,0,0,0,0,0,0,0,0,0,78,252,158,0,0,0,0,0,0,0,0,0,0,0,0,0,0,0,0,0,0,0,0,0,0,0,0,0,126,252,111,0,0,0,0,0,0,0,0,0,0,0,0,0,0,0,0,0,0,0,0,0,0,0,0,0,78,252,211,0,0,0,0,0,0,0,0,0,0,0,0,0,0,0,0,0,0,0,0,0,0,0,0,0,78,252,220,0,0,0,0,0,0,0,0,0,0,0,0,0,0,0,0,0,0,0,0,0,0,0,0,0,78,252,245,57,0,0,0,0,0,0,0,0,0,0,0,0,0,0,0,0,0,0,0,0,0,0,0,0,78,252,253,77,0,0,0,0,0,0,0,0,0,0,0,0,0,0,0,0,0,0,0,0,0,0,0,0,78,253,255,77,0,0,0,0,0,0,0,0,0,0,0,0,0,0,0,0,0,0,0,0,0,0,0,0,58,244,253,77,0,0,0,0,0,0,0,0,0,0,0,0,0,0,0,0,0,0,0,0,0,0,0,0,0,172,253,77,0,0,0,0,0,0,0,0,0,0,0,0,0,0,0,0,0,0,0,0,0,0,0,0,0,220,253,77,0,0,0,0,0,0,0,0,0,0,0,0,0,0,0,0,0,0,0,0,0,0,0,0,0,220,253,77,0,0,0,0,0,0,0,0,0,0,0,0,0,0,0,0,0,0,0,0,0,0,0,0,0,182,253,77,0,0,0,0,0,0,0,0,0,0,0,0,0,0,0,0,0,0,0,0,0,0,0,0,0,206,253,77,0,0,0,0,0,0,0,0,0,0,0,0,0,0,0,0,0,0,0,0,0,0,0,0,0,177,253,77,0,0,0,0,0,0,0,0,0,0,0,0,0,0,0,0,0,0,0,0,0,0,0,0,0,187,253,77,0,0,0,0,0,0,0,0,0,0,0,0,0,0,0,0,0,0,0,0,0,0,0,0,0,14,239,43,0,0,0,0,0,0,0,0,0,0,0,0,0,0,0,0,0,0,0,0,0,0,0,0,0,0,0,0,0,0,0,0,0,0,0,0,0,0,0,0,0,0,0,0,0,0,0,0,0,0,0,0,0,0,0,0,0,0,0,0,0,0,0,0,0,0,0,0,0,0,0,0,0,0,0,0,0,0,0,0,0,0,0,0,0,0,0,0,0,0,0,0,0,0,0,0,0,0,0,0,0,0,0,0,0,0,0,0,0,0,0,0,0,0,0,0,0,0,0,0,0,0,0
3,0,0,0,0,0,0,0,0,0,0,0,0,0,0,0,0,0,0,0,0,0,0,0,0,0,0,0,0,0,0,0,0,0,0,0,0,0,0,0,0,0,0,0,0,0,0,0,0,0,0,0,0,0,0,0,0,0,0,0,0,0,0,0,0,0,0,0,0,0,0,0,0,0,0,0,0,0,0,0,0,0,0,0,0,0,0,0,0,0,0,0,0,0,0,0,0,0,0,0,0,0,32,132,231,99,0,0,0,0,0,0,0,0,0,0,0,0,0,0,0,0,0,0,0,0,0,0,0,40,170,252,252,99,0,0,0,0,0,0,0,0,0,0,0,0,0,0,0,0,0,0,0,0,0,16,157,221,252,252,212,82,0,0,0,0,0,0,0,0,0,0,0,0,0,0,0,0,0,0,0,47,170,177,252,252,252,238,227,213,169,54,0,0,0,0,0,0,0,0,0,0,0,0,0,0,0,0,53,246,253,252,252,188,72,51,75,205,252,194,0,0,0,0,0,0,0,0,0,0,0,0,0,0,0,0,53,246,215,111,60,20,0,0,65,216,252,194,0,0,0,0,0,0,0,0,0,0,0,0,0,0,0,0,0,46,23,0,0,0,0,35,205,252,252,97,0,0,0,0,0,0,0,0,0,0,0,0,0,0,0,0,0,0,0,0,0,0,156,217,246,252,158,19,0,0,0,0,0,0,0,0,0,0,0,0,0,0,0,0,0,0,0,11,127,229,246,252,252,107,14,0,0,0,0,0,0,0,0,0,0,0,0,0,0,0,0,0,0,58,185,242,252,252,252,252,114,7,0,0,0,0,0,0,0,0,0,0,0,0,0,0,0,0,10,162,253,253,255,253,253,253,135,0,0,0,0,0,0,0,0,0,0,0,0,0,0,0,0,0,0,0,136,252,252,252,229,228,231,252,226,138,23,0,0,0,0,0,0,0,0,0,0,0,0,0,0,0,0,0,32,141,164,96,0,0,14,126,252,214,23,0,0,0,0,0,0,0,0,0,0,0,0,0,0,0,0,0,0,0,0,0,0,0,0,26,218,214,23,0,0,0,0,0,0,0,0,0,0,0,0,0,0,0,0,0,0,0,0,0,0,0,9,98,252,214,23,0,0,0,0,0,0,0,0,0,0,0,73,73,63,0,0,0,0,0,0,0,0,0,54,212,252,214,23,0,0,0,0,0,0,0,0,0,0,0,195,252,245,205,205,205,205,159,49,41,86,97,234,252,252,139,0,0,0,0,0,0,0,0,0,0,0,0,195,252,252,252,252,252,252,252,237,234,253,252,252,252,183,37,0,0,0,0,0,0,0,0,0,0,0,0,24,35,159,252,252,252,252,252,252,252,253,252,236,143,41,0,0,0,0,0,0,0,0,0,0,0,0,0,0,0,2,11,11,104,131,131,131,131,132,121,10,0,0,0,0,0,0,0,0,0,0,0,0,0,0,0,0,0,0,0,0,0,0,0,0,0,0,0,0,0,0,0,0,0,0,0,0,0,0,0,0,0,0,0,0,0,0,0,0,0,0,0,0,0,0,0,0,0,0,0,0,0,0,0,0,0,0,0,0,0,0,0,0,0,0,0,0,0,0,0,0,0,0,0,0,0,0,0,0,0,0,0,0,0,0,0,0,0,0,0,0,0,0,0,0,0,0,0,0,0,0,0,0,0,0,0,0,0,0,0,0,0,0,0,0,0,0,0,0,0,0,0,0,0,0,0,0,0,0,0,0,0,0,0,0,0,0,0,0,0,0,0,0
1,0,0,0,0,0,0,0,0,0,0,0,0,0,0,0,0,0,0,0,0,0,0,0,0,0,0,0,0,0,0,0,0,0,0,0,0,0,0,0,0,0,0,0,0,0,0,0,0,0,0,0,0,0,0,0,0,0,0,0,0,0,0,0,0,0,0,0,0,0,0,0,0,0,0,0,0,0,0,0,0,0,0,0,0,0,0,0,0,0,0,0,0,0,0,0,0,0,0,0,0,0,0,0,0,0,0,0,0,0,0,0,0,0,0,0,0,0,0,0,0,0,0,0,0,0,0,0,0,0,0,0,0,0,0,0,0,0,0,0,0,0,0,0,0,0,0,0,0,0,0,0,0,52,242,186,0,0,0,0,0,0,0,0,0,0,0,0,0,0,0,0,0,0,0,0,0,0,0,0,122,244,254,249,190,0,0,0,0,0,0,0,0,0,0,0,0,0,0,0,0,0,0,0,0,0,0,0,131,254,254,254,165,0,0,0,0,0,0,0,0,0,0,0,0,0,0,0,0,0,0,0,0,0,0,0,131,254,254,254,68,0,0,0,0,0,0,0,0,0,0,0,0,0,0,0,0,0,0,0,0,0,0,0,114,254,254,254,87,0,0,0,0,0,0,0,0,0,0,0,0,0,0,0,0,0,0,0,0,0,0,0,0,249,254,254,206,0,0,0,0,0,0,0,0,0,0,0,0,0,0,0,0,0,0,0,0,0,0,0,0,249,254,254,206,0,0,0,0,0,0,0,0,0,0,0,0,0,0,0,0,0,0,0,0,0,0,0,0,114,254,254,206,0,0,0,0,0,0,0,0,0,0,0,0,0,0,0,0,0,0,0,0,0,0,0,0,111,254,254,206,0,0,0,0,0,0,0,0,0,0,0,0,0,0,0,0,0,0,0,0,0,0,0,0,21,233,254,219,25,0,0,0,0,0,0,0,0,0,0,0,0,0,0,0,0,0,0,0,0,0,0,0,0,228,254,254,89,0,0,0,0,0,0,0,0,0,0,0,0,0,0,0,0,0,0,0,0,0,0,0,0,228,255,254,89,0,0,0,0,0,0,0,0,0,0,0,0,0,0,0,0,0,0,0,0,0,0,0,0,224,254,254,93,0,0,0,0,0,0,0,0,0,0,0,0,0,0,0,0,0,0,0,0,0,0,0,0,91,254,254,227,0,0,0,0,0,0,0,0,0,0,0,0,0,0,0,0,0,0,0,0,0,0,0,0,5,210,254,253,105,0,0,0,0,0,0,0,0,0,0,0,0,0,0,0,0,0,0,0,0,0,0,0,0,207,254,255,154,0,0,0,0,0,0,0,0,0,0,0,0,0,0,0,0,0,0,0,0,0,0,0,0,207,254,254,248,0,0,0,0,0,0,0,0,0,0,0,0,0,0,0,0,0,0,0,0,0,0,0,0,207,254,254,248,0,0,0,0,0,0,0,0,0,0,0,0,0,0,0,0,0,0,0,0,0,0,0,0,122,254,254,248,0,0,0,0,0,0,0,0,0,0,0,0,0,0,0,0,0,0,0,0,0,0,0,0,32,218,254,248,0,0,0,0,0,0,0,0,0,0,0,0,0,0,0,0,0,0,0,0,0,0,0,0,0,0,0,0,0,0,0,0,0,0,0,0,0,0,0,0,0,0,0,0,0,0,0,0,0,0,0,0,0,0,0,0,0,0,0,0,0,0,0,0,0,0,0,0,0,0,0,0,0,0,0,0,0,0,0,0,0,0,0,0,0,0,0,0,0,0,0,0,0,0
4,0,0,0,0,0,0,0,0,0,0,0,0,0,0,0,0,0,0,0,0,0,0,0,0,0,0,0,0,0,0,0,0,0,0,0,0,0,0,0,0,0,0,0,0,0,0,0,0,0,0,0,0,0,0,0,0,0,0,0,0,0,0,0,0,0,0,0,0,0,0,0,0,0,0,0,0,0,0,0,0,0,0,0,0,0,0,0,0,0,0,0,0,0,0,0,0,0,0,0,0,0,0,0,0,0,0,0,0,0,0,0,0,0,0,0,0,0,0,0,0,0,0,0,0,0,0,0,0,0,0,0,0,0,0,0,0,0,0,0,0,0,0,0,0,0,0,0,0,0,0,0,0,0,0,0,26,207,253,0,0,0,0,0,0,0,0,0,0,0,0,0,0,0,0,0,0,0,0,0,0,0,0,0,104,252,252,163,9,0,0,0,0,0,0,0,0,0,0,0,0,0,0,0,32,0,0,0,0,0,0,0,197,252,252,253,27,0,0,0,0,0,0,0,0,0,0,0,0,0,0,19,215,108,3,0,0,0,0,10,203,252,252,253,27,0,0,0,0,0,0,0,0,0,0,0,0,0,0,107,252,253,106,0,0,0,0,85,252,252,252,253,27,0,0,0,0,0,0,0,0,0,0,0,0,0,0,170,253,255,206,113,113,113,114,159,253,253,253,255,27,0,0,0,0,0,0,0,0,0,0,0,0,0,0,122,252,253,252,252,252,252,253,252,252,252,252,215,18,0,0,0,0,0,0,0,0,0,0,0,0,0,0,7,165,253,252,252,252,252,253,252,252,252,252,140,0,0,0,0,0,0,0,0,0,0,0,0,0,0,0,0,47,146,233,252,252,252,253,252,252,252,252,140,0,0,0,0,0,0,0,0,0,0,0,0,0,0,0,0,0,0,38,112,112,112,112,158,252,252,252,140,0,0,0,0,0,0,0,0,0,0,0,0,0,0,0,0,0,0,0,0,0,0,0,85,253,253,253,141,0,0,0,0,0,0,0,0,0,0,0,0,0,0,0,0,0,0,0,0,0,0,0,85,252,252,252,178,9,0,0,0,0,0,0,0,0,0,0,0,0,0,0,0,0,0,0,0,0,0,0,85,252,252,252,253,27,0,0,0,0,0,0,0,0,0,0,0,0,0,0,0,0,0,0,0,0,0,0,85,252,252,252,253,27,0,0,0,0,0,0,0,0,0,0,0,0,0,0,0,0,0,0,0,0,0,0,38,221,252,252,253,27,0,0,0,0,0,0,0,0,0,0,0,0,0,0,0,0,0,0,0,0,0,0,0,198,253,253,255,90,0,0,0,0,0,0,0,0,0,0,0,0,0,0,0,0,0,0,0,0,0,0,0,197,252,252,253,167,0,0,0,0,0,0,0,0,0,0,0,0,0,0,0,0,0,0,0,0,0,0,0,197,252,252,253,58,0,0,0,0,0,0,0,0,0,0,0,0,0,0,0,0,0,0,0,0,0,0,0,181,252,252,178,9,0,0,0,0,0,0,0,0,0,0,0,0,0,0,0,0,0,0,0,0,0,0,0,57,252,252,63,0,0,0,0,0,0,0,0,0,0,0,0,0,0,0,0,0,0,0,0,0,0,0,0,0,0,0,0,0,0,0,0,0,0,0,0,0,0,0,0,0,0,0,0,0,0,0,0,0,0,0,0,0,0,0,0,0,0,0,0,0,0,0,0,0,0,0,0,0,0,0,0,0,0,0,0,0,0,0,0,0,0,0,0,0,0,0,0,0,0,0,0,0
7,0,0,0,0,0,0,0,0,0,0,0,0,0,0,0,0,0,0,0,0,0,0,0,0,0,0,0,0,0,0,0,0,0,0,0,0,0,0,0,0,0,0,0,0,0,0,0,0,0,0,0,0,0,0,0,0,0,0,0,0,0,0,0,0,0,0,0,0,0,0,0,0,0,0,0,0,0,0,0,0,0,0,0,0,0,0,0,0,0,0,0,0,0,0,0,0,0,0,0,0,0,0,0,0,0,0,0,0,0,0,0,0,0,0,0,0,0,0,0,0,0,0,0,0,0,0,0,0,0,0,0,0,0,0,0,0,0,0,0,0,0,0,0,0,0,0,0,0,0,0,0,0,0,0,0,0,0,0,0,0,0,0,0,0,0,0,0,0,0,0,0,0,0,0,0,0,0,0,0,0,0,0,0,0,0,0,0,0,0,0,0,0,0,0,0,0,0,0,0,0,0,0,0,49,125,191,125,228,254,254,254,255,254,254,241,115,0,0,0,0,0,0,0,0,0,0,0,0,0,0,163,250,253,253,253,253,253,253,253,253,253,253,253,253,108,0,0,0,0,0,0,0,0,0,0,0,0,163,252,253,253,253,253,253,253,253,253,253,253,253,253,253,110,0,0,0,0,0,0,0,0,0,0,0,0,187,210,243,253,253,253,170,149,149,149,149,219,253,253,253,110,0,0,0,0,0,0,0,0,0,0,0,0,11,15,23,25,25,25,5,0,0,0,0,169,253,253,253,110,0,0,0,0,0,0,0,0,0,0,0,0,0,0,0,0,0,0,0,0,0,0,41,243,253,253,236,14,0,0,0,0,0,0,0,0,0,0,0,0,0,0,0,0,0,0,0,0,0,0,46,253,253,253,234,0,0,0,0,0,0,0,0,0,0,0,0,0,0,0,0,0,0,0,0,0,0,0,153,253,253,253,193,0,0,0,0,0,0,0,0,0,0,0,0,0,0,0,0,0,0,0,0,0,0,15,198,253,253,232,21,0,0,0,0,0,0,0,0,0,0,0,0,0,0,0,0,0,0,0,0,0,0,153,253,253,253,193,0,0,0,0,0,0,0,0,0,0,0,0,0,0,0,0,0,0,0,0,0,0,14,199,253,253,198,25,0,0,0,0,0,0,0,0,0,0,0,0,0,0,0,0,0,0,0,0,0,14,100,253,253,253,91,0,0,0,0,0,0,0,0,0,0,0,0,0,0,0,0,0,0,0,0,0,0,66,253,253,253,226,28,0,0,0,0,0,0,0,0,0,0,0,0,0,0,0,0,0,0,0,0,0,12,161,253,253,246,114,0,0,0,0,0,0,0,0,0,0,0,0,0,0,0,0,0,0,0,0,0,0,89,253,253,253,191,0,0,0,0,0,0,0,0,0,0,0,0,0,0,0,0,0,0,0,0,0,0,0,202,253,253,248,70,0,0,0,0,0,0,0,0,0,0,0,0,0,0,0,0,0,0,0,0,0,0,47,232,253,253,191,0,0,0,0,0,0,0,0,0,0,0,0,0,0,0,0,0,0,0,0,0,0,0,86,253,253,253,71,0,0,0,0,0,0,0,0,0,0,0,0,0,0,0,0,0,0,0,0,0,0,0,205,253,253,252,69,0,0,0,0,0,0,0,0,0,0,0,0,0,0,0,0,0,0,0,0,0,0,0,39,227,219,95,0,0,0,0,0,0,0,0,0,0,0,0,0,0,0,0,0,0,0,0,0,0,0,0,0,0,0,0,0,0,0,0,0,0,0,0,0,0,0,0,0,0
2,0,0,0,0,0,0,0,0,0,0,0,0,0,0,0,0,0,0,0,0,0,0,0,0,0,0,0,0,0,0,0,0,0,0,0,0,0,0,0,0,0,0,0,0,0,0,0,0,0,0,0,0,0,0,0,0,0,0,0,0,0,0,0,0,0,0,0,0,0,0,0,0,0,0,0,0,0,0,0,0,0,0,0,0,0,0,0,0,0,0,0,0,0,0,0,0,0,0,0,0,0,0,0,0,0,0,0,0,0,0,0,0,0,0,0,0,0,0,0,0,71,170,254,254,254,255,7,0,0,0,0,0,0,0,0,0,0,0,0,0,0,0,0,0,0,0,0,0,197,253,253,253,253,253,182,175,11,0,0,0,0,0,0,0,0,0,0,0,0,0,0,0,0,0,0,0,197,253,253,253,253,253,253,253,196,28,0,0,0,0,0,0,0,0,0,0,0,0,0,0,0,0,0,0,171,220,188,56,214,253,253,253,253,86,0,0,0,0,0,0,0,0,0,0,0,0,0,0,0,0,0,0,0,0,0,0,34,129,250,253,253,228,0,0,0,0,0,0,0,0,0,0,0,0,0,0,0,0,0,0,0,0,0,0,0,0,246,253,253,228,0,0,0,0,0,0,0,0,0,0,0,0,0,0,0,0,0,0,0,0,0,0,0,0,246,253,253,228,0,0,0,0,0,0,0,0,0,0,0,0,0,0,0,0,0,0,0,0,0,0,0,0,246,253,253,228,0,0,0,0,0,0,0,0,0,0,0,0,0,0,0,0,0,0,0,0,0,0,0,0,246,253,253,228,0,0,0,0,0,0,0,0,0,0,0,0,0,0,0,0,0,0,0,0,0,0,0,0,246,253,253,175,0,0,0,0,0,0,0,0,0,0,0,0,0,0,0,0,0,0,0,0,0,0,3,9,246,253,253,65,0,0,0,0,0,0,0,0,0,0,0,0,0,0,0,0,0,0,0,0,0,55,138,253,253,253,253,65,0,0,0,0,0,0,0,0,0,0,0,0,0,0,0,0,0,0,0,0,159,224,253,253,253,253,253,187,0,0,0,0,0,0,0,0,0,0,0,0,0,0,0,0,0,0,0,57,231,253,253,253,253,253,253,239,116,22,0,0,0,0,0,0,0,0,0,0,0,0,0,0,0,0,54,228,253,230,74,190,253,253,253,253,253,187,42,6,0,0,0,0,0,0,0,0,0,0,0,0,0,0,197,253,253,114,151,253,253,253,253,253,253,253,253,117,0,0,0,0,0,0,0,0,0,0,0,0,0,0,197,253,253,236,250,253,253,246,32,154,221,253,253,195,0,0,0,0,0,0,0,0,0,0,0,0,0,0,197,253,253,253,253,253,253,148,0,0,48,225,253,100,0,0,0,0,0,0,0,0,0,0,0,0,0,0,33,179,241,253,253,207,20,5,0,0,0,13,15,2,0,0,0,0,0,0,0,0,0,0,0,0,0,0,0,0,75,179,104,35,0,0,0,0,0,0,0,0,0,0,0,0,0,0,0,0,0,0,0,0,0,0,0,0,0,0,0,0,0,0,0,0,0,0,0,0,0,0,0,0,0,0,0,0,0,0,0,0,0,0,0,0,0,0,0,0,0,0,0,0,0,0,0,0,0,0,0,0,0,0,0,0,0,0,0,0,0,0,0,0,0,0,0,0,0,0,0,0,0,0,0,0,0,0,0,0,0,0,0,0,0,0,0,0,0,0,0,0,0,0,0,0,0,0,0,0,0,0,0,0,0,0,0,0,0,0
2,0,0,0,0,0,0,0,0,0,0,0,0,0,0,0,0,0,0,0,0,0,0,0,0,0,0,0,0,0,0,0,0,0,0,0,0,0,0,0,0,0,0,0,0,0,0,0,0,0,0,0,0,0,0,0,0,0,0,0,0,0,0,0,0,0,0,0,0,0,0,0,0,0,0,0,0,0,0,0,0,0,0,0,0,0,0,0,0,0,0,0,0,0,0,0,0,0,0,0,0,0,0,0,0,0,0,0,0,0,0,0,0,0,0,0,0,0,0,0,0,0,41,203,203,162,102,102,0,0,0,0,0,0,0,0,0,0,0,0,0,0,0,0,0,0,0,0,0,0,132,253,254,253,254,253,123,0,0,0,0,0,0,0,0,0,0,0,0,0,0,0,0,0,0,0,0,0,10,131,253,252,253,252,223,20,0,0,0,0,0,0,0,0,0,0,0,0,0,0,0,0,0,0,0,0,0,0,21,203,234,253,254,50,0,0,0,0,0,0,0,0,0,0,0,0,0,0,0,0,0,0,0,0,0,0,0,20,71,252,253,131,0,0,0,0,0,0,0,0,0,0,0,0,0,0,0,0,0,0,0,0,0,0,0,0,132,253,254,151,0,0,0,0,0,0,0,0,0,0,0,0,0,0,0,0,0,0,0,0,0,0,0,123,253,252,233,50,0,0,0,0,0,0,0,0,0,0,0,0,0,0,0,0,0,0,0,0,0,0,51,233,254,253,41,0,0,0,0,0,0,0,0,0,0,0,0,0,0,0,0,0,0,0,0,0,0,0,152,252,253,171,0,0,0,0,0,0,0,0,0,0,0,0,0,0,0,0,0,0,0,0,0,0,0,62,254,253,224,20,0,0,0,0,0,0,0,0,0,0,0,0,0,0,0,0,0,0,0,0,0,0,0,142,253,252,162,0,0,0,0,0,0,0,0,0,0,0,0,0,0,0,0,0,0,0,0,0,0,0,51,233,254,253,82,0,0,0,0,0,0,0,0,0,0,0,0,0,0,0,0,0,0,0,0,0,0,82,193,252,253,171,0,0,0,0,0,0,0,0,0,0,0,0,0,0,0,0,0,0,0,0,0,0,72,253,254,253,142,0,0,0,0,0,0,21,51,51,51,132,152,112,41,0,0,0,0,0,0,0,0,0,233,252,253,252,203,102,102,102,102,183,203,223,253,252,253,252,253,252,243,162,0,0,0,0,0,0,0,0,173,253,254,253,254,253,254,253,254,253,254,253,254,253,254,253,234,253,255,233,0,0,0,0,0,0,0,0,31,151,253,252,253,252,253,252,253,252,192,151,131,50,50,50,30,50,50,30,0,0,0,0,0,0,0,0,0,0,0,0,62,102,102,102,82,0,0,0,0,0,0,0,0,0,0,0,0,0,0,0,0,0,0,0,0,0,0,0,0,0,0,0,0,0,0,0,0,0,0,0,0,0,0,0,0,0,0,0,0,0,0,0,0,0,0,0,0,0,0,0,0,0,0,0,0,0,0,0,0,0,0,0,0,0,0,0,0,0,0,0,0,0,0,0,0,0,0,0,0,0,0,0,0,0,0,0,0,0,0,0,0,0,0,0,0,0,0,0,0,0,0,0,0,0,0,0,0,0,0,0,0,0,0,0,0,0,0,0,0,0,0,0,0,0,0,0,0,0,0,0,0,0,0,0,0,0,0,0,0,0,0,0,0,0,0,0,0,0,0,0,0,0,0,0,0,0,0,0,0,0,0,0,0,0,0,0,0,0,0,0,0,0,0,0,0
1,0,0,0,0,0,0,0,0,0,0,0,0,0,0,0,0,0,0,0,0,0,0,0,0,0,0,0,0,0,0,0,0,0,0,0,0,0,0,0,0,0,0,0,0,0,0,0,0,0,0,0,0,0,0,0,0,0,0,0,0,0,0,0,0,0,0,0,0,0,0,0,0,0,0,0,0,0,0,0,0,0,0,0,0,0,0,0,0,0,0,0,0,0,0,0,0,0,0,0,0,0,0,0,0,0,0,0,0,0,0,0,0,0,0,0,0,0,0,0,0,0,0,0,0,0,0,0,0,0,0,0,182,253,63,0,0,0,0,0,0,0,0,0,0,0,0,0,0,0,0,0,0,0,0,0,0,0,0,145,242,252,62,0,0,0,0,0,0,0,0,0,0,0,0,0,0,0,0,0,0,0,0,0,0,0,16,181,252,252,41,0,0,0,0,0,0,0,0,0,0,0,0,0,0,0,0,0,0,0,0,0,0,1,191,252,252,168,0,0,0,0,0,0,0,0,0,0,0,0,0,0,0,0,0,0,0,0,0,0,0,144,253,252,215,0,0,0,0,0,0,0,0,0,0,0,0,0,0,0,0,0,0,0,0,0,0,0,73,237,253,231,71,0,0,0,0,0,0,0,0,0,0,0,0,0,0,0,0,0,0,0,0,0,0,11,191,252,253,158,0,0,0,0,0,0,0,0,0,0,0,0,0,0,0,0,0,0,0,0,0,0,0,31,211,252,253,35,0,0,0,0,0,0,0,0,0,0,0,0,0,0,0,0,0,0,0,0,0,0,0,218,253,253,0,0,0,0,0,0,0,0,0,0,0,0,0,0,0,0,0,0,0,0,0,0,0,0,94,247,252,252,0,0,0,0,0,0,0,0,0,0,0,0,0,0,0,0,0,0,0,0,0,0,0,0,212,252,246,132,0,0,0,0,0,0,0,0,0,0,0,0,0,0,0,0,0,0,0,0,0,0,0,84,253,252,132,0,0,0,0,0,0,0,0,0,0,0,0,0,0,0,0,0,0,0,0,0,0,0,16,191,255,222,125,0,0,0,0,0,0,0,0,0,0,0,0,0,0,0,0,0,0,0,0,0,0,21,99,252,222,128,0,0,0,0,0,0,0,0,0,0,0,0,0,0,0,0,0,0,0,0,0,0,0,94,252,252,207,20,0,0,0,0,0,0,0,0,0,0,0,0,0,0,0,0,0,0,0,0,0,1,144,237,252,252,62,0,0,0,0,0,0,0,0,0,0,0,0,0,0,0,0,0,0,0,0,0,0,145,253,253,237,62,0,0,0,0,0,0,0,0,0,0,0,0,0,0,0,0,0,0,0,0,0,0,11,175,252,252,174,0,0,0,0,0,0,0,0,0,0,0,0,0,0,0,0,0,0,0,0,0,0,0,32,236,252,117,20,0,0,0,0,0,0,0,0,0,0,0,0,0,0,0,0,0,0,0,0,0,0,0,21,206,189,77,0,0,0,0,0,0,0,0,0,0,0,0,0,0,0,0,0,0,0,0,0,0,0,0,0,0,0,0,0,0,0,0,0,0,0,0,0,0,0,0,0,0,0,0,0,0,0,0,0,0,0,0,0,0,0,0,0,0,0,0,0,0,0,0,0,0,0,0,0,0,0,0,0,0,0,0,0,0,0,0,0,0,0,0,0,0,0,0,0,0,0,0,0,0,0,0,0,0,0,0,0,0,0,0,0,0,0,0,0,0,0,0,0,0,0,0,0,0,0,0,0,0,0,0,0,0,0,0,0
5,0,0,0,0,0,0,0,0,0,0,0,0,0,0,0,0,0,0,0,0,0,0,0,0,0,0,0,0,0,0,0,0,0,0,0,0,0,0,0,0,0,0,0,0,0,0,0,0,0,0,0,0,0,0,0,0,0,0,0,0,0,0,0,0,0,0,0,0,0,0,0,0,0,0,0,0,0,0,0,0,0,0,0,0,0,0,0,0,0,0,0,0,0,0,0,0,0,0,0,0,0,0,0,0,0,0,0,0,0,0,0,0,0,0,0,0,0,0,0,0,0,0,0,0,0,0,0,0,0,0,0,0,0,0,0,0,0,0,0,0,0,0,0,0,0,0,0,0,0,0,0,0,0,0,0,0,0,0,0,0,0,0,0,0,0,0,0,0,0,0,0,0,0,0,0,0,0,0,0,0,0,36,144,111,5,0,24,126,144,144,144,197,187,144,19,0,0,0,0,0,0,0,0,0,0,0,0,15,153,247,253,253,187,178,230,253,253,253,253,253,242,187,24,0,0,0,0,0,0,0,0,0,0,0,0,147,253,253,253,253,253,254,253,253,253,188,154,101,36,0,0,0,0,0,0,0,0,0,0,0,0,0,80,250,253,253,250,231,231,232,154,121,15,4,0,0,0,0,0,0,0,0,0,0,0,0,0,0,0,0,157,253,253,198,73,0,0,0,0,0,0,0,0,0,0,0,0,0,0,0,0,0,0,0,0,0,0,0,243,253,253,22,0,0,0,0,0,0,0,0,0,0,0,0,0,0,0,0,0,0,0,0,0,0,0,0,190,253,253,75,0,0,0,0,0,0,0,0,0,0,0,0,0,0,0,0,0,0,0,0,0,0,0,0,133,253,253,201,18,0,0,0,0,0,0,0,0,0,0,0,0,0,0,0,0,0,0,0,0,0,0,0,44,227,253,253,194,20,0,0,0,0,0,0,0,0,0,0,0,0,0,0,0,0,0,0,0,0,0,0,0,46,181,253,253,162,0,0,0,0,0,0,0,0,0,0,0,0,0,0,0,0,0,0,0,0,0,0,0,0,39,228,254,255,206,0,0,0,0,0,0,0,0,0,0,0,0,0,0,0,0,0,0,0,0,0,0,0,0,37,184,253,253,107,0,0,0,0,0,0,0,0,0,0,0,0,0,0,0,0,0,0,0,0,0,0,0,0,27,199,253,221,0,0,0,0,0,0,0,0,0,0,0,0,0,0,0,0,0,0,0,0,0,0,0,1,90,222,253,163,0,0,0,0,0,0,0,0,0,0,0,0,0,0,0,0,0,0,0,0,0,0,0,60,253,253,253,39,0,0,0,0,0,0,0,0,0,0,0,0,0,0,0,0,0,0,0,0,0,20,128,249,253,253,128,0,0,0,0,0,0,0,0,0,0,0,0,0,0,0,0,0,0,0,3,60,70,150,253,253,247,127,3,0,0,0,0,0,0,0,0,0,0,0,0,0,0,0,0,0,0,6,147,253,253,253,253,232,82,0,0,0,0,0,0,0,0,0,0,0,0,0,0,0,0,0,0,0,0,34,253,253,253,253,226,44,0,0,0,0,0,0,0,0,0,0,0,0,0,0,0,0,0,0,0,0,0,5,138,253,244,119,21,0,0,0,0,0,0,0,0,0,0,0,0,0,0,0,0,0,0,0,0,0,0,0,0,0,0,0,0,0,0,0,0,0,0,0,0,0,0,0,0,0,0,0,0,0,0,0,0,0,0,0,0,0,0,0,0,0,0,0,0,0,0,0,0,0,0,0,0,0,0,0
9,0,0,0,0,0,0,0,0,0,0,0,0,0,0,0,0,0,0,0,0,0,0,0,0,0,0,0,0,0,0,0,0,0,0,0,0,0,0,0,0,0,0,0,0,0,0,0,0,0,0,0,0,0,0,0,0,0,0,0,0,0,0,0,0,0,0,0,0,0,0,0,0,0,0,0,0,0,0,0,0,0,0,0,0,0,0,0,0,0,0,0,0,0,0,0,0,0,0,0,0,0,0,0,0,0,0,0,0,0,0,0,0,0,0,0,0,0,0,0,0,0,0,0,0,0,0,0,0,0,0,0,0,0,0,0,0,0,0,0,0,0,0,0,0,0,0,0,0,0,0,0,0,0,0,0,0,0,0,0,0,0,0,0,0,0,0,0,0,0,0,0,0,0,0,0,0,0,0,0,15,80,179,221,228,143,14,0,0,0,0,0,0,0,0,0,0,0,0,0,0,0,0,0,0,0,2,97,232,236,201,201,178,242,112,0,0,0,0,0,0,0,0,0,0,0,0,0,0,0,0,0,0,0,80,254,192,42,0,0,0,80,164,1,0,0,0,0,0,0,0,0,0,0,0,0,0,0,0,0,0,0,236,230,12,0,0,0,0,150,254,7,0,0,0,0,0,0,0,0,0,0,0,0,0,0,0,0,0,31,246,140,0,0,0,0,0,194,254,7,0,0,0,0,0,0,0,0,0,0,0,0,0,0,0,0,0,56,254,68,0,0,0,0,0,194,254,7,0,0,0,0,0,0,0,0,0,0,0,0,0,0,0,0,0,18,242,157,0,0,0,0,55,238,254,7,0,0,0,0,0,0,0,0,0,0,0,0,0,0,0,0,0,0,177,249,172,89,62,145,240,254,254,7,0,0,0,0,0,0,0,0,0,0,0,0,0,0,0,0,0,0,8,134,243,243,246,224,167,234,254,7,0,0,0,0,0,0,0,0,0,0,0,0,0,0,0,0,0,0,0,0,0,0,20,0,0,194,254,7,0,0,0,0,0,0,0,0,0,0,0,0,0,0,0,0,0,0,0,0,0,0,0,0,0,194,254,7,0,0,0,0,0,0,0,0,0,0,0,0,0,0,0,0,0,0,0,0,0,0,0,0,0,194,254,7,0,0,0,0,0,0,0,0,0,0,0,0,0,0,0,0,0,0,0,0,0,0,0,0,0,194,254,7,0,0,0,0,0,0,0,0,0,0,0,0,0,0,0,0,0,0,0,0,0,0,0,0,0,194,254,7,0,0,0,0,0,0,0,0,0,0,0,0,0,0,0,0,0,0,0,0,0,0,0,0,0,194,254,7,0,0,0,0,0,0,0,0,0,0,0,0,0,0,0,0,0,0,0,0,0,0,0,0,0,194,254,7,0,0,0,0,0,0,0,0,0,0,0,0,0,0,0,0,0,0,0,0,0,0,0,0,0,172,254,75,0,0,0,0,0,0,0,0,0,0,0,0,0,0,0,0,0,0,0,0,0,0,0,0,0,119,254,165,0,0,0,0,0,0,0,0,0,0,0,0,0,0,0,0,0,0,0,0,0,0,0,0,0,58,255,235,0,0,0,0,0,0,0,0,0,0,0,0,0,0,0,0,0,0,0,0,0,0,0,0,0,5,179,167,0,0,0,0,0,0,0,0,0,0,0,0,0,0,0,0,0,0,0,0,0,0,0,0,0,0,0,0,0,0,0,0,0,0,0,0,0,0,0,0,0,0,0,0,0,0,0,0,0,0,0,0,0,0,0,0,0,0,0,0,0,0,0,0,0
3,0,0,0,0,0,0,0,0,0,0,0,0,0,0,0,0,0,0,0,0,0,0,0,0,0,0,0,0,0,0,0,0,0,0,0,0,0,0,0,0,0,0,0,0,0,0,0,0,0,0,0,0,0,0,0,0,0,0,0,0,0,0,0,0,0,0,0,0,0,0,0,0,0,0,0,0,0,0,0,0,0,0,0,0,0,0,0,0,0,0,0,0,0,0,0,0,0,0,0,0,0,0,0,0,0,0,0,0,0,0,0,0,0,0,0,0,0,0,0,0,0,8,207,254,209,91,25,0,0,0,0,0,0,0,0,0,0,0,0,0,0,0,0,0,0,0,0,0,0,0,51,213,199,254,178,29,0,0,0,0,0,0,0,0,0,0,0,0,0,0,0,0,0,0,0,0,0,0,0,0,38,223,254,175,27,0,0,0,0,0,0,0,0,0,0,0,0,0,0,0,0,0,0,0,0,0,0,0,0,32,128,254,219,85,0,0,0,0,0,0,0,0,0,0,0,0,0,0,0,0,0,0,0,0,0,0,0,0,5,89,254,248,35,0,0,0,0,0,0,0,0,0,0,0,0,0,0,0,0,0,0,0,0,0,0,0,0,7,159,254,189,0,0,0,0,0,0,0,0,0,0,0,0,0,0,0,0,0,0,0,0,0,0,0,0,0,7,225,206,0,0,0,0,0,0,0,0,0,0,0,0,0,0,0,0,0,0,0,0,0,0,0,0,0,52,251,185,0,0,0,0,0,0,0,0,0,0,0,0,0,0,0,0,0,0,0,0,0,0,11,54,136,245,245,65,0,0,0,0,0,0,0,0,0,0,0,0,0,0,0,0,0,0,0,0,57,175,213,254,254,211,46,0,0,0,0,0,0,0,0,0,0,0,0,0,0,0,0,0,0,0,0,0,113,245,255,214,46,0,0,0,0,0,0,0,0,0,0,0,0,0,0,0,0,0,0,0,0,0,0,0,0,115,230,247,163,23,0,0,0,0,0,0,0,0,0,0,0,0,0,0,0,0,0,0,0,0,0,0,0,0,21,175,253,227,38,0,0,0,0,0,0,0,0,0,0,0,0,0,0,0,0,0,0,0,0,0,0,0,0,0,135,254,229,13,0,0,0,0,0,0,0,0,0,0,0,0,0,0,0,0,0,0,0,0,0,0,0,0,3,132,254,193,0,0,0,0,0,0,0,0,0,0,0,0,0,0,0,0,0,0,0,0,0,0,0,0,0,10,254,224,18,0,0,0,0,0,0,0,0,0,0,0,0,0,0,0,0,0,0,0,0,0,0,0,13,127,254,109,0,0,0,0,0,0,0,0,0,0,0,0,0,0,0,0,0,29,144,57,2,0,22,82,166,254,237,14,0,0,0,0,0,0,0,0,0,0,0,0,0,0,0,0,0,25,231,254,218,217,230,254,254,228,58,0,0,0,0,0,0,0,0,0,0,0,0,0,0,0,0,0,0,0,54,131,215,254,254,195,111,15,0,0,0,0,0,0,0,0,0,0,0,0,0,0,0,0,0,0,0,0,0,0,0,0,0,0,0,0,0,0,0,0,0,0,0,0,0,0,0,0,0,0,0,0,0,0,0,0,0,0,0,0,0,0,0,0,0,0,0,0,0,0,0,0,0,0,0,0,0,0,0,0,0,0,0,0,0,0,0,0,0,0,0,0,0,0,0,0,0,0,0,0,0,0,0,0,0,0,0,0,0,0,0,0,0,0,0,0,0,0,0,0,0,0,0,0,0,0,0,0,0,0,0
3,0,0,0,0,0,0,0,0,0,0,0,0,0,0,0,0,0,0,0,0,0,0,0,0,0,0,0,0,0,0,0,0,0,0,0,0,0,0,0,0,0,0,0,0,0,0,0,0,0,0,0,0,0,0,0,0,0,0,0,0,0,0,0,0,0,0,0,0,0,0,0,0,0,0,0,0,0,0,0,0,0,0,0,0,0,0,0,0,0,0,0,0,0,0,0,0,0,0,0,0,0,0,0,0,0,0,0,0,0,0,0,0,0,0,0,0,0,0,0,0,68,253,253,253,246,121,0,0,0,0,0,0,0,0,0,0,0,0,0,0,0,0,0,0,0,0,0,0,137,252,252,252,252,252,241,68,0,0,0,0,0,0,0,0,0,0,0,0,0,0,0,0,0,0,0,0,67,252,188,168,252,252,253,241,142,0,0,0,0,0,0,0,0,0,0,0,0,0,0,0,0,0,0,0,11,39,13,5,39,151,253,252,237,76,0,0,0,0,0,0,0,0,0,0,0,0,0,0,0,0,0,0,0,0,0,0,0,28,147,252,252,172,0,0,0,0,0,0,0,0,0,0,0,0,0,0,0,0,0,0,0,0,0,0,0,0,32,243,252,143,0,0,0,0,0,0,0,0,0,0,0,0,0,0,0,0,0,0,0,0,0,0,0,22,104,248,188,13,0,0,0,0,0,0,0,0,0,0,0,0,0,0,0,0,0,0,0,6,98,41,160,208,253,252,144,0,0,0,0,0,0,0,0,0,0,0,0,0,0,0,0,0,0,0,0,54,252,252,252,252,253,113,11,0,0,0,0,0,0,0,0,0,0,0,0,0,0,0,0,0,0,0,0,26,210,252,252,252,253,139,14,0,0,0,0,0,0,0,0,0,0,0,0,0,0,0,0,0,0,0,0,0,0,0,8,197,255,253,204,19,0,0,0,0,0,0,0,0,0,0,0,0,0,0,0,0,0,0,0,0,0,0,0,7,197,252,252,199,23,0,0,0,0,0,0,0,0,0,0,0,0,0,0,0,0,0,0,20,79,0,0,0,13,241,252,252,102,0,0,0,0,0,0,0,0,0,0,0,0,0,0,0,0,0,0,166,212,0,0,0,0,37,230,252,185,0,0,0,0,0,0,0,0,0,0,0,0,0,0,0,0,0,0,81,244,179,0,0,0,0,122,252,238,52,0,0,0,0,0,0,0,0,0,0,0,0,0,0,0,0,0,54,252,245,79,0,0,80,211,252,238,52,0,0,0,0,0,0,0,0,0,0,0,0,0,0,0,0,0,17,198,252,199,41,104,206,252,252,185,0,0,0,0,0,0,0,0,0,0,0,0,0,0,0,0,0,0,0,89,252,252,252,253,252,252,229,96,0,0,0,0,0,0,0,0,0,0,0,0,0,0,0,0,0,0,0,38,238,246,252,253,252,240,37,0,0,0,0,0,0,0,0,0,0,0,0,0,0,0,0,0,0,0,0,0,0,70,119,190,119,12,0,0,0,0,0,0,0,0,0,0,0,0,0,0,0,0,0,0,0,0,0,0,0,0,0,0,0,0,0,0,0,0,0,0,0,0,0,0,0,0,0,0,0,0,0,0,0,0,0,0,0,0,0,0,0,0,0,0,0,0,0,0,0,0,0,0,0,0,0,0,0,0,0,0,0,0,0,0,0,0,0,0,0,0,0,0,0,0,0,0,0,0,0,0,0,0,0,0,0,0,0,0,0,0,0,0,0,0,0,0,0,0,0,0,0,0,0,0,0,0,0,0,0
4,0,0,0,0,0,0,0,0,0,0,0,0,0,0,0,0,0,0,0,0,0,0,0,0,0,0,0,0,0,0,0,0,0,0,0,0,0,0,0,0,0,0,0,0,0,0,0,0,0,0,0,0,0,0,0,0,0,0,0,0,0,0,0,0,0,0,0,0,0,0,0,0,0,0,0,0,0,0,0,0,0,0,0,0,0,0,0,0,0,0,0,0,0,0,0,0,0,0,0,0,0,0,0,0,0,0,0,0,0,0,0,0,0,0,0,0,0,0,0,0,0,14,20,3,0,0,0,0,55,206,142,0,0,0,0,0,0,0,0,0,0,0,0,0,0,0,0,0,0,236,253,39,0,0,0,0,138,254,238,24,0,0,0,0,0,0,0,0,0,0,0,0,0,0,0,0,0,254,253,39,0,0,0,0,222,254,196,0,0,0,0,0,0,0,0,0,0,0,0,0,0,0,0,0,49,254,241,27,0,0,0,37,246,254,136,0,0,0,0,0,0,0,0,0,0,0,0,0,0,0,0,0,132,255,227,12,0,0,0,59,254,255,83,0,0,0,0,0,0,0,0,0,0,0,0,0,0,0,0,0,156,254,214,0,0,0,0,71,253,251,49,0,0,0,0,0,0,0,0,0,0,0,0,0,0,0,0,0,156,254,147,0,0,0,0,136,253,216,0,0,0,0,0,0,0,0,0,0,0,0,0,0,0,0,0,19,234,254,64,0,0,0,0,161,253,156,0,0,25,73,0,0,0,0,0,0,0,0,0,0,0,0,0,114,254,253,54,0,0,0,28,242,254,156,0,0,49,248,41,0,0,0,0,0,0,0,0,0,0,0,0,136,253,234,0,0,0,0,40,253,253,97,0,0,0,193,130,0,0,0,0,0,0,0,0,0,0,0,0,154,253,192,0,0,0,0,58,253,253,79,0,0,0,175,223,9,0,0,0,0,0,0,0,0,0,0,13,226,253,132,0,0,0,0,118,253,253,6,0,67,79,224,253,39,0,0,0,0,0,0,0,0,0,0,94,254,254,93,20,86,98,99,170,254,254,255,254,254,254,253,102,0,0,0,0,0,0,0,0,0,0,0,118,253,253,254,253,253,253,254,253,253,253,227,214,214,190,78,0,0,0,0,0,0,0,0,0,0,0,0,67,244,253,249,194,194,194,199,253,253,144,12,0,0,0,0,0,0,0,0,0,0,0,0,0,0,0,0,0,59,97,18,0,0,0,44,253,253,25,0,0,0,0,0,0,0,0,0,0,0,0,0,0,0,0,0,0,0,0,0,0,0,0,206,254,195,0,0,0,0,0,0,0,0,0,0,0,0,0,0,0,0,0,0,0,0,0,0,0,0,0,254,253,203,3,0,0,0,0,0,0,0,0,0,0,0,0,0,0,0,0,0,0,0,0,0,0,0,43,254,253,203,3,0,0,0,0,0,0,0,0,0,0,0,0,0,0,0,0,0,0,0,0,0,0,0,6,230,253,194,0,0,0,0,0,0,0,0,0,0,0,0,0,0,0,0,0,0,0,0,0,0,0,0,0,0,0,0,0,0,0,0,0,0,0,0,0,0,0,0,0,0,0,0,0,0,0,0,0,0,0,0,0,0,0,0,0,0,0,0,0,0,0,0,0,0,0,0,0,0,0,0,0,0,0,0,0,0,0,0,0,0,0,0,0,0,0,0,0,0,0,0,0,0,0,0,0,0,0,0,0,0,0,0,0,0,0,0,0,0,0,0,0,0,0,0,0,0,0,0,0,0,0,0
3,0,0,0,0,0,0,0,0,0,0,0,0,0,0,0,0,0,0,0,0,0,0,0,0,0,0,0,0,0,0,0,0,0,0,0,0,0,0,0,0,0,0,0,0,0,0,0,0,0,0,0,0,0,0,0,0,0,0,0,0,0,0,0,0,0,0,0,0,0,0,0,0,0,0,0,0,0,0,0,0,0,0,0,0,0,0,0,0,0,0,0,0,0,0,0,0,0,0,0,0,0,0,0,0,0,0,0,0,0,0,0,0,0,0,0,0,0,0,0,0,0,0,0,0,0,0,0,0,0,0,0,0,0,0,0,0,0,0,0,0,0,0,0,0,0,0,0,0,0,0,0,0,0,64,145,230,227,33,0,0,0,0,0,0,0,0,0,0,0,0,0,0,0,0,0,0,0,0,40,116,200,252,206,215,254,76,0,0,0,0,0,0,0,0,0,0,0,0,0,0,0,0,0,5,53,200,245,226,158,42,34,213,210,4,0,0,0,0,0,0,0,0,0,0,0,0,0,0,0,7,112,200,254,200,73,17,0,5,160,240,57,0,0,0,0,0,0,0,0,0,0,0,0,0,0,0,0,160,223,104,53,17,0,0,28,161,239,90,0,0,0,0,0,0,0,0,0,0,0,0,0,0,0,0,0,60,11,0,0,0,0,26,212,250,111,0,0,0,0,0,0,0,0,0,0,0,0,0,0,0,0,0,0,0,0,0,0,0,25,215,209,58,0,0,0,0,0,0,0,0,0,0,0,0,0,0,0,0,0,0,0,0,0,0,0,0,160,192,45,0,0,0,0,0,0,0,0,0,0,0,0,0,0,0,0,0,0,0,0,0,0,0,0,0,245,140,7,0,0,0,0,0,0,0,0,0,0,0,0,0,0,0,0,0,0,0,0,0,0,0,0,0,203,254,228,224,224,159,134,111,45,7,0,0,0,0,0,0,0,0,0,0,0,0,0,0,0,0,0,0,28,65,133,208,223,223,233,254,254,202,46,0,0,0,0,0,0,0,0,0,0,0,0,0,0,0,0,0,0,0,0,0,0,0,19,58,77,233,228,0,0,0,0,0,0,0,0,0,0,0,0,0,0,0,0,0,0,0,0,0,0,0,0,0,0,131,228,0,0,0,0,0,0,0,0,0,0,0,0,0,0,0,0,0,0,0,0,0,0,0,0,0,37,243,228,0,0,0,0,0,0,0,0,0,0,0,0,0,0,0,0,0,0,0,0,0,0,0,0,18,201,244,105,0,0,0,0,0,0,0,0,0,0,0,0,0,0,0,0,0,0,0,0,0,0,0,65,204,243,137,0,0,0,0,0,0,0,0,0,0,0,0,0,0,0,0,0,0,12,3,0,0,24,163,243,254,160,13,0,0,0,0,0,0,0,0,0,0,0,0,0,0,0,0,0,10,186,24,43,128,227,254,199,83,5,0,0,0,0,0,0,0,0,0,0,0,0,0,0,0,0,0,0,86,254,211,254,248,165,61,0,0,0,0,0,0,0,0,0,0,0,0,0,0,0,0,0,0,0,0,0,26,189,234,149,40,0,0,0,0,0,0,0,0,0,0,0,0,0,0,0,0,0,0,0,0,0,0,0,0,0,0,0,0,0,0,0,0,0,0,0,0,0,0,0,0,0,0,0,0,0,0,0,0,0,0,0,0,0,0,0,0,0,0,0,0,0,0,0,0,0,0,0,0,0,0,0,0,0,0,0,0,0,0,0,0,0,0,0,0,0,0,0,0,0,0,0,0,0,0,0,0,0,0
5,0,0,0,0,0,0,0,0,0,0,0,0,0,0,0,0,0,0,0,0,0,0,0,0,0,0,0,0,0,0,0,0,0,0,0,0,0,0,0,0,0,0,0,0,0,0,0,0,0,0,0,0,0,0,0,0,0,0,0,0,0,0,0,0,0,0,0,0,0,0,0,0,0,0,0,0,0,0,0,0,0,0,0,0,0,0,0,0,0,0,0,0,0,0,0,0,0,0,0,0,0,0,0,0,0,0,0,0,0,0,0,0,0,0,0,0,0,0,0,0,0,0,0,0,0,0,0,0,0,0,0,0,0,0,0,0,0,0,0,0,0,0,0,0,0,0,0,0,0,0,0,0,0,0,0,0,0,0,0,0,0,0,0,0,0,0,0,0,0,0,0,0,0,0,0,0,0,0,0,0,0,0,0,79,76,40,0,0,0,0,0,0,0,0,0,0,0,0,0,0,0,0,0,0,0,0,0,0,32,108,216,233,254,254,186,197,197,137,108,84,78,120,0,0,0,0,0,0,0,0,0,0,0,0,0,13,173,254,254,254,254,181,176,187,254,254,254,254,254,199,0,0,0,0,0,0,0,0,0,0,0,0,0,119,254,116,67,229,73,0,0,0,0,73,79,79,37,0,0,0,0,0,0,0,0,0,0,0,0,0,28,223,172,5,0,18,0,0,0,0,0,0,0,0,0,0,0,0,0,0,0,0,0,0,0,0,0,43,182,214,54,0,0,0,0,0,0,0,0,0,0,0,0,0,0,0,0,0,0,0,0,0,0,0,0,175,255,113,0,0,0,0,0,0,0,0,0,0,0,0,0,0,0,0,0,0,0,0,0,0,0,0,66,254,164,11,0,0,0,0,0,0,0,0,0,0,0,0,0,0,0,0,0,0,0,0,0,0,0,0,50,245,254,227,177,94,40,9,0,0,0,0,0,0,0,0,0,0,0,0,0,0,0,0,0,0,0,0,0,85,218,254,236,254,254,188,21,0,0,0,0,0,0,0,0,0,0,0,0,0,0,0,0,0,0,0,0,0,8,19,14,44,152,236,238,42,0,0,0,0,0,0,0,0,0,0,0,0,0,0,0,0,0,0,0,0,0,0,0,0,0,133,252,206,0,0,0,0,0,0,0,0,0,0,0,0,0,0,0,0,0,0,0,0,0,0,0,0,0,0,179,254,37,0,0,0,0,0,0,0,0,0,0,0,0,0,0,0,0,0,0,0,0,0,0,0,0,0,185,254,31,0,0,0,0,0,0,0,0,0,0,0,0,0,0,0,187,150,0,0,0,0,0,0,0,13,197,254,31,0,0,0,0,0,0,0,0,0,0,0,0,0,0,0,139,250,188,128,69,20,44,93,99,194,254,194,25,0,0,0,0,0,0,0,0,0,0,0,0,0,0,0,0,82,163,254,254,254,254,254,254,248,154,23,0,0,0,0,0,0,0,0,0,0,0,0,0,0,0,0,0,0,9,39,39,75,117,69,39,33,0,0,0,0,0,0,0,0,0,0,0,0,0,0,0,0,0,0,0,0,0,0,0,0,0,0,0,0,0,0,0,0,0,0,0,0,0,0,0,0,0,0,0,0,0,0,0,0,0,0,0,0,0,0,0,0,0,0,0,0,0,0,0,0,0,0,0,0,0,0,0,0,0,0,0,0,0,0,0,0,0,0,0,0,0,0,0,0,0,0,0,0,0,0,0,0,0,0,0,0,0,0,0,0,0,0,0,0,0,0,0,0,0,0,0,0,0,0,0,0,0,0,0,0
3,0,0,0,0,0,0,0,0,0,0,0,0,0,0,0,0,0,0,0,0,0,0,0,0,0,0,0,0,0,0,0,0,0,0,0,0,0,0,0,0,0,0,0,0,0,0,0,0,0,0,0,0,0,0,0,0,0,0,0,0,0,0,0,0,0,0,0,0,0,0,0,0,0,0,0,0,0,0,0,0,0,0,0,0,0,0,0,0,0,0,0,0,0,0,0,0,0,0,0,0,0,0,0,0,0,0,0,0,0,0,0,0,0,0,0,0,0,0,0,0,29,104,141,141,204,253,216,141,79,10,0,0,0,0,0,0,0,0,0,0,0,0,0,0,0,0,0,101,253,252,252,252,253,252,252,252,253,171,13,0,0,0,0,0,0,0,0,0,0,0,0,0,0,0,0,225,253,252,252,252,253,252,252,252,253,252,171,10,0,0,0,0,0,0,0,0,0,0,0,0,0,0,0,125,203,227,103,28,28,28,28,78,253,252,252,28,0,0,0,0,0,0,0,0,0,0,0,0,0,0,0,0,0,0,0,0,0,0,0,0,141,253,253,28,0,0,0,0,0,0,0,0,0,0,0,0,0,0,0,0,0,0,0,0,0,0,0,0,166,252,252,28,0,0,0,0,0,0,0,0,0,0,0,0,0,0,0,0,0,0,0,0,0,0,0,176,253,252,252,28,0,0,0,0,0,0,0,0,0,0,0,0,0,0,0,0,0,0,0,0,0,26,150,249,253,252,177,3,0,0,0,0,0,0,0,0,0,0,0,0,0,0,0,176,255,228,141,141,204,253,253,253,254,253,253,153,13,0,0,0,0,0,0,0,0,0,0,0,0,0,0,225,253,252,252,252,253,252,252,252,253,252,252,252,144,19,0,0,0,0,0,0,0,0,0,0,0,0,0,100,216,252,252,252,253,252,252,214,168,187,252,252,253,171,0,0,0,0,0,0,0,0,0,0,0,0,0,0,16,28,65,139,28,28,28,15,0,7,103,252,253,196,0,0,0,0,0,0,0,0,0,0,0,0,0,0,0,0,0,0,0,0,0,0,0,0,0,226,254,228,31,0,0,0,0,0,0,0,0,0,0,0,0,0,0,0,0,0,0,0,0,0,0,0,0,225,253,252,56,0,0,0,0,0,0,0,0,0,0,0,67,185,126,0,0,0,0,0,0,0,0,0,104,246,253,208,13,0,0,0,0,0,0,0,0,0,0,51,246,252,250,125,0,0,0,0,0,0,0,51,246,252,253,196,0,0,0,0,0,0,0,0,0,0,0,26,200,250,255,253,165,41,13,0,0,26,41,216,253,253,226,38,0,0,0,0,0,0,0,0,0,0,0,0,0,175,253,252,252,252,207,169,169,243,253,252,252,252,88,0,0,0,0,0,0,0,0,0,0,0,0,0,0,0,56,149,252,252,253,252,252,252,253,252,224,68,0,0,0,0,0,0,0,0,0,0,0,0,0,0,0,0,0,7,65,190,203,252,252,202,140,65,19,0,0,0,0,0,0,0,0,0,0,0,0,0,0,0,0,0,0,0,0,0,0,0,0,0,0,0,0,0,0,0,0,0,0,0,0,0,0,0,0,0,0,0,0,0,0,0,0,0,0,0,0,0,0,0,0,0,0,0,0,0,0,0,0,0,0,0,0,0,0,0,0,0,0,0,0,0,0,0,0,0,0,0,0,0,0,0,0,0,0,0,0,0,0,0,0,0,0,0,0,0,0,0,0,0,0,0,0,0,0,0,0,0,0,0,0,0,0,0,0,0
0,0,0,0,0,0,0,0,0,0,0,0,0,0,0,0,0,0,0,0,0,0,0,0,0,0,0,0,0,0,0,0,0,0,0,0,0,0,0,0,0,0,0,0,0,0,0,0,0,0,0,0,0,0,0,0,0,0,0,0,0,0,0,0,0,0,0,0,0,0,0,0,0,0,0,0,0,0,0,0,0,0,0,0,0,0,0,0,0,0,0,0,0,0,0,0,0,0,0,0,0,0,0,0,0,0,0,0,0,0,0,0,0,0,0,0,0,0,0,0,0,0,0,0,0,93,255,177,0,0,43,221,184,15,0,0,0,0,0,0,0,0,0,0,0,0,0,0,0,0,0,0,96,239,253,176,0,0,0,169,253,170,17,0,0,0,0,0,0,0,0,0,0,0,0,0,0,0,0,0,239,253,253,176,0,0,0,169,253,253,92,0,0,0,0,0,0,0,0,0,0,0,0,0,0,0,15,93,244,253,253,176,0,0,0,169,253,253,241,0,0,0,0,0,0,0,0,0,0,0,0,0,0,0,156,253,253,253,233,56,0,0,0,41,130,247,246,23,0,0,0,0,0,0,0,0,0,0,0,0,0,51,226,253,253,236,56,0,0,0,0,0,0,216,253,145,0,0,0,0,0,0,0,0,0,0,0,0,0,144,253,253,253,170,0,0,0,0,0,0,0,216,253,247,43,0,0,0,0,0,0,0,0,0,0,0,108,251,253,253,243,60,0,0,0,0,0,0,0,216,253,253,45,0,0,0,0,0,0,0,0,0,0,0,146,253,253,253,89,0,0,0,0,0,0,0,0,216,253,253,45,0,0,0,0,0,0,0,0,0,0,15,179,253,241,176,10,0,0,0,0,0,0,0,0,216,253,253,45,0,0,0,0,0,0,0,0,0,0,47,253,253,214,0,0,0,0,0,0,0,0,0,11,219,253,243,41,0,0,0,0,0,0,0,0,0,0,122,253,253,139,0,0,0,0,0,0,0,0,0,116,253,253,145,0,0,0,0,0,0,0,0,0,0,0,200,253,253,61,0,0,0,0,0,0,0,20,173,237,253,246,17,0,0,0,0,0,0,0,0,0,0,0,191,253,253,61,0,0,0,0,0,2,91,192,253,253,253,236,0,0,0,0,0,0,0,0,0,0,0,0,47,253,253,61,0,0,0,0,36,128,253,253,253,253,253,92,0,0,0,0,0,0,0,0,0,0,0,0,47,253,253,201,146,123,216,216,227,253,253,253,253,253,162,14,0,0,0,0,0,0,0,0,0,0,0,0,47,253,253,253,253,253,253,253,253,253,253,253,238,92,14,0,0,0,0,0,0,0,0,0,0,0,0,0,27,207,253,253,253,253,253,253,253,253,253,157,48,0,0,0,0,0,0,0,0,0,0,0,0,0,0,0,0,116,219,253,253,253,253,253,253,215,124,6,0,0,0,0,0,0,0,0,0,0,0,0,0,0,0,0,0,0,37,123,253,253,234,99,99,30,0,0,0,0,0,0,0,0,0,0,0,0,0,0,0,0,0,0,0,0,0,0,0,0,0,0,0,0,0,0,0,0,0,0,0,0,0,0,0,0,0,0,0,0,0,0,0,0,0,0,0,0,0,0,0,0,0,0,0,0,0,0,0,0,0,0,0,0,0,0,0,0,0,0,0,0,0,0,0,0,0,0,0,0,0,0,0,0,0,0,0,0,0,0,0,0,0,0,0,0,0,0,0,0,0,0,0,0,0,0,0,0,0,0,0,0,0,0,0,0,0,0,0,0
5,0,0,0,0,0,0,0,0,0,0,0,0,0,0,0,0,0,0,0,0,0,0,0,0,0,0,0,0,0,0,0,0,0,0,0,0,0,0,0,0,0,0,0,0,0,0,0,0,0,0,0,0,0,0,0,0,0,0,0,0,0,0,0,0,0,0,0,0,0,0,0,0,0,0,0,0,0,0,0,0,0,0,0,0,0,0,0,0,0,0,0,0,0,0,0,0,0,0,0,0,0,0,0,0,0,0,0,0,0,0,0,0,0,0,0,0,0,0,0,0,0,0,0,0,0,0,0,0,0,0,0,0,0,0,0,0,0,0,0,0,0,0,0,0,0,0,0,0,0,0,0,0,0,0,0,0,0,0,0,0,0,0,0,0,0,0,0,0,0,0,0,0,0,0,0,0,0,0,0,0,0,0,0,0,0,0,0,32,34,34,34,101,110,19,0,0,0,0,0,0,0,0,0,0,0,0,0,0,0,0,0,0,81,176,176,249,252,252,252,252,252,219,0,0,0,0,0,0,0,0,0,0,0,0,0,35,147,100,181,209,253,252,252,252,231,153,153,153,227,161,0,0,0,0,0,0,0,0,0,0,0,0,87,222,252,239,230,230,169,92,10,10,8,0,0,0,187,37,0,0,0,0,0,0,0,0,0,0,22,161,222,209,144,34,0,0,0,0,0,0,0,0,0,0,99,74,0,0,0,0,0,0,0,0,0,24,201,252,170,12,0,0,0,0,0,0,0,0,0,0,0,0,0,0,0,0,0,0,0,0,0,0,2,123,252,237,46,0,0,0,0,0,0,0,0,0,0,0,0,0,0,0,0,0,0,0,0,0,0,0,101,252,252,53,0,0,0,0,0,0,0,0,0,0,0,0,0,0,0,0,0,0,0,0,0,0,0,0,225,252,209,6,0,0,0,14,44,44,0,0,0,0,0,0,0,0,0,0,0,0,0,0,0,0,0,0,205,252,252,222,220,220,220,226,238,238,192,0,0,0,0,0,0,0,0,0,0,0,0,0,0,0,0,0,63,139,220,252,253,242,220,220,220,235,255,139,0,0,0,0,0,0,0,0,0,0,0,0,0,0,0,0,0,0,0,74,77,50,0,0,0,111,253,186,0,0,0,0,0,0,0,0,0,0,0,0,0,0,0,0,0,0,0,0,0,0,0,0,0,111,253,186,0,0,0,0,0,0,0,0,0,0,0,0,0,0,0,0,0,0,0,0,0,0,0,0,7,171,253,176,0,0,0,0,0,0,0,0,0,0,0,0,0,0,0,0,0,0,0,0,0,0,0,0,149,252,232,27,0,0,0,0,0,0,0,0,0,0,0,0,0,0,0,0,0,0,0,0,39,0,0,16,210,252,134,0,0,0,0,0,0,0,0,0,0,0,0,0,0,0,0,0,0,0,0,1,115,0,68,235,252,194,10,0,0,0,0,0,0,0,0,0,0,0,0,0,0,0,0,0,0,0,0,23,231,154,244,252,186,13,0,0,0,0,0,0,0,0,0,0,0,0,0,0,0,0,0,0,0,0,0,6,188,252,249,109,17,0,0,0,0,0,0,0,0,0,0,0,0,0,0,0,0,0,0,0,0,0,0,0,21,33,31,0,0,0,0,0,0,0,0,0,0,0,0,0,0,0,0,0,0,0,0,0,0,0,0,0,0,0,0,0,0,0,0,0,0,0,0,0,0,0,0,0,0,0,0,0,0,0,0,0,0,0,0,0,0,0,0,0,0,0,0,0,0,0,0,0,0,0,0,0,0,0
2,0,0,0,0,0,0,0,0,0,0,0,0,0,0,0,0,0,0,0,0,0,0,0,0,0,0,0,0,0,0,0,0,0,0,0,0,0,0,0,0,0,0,0,0,0,0,0,0,0,0,0,0,0,0,0,0,0,0,0,0,0,0,0,0,0,0,0,0,0,0,0,0,0,0,0,0,0,0,0,0,0,0,0,0,0,0,0,0,0,0,0,0,0,0,0,0,0,0,0,0,0,0,0,0,0,0,0,0,0,0,0,0,0,0,0,0,0,0,0,0,0,0,0,0,0,0,0,0,0,0,0,0,0,0,0,0,0,0,0,0,0,0,0,0,0,0,0,0,0,0,2,13,13,34,136,110,10,0,0,0,0,0,0,0,0,0,0,0,0,0,0,0,0,0,0,0,17,143,153,253,253,253,253,253,226,44,0,0,0,0,0,0,0,0,0,0,0,0,0,0,0,0,0,29,205,253,253,253,253,253,253,253,253,192,6,0,0,0,0,0,0,0,0,0,0,0,0,0,0,0,0,254,253,253,253,253,253,253,253,253,253,253,55,0,0,0,0,0,0,0,0,0,0,0,0,0,0,0,0,254,253,253,231,140,93,93,203,253,253,253,55,0,0,0,0,0,0,0,0,0,0,0,0,0,0,0,0,211,210,140,36,0,0,0,174,253,253,253,55,0,0,0,0,0,0,0,0,0,0,0,0,0,0,0,0,0,0,0,0,0,0,55,228,253,253,182,18,0,0,0,0,0,0,0,0,0,0,0,0,0,0,0,0,0,0,0,0,0,27,228,253,253,209,18,0,0,0,0,0,0,0,0,0,0,0,0,0,0,0,0,0,0,0,0,0,39,151,253,253,240,84,0,0,0,0,0,0,0,0,0,0,0,0,0,0,0,0,0,0,0,0,0,53,230,253,253,240,84,0,0,0,0,0,0,0,0,0,0,0,0,0,0,0,0,0,0,0,0,41,84,231,253,253,253,107,0,0,0,0,0,0,0,0,0,0,0,0,0,0,0,0,0,0,0,0,45,231,253,253,253,253,178,16,0,0,0,0,0,0,0,0,0,0,0,0,0,0,0,0,0,0,0,0,130,253,253,253,253,253,225,127,88,66,0,0,0,0,0,0,0,0,0,0,0,0,0,0,0,0,0,0,130,253,253,253,253,253,253,253,253,244,217,217,217,156,111,94,55,42,5,0,0,0,0,0,0,0,0,0,19,207,253,253,253,253,253,253,253,253,253,253,253,253,253,253,241,237,225,54,0,0,0,0,0,0,0,0,0,13,24,24,24,103,148,220,253,253,253,253,253,253,253,253,253,253,253,190,0,0,0,0,0,0,0,0,0,0,0,0,0,0,0,12,18,18,18,18,18,122,141,185,253,253,146,12,0,0,0,0,0,0,0,0,0,0,0,0,0,0,0,0,0,0,0,0,0,0,0,5,12,12,1,0,0,0,0,0,0,0,0,0,0,0,0,0,0,0,0,0,0,0,0,0,0,0,0,0,0,0,0,0,0,0,0,0,0,0,0,0,0,0,0,0,0,0,0,0,0,0,0,0,0,0,0,0,0,0,0,0,0,0,0,0,0,0,0,0,0,0,0,0,0,0,0,0,0,0,0,0,0,0,0,0,0,0,0,0,0,0,0,0,0,0,0,0,0,0,0,0,0,0,0,0,0,0,0,0,0,0,0,0,0,0,0,0,0,0,0,0,0,0,0,0,0,0,0,0,0,0,0,0,0,0,0,0,0,0,0,0,0,0,0,0,0
9,0,0,0,0,0,0,0,0,0,0,0,0,0,0,0,0,0,0,0,0,0,0,0,0,0,0,0,0,0,0,0,0,0,0,0,0,0,0,0,0,0,0,0,0,0,0,0,0,0,0,0,0,0,0,0,0,0,0,0,0,0,0,0,0,0,0,0,0,0,0,0,0,0,0,0,0,0,0,0,0,0,0,0,0,0,0,0,0,0,0,0,0,0,0,0,0,0,0,0,0,0,0,0,0,0,0,0,0,0,0,0,0,0,0,0,0,0,0,0,0,0,0,0,0,0,0,0,0,0,0,0,0,0,0,0,0,0,0,0,0,0,0,0,0,0,0,0,0,0,0,0,0,0,0,0,0,0,0,0,0,0,0,0,0,0,0,0,0,0,0,0,0,0,0,0,0,0,0,0,0,0,0,37,141,186,201,119,23,0,0,0,0,0,0,0,0,0,0,0,0,0,0,0,0,0,0,0,0,4,132,239,253,253,253,253,98,0,0,0,0,0,0,0,0,0,0,0,0,0,0,0,0,0,0,0,0,137,253,235,167,78,105,253,165,0,0,0,0,0,0,0,0,0,0,0,0,0,0,0,0,0,0,4,174,251,200,15,0,0,55,253,142,0,0,0,0,0,0,0,0,0,0,0,0,0,0,0,0,0,0,132,253,237,58,0,0,0,212,253,98,0,0,0,0,0,0,0,0,0,0,0,0,0,0,0,0,0,82,239,235,53,0,0,0,0,85,193,0,0,0,0,0,0,0,0,0,0,0,0,0,0,0,0,0,8,254,251,86,0,0,0,2,118,250,238,0,0,0,0,0,0,0,0,0,0,0,0,0,0,0,0,0,128,254,203,0,0,0,0,50,253,253,253,0,0,0,0,0,0,0,0,0,0,0,0,0,0,0,0,37,248,254,46,0,0,31,159,243,253,253,253,0,0,0,0,0,0,0,0,0,0,0,0,0,0,0,0,40,253,208,17,128,195,239,254,245,223,253,253,0,0,0,0,0,0,0,0,0,0,0,0,0,0,0,0,31,240,255,254,254,222,195,76,13,224,254,193,0,0,0,0,0,0,0,0,0,0,0,0,0,0,0,0,0,68,234,188,68,18,0,0,20,253,253,111,0,0,0,0,0,0,0,0,0,0,0,0,0,0,0,0,0,0,0,0,0,0,0,0,50,253,253,58,0,0,0,0,0,0,0,0,0,0,0,0,0,0,0,0,0,0,0,0,0,0,0,0,170,253,231,27,0,0,0,0,0,0,0,0,0,0,0,0,0,0,0,0,0,0,0,0,0,0,0,46,244,253,138,0,0,0,0,0,0,0,0,0,0,0,0,0,0,0,0,0,0,0,0,0,0,0,0,59,254,254,57,0,0,0,0,0,0,0,0,0,0,0,0,0,0,0,0,0,0,0,0,0,0,0,0,104,253,247,18,0,0,0,0,0,0,0,0,0,0,0,0,0,0,0,0,0,0,0,0,0,0,0,0,156,253,144,0,0,0,0,0,0,0,0,0,0,0,0,0,0,0,0,0,0,0,0,0,0,0,0,16,246,242,36,0,0,0,0,0,0,0,0,0,0,0,0,0,0,0,0,0,0,0,0,0,0,0,0,23,254,195,0,0,0,0,0,0,0,0,0,0,0,0,0,0,0,0,0,0,0,0,0,0,0,0,0,0,0,0,0,0,0,0,0,0,0,0,0,0,0,0,0,0,0,0,0,0,0,0,0,0,0,0,0,0,0,0,0,0,0,0,0,0,0,0,0,0,0,0
2,0,0,0,0,0,0,0,0,0,0,0,0,0,0,0,0,0,0,0,0,0,0,0,0,0,0,0,0,0,0,0,0,0,0,0,0,0,0,0,0,0,0,0,0,0,0,0,0,0,0,0,0,0,0,0,0,0,0,0,0,0,0,0,0,0,0,0,0,0,0,0,0,0,0,0,0,0,0,0,0,0,0,0,0,0,0,0,0,0,0,0,0,0,0,0,0,0,0,0,0,0,0,0,0,0,0,0,0,0,0,0,0,0,0,0,0,0,0,0,0,0,0,0,12,96,96,194,255,63,0,0,0,0,0,0,0,0,0,0,0,0,0,0,0,0,0,0,0,0,20,191,197,251,251,251,253,82,0,0,0,0,0,0,0,0,0,0,0,0,0,0,0,0,0,0,0,32,205,253,251,188,126,204,253,236,63,0,0,0,0,0,0,0,0,0,0,0,0,0,0,0,0,0,32,210,251,229,168,15,0,19,114,251,236,27,0,0,0,0,0,0,0,0,0,0,0,0,0,0,0,0,127,251,251,158,0,0,0,0,96,251,251,31,0,0,0,0,0,0,0,0,0,0,0,0,0,0,0,0,80,242,253,159,0,0,0,0,155,253,253,31,0,0,0,0,0,0,0,0,0,0,0,0,0,0,0,0,0,201,251,230,67,0,0,0,153,251,251,31,0,0,0,0,0,0,0,0,0,0,0,0,0,0,0,0,0,32,126,253,220,0,0,0,253,251,251,31,0,0,0,0,0,0,0,0,0,0,0,0,0,0,0,0,0,0,0,91,164,0,0,0,253,251,219,23,0,0,0,0,0,0,0,0,0,0,0,0,0,0,0,0,0,0,0,0,0,0,0,100,253,251,126,0,0,0,0,0,0,0,0,0,0,0,0,0,0,0,0,0,0,0,0,0,0,0,24,194,255,161,0,0,0,0,0,0,0,0,0,0,0,0,0,0,0,0,0,0,0,0,0,0,0,0,84,251,241,54,0,0,0,0,0,0,0,0,0,0,0,0,0,0,0,0,0,0,0,0,0,0,0,64,236,251,158,0,0,0,0,0,0,0,0,0,0,0,0,0,0,0,0,0,0,0,0,0,0,0,8,158,251,211,19,0,0,0,0,0,0,0,0,0,0,0,0,0,0,0,0,0,0,0,0,0,0,0,32,251,251,94,0,0,0,40,158,159,39,0,0,0,0,0,0,0,0,0,0,0,0,0,0,0,0,96,253,253,129,0,0,0,0,223,253,255,221,0,0,0,0,0,0,0,0,0,0,0,0,0,0,0,0,115,251,156,8,0,0,0,0,221,251,253,220,0,0,0,0,0,0,0,0,0,0,0,0,0,0,32,127,253,251,188,127,127,128,32,0,221,251,253,220,0,0,0,0,0,0,0,0,0,0,0,0,0,0,64,251,253,251,251,251,251,253,229,221,248,251,253,180,0,0,0,0,0,0,0,0,0,0,0,0,0,0,24,94,253,251,172,94,94,95,114,251,251,251,95,23,0,0,0,0,0,0,0,0,0,0,0,0,0,0,0,0,0,0,0,0,0,0,0,0,0,0,0,0,0,0,0,0,0,0,0,0,0,0,0,0,0,0,0,0,0,0,0,0,0,0,0,0,0,0,0,0,0,0,0,0,0,0,0,0,0,0,0,0,0,0,0,0,0,0,0,0,0,0,0,0,0,0,0,0,0,0,0,0,0,0,0,0,0,0,0,0,0,0,0,0,0,0,0,0,0,0,0,0,0,0,0,0,0,0,0,0,0,0
8,0,0,0,0,0,0,0,0,0,0,0,0,0,0,0,0,0,0,0,0,0,0,0,0,0,0,0,0,0,0,0,0,0,0,0,0,0,0,0,0,0,0,0,0,0,0,0,0,0,0,0,0,0,0,0,0,0,0,0,0,0,0,0,0,0,0,0,0,0,0,0,0,0,0,0,0,0,0,0,0,0,0,0,0,0,0,0,0,0,0,0,0,0,0,0,0,0,0,0,0,0,0,0,0,0,0,0,0,0,0,0,0,0,0,0,0,0,0,0,0,0,0,0,0,0,0,0,0,0,0,0,0,0,0,0,0,0,0,0,0,0,0,0,0,0,0,0,0,0,0,0,47,212,254,254,255,240,120,0,0,0,0,0,0,0,0,0,0,0,0,0,0,0,0,0,0,0,7,156,245,253,253,253,254,253,252,89,0,0,0,0,0,0,0,0,0,0,0,0,0,0,0,0,0,0,125,253,253,253,253,253,250,253,253,180,5,0,0,0,0,0,0,0,0,0,0,0,0,0,0,0,0,51,247,253,253,253,216,108,78,217,253,253,188,14,0,0,0,0,0,0,0,0,0,0,0,0,0,0,0,76,253,253,253,130,10,0,0,115,253,253,253,224,14,0,0,0,0,0,0,0,0,0,0,0,0,0,0,14,196,253,253,16,0,0,0,21,228,253,253,253,144,0,0,0,0,0,0,0,0,0,0,0,0,0,0,0,141,253,253,187,13,0,0,0,197,253,253,253,75,0,0,0,0,0,0,0,0,0,0,0,0,0,0,0,51,253,253,253,200,60,36,189,251,253,204,165,3,0,0,0,0,0,0,0,0,0,0,0,0,0,0,0,7,88,253,253,253,239,240,253,253,253,43,0,0,0,0,0,0,0,0,0,0,0,0,0,0,0,0,0,0,5,162,253,253,253,254,253,253,197,29,0,0,0,0,0,0,0,0,0,0,0,0,0,0,0,0,0,0,0,0,245,254,254,255,254,209,0,0,0,0,0,0,0,0,0,0,0,0,0,0,0,0,0,0,0,0,10,163,252,253,253,254,253,252,197,38,0,0,0,0,0,0,0,0,0,0,0,0,0,0,0,0,0,41,201,253,253,253,246,209,248,253,253,225,23,0,0,0,0,0,0,0,0,0,0,0,0,0,0,0,23,209,253,253,253,253,65,0,44,187,253,253,140,0,0,0,0,0,0,0,0,0,0,0,0,0,0,0,93,253,253,253,253,122,5,0,0,190,253,253,140,0,0,0,0,0,0,0,0,0,0,0,0,0,0,0,128,253,253,253,96,7,0,0,66,222,253,249,60,0,0,0,0,0,0,0,0,0,0,0,0,0,0,0,23,209,253,253,208,99,85,144,245,253,253,109,0,0,0,0,0,0,0,0,0,0,0,0,0,0,0,0,0,23,183,253,253,253,253,254,253,253,159,1,0,0,0,0,0,0,0,0,0,0,0,0,0,0,0,0,0,0,3,134,252,253,253,254,253,189,13,0,0,0,0,0,0,0,0,0,0,0,0,0,0,0,0,0,0,0,0,0,84,204,253,229,111,15,0,0,0,0,0,0,0,0,0,0,0,0,0,0,0,0,0,0,0,0,0,0,0,0,0,0,0,0,0,0,0,0,0,0,0,0,0,0,0,0,0,0,0,0,0,0,0,0,0,0,0,0,0,0,0,0,0,0,0,0,0,0,0,0,0,0,0,0,0,0,0,0,0,0,0,0,0,0,0,0,0,0,0,0,0,0,0,0,0,0,0,0,0,0
9,0,0,0,0,0,0,0,0,0,0,0,0,0,0,0,0,0,0,0,0,0,0,0,0,0,0,0,0,0,0,0,0,0,0,0,0,0,0,0,0,0,0,0,0,0,0,0,0,0,0,0,0,0,0,0,0,0,0,0,0,0,0,0,0,0,0,0,0,0,0,0,0,0,0,0,0,0,0,0,0,0,0,0,0,0,0,0,0,0,0,0,0,0,0,0,0,0,0,0,0,0,0,0,0,0,0,0,0,0,0,0,0,0,0,0,0,0,0,0,0,0,0,0,0,0,0,0,0,0,0,0,0,0,0,0,0,0,0,0,0,0,0,0,0,0,0,0,0,0,0,0,0,0,0,0,0,0,0,0,0,0,0,0,0,0,0,0,0,0,0,0,0,0,0,0,0,0,0,0,0,0,0,0,0,0,0,0,0,0,0,0,0,0,0,0,0,0,0,0,0,0,0,0,0,0,0,0,0,0,0,0,0,19,88,160,218,255,232,70,1,0,0,0,0,0,0,0,0,0,0,0,0,0,0,0,0,0,0,4,119,241,254,236,165,134,211,253,70,0,0,0,0,0,0,0,0,0,0,0,0,0,0,0,0,6,52,199,254,205,181,254,117,0,0,179,96,0,0,0,0,0,0,0,0,0,0,0,0,0,0,0,16,196,254,233,113,35,166,254,162,0,0,154,96,0,0,0,0,0,0,0,0,0,0,0,0,0,0,50,196,251,183,35,0,69,244,249,76,0,0,189,96,0,0,0,0,0,0,0,0,0,0,0,0,0,49,238,235,74,0,0,27,210,254,128,0,0,0,159,59,0,0,0,0,0,0,0,0,0,0,0,0,2,173,251,102,0,0,14,167,254,168,8,0,0,0,0,0,0,0,0,0,0,0,0,0,0,0,0,0,52,254,167,0,4,72,209,254,179,8,0,0,0,0,0,0,0,0,0,0,0,0,0,0,0,0,0,0,97,254,199,129,210,254,254,221,38,0,0,0,0,0,0,0,0,0,0,0,0,0,0,0,0,0,0,0,45,138,243,236,175,200,247,81,0,0,0,0,0,0,0,0,0,0,0,0,0,0,0,0,0,0,0,0,0,0,31,24,68,245,146,0,0,0,0,0,0,0,0,0,0,0,0,0,0,0,0,0,0,0,0,0,0,0,0,5,168,247,52,0,0,0,0,0,0,0,0,0,0,0,0,0,0,0,0,0,0,0,0,0,0,0,0,98,254,129,0,0,0,0,0,0,0,0,0,0,0,0,0,0,0,0,0,0,0,0,0,0,0,0,0,182,218,24,0,0,0,0,0,0,0,0,0,0,0,0,0,0,0,0,0,0,0,0,0,0,0,0,68,248,121,0,0,0,0,0,0,0,0,0,0,0,0,0,0,0,0,0,0,0,0,0,0,0,0,0,127,239,24,0,0,0,0,0,0,0,0,0,0,0,0,0,0,0,0,0,0,0,0,0,0,0,0,34,228,150,0,0,0,0,0,0,0,0,0,0,0,0,0,0,0,0,0,0,0,0,0,0,0,0,0,126,247,48,0,0,0,0,0,0,0,0,0,0,0,0,0,0,0,0,0,0,0,0,0,0,0,0,4,205,152,0,0,0,0,0,0,0,0,0,0,0,0,0,0,0,0,0,0,0,0,0,0,0,0,0,13,254,68,0,0,0,0,0,0,0,0,0,0,0,0,0,0,0,0,0,0,0,0,0,0,0,0,0,0,0,0,0,0,0,0,0,0,0,0,0,0,0,0,0,0,0,0,0
4,0,0,0,0,0,0,0,0,0,0,0,0,0,0,0,0,0,0,0,0,0,0,0,0,0,0,0,0,0,0,0,0,0,0,0,0,0,0,0,0,0,0,0,0,0,0,0,0,0,0,0,0,0,0,0,0,0,0,0,0,0,0,0,0,0,0,0,0,0,0,0,0,0,0,0,0,0,0,0,0,0,0,0,0,0,0,0,0,0,0,0,0,0,0,0,0,0,0,0,0,0,0,0,0,0,0,0,0,0,0,0,0,0,0,0,0,0,0,0,0,0,0,0,0,0,0,0,0,0,0,0,0,0,0,0,0,0,0,0,0,0,0,0,0,0,0,0,0,0,0,0,0,0,0,0,0,0,57,255,0,0,0,0,0,0,0,0,0,0,0,0,0,0,0,0,0,0,0,0,0,0,0,0,0,29,255,255,198,0,0,0,0,0,0,0,0,0,0,0,0,0,0,0,0,0,0,0,0,0,0,0,0,170,255,255,255,86,0,0,0,0,0,0,0,0,0,0,0,0,0,0,0,0,0,0,0,0,0,0,0,198,255,255,226,29,0,0,0,0,0,0,0,0,0,0,0,0,0,0,0,0,114,226,57,0,0,0,86,255,255,255,86,0,0,0,0,0,0,0,0,0,0,0,0,0,0,0,0,0,198,255,141,0,0,0,170,255,255,255,29,0,0,0,0,0,0,0,0,0,0,0,0,0,0,0,0,114,255,255,114,0,0,141,255,255,255,170,0,0,0,0,0,0,0,0,0,0,0,0,0,0,0,0,0,170,255,255,86,0,0,255,255,255,255,114,0,0,0,0,0,0,0,0,0,0,0,0,0,0,0,0,0,170,255,255,29,170,255,255,255,255,255,141,0,0,0,0,0,0,0,0,0,0,0,0,0,0,0,0,29,198,255,255,226,255,255,226,141,255,255,86,0,0,0,0,0,0,0,0,0,0,0,0,0,0,0,0,170,255,255,255,255,255,255,29,86,255,255,86,0,0,0,0,0,0,0,0,0,0,0,0,0,0,0,0,170,255,255,255,255,141,57,0,141,255,255,86,0,0,0,0,0,0,0,0,0,0,0,0,0,0,0,0,57,255,255,255,198,57,0,0,170,255,255,57,0,0,0,0,0,0,0,0,0,0,0,0,0,0,0,0,0,141,170,57,29,0,0,0,170,255,170,29,0,0,0,0,0,0,0,0,0,0,0,0,0,0,0,0,0,0,0,0,0,0,0,0,170,255,255,0,0,0,0,0,0,0,0,0,0,0,0,0,0,0,0,0,0,0,0,0,0,0,0,0,226,255,114,0,0,0,0,0,0,0,0,0,0,0,0,0,0,0,0,0,0,0,0,0,0,0,0,0,255,255,226,0,0,0,0,0,0,0,0,0,0,0,0,0,0,0,0,0,0,0,0,0,0,0,0,0,255,255,198,0,0,0,0,0,0,0,0,0,0,0,0,0,0,0,0,0,0,0,0,0,0,0,0,0,255,255,170,0,0,0,0,0,0,0,0,0,0,0,0,0,0,0,0,0,0,0,0,0,0,0,0,0,170,141,29,0,0,0,0,0,0,0,0,0,0,0,0,0,0,0,0,0,0,0,0,0,0,0,0,0,0,0,0,0,0,0,0,0,0,0,0,0,0,0,0,0,0,0,0,0,0,0,0,0,0,0,0,0,0,0,0,0,0,0,0,0,0,0,0,0,0,0,0,0,0,0,0,0,0,0,0,0,0,0,0,0,0,0,0,0,0,0,0,0,0,0,0,0,0
2,0,0,0,0,0,0,0,0,0,0,0,0,0,0,0,0,0,0,0,0,0,0,0,0,0,0,0,0,0,0,0,0,0,0,0,0,0,0,0,0,0,0,0,0,0,0,0,0,0,0,0,0,0,0,0,0,0,0,0,0,0,0,0,0,0,0,0,0,0,0,0,0,0,0,0,0,0,0,0,0,0,0,0,0,0,0,0,0,0,0,0,0,0,0,0,0,0,0,0,0,0,0,0,0,0,0,0,0,0,0,0,0,0,0,0,0,0,0,0,0,0,0,0,9,47,89,161,162,161,78,9,0,0,0,0,0,0,0,0,0,0,0,0,0,0,0,0,0,0,0,7,155,252,252,252,253,252,252,77,0,0,0,0,0,0,0,0,0,0,0,0,0,0,0,0,0,0,0,160,252,227,160,56,109,219,252,236,19,0,0,0,0,0,0,0,0,0,0,0,0,0,0,0,0,0,0,148,252,183,0,0,0,57,252,252,75,0,0,0,0,0,0,0,0,0,0,0,0,0,0,0,0,0,0,0,0,0,0,0,0,0,185,253,137,0,0,0,0,0,0,0,0,0,0,0,0,0,0,0,0,0,0,0,0,0,0,0,0,0,184,252,137,0,0,0,0,0,0,0,0,0,0,0,0,0,0,0,0,0,0,0,0,0,0,0,0,34,234,252,137,0,0,0,0,0,0,0,0,0,0,0,0,0,0,0,0,0,0,0,0,0,0,0,0,47,252,252,96,0,0,0,0,0,0,0,0,0,0,0,0,0,0,22,199,230,230,221,95,0,0,0,0,99,252,210,12,0,0,0,0,0,0,0,0,0,0,0,0,0,13,212,253,253,253,255,253,222,97,3,13,212,253,150,0,0,0,0,0,0,0,0,0,0,0,0,0,0,45,252,187,92,92,211,252,252,252,169,118,252,240,37,0,0,0,0,0,0,0,0,0,0,0,0,0,0,138,252,69,0,0,7,141,202,252,252,253,252,183,0,0,0,0,0,0,0,0,0,0,0,0,0,0,0,180,252,69,0,0,0,0,44,236,252,253,252,240,113,93,43,0,0,0,0,0,0,0,0,0,0,0,0,201,252,69,0,0,0,22,146,248,252,253,252,252,252,252,241,209,32,0,0,0,0,0,0,0,0,0,0,139,253,79,0,22,149,253,253,253,232,64,136,230,249,253,255,253,253,253,201,0,0,0,0,0,0,0,0,65,252,227,161,244,253,252,240,164,8,0,0,0,75,92,103,214,252,252,252,0,0,0,0,0,0,0,0,17,196,252,252,252,184,110,50,0,0,0,0,0,0,0,0,13,152,183,130,0,0,0,0,0,0,0,0,0,9,45,45,45,0,0,0,0,0,0,0,0,0,0,0,0,0,0,0,0,0,0,0,0,0,0,0,0,0,0,0,0,0,0,0,0,0,0,0,0,0,0,0,0,0,0,0,0,0,0,0,0,0,0,0,0,0,0,0,0,0,0,0,0,0,0,0,0,0,0,0,0,0,0,0,0,0,0,0,0,0,0,0,0,0,0,0,0,0,0,0,0,0,0,0,0,0,0,0,0,0,0,0,0,0,0,0,0,0,0,0,0,0,0,0,0,0,0,0,0,0,0,0,0,0,0,0,0,0,0,0,0,0,0,0,0,0,0,0,0,0,0,0,0,0,0,0,0,0,0,0,0,0,0,0,0,0,0,0,0,0,0,0,0,0,0,0,0,0,0,0,0,0,0,0,0,0,0,0,0,0,0,0,0,0,0,0,0,0,0
8,0,0,0,0,0,0,0,0,0,0,0,0,0,0,0,0,0,0,0,0,0,0,0,0,0,0,0,0,0,0,0,0,0,0,0,0,0,0,0,0,0,0,0,0,0,0,0,0,0,0,0,0,0,0,0,0,0,0,0,0,0,0,0,0,0,0,0,0,0,0,0,0,0,0,0,0,0,0,0,0,0,0,0,0,0,0,0,0,0,0,0,0,0,0,0,0,0,0,0,0,0,0,0,0,0,0,0,0,0,0,0,0,0,0,0,0,0,0,0,0,0,0,0,0,0,0,0,0,0,0,0,0,0,0,0,0,0,0,0,0,0,0,0,0,0,0,0,0,0,0,0,0,0,0,29,96,143,186,253,181,143,138,28,0,0,0,0,0,0,0,0,0,0,0,0,0,0,0,0,0,31,176,243,253,252,252,252,252,252,252,220,18,0,0,0,0,0,0,0,0,0,0,0,0,0,0,0,48,174,252,252,197,125,44,152,252,252,252,252,66,0,0,0,0,0,0,0,0,0,0,0,0,0,0,8,229,252,246,134,5,0,0,15,121,176,252,252,66,0,0,0,0,0,0,0,0,0,0,0,0,0,0,160,252,223,61,0,0,0,0,0,37,234,252,199,23,0,0,0,0,0,0,0,0,0,0,0,0,0,0,198,252,122,0,0,0,0,0,8,172,252,205,22,0,0,0,0,0,0,0,0,0,0,0,0,0,0,0,198,252,104,0,0,0,0,0,176,252,210,69,0,0,0,0,0,0,0,0,0,0,0,0,0,0,0,0,179,252,208,0,0,0,12,88,248,243,88,0,0,0,0,0,0,0,0,0,0,0,0,0,0,0,0,0,62,246,241,130,0,0,148,252,252,116,0,0,0,0,0,0,0,0,0,0,0,0,0,0,0,0,0,0,0,135,252,243,28,173,243,252,89,12,0,0,0,0,0,0,0,0,0,0,0,0,0,0,0,0,0,0,0,5,198,253,253,255,201,68,0,0,0,0,0,0,0,0,0,0,0,0,0,0,0,0,0,0,0,0,0,3,180,252,252,239,43,0,0,0,0,0,0,0,0,0,0,0,0,0,0,0,0,0,0,0,0,0,35,202,252,252,209,253,120,0,0,0,0,0,0,0,0,0,0,0,0,0,0,0,0,0,0,0,2,95,222,252,220,39,112,253,186,0,0,0,0,0,0,0,0,0,0,0,0,0,0,0,0,0,0,22,168,252,252,149,34,0,182,253,186,0,0,0,0,0,0,0,0,0,0,0,0,0,0,0,0,0,24,201,252,252,144,5,0,0,220,253,186,0,0,0,0,0,0,0,0,0,0,0,0,0,0,0,0,0,167,252,237,108,5,0,7,127,250,252,83,0,0,0,0,0,0,0,0,0,0,0,0,0,0,0,0,0,176,252,191,45,130,154,214,252,252,153,0,0,0,0,0,0,0,0,0,0,0,0,0,0,0,0,0,0,142,252,252,252,252,252,252,229,128,29,0,0,0,0,0,0,0,0,0,0,0,0,0,0,0,0,0,0,9,76,152,252,252,199,124,23,0,0,0,0,0,0,0,0,0,0,0,0,0,0,0,0,0,0,0,0,0,0,0,0,0,0,0,0,0,0,0,0,0,0,0,0,0,0,0,0,0,0,0,0,0,0,0,0,0,0,0,0,0,0,0,0,0,0,0,0,0,0,0,0,0,0,0,0,0,0,0,0,0,0,0,0,0,0,0,0,0,0,0,0,0,0,0,0,0,0,0,0,0,0,0,0,0,0
2,0,0,0,0,0,0,0,0,0,0,0,0,0,0,0,0,0,0,0,0,0,0,0,0,0,0,0,0,0,0,0,0,0,0,0,0,0,0,0,0,0,0,0,0,0,0,0,0,0,0,0,0,0,0,0,0,0,0,0,0,0,0,0,0,0,0,0,0,0,0,0,0,0,0,0,0,0,0,0,0,0,0,0,0,0,0,0,0,0,0,0,0,0,0,0,0,0,0,59,239,175,0,0,0,0,0,0,0,0,0,0,0,0,0,0,0,0,0,0,0,0,0,0,0,11,95,239,253,241,110,12,0,0,0,0,0,0,0,0,0,0,0,0,0,0,0,0,0,0,0,0,55,210,253,254,253,253,253,223,99,0,0,0,0,0,0,0,0,0,0,0,0,0,0,0,0,0,0,19,247,253,253,229,124,49,212,253,249,36,0,0,0,0,0,0,0,0,0,0,0,0,0,0,0,0,0,20,253,253,139,23,0,0,40,253,254,39,0,0,0,0,0,0,0,0,0,0,0,0,0,0,0,0,0,0,68,45,0,0,0,0,40,254,255,39,0,0,0,0,0,0,0,0,0,0,0,0,0,0,0,0,0,0,0,0,0,0,0,7,94,253,196,6,0,0,0,0,0,0,0,0,0,0,0,0,0,0,0,0,0,0,0,0,0,0,0,109,253,253,68,0,0,0,0,0,0,0,0,0,0,0,0,0,0,0,0,0,0,0,0,37,40,62,182,247,253,237,0,0,0,0,0,0,0,0,0,0,0,0,0,0,0,0,0,0,23,106,195,248,253,254,253,253,185,36,0,0,0,0,0,0,0,0,0,0,0,0,0,0,0,0,0,0,59,254,254,254,254,241,187,68,0,0,0,0,0,0,0,0,0,0,0,0,0,0,0,0,0,0,0,0,141,253,253,182,135,30,0,0,0,0,0,0,0,0,0,0,0,0,0,0,0,0,0,0,0,0,0,0,224,253,228,13,0,0,0,0,0,0,0,0,0,0,0,0,0,0,0,0,0,0,0,0,0,0,0,91,254,242,43,0,0,0,0,0,0,0,0,0,0,0,0,0,0,0,0,0,0,0,0,0,0,0,0,98,254,241,30,0,0,0,0,0,0,0,0,0,0,0,0,0,0,0,0,0,0,0,0,0,0,0,25,231,255,254,254,102,0,0,0,0,0,0,59,9,0,0,0,0,0,0,0,0,0,0,0,0,0,0,123,253,254,253,253,247,102,20,65,118,170,214,254,84,0,0,0,0,0,0,0,0,0,0,0,0,0,0,136,253,254,253,253,253,253,254,253,253,253,253,254,106,0,0,0,0,0,0,0,0,0,0,0,0,0,0,136,253,244,130,117,243,253,254,253,253,253,237,192,18,0,0,0,0,0,0,0,0,0,0,0,0,0,0,136,253,120,0,0,54,58,58,58,58,58,36,0,0,0,0,0,0,0,0,0,0,0,0,0,0,0,0,0,0,0,0,0,0,0,0,0,0,0,0,0,0,0,0,0,0,0,0,0,0,0,0,0,0,0,0,0,0,0,0,0,0,0,0,0,0,0,0,0,0,0,0,0,0,0,0,0,0,0,0,0,0,0,0,0,0,0,0,0,0,0,0,0,0,0,0,0,0,0,0,0,0,0,0,0,0,0,0,0,0,0,0,0,0,0,0,0,0,0,0,0,0,0,0,0,0,0,0,0,0,0,0,0,0,0,0,0,0,0,0,0,0,0,0,0,0,0,0,0,0,0,0,0,0,0,0,0,0,0,0,0
7,0,0,0,0,0,0,0,0,0,0,0,0,0,0,0,0,0,0,0,0,0,0,0,0,0,0,0,0,0,0,0,0,0,0,0,0,0,0,0,0,0,0,0,0,0,0,0,0,0,0,0,0,0,0,0,0,0,0,0,0,0,0,0,0,0,0,0,0,0,0,0,0,0,0,0,0,0,0,0,0,0,0,0,0,0,0,0,0,0,0,0,0,0,0,0,0,0,0,0,0,0,0,0,0,0,0,0,0,0,0,0,0,0,0,0,0,0,0,0,0,0,0,0,0,0,0,0,0,0,0,0,0,0,0,0,0,0,0,0,0,0,0,0,0,0,0,0,0,0,0,0,0,0,0,0,0,0,0,0,0,0,0,0,0,0,0,0,0,0,0,0,0,0,0,0,0,0,0,0,0,0,0,57,86,85,255,253,254,139,0,0,0,0,0,0,0,0,0,0,0,0,0,0,0,0,0,0,57,168,169,224,253,251,253,251,253,251,114,0,0,0,0,0,0,0,0,0,0,0,86,85,86,85,255,253,254,253,254,253,254,253,254,253,254,253,169,0,0,0,0,0,0,0,0,0,0,114,253,251,253,251,253,251,253,251,253,251,253,251,253,251,253,251,168,0,0,0,0,0,0,0,0,0,86,253,255,253,255,253,255,253,254,253,254,253,254,253,254,253,254,253,169,0,0,0,0,0,0,0,0,0,28,196,253,251,253,251,253,251,253,251,253,251,84,196,253,251,253,251,168,0,0,0,0,0,0,0,0,0,0,114,198,196,255,253,169,168,254,196,114,0,85,253,254,253,254,253,169,0,0,0,0,0,0,0,0,0,0,0,28,28,84,83,0,0,84,28,0,0,197,251,253,251,253,251,56,0,0,0,0,0,0,0,0,0,0,0,0,0,0,0,0,0,0,0,0,169,254,253,254,253,254,196,0,0,0,0,0,0,0,0,0,0,0,0,0,0,0,0,0,0,0,0,0,168,253,251,253,251,253,83,0,0,0,0,0,0,0,0,0,0,0,0,0,0,0,0,0,0,0,0,85,253,254,253,254,253,226,56,0,0,0,0,0,0,0,0,0,0,0,0,0,0,0,0,0,0,0,0,197,251,253,251,253,251,168,0,0,0,0,0,0,0,0,0,0,0,0,0,0,0,0,0,0,0,0,169,254,253,254,253,254,84,0,0,0,0,0,0,0,0,0,0,0,0,0,0,0,0,0,0,0,0,0,168,253,251,253,251,253,83,0,0,0,0,0,0,0,0,0,0,0,0,0,0,0,0,0,0,0,0,85,253,254,253,254,253,169,0,0,0,0,0,0,0,0,0,0,0,0,0,0,0,0,0,0,0,0,0,197,251,253,251,253,251,56,0,0,0,0,0,0,0,0,0,0,0,0,0,0,0,0,0,0,0,0,57,254,253,254,253,254,84,0,0,0,0,0,0,0,0,0,0,0,0,0,0,0,0,0,0,0,0,0,168,253,251,253,251,253,83,0,0,0,0,0,0,0,0,0,0,0,0,0,0,0,0,0,0,0,0,0,114,254,253,254,253,226,56,0,0,0,0,0,0,0,0,0,0,0,0,0,0,0,0,0,0,0,0,0,0,139,251,253,251,56,0,0,0,0,0,0,0,0,0,0,0,0,0,0,0,0,0,0,0,0,0,0,0,0,0,0,0,0,0,0,0,0,0,0,0,0,0,0,0,0,0,0,0,0,0,0,0,0,0,0,0,0,0,0,0,0,0,0,0,0,0,0,0,0,0,0,0,0
0,0,0,0,0,0,0,0,0,0,0,0,0,0,0,0,0,0,0,0,0,0,0,0,0,0,0,0,0,0,0,0,0,0,0,0,0,0,0,0,0,0,0,0,0,0,0,0,0,0,0,0,0,0,0,0,0,0,0,0,0,0,0,0,0,0,0,0,0,0,0,0,0,0,0,0,0,0,0,0,0,0,0,0,0,0,0,0,0,0,0,0,0,0,0,0,0,0,0,0,0,0,0,0,0,0,0,0,0,0,0,0,0,0,0,0,0,0,0,0,0,0,0,0,0,0,0,0,0,0,0,0,0,0,0,0,0,0,0,0,0,0,0,0,0,0,0,0,0,0,9,17,8,0,0,0,0,0,0,0,0,0,0,0,0,0,0,0,0,0,0,0,0,0,0,0,0,84,178,253,172,80,0,0,0,0,0,0,0,0,0,0,0,0,0,0,0,0,0,0,0,0,0,3,103,241,253,253,253,238,197,144,33,33,33,18,0,0,0,0,0,0,0,0,0,0,0,0,0,0,0,17,253,253,253,253,253,253,253,253,253,253,253,194,24,0,0,0,0,0,0,0,0,0,0,0,0,0,0,155,253,253,253,253,253,240,204,220,253,253,253,253,194,24,0,0,0,0,0,0,0,0,0,0,0,0,50,220,253,253,253,226,114,85,0,37,114,114,128,253,253,194,109,0,0,0,0,0,0,0,0,0,0,0,91,253,253,253,221,45,0,0,0,0,0,0,3,128,253,253,248,96,0,0,0,0,0,0,0,0,0,0,191,253,253,233,50,0,0,0,0,0,0,0,0,45,223,253,253,106,0,0,0,0,0,0,0,0,0,0,255,253,253,220,0,0,0,0,0,0,0,0,0,0,6,134,253,249,68,0,0,0,0,0,0,0,0,0,249,253,253,242,93,2,0,0,0,0,0,0,0,0,0,131,253,253,179,0,0,0,0,0,0,0,0,0,91,253,253,253,253,104,0,0,0,0,0,0,0,0,0,131,253,253,208,35,0,0,0,0,0,0,0,0,23,183,253,253,253,208,12,0,0,0,0,0,0,0,0,131,253,253,253,89,0,0,0,0,0,0,0,0,0,9,186,253,253,253,177,116,45,0,0,0,0,0,0,72,239,253,253,163,0,0,0,0,0,0,0,0,0,0,21,181,253,253,253,253,223,205,205,205,83,116,205,205,247,253,253,120,0,0,0,0,0,0,0,0,0,0,0,16,185,253,253,253,253,253,253,253,253,253,253,253,253,253,214,43,0,0,0,0,0,0,0,0,0,0,0,0,16,170,227,253,253,253,253,253,253,253,253,253,240,195,32,0,0,0,0,0,0,0,0,0,0,0,0,0,0,0,59,106,196,253,253,253,253,253,253,176,82,0,0,0,0,0,0,0,0,0,0,0,0,0,0,0,0,0,0,0,10,15,15,15,15,15,15,8,0,0,0,0,0,0,0,0,0,0,0,0,0,0,0,0,0,0,0,0,0,0,0,0,0,0,0,0,0,0,0,0,0,0,0,0,0,0,0,0,0,0,0,0,0,0,0,0,0,0,0,0,0,0,0,0,0,0,0,0,0,0,0,0,0,0,0,0,0,0,0,0,0,0,0,0,0,0,0,0,0,0,0,0,0,0,0,0,0,0,0,0,0,0,0,0,0,0,0,0,0,0,0,0,0,0,0,0,0,0,0,0,0,0,0,0,0,0,0,0,0,0,0,0,0,0,0,0,0,0,0,0,0,0,0,0,0,0,0,0,0,0,0,0,0,0,0
6,0,0,0,0,0,0,0,0,0,0,0,0,0,0,0,0,0,0,0,0,0,0,0,0,0,0,0,0,0,0,0,0,0,0,0,0,0,0,0,0,0,0,0,0,0,0,0,0,0,0,0,0,0,0,0,0,0,0,0,0,0,0,0,0,0,0,0,0,0,0,0,0,0,0,0,0,0,0,0,0,0,0,0,0,0,0,0,0,0,0,0,0,0,0,0,0,0,0,0,0,0,0,0,0,0,0,0,0,0,0,0,0,0,0,0,0,0,0,0,0,0,64,191,64,0,0,0,0,0,0,0,0,0,0,0,0,0,0,0,0,0,0,0,0,0,0,0,0,64,255,255,128,0,0,0,0,0,0,0,0,0,0,0,0,0,0,0,0,0,0,0,0,0,0,0,0,128,255,255,128,0,0,0,0,0,0,0,0,0,0,0,0,0,0,0,0,0,0,0,0,0,0,0,0,128,255,255,128,0,0,0,0,0,0,0,0,0,0,0,0,0,0,0,0,0,0,0,0,0,0,0,0,128,255,255,128,0,0,0,0,0,0,0,128,64,0,0,0,0,0,0,0,0,0,0,0,0,0,0,0,128,255,255,128,0,0,0,0,0,64,191,255,255,128,0,0,0,0,0,0,0,0,0,0,0,0,0,0,128,255,255,128,0,0,0,0,0,191,255,255,255,128,0,0,0,0,0,0,0,0,0,0,0,0,0,0,64,255,255,128,0,0,0,0,191,255,255,255,255,64,0,0,0,0,0,0,0,0,0,0,0,0,0,0,0,255,255,128,0,0,0,64,255,255,191,255,255,0,0,0,0,0,0,0,0,0,0,0,0,0,0,0,0,255,255,128,0,0,0,255,255,191,0,255,191,0,0,0,0,0,0,0,0,0,0,0,0,0,0,0,0,255,255,128,0,0,128,255,255,0,128,255,128,0,0,0,0,0,0,0,0,0,0,0,0,0,0,0,0,191,255,128,0,0,255,255,64,64,255,255,64,0,0,0,0,0,0,0,0,0,0,0,0,0,0,0,0,128,255,255,0,64,255,255,0,128,255,255,0,0,0,0,0,0,0,0,0,0,0,0,0,0,0,0,0,64,255,255,191,255,255,128,0,191,255,64,0,0,0,0,0,0,0,0,0,0,0,0,0,0,0,0,0,0,255,255,255,255,255,0,128,255,255,0,0,0,0,0,0,0,0,0,0,0,0,0,0,0,0,0,0,0,255,255,255,255,128,0,255,255,128,0,0,0,0,0,0,0,0,0,0,0,0,0,0,0,0,0,0,0,64,255,255,255,191,64,255,191,0,0,0,0,0,0,0,0,0,0,0,0,0,0,0,0,0,0,0,0,0,191,255,255,255,255,255,128,0,0,0,0,0,0,0,0,0,0,0,0,0,0,0,0,0,0,0,0,0,64,255,255,255,255,255,128,0,0,0,0,0,0,0,0,0,0,0,0,0,0,0,0,0,0,0,0,0,0,64,191,255,191,64,0,0,0,0,0,0,0,0,0,0,0,0,0,0,0,0,0,0,0,0,0,0,0,0,0,0,0,0,0,0,0,0,0,0,0,0,0,0,0,0,0,0,0,0,0,0,0,0,0,0,0,0,0,0,0,0,0,0,0,0,0,0,0,0,0,0,0,0,0,0,0,0,0,0,0,0,0,0,0,0,0,0,0,0,0,0,0,0,0,0,0,0,0,0,0,0,0,0,0,0,0,0,0,0,0,0,0,0,0,0,0,0,0,0,0,0,0,0,0,0,0,0,0
2,0,0,0,0,0,0,0,0,0,0,0,0,0,0,0,0,0,0,0,0,0,0,0,0,0,0,0,0,0,0,0,0,0,0,0,0,0,0,0,0,0,0,0,0,0,0,0,0,0,0,0,0,0,0,0,0,0,0,0,0,0,0,0,0,0,0,0,0,0,0,0,0,0,0,0,0,0,0,0,0,0,0,0,0,0,0,0,0,0,0,0,0,0,0,0,0,0,0,0,0,0,0,0,0,0,0,0,0,0,0,0,0,0,0,0,0,0,0,0,0,0,0,0,0,0,0,10,79,255,253,178,4,0,0,0,0,0,0,0,0,0,0,0,0,0,0,0,0,0,0,0,0,0,13,172,252,253,252,252,53,0,0,0,0,0,0,0,0,0,0,0,0,0,0,0,0,0,0,0,0,0,144,252,252,106,187,252,139,0,0,0,0,0,0,0,0,0,0,0,0,0,0,0,0,0,0,0,0,26,243,214,90,0,169,252,139,0,0,0,0,0,0,0,0,0,0,0,0,0,0,0,0,0,0,0,0,129,247,50,0,0,170,253,140,0,0,0,0,0,0,0,0,0,0,0,0,0,0,0,0,0,0,0,0,10,65,0,0,0,169,252,139,0,0,0,0,0,0,0,0,0,0,0,0,0,0,0,0,0,0,0,0,0,0,0,0,10,197,252,52,0,0,0,0,0,0,0,0,0,0,0,0,0,0,0,0,0,0,0,0,0,0,0,0,79,252,177,3,0,0,0,0,0,0,0,0,0,0,0,0,0,0,0,0,0,0,0,0,0,0,0,0,204,253,106,0,0,0,0,0,0,0,0,0,0,0,0,0,0,0,0,0,0,0,0,0,0,0,0,101,253,189,19,0,0,0,0,0,0,0,0,0,0,0,0,0,0,0,0,0,0,0,104,197,38,0,104,246,244,56,0,0,0,0,0,0,0,0,0,0,0,0,0,0,0,0,0,0,0,151,246,252,226,138,246,252,75,0,0,0,0,0,0,0,0,0,0,0,0,0,0,0,0,0,0,13,154,253,194,226,254,253,244,75,0,0,0,0,0,0,0,0,0,0,0,0,0,0,0,0,0,0,0,113,253,214,38,194,253,252,168,0,0,0,0,0,0,0,0,0,0,0,0,0,0,0,0,0,0,0,0,113,253,240,215,252,253,252,168,0,0,0,0,0,0,0,0,0,0,0,0,0,0,0,0,0,0,0,0,113,253,252,252,252,103,252,243,125,0,0,0,0,0,0,0,0,0,0,0,0,0,0,0,0,0,0,0,0,226,200,76,0,0,151,247,253,76,0,0,0,0,0,0,0,0,0,0,0,0,0,0,0,0,0,0,0,0,0,0,0,0,0,172,252,244,82,0,0,0,0,0,0,0,0,0,0,0,0,0,0,0,0,0,0,0,0,0,0,0,0,19,193,253,240,197,197,0,0,0,0,0,0,0,0,0,0,0,0,0,0,0,0,0,0,0,0,0,0,0,13,140,215,214,139,0,0,0,0,0,0,0,0,0,0,0,0,0,0,0,0,0,0,0,0,0,0,0,0,0,0,0,0,0,0,0,0,0,0,0,0,0,0,0,0,0,0,0,0,0,0,0,0,0,0,0,0,0,0,0,0,0,0,0,0,0,0,0,0,0,0,0,0,0,0,0,0,0,0,0,0,0,0,0,0,0,0,0,0,0,0,0,0,0,0,0,0,0,0,0,0,0,0,0,0,0,0,0,0,0,0,0,0,0,0,0,0,0,0,0,0,0,0,0,0
0,0,0,0,0,0,0,0,0,0,0,0,0,0,0,0,0,0,0,0,0,0,0,0,0,0,0,0,0,0,0,0,0,0,0,0,0,0,0,0,0,0,0,0,0,0,0,0,0,0,0,0,0,0,0,0,0,0,0,0,0,0,0,0,0,0,0,0,0,0,0,0,0,0,0,0,0,0,0,0,0,0,0,0,0,0,0,0,0,0,0,0,0,0,0,0,0,0,0,233,231,0,0,0,0,0,0,0,0,0,0,0,0,0,0,0,0,0,0,0,0,0,0,0,0,34,127,248,248,103,0,0,0,0,0,0,0,0,0,0,0,0,0,0,0,0,0,0,0,0,0,0,0,96,253,253,253,201,18,0,0,0,0,0,0,0,0,0,0,0,0,0,0,0,0,0,0,0,0,51,144,248,253,253,253,132,1,0,0,0,0,0,0,0,0,0,0,0,0,0,0,0,0,0,0,0,54,226,253,253,253,253,253,224,193,193,193,193,188,39,7,0,0,0,0,0,0,0,0,0,0,0,0,51,226,253,253,253,253,168,253,253,253,253,253,253,253,253,45,0,0,0,0,0,0,0,0,0,0,0,0,144,253,253,253,243,89,6,130,253,253,253,253,253,253,253,190,0,0,0,0,0,0,0,0,0,0,6,121,251,253,253,243,102,0,0,7,68,68,78,222,230,253,253,238,73,0,0,0,0,0,0,0,0,0,47,253,253,253,253,89,0,0,0,0,0,0,0,0,62,253,253,253,99,0,0,0,0,0,0,0,0,0,47,253,253,253,127,2,0,0,0,0,0,0,0,0,6,170,253,253,99,0,0,0,0,0,0,0,0,0,61,253,253,249,104,0,0,0,0,0,0,0,0,0,44,226,253,253,99,0,0,0,0,0,0,0,0,0,200,253,253,214,0,0,0,0,0,0,0,0,0,0,62,253,253,253,99,0,0,0,0,0,0,0,0,28,215,253,253,172,0,0,0,0,0,0,0,0,0,32,115,253,253,238,72,0,0,0,0,0,0,0,0,204,253,253,247,57,0,0,0,0,0,0,0,0,1,125,253,253,253,96,0,0,0,0,0,0,0,0,0,255,253,253,203,28,0,0,0,0,0,0,0,0,87,253,253,253,203,25,0,0,0,0,0,0,0,0,0,254,253,253,253,98,0,0,0,0,0,6,62,198,241,253,253,209,22,0,0,0,0,0,0,0,0,0,0,250,253,253,253,239,78,8,8,8,149,170,253,253,253,253,251,89,0,0,0,0,0,0,0,0,0,0,0,58,231,253,253,253,253,253,253,253,253,253,253,253,253,203,110,0,0,0,0,0,0,0,0,0,0,0,0,0,74,253,253,253,253,253,253,253,253,253,253,238,96,25,0,0,0,0,0,0,0,0,0,0,0,0,0,0,19,99,155,253,253,253,253,253,253,239,99,72,0,0,0,0,0,0,0,0,0,0,0,0,0,0,0,0,0,0,0,0,0,0,0,0,0,0,0,0,0,0,0,0,0,0,0,0,0,0,0,0,0,0,0,0,0,0,0,0,0,0,0,0,0,0,0,0,0,0,0,0,0,0,0,0,0,0,0,0,0,0,0,0,0,0,0,0,0,0,0,0,0,0,0,0,0,0,0,0,0,0,0,0,0,0,0,0,0,0,0,0,0,0,0,0,0,0,0,0,0,0,0,0,0,0,0,0,0,0,0,0,0,0,0,0,0,0,0,0,0,0,0,0,0,0,0,0,0,0,0,0,0,0,0,0,0,0,0,0,0,0
8,0,0,0,0,0,0,0,0,0,0,0,0,0,0,0,0,0,0,0,0,0,0,0,0,0,0,0,0,0,0,0,0,0,0,0,0,0,0,0,0,0,0,0,0,0,0,0,0,0,0,0,0,0,0,0,0,0,0,0,0,0,0,0,0,0,0,0,0,0,0,0,0,0,0,0,0,0,0,0,0,0,0,0,0,0,0,0,0,0,0,0,0,0,0,0,0,0,0,0,0,0,0,0,0,0,0,0,0,0,0,0,0,0,0,0,0,0,0,0,0,0,0,0,0,0,0,0,0,0,0,0,0,0,0,0,0,0,0,0,0,0,0,0,0,0,0,0,0,0,0,0,0,0,0,0,31,196,254,254,188,40,0,0,0,0,0,0,0,0,0,0,0,0,0,0,0,0,0,0,0,0,6,87,217,253,253,253,253,172,0,0,0,0,0,0,0,0,0,0,0,0,0,0,0,0,0,0,0,0,165,253,253,225,89,89,173,203,0,0,0,0,0,0,0,0,0,0,0,0,0,0,0,0,0,0,0,160,252,253,222,40,0,0,10,28,52,133,145,5,0,0,0,0,0,0,0,0,0,0,0,0,0,0,51,232,253,225,34,0,0,0,51,202,253,253,253,78,0,0,0,0,0,0,0,0,0,0,0,0,0,0,181,253,237,62,0,0,8,159,246,253,244,210,124,54,0,0,0,0,0,0,0,0,0,0,0,0,0,0,229,253,114,0,0,38,201,253,253,202,48,0,0,0,0,0,0,0,0,0,0,0,0,0,0,0,0,0,229,253,136,25,119,245,253,251,120,8,0,0,0,0,0,0,0,0,0,0,0,0,0,0,0,0,0,0,153,253,253,230,253,253,194,71,0,0,0,0,0,0,0,0,0,0,0,0,0,0,0,0,0,0,0,0,26,240,253,253,253,170,2,0,0,0,0,0,0,0,0,0,0,0,0,0,0,0,0,0,0,0,0,0,29,240,253,253,213,10,0,0,0,0,0,0,0,0,0,0,0,0,0,0,0,0,0,0,0,0,0,18,235,253,253,253,235,31,0,0,0,0,0,0,0,0,0,0,0,0,0,0,0,0,0,0,0,4,110,226,253,248,183,221,253,178,0,0,0,0,0,0,0,0,0,0,0,0,0,0,0,0,0,0,0,131,253,253,245,84,0,95,253,248,0,0,0,0,0,0,0,0,0,0,0,0,0,0,0,0,0,0,8,235,254,253,126,0,0,49,252,253,94,0,0,0,0,0,0,0,0,0,0,0,0,0,0,0,0,0,4,193,253,169,7,0,0,0,249,253,124,0,0,0,0,0,0,0,0,0,0,0,0,0,0,0,0,0,50,253,243,38,0,0,20,149,253,251,45,0,0,0,0,0,0,0,0,0,0,0,0,0,0,0,0,0,11,253,241,90,90,162,225,253,253,138,0,0,0,0,0,0,0,0,0,0,0,0,0,0,0,0,0,0,5,203,254,253,253,253,253,237,52,2,0,0,0,0,0,0,0,0,0,0,0,0,0,0,0,0,0,0,0,61,201,253,163,153,99,34,0,0,0,0,0,0,0,0,0,0,0,0,0,0,0,0,0,0,0,0,0,0,0,0,0,0,0,0,0,0,0,0,0,0,0,0,0,0,0,0,0,0,0,0,0,0,0,0,0,0,0,0,0,0,0,0,0,0,0,0,0,0,0,0,0,0,0,0,0,0,0,0,0,0,0,0,0,0,0,0,0,0,0,0,0,0,0,0,0,0,0,0,0,0,0,0,0
9,0,0,0,0,0,0,0,0,0,0,0,0,0,0,0,0,0,0,0,0,0,0,0,0,0,0,0,0,0,0,0,0,0,0,0,0,0,0,0,0,0,0,0,0,0,0,0,0,0,0,0,0,0,0,0,0,0,0,0,0,0,0,0,0,0,0,0,0,0,0,0,0,0,0,0,0,0,0,0,0,0,0,0,0,0,0,0,0,0,0,0,0,0,0,0,0,0,0,0,0,0,0,0,0,0,0,0,0,0,0,0,0,0,0,0,0,0,0,0,0,0,0,0,0,0,0,0,0,0,0,0,0,0,0,0,0,0,0,0,0,0,0,0,0,0,0,0,0,0,0,0,0,0,0,0,0,0,0,0,0,0,0,0,0,0,0,0,0,0,0,0,0,0,0,0,0,0,0,0,12,49,150,191,254,255,199,77,5,0,0,0,0,0,0,0,0,0,0,0,0,0,0,0,0,0,0,51,211,253,253,253,253,253,253,253,144,0,0,0,0,0,0,0,0,0,0,0,0,0,0,0,0,0,86,249,253,253,231,94,95,10,23,214,253,216,78,0,0,0,0,0,0,0,0,0,0,0,0,0,0,96,233,253,253,97,26,0,0,0,0,182,253,253,139,0,0,0,0,0,0,0,0,0,0,0,0,0,96,236,253,252,134,4,0,0,0,0,4,189,253,253,87,0,0,0,0,0,0,0,0,0,0,0,0,0,187,253,253,135,0,0,0,0,0,0,62,253,253,206,11,0,0,0,0,0,0,0,0,0,0,0,0,33,246,253,183,4,0,0,0,0,3,52,233,253,252,90,0,0,0,0,0,0,0,0,0,0,0,0,0,63,253,236,27,0,0,0,0,25,136,253,253,253,164,0,0,0,0,0,0,0,0,0,0,0,0,0,0,138,253,239,34,0,0,1,70,208,253,253,253,252,42,0,0,0,0,0,0,0,0,0,0,0,0,0,0,29,240,253,114,59,156,158,253,253,253,253,253,112,0,0,0,0,0,0,0,0,0,0,0,0,0,0,0,0,146,253,253,253,253,253,253,213,253,253,188,15,0,0,0,0,0,0,0,0,0,0,0,0,0,0,0,0,2,58,109,157,144,109,45,100,253,253,17,0,0,0,0,0,0,0,0,0,0,0,0,0,0,0,0,0,0,0,0,0,0,0,0,177,253,223,10,0,0,0,0,0,0,0,0,0,0,0,0,0,0,0,0,0,0,0,0,0,0,0,41,230,253,152,0,0,0,0,0,0,0,0,0,0,0,0,0,0,0,0,0,0,0,0,0,0,0,0,156,253,224,18,0,0,0,0,0,0,0,0,0,0,0,0,0,0,0,0,0,0,0,0,0,0,0,3,204,253,212,0,0,0,0,0,0,0,0,0,0,0,0,0,0,0,0,0,0,0,0,0,0,0,0,104,253,253,115,0,0,0,0,0,0,0,0,0,0,0,0,0,0,0,0,0,0,0,0,0,0,0,3,215,253,209,3,0,0,0,0,0,0,0,0,0,0,0,0,0,0,0,0,0,0,0,0,0,0,0,63,253,253,89,0,0,0,0,0,0,0,0,0,0,0,0,0,0,0,0,0,0,0,0,0,0,0,7,183,253,232,31,0,0,0,0,0,0,0,0,0,0,0,0,0,0,0,0,0,0,0,0,0,0,0,0,0,0,0,0,0,0,0,0,0,0,0,0,0,0,0,0,0,0,0,0,0,0,0,0,0,0,0,0,0,0,0,0,0,0,0,0,0,0,0,0,0,0,0,0,0
4,0,0,0,0,0,0,0,0,0,0,0,0,0,0,0,0,0,0,0,0,0,0,0,0,0,0,0,0,0,0,0,0,0,0,0,0,0,0,0,0,0,0,0,0,0,0,0,0,0,0,0,0,0,0,0,0,0,0,0,0,0,0,0,0,0,0,0,0,0,0,0,0,0,0,0,0,0,0,0,0,0,0,0,0,0,0,0,0,0,0,0,0,0,0,0,0,0,0,0,0,0,0,0,0,4,48,184,179,0,0,0,0,0,0,0,0,0,0,0,0,0,0,0,0,0,0,0,0,0,0,0,0,60,254,169,21,0,0,0,0,0,0,0,0,0,0,0,0,0,0,0,0,0,0,0,0,0,0,0,33,236,255,36,0,0,0,0,0,0,0,0,0,0,0,0,0,0,0,0,0,0,0,0,0,0,0,0,93,248,204,10,0,0,0,0,0,0,0,0,0,0,0,0,0,0,0,0,0,0,0,0,0,0,0,29,249,254,91,0,0,0,0,0,0,0,0,0,0,0,0,0,0,0,0,0,0,0,0,0,0,0,0,134,254,240,26,0,0,0,0,0,0,0,0,0,0,0,0,0,0,0,0,0,1,16,59,0,0,0,42,247,254,93,0,0,0,0,0,0,0,0,0,0,0,0,0,0,0,0,0,18,160,254,181,0,0,11,172,254,135,9,0,0,0,0,0,0,0,0,0,0,0,0,0,0,0,0,70,225,255,159,24,0,0,87,254,228,12,0,0,0,0,0,0,0,0,0,0,0,0,0,0,0,0,39,239,254,223,75,0,0,0,167,254,202,0,0,0,0,0,0,0,0,0,0,0,0,0,0,0,0,30,241,254,185,40,0,0,0,121,254,254,79,0,0,0,0,0,0,0,0,0,0,0,0,0,0,0,16,200,254,222,33,0,0,0,9,212,254,204,7,0,0,0,0,0,0,0,0,0,0,0,0,0,0,0,95,255,254,46,0,0,0,0,89,254,254,87,0,0,0,0,0,0,0,0,0,0,0,0,0,0,0,0,107,254,254,145,64,30,0,16,209,254,147,4,0,10,40,135,190,0,0,0,0,0,0,0,0,0,0,0,95,252,254,254,254,250,182,213,254,254,166,157,98,205,248,148,11,0,0,0,0,0,0,0,0,0,0,0,0,82,129,225,234,243,254,255,254,254,251,234,221,129,77,0,0,0,0,0,0,0,0,0,0,0,0,0,0,0,0,0,0,39,125,254,241,104,70,0,0,0,0,0,0,0,0,0,0,0,0,0,0,0,0,0,0,0,0,0,0,0,152,254,155,0,0,0,0,0,0,0,0,0,0,0,0,0,0,0,0,0,0,0,0,0,0,0,0,10,222,251,36,0,0,0,0,0,0,0,0,0,0,0,0,0,0,0,0,0,0,0,0,0,0,0,0,3,183,249,0,0,0,0,0,0,0,0,0,0,0,0,0,0,0,0,0,0,0,0,0,0,0,0,0,0,0,0,0,0,0,0,0,0,0,0,0,0,0,0,0,0,0,0,0,0,0,0,0,0,0,0,0,0,0,0,0,0,0,0,0,0,0,0,0,0,0,0,0,0,0,0,0,0,0,0,0,0,0,0,0,0,0,0,0,0,0,0,0,0,0,0,0,0,0,0,0,0,0,0,0,0,0,0,0,0,0,0,0,0,0,0,0,0,0,0,0,0,0,0,0,0,0,0,0,0,0,0,0,0,0,0,0,0,0,0,0,0,0,0,0,0,0,0,0,0,0,0,0,0,0,0,0,0
6,0,0,0,0,0,0,0,0,0,0,0,0,0,0,0,0,0,0,0,0,0,0,0,0,0,0,0,0,0,0,0,0,0,0,0,0,0,0,0,0,0,0,0,0,0,0,0,0,0,0,0,0,0,0,0,0,0,0,0,0,0,0,0,0,0,0,0,0,0,0,0,0,105,249,84,0,0,0,0,0,0,0,0,0,0,0,0,0,0,0,0,0,0,0,0,0,0,0,0,0,182,254,114,0,0,0,0,0,0,0,0,0,0,0,0,0,0,0,0,0,0,0,0,0,0,0,0,126,253,254,93,0,0,0,0,0,0,0,0,0,0,0,0,0,0,0,0,0,0,0,0,0,0,37,67,246,254,254,26,0,0,0,0,0,0,0,0,0,0,0,0,0,0,0,0,0,0,0,0,0,0,137,243,254,254,206,13,0,0,0,0,0,0,0,0,0,0,0,0,0,0,0,0,0,0,0,0,0,0,169,254,254,165,24,0,0,0,0,0,0,0,0,0,0,0,0,0,0,0,0,0,0,0,0,0,0,94,239,254,152,96,6,0,0,0,0,0,0,0,0,0,0,0,0,0,0,0,0,0,0,0,0,0,63,239,254,211,21,21,0,0,0,0,0,0,0,0,0,0,0,0,0,0,0,0,0,0,0,0,0,2,204,254,250,49,0,0,0,0,0,0,0,0,0,0,0,0,0,0,0,0,0,0,0,0,0,0,0,66,254,254,154,0,31,0,0,0,0,0,0,0,0,0,0,0,0,0,0,0,0,0,0,0,0,0,14,194,254,254,70,55,225,200,218,254,163,41,0,0,0,0,0,0,0,0,0,0,0,0,0,0,0,0,93,254,254,181,200,251,254,254,254,254,254,207,33,0,0,0,0,0,0,0,0,0,0,0,0,0,0,0,219,254,254,254,254,254,254,254,254,254,254,254,134,0,0,0,0,0,0,0,0,0,0,0,0,0,0,48,238,254,254,254,254,254,254,221,201,254,254,246,50,0,0,0,0,0,0,0,0,0,0,0,0,0,0,140,254,254,254,254,254,193,79,196,239,254,254,128,0,0,0,0,0,0,0,0,0,0,0,0,0,0,0,128,254,254,254,254,254,163,225,254,254,246,98,8,0,0,0,0,0,0,0,0,0,0,0,0,0,0,0,53,254,254,254,254,254,254,254,254,247,90,0,0,0,0,0,0,0,0,0,0,0,0,0,0,0,0,0,50,251,254,254,254,254,254,255,157,46,0,0,0,0,0,0,0,0,0,0,0,0,0,0,0,0,0,0,19,231,254,254,254,254,248,160,3,0,0,0,0,0,0,0,0,0,0,0,0,0,0,0,0,0,0,0,0,114,239,254,254,187,25,0,0,0,0,0,0,0,0,0,0,0,0,0,0,0,0,0,0,0,0,0,0,0,0,0,0,0,0,0,0,0,0,0,0,0,0,0,0,0,0,0,0,0,0,0,0,0,0,0,0,0,0,0,0,0,0,0,0,0,0,0,0,0,0,0,0,0,0,0,0,0,0,0,0,0,0,0,0,0,0,0,0,0,0,0,0,0,0,0,0,0,0,0,0,0,0,0,0,0,0,0,0,0,0,0,0,0,0,0,0,0,0,0,0,0,0,0,0,0,0,0,0,0,0,0,0,0,0,0,0,0,0,0,0,0,0,0,0,0,0,0,0,0,0,0,0,0,0,0,0,0,0,0,0,0,0,0,0,0,0,0,0,0,0,0,0,0,0,0,0,0,0,0,0,0,0,0,0,0,0,0
2,0,0,0,0,0,0,0,0,0,0,0,0,0,0,0,0,0,0,0,0,0,0,0,0,0,0,0,0,0,0,0,0,0,0,0,0,0,0,0,0,0,0,0,0,0,0,0,0,0,0,0,0,0,0,0,0,0,0,0,0,0,0,0,0,0,0,0,0,0,0,0,0,0,0,0,0,0,0,0,0,0,0,0,0,0,0,0,0,0,0,0,42,121,165,165,195,255,234,228,165,165,100,0,0,0,0,0,0,0,0,0,0,0,0,0,0,0,0,0,105,244,248,213,191,191,227,232,232,254,253,181,5,0,0,0,0,0,0,0,0,0,0,0,0,0,0,0,0,22,24,10,0,0,16,17,17,33,149,254,137,0,0,0,0,0,0,0,0,0,0,0,0,0,0,0,0,0,0,0,0,0,0,0,0,0,4,242,243,19,0,0,0,0,0,0,0,0,0,0,0,0,0,0,0,0,0,0,0,0,0,0,0,0,0,162,254,22,0,0,0,0,0,0,0,0,0,0,0,0,0,0,0,0,0,0,0,0,0,0,0,0,0,116,254,22,0,0,0,0,0,0,0,0,0,0,0,0,0,0,0,0,0,0,0,0,0,0,0,0,0,169,254,22,0,0,0,0,0,0,0,0,0,0,0,0,0,0,0,0,0,0,0,0,0,0,0,0,5,252,187,1,0,0,0,0,0,0,0,0,0,0,0,0,0,0,0,0,0,0,0,0,0,0,0,0,57,254,135,0,0,0,0,0,0,0,0,0,0,0,0,0,0,0,0,0,0,0,0,0,0,0,0,4,153,254,51,0,0,0,0,0,0,0,0,0,0,0,0,0,0,0,0,0,0,0,0,0,0,0,0,29,254,215,5,0,0,0,0,0,0,0,0,0,0,0,0,0,0,0,0,0,0,0,0,0,0,0,3,149,252,69,0,0,0,0,0,0,0,0,0,0,0,0,0,0,0,0,0,0,0,0,0,0,0,0,65,254,214,0,0,0,0,0,0,0,0,0,0,0,0,0,0,0,0,0,0,0,0,0,0,0,0,0,149,254,71,0,0,0,0,0,0,0,0,0,0,0,0,0,0,0,0,0,0,0,0,3,68,155,240,246,252,254,183,128,26,0,0,0,0,0,0,0,0,0,0,0,0,0,0,0,0,40,182,233,254,254,254,254,247,200,201,254,217,125,54,49,0,0,0,0,0,0,0,0,0,0,0,0,103,236,250,179,125,62,242,247,62,0,1,35,176,236,254,213,0,0,0,0,0,0,0,0,0,0,0,51,249,250,144,11,57,235,254,96,0,0,0,0,0,28,49,27,0,0,0,0,0,0,0,0,0,0,0,63,254,245,192,216,254,250,106,8,0,0,0,0,0,0,0,0,0,0,0,0,0,0,0,0,0,0,0,19,172,254,254,250,164,56,0,0,0,0,0,0,0,0,0,0,0,0,0,0,0,0,0,0,0,0,0,0,0,0,0,0,0,0,0,0,0,0,0,0,0,0,0,0,0,0,0,0,0,0,0,0,0,0,0,0,0,0,0,0,0,0,0,0,0,0,0,0,0,0,0,0,0,0,0,0,0,0,0,0,0,0,0,0,0,0,0,0,0,0,0,0,0,0,0,0,0,0,0,0,0,0,0,0,0,0,0,0,0,0,0,0,0,0,0,0,0,0,0,0,0,0,0,0,0,0,0,0,0,0,0,0,0,0,0,0,0,0,0,0,0,0,0,0,0,0,0,0,0,0,0,0,0,0,0,0,0,0,0,0,0
4,0,0,0,0,0,0,0,0,0,0,0,0,0,0,0,0,0,0,0,0,0,0,0,0,0,0,0,0,0,0,0,0,0,0,0,0,0,0,0,0,0,0,0,0,0,0,0,0,0,0,0,0,0,0,0,0,0,0,0,0,0,0,0,0,0,0,0,0,0,0,0,0,0,0,0,0,0,0,0,0,0,0,0,0,0,0,0,0,0,0,0,0,0,0,0,0,0,0,0,0,0,0,0,0,0,0,0,0,0,0,0,0,0,0,0,0,0,0,0,0,0,0,0,0,0,0,0,0,0,0,0,0,0,0,0,0,0,0,0,0,0,0,0,0,0,0,0,0,0,0,39,190,87,2,0,0,0,8,10,0,0,0,0,0,0,0,0,0,0,0,0,0,0,0,0,0,0,0,73,252,252,23,0,0,26,211,231,53,0,0,0,0,0,0,0,0,0,0,0,0,0,0,0,0,0,0,90,252,252,23,0,8,211,252,252,200,9,0,0,0,0,0,0,0,0,0,0,0,0,0,0,0,0,12,204,252,252,23,0,13,252,252,252,252,60,0,0,0,0,0,0,0,0,0,0,0,0,0,0,0,0,61,166,252,252,110,0,4,175,252,252,252,118,0,0,0,0,0,0,0,0,0,0,0,0,0,0,0,0,181,252,252,252,143,0,10,227,252,252,252,60,0,0,0,0,0,0,0,0,0,0,0,0,0,0,0,0,181,252,252,252,46,0,13,252,252,252,252,60,0,0,0,0,0,0,0,0,0,0,0,0,0,0,0,19,208,252,252,124,4,0,59,252,252,252,200,9,0,0,0,0,0,0,0,0,0,0,0,0,0,0,0,49,252,252,252,36,0,0,184,252,252,252,192,0,0,0,0,0,0,0,0,0,0,0,0,0,0,0,0,26,218,252,252,36,0,0,253,252,252,252,249,207,23,0,0,0,0,0,0,0,0,0,0,0,0,0,0,0,173,245,253,253,253,253,255,253,253,253,250,207,23,0,0,0,0,0,0,0,0,0,0,0,0,0,0,0,0,73,252,252,252,252,253,252,252,155,82,0,0,0,0,0,0,0,0,0,0,0,0,0,0,0,0,0,0,28,135,216,249,252,253,252,247,72,0,0,0,0,0,0,0,0,0,0,0,0,0,0,0,0,0,0,0,0,0,0,148,252,253,252,216,0,0,0,0,0,0,0,0,0,0,0,0,0,0,0,0,0,0,0,0,0,0,0,109,252,253,252,187,0,0,0,0,0,0,0,0,0,0,0,0,0,0,0,0,0,0,0,0,0,0,0,143,252,253,245,69,0,0,0,0,0,0,0,0,0,0,0,0,0,0,0,0,0,0,0,0,0,0,0,229,252,253,228,0,0,0,0,0,0,0,0,0,0,0,0,0,0,0,0,0,0,0,0,0,0,0,129,249,252,253,125,0,0,0,0,0,0,0,0,0,0,0,0,0,0,0,0,0,0,0,0,0,0,0,165,252,252,253,108,0,0,0,0,0,0,0,0,0,0,0,0,0,0,0,0,0,0,0,0,0,0,0,5,63,189,127,5,0,0,0,0,0,0,0,0,0,0,0,0,0,0,0,0,0,0,0,0,0,0,0,0,0,0,0,0,0,0,0,0,0,0,0,0,0,0,0,0,0,0,0,0,0,0,0,0,0,0,0,0,0,0,0,0,0,0,0,0,0,0,0,0,0,0,0,0,0,0,0,0,0,0,0,0,0,0,0,0,0,0,0,0,0,0,0,0,0,0,0,0,0,0,0
7,0,0,0,0,0,0,0,0,0,0,0,0,0,0,0,0,0,0,0,0,0,0,0,0,0,0,0,0,0,0,0,0,0,0,0,0,0,0,0,0,0,0,0,0,0,0,0,0,0,0,0,0,0,0,0,0,0,0,0,0,0,0,0,0,0,0,0,0,0,0,0,0,0,0,0,0,0,0,0,0,0,0,0,0,0,0,0,0,0,0,0,0,0,0,0,0,0,0,0,0,0,0,0,0,0,0,0,0,0,0,0,0,0,0,0,0,0,0,0,0,0,0,0,0,0,0,0,0,0,0,0,0,0,0,0,0,0,0,0,0,0,0,0,0,0,0,0,0,0,0,0,0,0,0,0,0,0,0,0,0,0,0,0,0,0,0,0,0,0,0,0,0,0,0,0,0,0,0,0,0,0,0,0,0,0,0,0,0,0,0,0,0,0,0,0,0,0,0,0,0,0,0,0,0,0,122,136,136,136,219,254,255,254,254,241,56,0,0,0,0,0,0,0,0,0,0,0,0,0,0,0,10,36,229,253,253,253,253,253,253,253,253,253,206,0,0,0,0,0,0,0,0,0,0,0,0,0,0,0,72,253,253,227,200,200,118,82,82,82,250,253,206,0,0,0,0,0,0,0,0,0,0,0,0,0,0,0,72,253,253,129,0,0,0,0,0,85,252,253,118,0,0,0,0,0,0,0,0,0,0,0,0,0,0,0,47,237,253,129,0,0,0,0,0,209,253,229,16,0,0,0,0,0,0,0,0,0,0,0,0,0,0,0,0,65,241,237,47,0,0,0,0,231,253,224,0,0,0,0,0,0,0,0,0,0,0,0,0,0,0,0,0,0,115,129,57,0,0,0,47,242,253,111,0,0,0,0,0,0,0,0,0,0,0,0,0,0,0,0,0,0,0,0,0,0,0,8,165,253,236,47,0,0,0,0,0,0,0,0,0,0,0,0,0,0,0,0,0,0,0,0,0,0,0,78,253,253,124,0,0,0,0,0,0,0,0,0,0,0,0,0,0,0,0,0,0,0,0,0,0,0,0,78,253,253,124,0,0,0,0,0,0,0,0,0,0,0,0,0,0,0,0,0,0,0,0,0,0,0,0,114,253,253,124,0,0,0,0,0,0,0,0,0,0,0,0,0,0,0,0,0,0,0,0,0,0,0,0,195,253,253,24,0,0,0,0,0,0,0,0,0,0,0,0,0,0,0,0,0,0,0,0,0,0,0,55,248,253,253,5,0,0,0,0,0,0,0,0,0,0,0,0,0,0,0,0,0,0,0,0,0,0,0,60,253,253,143,1,0,0,0,0,0,0,0,0,0,0,0,0,0,0,0,0,0,0,0,0,0,0,0,60,253,253,72,0,0,0,0,0,0,0,0,0,0,0,0,0,0,0,0,0,0,0,0,0,0,0,0,60,253,253,101,0,0,0,0,0,0,0,0,0,0,0,0,0,0,0,0,0,0,0,0,0,0,0,0,60,253,253,141,0,0,0,0,0,0,0,0,0,0,0,0,0,0,0,0,0,0,0,0,0,0,0,0,13,207,253,141,0,0,0,0,0,0,0,0,0,0,0,0,0,0,0,0,0,0,0,0,0,0,0,0,0,148,253,238,5,0,0,0,0,0,0,0,0,0,0,0,0,0,0,0,0,0,0,0,0,0,0,0,0,78,253,253,61,0,0,0,0,0,0,0,0,0,0,0,0,0,0,0,0,0,0,0,0,0,0,0,0,0,0,0,0,0,0,0,0,0,0,0,0,0,0
2,0,0,0,0,0,0,0,0,0,0,0,0,0,0,0,0,0,0,0,0,0,0,0,0,0,0,0,0,0,0,0,0,0,0,0,0,0,0,0,0,0,0,0,0,0,0,0,0,0,0,0,0,0,0,0,0,0,0,0,0,0,0,0,0,0,0,0,0,0,0,0,0,0,0,0,0,0,0,0,0,0,0,0,0,0,0,0,0,0,0,0,0,0,0,0,0,0,0,0,0,0,0,0,0,0,0,0,0,0,0,0,0,0,0,0,0,0,0,0,0,0,0,0,0,141,170,114,0,0,0,0,0,0,0,0,0,0,0,0,0,0,0,0,0,0,0,0,0,0,0,0,0,255,255,255,114,0,0,0,0,0,0,0,0,0,0,0,0,0,0,0,0,0,0,0,0,0,0,0,0,255,114,226,255,86,0,0,0,0,0,0,0,0,0,0,0,0,0,0,0,0,0,0,0,0,0,0,0,0,0,57,255,226,0,0,0,0,0,0,0,0,0,0,0,0,0,0,0,0,0,0,0,0,0,0,0,0,0,0,255,255,86,0,0,0,0,0,0,0,0,0,0,0,0,0,0,0,0,0,0,0,0,0,0,0,0,0,198,255,170,0,0,0,0,0,0,0,0,0,0,0,0,0,0,0,0,0,0,0,0,0,0,0,0,0,141,255,170,0,0,0,0,0,0,0,0,0,0,0,0,0,0,0,0,0,0,0,0,0,0,0,0,0,170,255,170,0,0,0,0,0,0,0,0,0,0,0,0,0,0,0,0,0,0,0,0,0,0,0,0,0,170,255,170,0,0,0,0,0,0,29,141,0,0,0,0,0,0,0,0,0,0,0,0,0,0,0,0,0,255,255,141,0,0,0,114,170,255,255,141,0,0,0,0,0,0,0,0,0,0,0,0,0,0,0,86,86,255,255,226,170,255,255,255,255,114,29,0,0,0,0,0,0,0,0,0,0,86,114,141,170,198,255,255,255,255,255,255,255,170,141,86,0,0,0,0,0,0,0,0,0,0,0,0,198,255,255,255,255,255,255,255,255,255,170,29,0,0,0,0,0,0,0,0,0,0,0,0,0,0,0,0,255,255,255,255,141,86,86,198,255,198,0,0,0,0,0,0,0,0,0,0,0,0,0,0,0,0,0,0,255,255,255,0,0,0,86,255,198,0,0,0,0,0,0,0,0,0,0,0,0,0,0,0,0,0,0,0,141,255,255,141,86,114,255,255,29,0,0,0,0,0,0,0,0,0,0,0,0,0,0,0,0,0,0,0,0,170,255,255,255,255,255,57,0,0,0,0,0,0,0,0,0,0,0,0,0,0,0,0,0,0,0,0,0,0,114,170,170,170,57,0,0,0,0,0,0,0,0,0,0,0,0,0,0,0,0,0,0,0,0,0,0,0,0,0,0,0,0,0,0,0,0,0,0,0,0,0,0,0,0,0,0,0,0,0,0,0,0,0,0,0,0,0,0,0,0,0,0,0,0,0,0,0,0,0,0,0,0,0,0,0,0,0,0,0,0,0,0,0,0,0,0,0,0,0,0,0,0,0,0,0,0,0,0,0,0,0,0,0,0,0,0,0,0,0,0,0,0,0,0,0,0,0,0,0,0,0,0,0,0,0,0,0,0,0,0,0,0,0,0,0,0,0,0,0,0,0,0,0,0,0,0,0,0,0,0,0,0,0,0,0,0,0,0,0,0,0,0,0,0,0,0,0,0,0,0,0,0,0,0,0,0,0,0,0,0,0,0,0,0,0,0,0
7,0,0,0,0,0,0,0,0,0,0,0,0,0,0,0,0,0,0,0,0,0,0,0,0,0,0,0,0,0,0,0,0,0,0,0,0,0,0,0,0,0,0,0,0,0,0,0,0,0,0,0,0,0,0,0,0,0,0,0,0,0,0,0,0,0,0,0,0,0,0,0,0,0,0,0,0,0,0,0,0,0,0,0,0,0,0,0,0,0,0,0,0,0,0,0,0,0,0,0,0,0,0,0,0,0,0,0,0,0,0,0,0,0,0,0,0,0,0,0,0,0,0,0,0,0,0,0,0,0,0,0,0,0,0,0,0,0,0,0,0,0,0,0,0,0,0,0,0,0,0,0,0,0,0,0,0,0,0,0,0,0,0,0,0,0,0,0,0,0,0,0,0,0,0,0,0,0,0,0,0,0,0,0,0,0,0,0,0,0,0,0,0,0,0,0,0,0,0,0,0,0,0,0,0,0,0,0,0,0,0,0,0,10,121,235,151,0,0,0,0,0,0,0,0,0,0,0,0,0,0,0,0,0,0,0,16,124,179,251,251,251,254,254,150,0,0,0,0,0,0,0,0,0,0,0,0,0,0,0,0,0,0,61,179,254,254,254,254,254,254,216,56,0,0,0,0,0,0,0,0,0,0,0,0,0,0,0,0,18,91,241,254,218,170,99,91,254,247,78,0,0,0,0,0,0,0,0,0,0,0,0,0,0,0,0,0,146,254,240,126,8,0,0,87,254,206,0,0,0,0,0,0,0,0,0,0,0,0,0,0,0,0,0,0,73,254,148,0,0,0,10,212,247,79,0,0,0,0,0,0,0,0,0,0,0,0,0,0,0,0,0,0,143,241,29,0,0,0,40,254,224,0,0,0,0,0,0,0,0,0,0,0,0,0,0,0,0,0,0,0,70,89,0,0,0,0,133,255,147,0,0,0,0,0,0,0,0,0,0,0,0,0,0,0,0,0,0,0,0,0,0,0,0,23,234,254,63,0,0,0,0,0,0,0,0,0,0,0,0,0,0,0,0,0,0,0,0,0,0,0,0,59,254,225,8,0,0,0,0,0,0,0,0,0,0,0,0,0,0,0,0,0,0,0,0,0,0,0,0,143,254,177,0,0,0,0,0,0,0,0,0,0,0,0,0,0,0,0,0,0,0,0,0,0,0,0,39,247,249,57,0,0,0,0,0,0,0,0,0,0,0,0,0,0,0,0,0,0,0,0,0,0,0,0,88,254,205,0,0,0,0,0,0,0,0,0,0,0,0,0,0,0,0,0,0,0,0,0,0,0,0,0,143,254,129,0,0,0,0,0,0,0,0,0,0,0,0,0,0,0,0,0,0,0,0,0,0,0,0,0,221,254,63,0,0,0,0,0,0,0,0,0,0,0,0,0,0,0,0,0,0,0,0,0,0,0,0,39,246,254,43,0,0,0,0,0,0,0,0,0,0,0,0,0,0,0,0,0,0,0,0,0,0,0,0,86,254,223,12,0,0,0,0,0,0,0,0,0,0,0,0,0,0,0,0,0,0,0,0,0,0,0,0,200,254,179,0,0,0,0,0,0,0,0,0,0,0,0,0,0,0,0,0,0,0,0,0,0,0,0,20,235,254,64,0,0,0,0,0,0,0,0,0,0,0,0,0,0,0,0,0,0,0,0,0,0,0,0,0,196,207,0,0,0,0,0,0,0,0,0,0,0,0,0,0,0,0,0,0,0,0,0,0,0,0,0,0,0,0,0,0,0,0,0,0,0,0,0,0,0,0,0,0,0
4,0,0,0,0,0,0,0,0,0,0,0,0,0,0,0,0,0,0,0,0,0,0,0,0,0,0,0,0,0,0,0,0,0,0,0,0,0,0,0,0,0,0,0,0,0,0,0,0,0,0,0,0,0,0,0,0,0,0,0,0,0,0,0,0,0,0,0,0,0,0,0,0,0,0,0,0,0,0,0,0,0,0,0,0,0,0,0,0,0,0,0,0,0,0,0,0,0,0,0,0,0,0,0,0,0,0,0,0,0,0,0,0,0,0,0,0,0,0,0,0,0,0,0,0,0,0,0,0,0,0,124,254,68,0,0,0,0,0,0,0,0,0,0,0,0,0,0,0,0,0,0,0,0,0,0,0,0,7,213,196,5,0,0,0,0,0,0,0,0,0,0,0,0,0,0,32,23,0,0,0,0,0,0,0,0,11,226,117,0,0,0,0,0,0,0,0,0,0,0,0,0,0,0,209,241,49,0,0,0,0,0,0,0,92,253,117,0,0,0,0,0,0,0,0,0,0,0,0,0,0,22,230,254,73,0,0,0,0,0,0,0,99,254,117,0,0,0,0,0,0,0,0,0,0,0,0,0,0,129,253,205,0,0,0,0,0,0,0,0,158,253,117,0,0,0,0,0,0,0,0,0,0,0,0,0,11,226,253,79,0,0,0,0,0,0,0,0,218,253,75,0,0,0,0,0,0,0,0,0,0,0,0,0,44,253,235,13,0,0,0,0,0,0,0,73,254,193,3,0,0,0,0,0,0,0,0,0,0,0,0,0,99,254,165,0,0,0,0,0,0,0,0,187,255,136,0,0,0,76,80,2,0,0,0,0,0,0,0,0,98,253,137,3,0,0,0,0,0,0,46,249,254,76,0,0,16,204,253,19,0,0,0,0,0,0,0,0,80,253,253,169,79,0,0,0,0,0,59,253,242,68,77,136,230,253,239,15,0,0,0,0,0,0,0,0,2,116,217,253,252,234,234,234,229,204,227,253,254,253,253,253,248,138,27,0,0,0,0,0,0,0,0,0,0,0,0,97,211,234,234,234,235,237,254,254,211,156,156,85,25,0,0,0,0,0,0,0,0,0,0,0,0,0,0,0,0,0,0,0,0,40,253,241,18,0,0,0,0,0,0,0,0,0,0,0,0,0,0,0,0,0,0,0,0,0,0,0,0,106,253,175,0,0,0,0,0,0,0,0,0,0,0,0,0,0,0,0,0,0,0,0,0,0,0,0,13,225,253,127,0,0,0,0,0,0,0,0,0,0,0,0,0,0,0,0,0,0,0,0,0,0,0,0,20,254,249,18,0,0,0,0,0,0,0,0,0,0,0,0,0,0,0,0,0,0,0,0,0,0,0,0,80,253,194,0,0,0,0,0,0,0,0,0,0,0,0,0,0,0,0,0,0,0,0,0,0,0,0,0,116,253,230,12,0,0,0,0,0,0,0,0,0,0,0,0,0,0,0,0,0,0,0,0,0,0,0,0,151,253,123,0,0,0,0,0,0,0,0,0,0,0,0,0,0,0,0,0,0,0,0,0,0,0,0,0,0,0,0,0,0,0,0,0,0,0,0,0,0,0,0,0,0,0,0,0,0,0,0,0,0,0,0,0,0,0,0,0,0,0,0,0,0,0,0,0,0,0,0,0,0,0,0,0,0,0,0,0,0,0,0,0,0,0,0,0,0,0,0,0,0,0,0,0,0,0,0,0,0,0,0,0,0,0,0,0,0,0,0,0,0,0,0,0,0,0,0,0,0,0,0,0,0,0,0
1,0,0,0,0,0,0,0,0,0,0,0,0,0,0,0,0,0,0,0,0,0,0,0,0,0,0,0,0,0,0,0,0,0,0,0,0,0,0,0,0,0,0,0,0,0,0,0,0,0,0,0,0,0,0,0,0,0,0,0,0,0,0,0,0,0,0,0,0,0,0,0,0,0,0,0,0,0,0,0,0,0,0,0,0,0,0,0,0,0,0,0,0,0,0,0,0,0,0,0,0,0,0,0,0,0,0,0,0,0,0,0,0,0,0,0,0,0,0,0,0,0,0,0,0,0,0,0,0,0,0,0,0,0,0,0,0,0,0,0,0,0,0,0,0,0,0,0,0,0,0,0,0,0,53,243,242,52,0,0,0,0,0,0,0,0,0,0,0,0,0,0,0,0,0,0,0,0,0,0,0,0,132,254,254,130,0,0,0,0,0,0,0,0,0,0,0,0,0,0,0,0,0,0,0,0,0,0,0,0,132,254,254,130,0,0,0,0,0,0,0,0,0,0,0,0,0,0,0,0,0,0,0,0,0,0,0,0,132,254,254,130,0,0,0,0,0,0,0,0,0,0,0,0,0,0,0,0,0,0,0,0,0,0,0,0,132,254,254,149,5,0,0,0,0,0,0,0,0,0,0,0,0,0,0,0,0,0,0,0,0,0,0,0,60,243,254,254,30,0,0,0,0,0,0,0,0,0,0,0,0,0,0,0,0,0,0,0,0,0,0,0,81,246,254,254,30,0,0,0,0,0,0,0,0,0,0,0,0,0,0,0,0,0,0,0,0,0,0,0,17,235,254,239,26,0,0,0,0,0,0,0,0,0,0,0,0,0,0,0,0,0,0,0,0,0,0,0,132,254,254,130,0,0,0,0,0,0,0,0,0,0,0,0,0,0,0,0,0,0,0,0,0,0,0,0,132,254,254,130,0,0,0,0,0,0,0,0,0,0,0,0,0,0,0,0,0,0,0,0,0,0,0,22,218,254,254,130,0,0,0,0,0,0,0,0,0,0,0,0,0,0,0,0,0,0,0,0,0,0,0,32,254,254,254,130,0,0,0,0,0,0,0,0,0,0,0,0,0,0,0,0,0,0,0,0,0,0,0,32,254,254,234,16,0,0,0,0,0,0,0,0,0,0,0,0,0,0,0,0,0,0,0,0,0,0,0,32,254,254,231,0,0,0,0,0,0,0,0,0,0,0,0,0,0,0,0,0,0,0,0,0,0,0,0,32,254,254,231,0,0,0,0,0,0,0,0,0,0,0,0,0,0,0,0,0,0,0,0,0,0,0,0,32,254,254,251,112,0,0,0,0,0,0,0,0,0,0,0,0,0,0,0,0,0,0,0,0,0,0,0,32,255,254,254,127,0,0,0,0,0,0,0,0,0,0,0,0,0,0,0,0,0,0,0,0,0,0,0,32,254,254,231,0,0,0,0,0,0,0,0,0,0,0,0,0,0,0,0,0,0,0,0,0,0,0,0,32,254,254,198,0,0,0,0,0,0,0,0,0,0,0,0,0,0,0,0,0,0,0,0,0,0,0,0,13,100,194,30,0,0,0,0,0,0,0,0,0,0,0,0,0,0,0,0,0,0,0,0,0,0,0,0,0,0,0,0,0,0,0,0,0,0,0,0,0,0,0,0,0,0,0,0,0,0,0,0,0,0,0,0,0,0,0,0,0,0,0,0,0,0,0,0,0,0,0,0,0,0,0,0,0,0,0,0,0,0,0,0,0,0,0,0,0,0,0,0,0,0,0,0,0,0,0,0
3,0,0,0,0,0,0,0,0,0,0,0,0,0,0,0,0,0,0,0,0,0,0,0,0,0,0,0,0,0,0,0,0,0,0,0,0,0,0,0,0,0,0,0,0,0,0,0,0,0,0,0,0,0,0,0,0,0,0,0,0,0,0,0,0,0,0,0,0,0,0,0,0,0,0,0,0,0,0,0,0,0,0,0,0,0,0,0,0,0,0,0,0,0,0,0,0,0,0,0,0,0,0,0,0,0,0,0,0,0,0,0,0,0,0,0,0,0,0,0,0,0,0,0,0,0,0,0,0,0,0,0,0,0,0,0,0,0,0,0,0,0,0,0,0,0,0,0,0,0,0,0,0,0,0,0,0,0,0,0,0,0,0,0,0,0,0,0,0,0,0,0,0,0,0,0,0,0,0,0,0,0,0,0,0,64,128,128,255,255,255,255,191,0,0,0,0,0,0,0,0,0,0,0,0,0,0,0,0,0,128,255,255,255,255,255,255,255,255,255,128,0,0,0,0,0,0,0,0,0,0,0,0,0,0,64,191,255,255,255,255,255,255,255,255,255,255,255,0,0,0,0,0,0,0,0,0,0,0,0,0,0,0,191,255,255,255,255,255,255,191,128,255,255,255,0,0,0,0,0,0,0,0,0,0,0,0,0,0,0,0,191,255,191,0,0,0,0,0,191,255,255,0,0,0,0,0,0,0,0,0,0,0,0,0,0,0,0,0,0,0,0,0,0,0,0,255,255,255,0,0,0,0,0,0,0,0,0,0,0,0,0,0,0,0,0,0,0,0,0,0,0,64,255,255,255,0,0,0,0,0,0,0,0,0,0,0,0,0,0,0,0,0,0,0,0,0,0,0,128,255,255,191,0,0,0,0,0,0,0,0,0,0,0,0,0,0,0,0,0,0,0,0,0,0,0,128,255,255,191,0,0,0,0,0,0,0,0,0,0,0,0,0,0,0,0,0,0,0,0,0,0,0,191,255,255,128,0,0,0,0,0,0,0,0,0,0,0,0,0,0,0,0,0,0,0,0,0,0,0,0,191,255,255,128,64,0,0,0,0,0,0,0,0,0,0,0,0,0,0,0,0,0,0,0,0,0,0,0,64,191,255,255,255,128,0,0,0,0,0,0,0,0,0,0,0,0,0,0,0,0,0,0,0,0,0,0,0,0,255,255,255,191,0,0,0,0,0,0,0,0,0,0,0,0,0,0,0,0,128,0,0,0,0,0,64,255,255,255,191,0,0,0,0,0,0,0,0,0,0,0,0,0,0,0,64,255,0,0,0,0,64,255,255,255,255,128,0,0,0,0,0,0,0,0,0,0,0,0,0,0,0,0,191,191,0,64,191,255,255,255,255,191,0,0,0,0,0,0,0,0,0,0,0,0,0,0,0,0,0,0,191,255,255,255,255,255,255,191,0,0,0,0,0,0,0,0,0,0,0,0,0,0,0,0,0,0,0,0,128,191,255,255,255,128,0,0,0,0,0,0,0,0,0,0,0,0,0,0,0,0,0,0,0,0,0,0,0,0,0,0,0,0,0,0,0,0,0,0,0,0,0,0,0,0,0,0,0,0,0,0,0,0,0,0,0,0,0,0,0,0,0,0,0,0,0,0,0,0,0,0,0,0,0,0,0,0,0,0,0,0,0,0,0,0,0,0,0,0,0,0,0,0,0,0,0,0,0,0,0,0,0,0,0,0,0,0,0,0,0,0,0,0,0,0,0,0,0,0,0,0,0,0,0,0,0,0,0,0,0,0,0,0,0,0
5,0,0,0,0,0,0,0,0,0,0,0,0,0,0,0,0,0,0,0,0,0,0,0,0,0,0,0,0,0,0,0,0,0,0,0,0,0,0,0,0,0,0,0,0,0,0,0,0,0,0,0,0,0,0,0,0,0,0,0,0,0,0,0,0,0,0,0,0,0,0,0,0,0,0,0,0,0,0,0,0,0,0,0,0,0,0,0,0,0,0,0,0,0,0,0,0,0,0,0,0,0,0,0,0,0,0,0,0,0,0,0,0,0,0,0,0,0,0,0,0,0,0,0,0,0,0,0,0,0,0,0,0,0,0,0,0,0,0,0,0,0,0,0,0,0,0,0,0,0,0,0,0,0,0,0,0,0,0,0,0,0,0,0,0,0,0,0,0,0,0,0,0,0,0,0,0,0,0,0,0,0,0,0,0,0,0,0,0,17,25,25,65,100,77,30,0,0,0,0,0,0,0,0,0,0,0,0,0,0,0,0,0,0,37,107,157,222,253,253,253,253,253,253,0,0,0,0,0,0,0,0,0,0,0,0,0,0,0,42,101,170,254,253,253,253,253,253,214,205,152,84,0,0,0,0,0,0,0,0,0,0,0,0,130,182,182,243,253,253,254,247,193,193,106,72,14,0,0,0,0,0,0,0,0,0,0,0,0,0,46,154,236,253,253,253,253,184,181,106,0,0,0,0,0,0,0,0,0,0,0,0,0,0,0,0,5,154,235,253,253,253,253,180,59,3,0,0,0,0,0,0,0,0,0,0,0,0,0,0,0,0,0,0,221,253,253,235,70,36,36,5,0,0,0,0,0,0,0,0,0,0,0,0,0,0,0,0,0,0,0,0,254,253,253,147,0,0,0,0,0,0,0,0,0,0,0,0,0,0,0,0,0,0,0,0,0,0,0,0,254,253,253,251,242,207,122,17,0,0,0,0,0,0,0,0,0,0,0,0,0,0,0,0,0,0,0,0,64,191,248,250,254,254,254,254,202,12,0,0,0,0,0,0,0,0,0,0,0,0,0,0,0,0,0,0,0,0,52,73,109,142,229,250,253,202,12,0,0,0,0,0,0,0,0,0,0,0,0,0,0,0,0,0,0,0,0,0,0,0,0,187,250,253,138,0,0,0,0,0,0,0,0,0,0,0,0,0,0,0,0,0,24,0,0,0,0,0,0,0,230,253,242,0,0,0,0,0,0,0,0,0,0,0,0,0,0,0,0,0,217,107,30,0,0,0,0,0,230,253,242,0,0,0,0,0,0,0,0,0,0,0,0,0,0,0,0,0,220,248,222,194,108,108,194,194,248,253,242,0,0,0,0,0,0,0,0,0,0,0,0,0,0,0,0,0,31,217,253,253,253,253,253,253,253,253,104,0,0,0,0,0,0,0,0,0,0,0,0,0,0,0,0,0,0,21,111,221,253,253,253,170,198,160,0,0,0,0,0,0,0,0,0,0,0,0,0,0,0,0,0,0,0,0,0,16,24,24,24,4,10,1,0,0,0,0,0,0,0,0,0,0,0,0,0,0,0,0,0,0,0,0,0,0,0,0,0,0,0,0,0,0,0,0,0,0,0,0,0,0,0,0,0,0,0,0,0,0,0,0,0,0,0,0,0,0,0,0,0,0,0,0,0,0,0,0,0,0,0,0,0,0,0,0,0,0,0,0,0,0,0,0,0,0,0,0,0,0,0,0,0,0,0,0,0,0,0,0,0,0,0,0,0,0,0,0,0,0,0,0,0,0,0,0,0,0,0,0,0,0,0,0,0,0,0
0,0,0,0,0,0,0,0,0,0,0,0,0,0,0,0,0,0,0,0,0,0,0,0,0,0,0,0,0,0,0,0,0,0,0,0,0,0,0,0,0,0,0,0,0,0,0,0,0,0,0,0,0,0,0,0,0,0,0,0,0,0,0,0,0,0,0,0,0,0,0,0,0,0,0,0,0,0,0,0,0,0,0,0,0,0,0,0,0,0,0,0,0,0,0,0,0,0,0,0,0,0,0,0,0,0,0,0,0,0,0,0,0,0,0,0,0,0,0,0,0,0,0,0,0,0,0,0,0,0,0,0,0,0,0,0,0,0,0,0,0,0,0,0,0,0,0,0,0,0,51,132,130,213,254,252,252,252,214,51,51,10,0,0,0,0,0,0,0,0,0,0,0,0,0,0,0,0,252,250,250,250,252,250,250,250,252,250,250,130,0,0,0,0,0,0,0,0,0,0,0,0,0,0,0,123,252,250,250,250,252,250,250,250,252,250,250,250,123,0,0,0,0,0,0,0,0,0,0,0,0,0,0,202,252,250,250,250,252,250,250,250,252,250,250,250,243,121,0,0,0,0,0,0,0,0,0,0,0,0,152,252,254,252,222,40,0,0,0,163,0,82,232,252,254,171,20,0,0,0,0,0,0,0,0,0,0,0,151,250,252,250,100,0,0,0,0,0,0,0,151,250,252,250,100,0,0,0,0,0,0,0,0,0,0,62,211,250,252,250,100,0,0,0,0,0,0,0,60,221,252,250,100,0,0,0,0,0,0,0,0,0,0,102,250,250,252,169,20,0,0,0,0,0,0,0,0,40,252,250,100,0,0,0,0,0,0,0,0,0,0,103,252,252,203,0,0,0,0,0,0,0,0,0,0,0,254,252,252,49,0,0,0,0,0,0,0,0,0,102,250,250,121,0,0,0,0,0,0,0,0,0,0,0,252,250,189,29,0,0,0,0,0,0,0,0,0,102,250,250,0,0,0,0,0,0,0,0,0,0,0,0,252,250,100,0,0,0,0,0,0,0,0,0,41,221,250,250,0,0,0,0,0,0,0,0,0,0,0,0,252,250,100,0,0,0,0,0,0,0,0,0,51,252,252,252,0,0,0,0,0,0,0,0,0,0,0,0,254,252,100,0,0,0,0,0,0,0,0,0,31,190,250,250,82,0,0,0,0,0,0,0,0,0,0,82,252,250,100,0,0,0,0,0,0,0,0,0,0,102,250,250,202,0,0,0,0,0,0,0,0,62,151,231,252,250,100,0,0,0,0,0,0,0,0,0,0,102,250,250,243,121,0,0,0,0,0,0,41,221,250,250,252,169,20,0,0,0,0,0,0,0,0,0,0,82,202,243,255,252,252,90,52,51,172,252,254,252,252,252,163,0,0,0,0,0,0,0,0,0,0,0,0,0,0,202,252,250,250,250,252,250,250,250,252,250,250,169,0,0,0,0,0,0,0,0,0,0,0,0,0,0,0,80,252,250,250,250,252,250,250,250,252,189,100,20,0,0,0,0,0,0,0,0,0,0,0,0,0,0,0,0,49,130,250,250,252,250,250,250,212,29,0,0,0,0,0,0,0,0,0,0,0,0,0,0,0,0,0,0,0,0,0,0,0,0,0,0,0,0,0,0,0,0,0,0,0,0,0,0,0,0,0,0,0,0,0,0,0,0,0,0,0,0,0,0,0,0,0,0,0,0,0,0,0,0,0,0,0,0,0,0,0,0,0,0,0,0,0,0,0,0,0,0,0,0,0,0,0,0,0,0,0,0,0
0,0,0,0,0,0,0,0,0,0,0,0,0,0,0,0,0,0,0,0,0,0,0,0,0,0,0,0,0,0,0,0,0,0,0,0,0,0,0,0,0,0,0,0,0,0,0,0,0,0,0,0,0,0,0,0,0,0,0,0,0,0,0,0,0,0,0,0,0,0,0,0,0,0,0,0,0,0,0,0,0,0,0,0,0,0,0,0,0,0,0,0,0,0,0,0,0,0,0,0,0,0,0,0,0,0,0,0,0,0,0,0,0,0,0,0,0,0,0,0,0,0,0,0,0,0,0,0,0,0,0,0,0,0,0,0,0,0,0,0,0,0,0,0,0,0,0,0,0,0,0,0,0,0,0,0,0,0,0,32,121,121,121,115,0,0,0,0,0,0,0,0,0,0,0,0,0,0,0,0,0,70,241,242,241,241,241,244,253,253,253,253,170,0,0,0,0,0,0,0,0,0,0,0,0,0,0,0,25,242,253,254,253,253,253,253,253,253,253,253,203,0,0,0,0,0,0,0,0,0,0,0,0,0,0,13,99,253,253,254,253,253,253,253,253,253,253,249,82,0,0,0,0,0,0,0,0,0,0,0,0,0,50,167,253,253,253,254,225,136,187,253,253,253,246,106,0,0,0,0,0,0,0,0,0,0,0,0,18,90,236,253,253,253,225,67,38,0,21,214,253,253,226,0,0,0,0,0,0,0,0,0,0,0,0,0,102,253,253,253,253,152,38,0,0,0,0,201,253,253,226,0,0,0,0,0,0,0,0,0,0,0,0,144,239,253,253,249,212,39,0,0,0,0,0,117,253,253,226,0,0,0,0,0,0,0,0,0,0,0,6,229,253,253,250,202,0,0,0,0,0,0,0,68,253,253,226,0,0,0,0,0,0,0,0,0,0,0,178,253,253,253,128,0,0,0,0,0,0,0,0,68,253,253,226,0,0,0,0,0,0,0,0,0,0,122,254,254,254,187,0,0,0,0,0,0,0,0,0,68,254,255,255,107,0,0,0,0,0,0,0,0,0,121,253,253,219,37,0,0,0,0,0,0,0,0,0,68,253,253,228,6,0,0,0,0,0,0,0,0,0,121,253,253,173,0,0,0,0,0,0,0,0,0,0,68,253,253,226,0,0,0,0,0,0,0,0,0,0,234,253,253,130,0,0,0,0,0,0,0,0,0,0,110,253,253,226,0,0,0,0,0,0,0,0,0,0,254,253,253,145,0,0,0,0,0,0,0,0,0,100,242,253,253,121,0,0,0,0,0,0,0,0,0,0,155,253,253,232,152,43,0,0,0,0,0,23,174,243,253,253,195,25,0,0,0,0,0,0,0,0,0,0,102,251,253,253,253,236,174,174,174,174,175,207,253,253,243,184,25,0,0,0,0,0,0,0,0,0,0,0,0,145,250,253,253,253,253,253,253,253,255,253,253,230,96,0,0,0,0,0,0,0,0,0,0,0,0,0,0,0,96,219,243,253,253,253,245,240,241,240,120,17,0,0,0,0,0,0,0,0,0,0,0,0,0,0,0,0,0,0,32,120,120,120,50,0,0,0,0,0,0,0,0,0,0,0,0,0,0,0,0,0,0,0,0,0,0,0,0,0,0,0,0,0,0,0,0,0,0,0,0,0,0,0,0,0,0,0,0,0,0,0,0,0,0,0,0,0,0,0,0,0,0,0,0,0,0,0,0,0,0,0,0,0,0,0,0,0,0,0,0,0,0,0,0,0,0,0,0,0,0,0,0,0,0,0,0,0,0,0,0,0,0,0
1,0,0,0,0,0,0,0,0,0,0,0,0,0,0,0,0,0,0,0,0,0,0,0,0,0,0,0,0,0,0,0,0,0,0,0,0,0,0,0,0,0,0,0,0,0,0,0,0,0,0,0,0,0,0,0,0,0,0,0,0,0,0,0,0,0,0,0,0,0,0,0,0,0,0,0,0,0,0,0,0,0,0,0,0,0,0,0,0,0,0,0,0,0,0,0,0,0,0,0,0,0,0,0,0,0,0,0,0,0,0,0,0,0,0,0,0,0,0,0,0,0,0,0,0,0,191,255,128,0,0,0,0,0,0,0,0,0,0,0,0,0,0,0,0,0,0,0,0,0,0,0,0,0,255,255,255,64,0,0,0,0,0,0,0,0,0,0,0,0,0,0,0,0,0,0,0,0,0,0,0,0,255,255,255,128,0,0,0,0,0,0,0,0,0,0,0,0,0,0,0,0,0,0,0,0,0,0,0,0,255,255,255,128,0,0,0,0,0,0,0,0,0,0,0,0,0,0,0,0,0,0,0,0,0,0,0,128,255,255,255,128,0,0,0,0,0,0,0,0,0,0,0,0,0,0,0,0,0,0,0,0,0,0,0,128,255,255,255,128,0,0,0,0,0,0,0,0,0,0,0,0,0,0,0,0,0,0,0,0,0,0,0,128,255,255,255,128,0,0,0,0,0,0,0,0,0,0,0,0,0,0,0,0,0,0,0,0,0,0,0,128,255,255,255,128,0,0,0,0,0,0,0,0,0,0,0,0,0,0,0,0,0,0,0,0,0,0,0,128,255,255,255,128,0,0,0,0,0,0,0,0,0,0,0,0,0,0,0,0,0,0,0,0,0,0,0,64,255,255,255,128,0,0,0,0,0,0,0,0,0,0,0,0,0,0,0,0,0,0,0,0,0,0,0,0,255,255,255,128,0,0,0,0,0,0,0,0,0,0,0,0,0,0,0,0,0,0,0,0,0,0,0,0,255,255,255,255,0,0,0,0,0,0,0,0,0,0,0,0,0,0,0,0,0,0,0,0,0,0,0,0,255,255,255,255,0,0,0,0,0,0,0,0,0,0,0,0,0,0,0,0,0,0,0,0,0,0,0,0,255,255,255,128,0,0,0,0,0,0,0,0,0,0,0,0,0,0,0,0,0,0,0,0,0,0,0,0,255,255,255,128,0,0,0,0,0,0,0,0,0,0,0,0,0,0,0,0,0,0,0,0,0,0,0,0,255,255,255,128,0,0,0,0,0,0,0,0,0,0,0,0,0,0,0,0,0,0,0,0,0,0,0,0,255,255,255,128,0,0,0,0,0,0,0,0,0,0,0,0,0,0,0,0,0,0,0,0,0,0,0,0,255,255,255,191,0,0,0,0,0,0,0,0,0,0,0,0,0,0,0,0,0,0,0,0,0,0,0,0,128,255,255,255,0,0,0,0,0,0,0,0,0,0,0,0,0,0,0,0,0,0,0,0,0,0,0,0,0,255,255,255,0,0,0,0,0,0,0,0,0,0,0,0,0,0,0,0,0,0,0,0,0,0,0,0,0,0,0,0,0,0,0,0,0,0,0,0,0,0,0,0,0,0,0,0,0,0,0,0,0,0,0,0,0,0,0,0,0,0,0,0,0,0,0,0,0,0,0,0,0,0,0,0,0,0,0,0,0,0,0,0,0,0,0,0,0,0,0,0,0,0,0,0,0,0,0,0,0,0,0,0,0,0,0,0,0,0,0,0,0,0,0,0,0,0,0,0,0,0,0,0,0,0,0
4,0,0,0,0,0,0,0,0,0,0,0,0,0,0,0,0,0,0,0,0,0,0,0,0,0,0,0,0,0,0,0,0,0,0,0,0,0,0,0,0,0,0,0,0,0,0,0,0,0,0,0,0,0,0,0,0,0,0,0,0,0,0,0,0,0,0,0,0,0,0,0,0,0,0,0,0,0,0,0,0,0,0,0,0,0,0,0,0,0,0,0,0,0,0,0,0,0,0,0,0,0,0,0,0,0,0,0,0,0,0,0,0,0,0,0,0,0,0,0,0,0,0,0,0,0,0,0,0,0,0,0,0,0,0,0,0,0,0,0,0,0,0,0,0,0,0,0,0,0,0,0,0,0,0,0,0,0,0,0,0,0,0,0,0,0,0,0,0,0,0,0,0,0,0,0,0,0,0,0,0,0,0,0,33,176,44,0,0,0,0,0,0,24,0,0,0,0,0,0,0,0,0,0,0,0,0,0,0,0,10,29,200,177,0,0,0,0,0,8,128,234,0,0,0,0,0,0,0,0,0,0,0,0,0,0,0,7,180,254,215,78,0,0,0,0,2,171,254,183,0,0,0,0,0,0,0,0,0,0,0,0,0,0,35,219,254,254,86,0,0,0,0,0,158,254,234,26,0,0,0,0,0,0,0,0,0,0,0,0,3,91,239,254,206,43,7,0,0,0,0,43,246,254,94,0,0,0,0,0,0,0,0,0,0,0,0,108,190,254,254,247,48,0,0,0,0,0,0,204,254,173,8,0,0,0,0,0,0,0,0,0,14,137,221,254,254,254,254,254,248,228,149,48,0,26,177,254,211,38,0,0,0,0,0,0,0,0,0,0,115,254,254,243,235,249,179,146,235,246,254,226,196,173,254,244,53,0,0,0,0,0,0,0,0,0,0,0,204,172,138,31,0,55,3,0,0,44,119,228,254,254,254,199,19,0,0,0,0,0,0,0,0,0,0,0,6,0,0,0,0,0,0,0,0,0,14,250,254,254,254,254,203,0,0,0,0,0,0,0,0,0,0,0,0,0,0,0,0,0,0,0,0,3,137,254,252,160,75,143,105,0,0,0,0,0,0,0,0,0,0,0,0,0,0,0,0,0,0,0,0,107,254,254,198,20,0,0,0,0,0,0,0,0,0,0,0,0,0,0,0,0,0,0,0,0,0,0,113,254,254,225,19,0,0,0,0,0,0,0,0,0,0,0,0,0,0,0,0,0,0,0,0,0,0,128,219,254,162,53,4,0,0,0,0,0,0,0,0,0,0,0,0,0,0,0,0,0,0,0,0,0,63,208,254,158,16,0,0,0,0,0,0,0,0,0,0,0,0,0,0,0,0,0,0,0,0,0,0,28,238,254,227,21,0,0,0,0,0,0,0,0,0,0,0,0,0,0,0,0,0,0,0,0,0,0,12,211,254,236,18,0,0,0,0,0,0,0,0,0,0,0,0,0,0,0,0,0,0,0,0,0,0,22,197,254,220,16,0,0,0,0,0,0,0,0,0,0,0,0,0,0,0,0,0,0,0,0,0,0,0,114,250,197,26,0,0,0,0,0,0,0,0,0,0,0,0,0,0,0,0,0,0,0,0,0,0,0,35,216,200,18,0,0,0,0,0,0,0,0,0,0,0,0,0,0,0,0,0,0,0,0,0,0,0,0,0,0,0,0,0,0,0,0,0,0,0,0,0,0,0,0,0,0,0,0,0,0,0,0,0,0,0,0,0,0,0,0,0,0,0,0,0,0,0,0,0,0,0,0,0,0,0,0,0
1,0,0,0,0,0,0,0,0,0,0,0,0,0,0,0,0,0,0,0,0,0,0,0,0,0,0,0,0,0,0,0,0,0,0,0,0,0,0,0,0,0,0,0,0,0,0,0,0,0,0,0,0,0,0,0,0,0,0,0,0,0,0,0,0,0,0,0,0,0,0,0,0,0,0,0,0,0,0,0,0,0,0,0,0,0,0,0,0,0,0,0,0,0,0,0,0,0,0,0,0,0,0,0,0,0,0,0,0,0,0,0,0,0,0,0,0,0,0,0,0,0,0,0,0,0,0,0,0,191,255,0,0,0,0,0,0,0,0,0,0,0,0,0,0,0,0,0,0,0,0,0,0,0,0,0,128,255,255,0,0,0,0,0,0,0,0,0,0,0,0,0,0,0,0,0,0,0,0,0,0,0,0,0,255,255,255,0,0,0,0,0,0,0,0,0,0,0,0,0,0,0,0,0,0,0,0,0,0,0,0,0,255,255,255,0,0,0,0,0,0,0,0,0,0,0,0,0,0,0,0,0,0,0,0,0,0,0,0,64,255,255,191,0,0,0,0,0,0,0,0,0,0,0,0,0,0,0,0,0,0,0,0,0,0,0,0,128,255,255,128,0,0,0,0,0,0,0,0,0,0,0,0,0,0,0,0,0,0,0,0,0,0,0,0,255,255,255,0,0,0,0,0,0,0,0,0,0,0,0,0,0,0,0,0,0,0,0,0,0,0,0,128,255,255,128,0,0,0,0,0,0,0,0,0,0,0,0,0,0,0,0,0,0,0,0,0,0,0,0,128,255,255,128,0,0,0,0,0,0,0,0,0,0,0,0,0,0,0,0,0,0,0,0,0,0,0,0,128,255,255,128,0,0,0,0,0,0,0,0,0,0,0,0,0,0,0,0,0,0,0,0,0,0,0,0,255,255,255,64,0,0,0,0,0,0,0,0,0,0,0,0,0,0,0,0,0,0,0,0,0,0,0,0,255,255,255,0,0,0,0,0,0,0,0,0,0,0,0,0,0,0,0,0,0,0,0,0,0,0,0,64,255,255,128,0,0,0,0,0,0,0,0,0,0,0,0,0,0,0,0,0,0,0,0,0,0,0,0,128,255,255,64,0,0,0,0,0,0,0,0,0,0,0,0,0,0,0,0,0,0,0,0,0,0,0,0,128,255,255,0,0,0,0,0,0,0,0,0,0,0,0,0,0,0,0,0,0,0,0,0,0,0,0,0,255,255,255,0,0,0,0,0,0,0,0,0,0,0,0,0,0,0,0,0,0,0,0,0,0,0,0,0,255,255,255,0,0,0,0,0,0,0,0,0,0,0,0,0,0,0,0,0,0,0,0,0,0,0,0,0,255,255,255,0,0,0,0,0,0,0,0,0,0,0,0,0,0,0,0,0,0,0,0,0,0,0,0,64,255,255,255,0,0,0,0,0,0,0,0,0,0,0,0,0,0,0,0,0,0,0,0,0,0,0,0,0,255,255,191,0,0,0,0,0,0,0,0,0,0,0,0,0,0,0,0,0,0,0,0,0,0,0,0,0,0,0,0,0,0,0,0,0,0,0,0,0,0,0,0,0,0,0,0,0,0,0,0,0,0,0,0,0,0,0,0,0,0,0,0,0,0,0,0,0,0,0,0,0,0,0,0,0,0,0,0,0,0,0,0,0,0,0,0,0,0,0,0,0,0,0,0,0,0,0,0,0,0,0,0,0,0,0,0,0,0,0,0,0,0,0,0,0,0,0,0,0,0,0,0,0,0,0,0,0
5,0,0,0,0,0,0,0,0,0,0,0,0,0,0,0,0,0,0,0,0,0,0,0,0,0,0,0,0,0,0,0,0,0,0,0,0,0,0,0,0,0,0,0,0,0,0,0,0,0,0,0,0,0,0,0,0,0,0,0,0,0,0,0,0,0,0,0,0,0,0,0,0,0,0,0,0,0,0,0,0,0,0,0,0,0,0,0,0,0,0,0,0,0,0,0,0,0,0,0,0,0,0,0,0,0,0,0,0,0,0,0,0,0,0,0,0,0,0,0,0,0,0,0,0,0,0,0,0,0,0,0,0,0,0,0,0,0,0,0,0,0,0,0,0,0,0,0,0,0,0,0,0,0,0,0,86,132,254,254,254,255,55,0,0,0,0,0,0,0,0,0,0,0,0,0,0,0,0,0,0,42,97,208,248,253,253,253,253,222,34,0,0,0,0,0,0,0,0,0,0,0,0,0,0,0,11,84,213,231,253,253,253,204,177,111,40,27,0,0,0,0,0,0,0,0,0,0,0,0,0,0,0,0,35,253,253,253,204,161,61,22,0,0,0,0,0,0,0,0,0,0,0,0,0,0,0,0,0,0,0,0,54,253,253,159,9,0,0,0,0,0,0,0,0,0,0,0,0,0,0,0,0,0,0,0,0,0,0,3,176,253,246,6,0,0,0,0,0,0,0,0,0,0,0,0,0,0,0,0,0,0,0,0,0,0,0,127,253,253,123,0,0,0,0,0,0,0,0,0,0,0,0,0,0,0,0,0,0,0,0,0,0,0,0,192,253,253,123,0,0,0,0,0,0,0,0,0,0,0,0,0,0,0,0,0,0,0,0,0,0,0,0,192,253,253,123,88,90,201,227,227,227,227,60,0,0,0,0,0,0,0,0,0,0,0,0,0,0,0,0,192,253,253,229,252,253,253,253,253,253,253,234,65,0,0,0,0,0,0,0,0,0,0,0,0,0,0,0,192,253,253,253,253,253,214,205,205,206,253,253,170,0,0,0,0,0,0,0,0,0,0,0,0,0,0,0,98,229,253,239,226,103,17,0,0,7,253,253,170,0,0,0,0,0,0,0,0,0,0,0,0,0,0,0,0,15,109,53,0,0,0,0,0,11,253,253,170,0,0,0,0,0,0,0,0,0,0,0,0,0,0,0,0,0,0,0,0,0,0,0,0,144,253,253,170,0,0,0,0,0,0,0,0,0,0,0,0,0,0,0,0,0,0,0,0,0,0,0,83,248,253,211,27,0,0,0,0,0,0,0,0,0,0,0,0,0,0,0,0,0,0,0,0,0,23,109,242,253,253,150,0,0,0,0,0,0,0,0,0,0,0,0,0,0,0,0,0,0,0,0,0,56,115,253,253,251,191,39,0,0,0,0,0,0,0,0,0,0,0,0,0,0,0,0,0,0,33,179,179,245,253,253,249,206,0,0,0,0,0,0,0,0,0,0,0,0,0,0,0,0,0,0,0,0,139,243,253,253,253,238,132,0,0,0,0,0,0,0,0,0,0,0,0,0,0,0,0,0,0,0,0,0,0,60,175,130,116,31,0,0,0,0,0,0,0,0,0,0,0,0,0,0,0,0,0,0,0,0,0,0,0,0,0,0,0,0,0,0,0,0,0,0,0,0,0,0,0,0,0,0,0,0,0,0,0,0,0,0,0,0,0,0,0,0,0,0,0,0,0,0,0,0,0,0,0,0,0,0,0,0,0,0,0,0,0,0,0,0,0,0,0,0,0,0,0,0,0,0,0,0,0,0,0,0
6,0,0,0,0,0,0,0,0,0,0,0,0,0,0,0,0,0,0,0,0,0,0,0,0,0,0,0,0,0,0,0,0,0,0,0,0,0,0,0,0,0,0,0,0,0,0,0,0,0,0,0,0,0,0,0,0,0,0,0,0,0,0,0,0,0,0,0,0,0,0,0,0,0,0,0,0,0,0,0,0,0,0,0,0,0,0,0,0,0,0,0,0,0,0,0,0,0,0,0,20,205,209,0,0,0,0,0,0,0,0,0,0,0,0,0,0,0,0,0,0,0,0,0,0,0,0,8,201,254,245,0,0,0,0,0,0,0,0,0,0,0,0,0,0,0,0,0,0,0,0,0,0,0,0,50,254,254,210,0,0,0,0,0,0,0,0,0,0,0,0,0,0,0,0,0,0,0,0,0,0,0,11,180,254,254,91,0,0,0,0,0,0,0,0,0,0,0,0,0,0,0,0,0,0,0,0,0,0,0,49,254,254,127,8,0,0,0,0,0,0,0,0,0,0,0,0,0,0,0,0,0,0,0,0,0,0,0,118,254,254,19,0,0,0,0,0,0,0,0,0,0,0,0,0,0,0,0,0,0,0,0,0,0,0,0,201,254,209,8,0,0,0,0,0,0,0,0,0,0,0,0,0,0,0,0,0,0,0,0,0,0,0,69,252,248,61,0,0,0,0,0,0,0,0,0,0,0,0,0,0,0,0,0,0,0,0,0,0,0,0,83,254,240,0,0,0,0,0,0,0,0,0,0,0,0,0,0,0,0,0,0,0,0,0,0,0,0,4,188,254,185,0,0,0,0,0,0,0,0,0,0,0,0,0,0,0,0,0,0,0,0,0,0,0,0,62,254,254,155,112,22,9,0,0,0,0,0,0,0,0,0,0,0,0,0,0,0,0,0,0,0,0,0,116,254,254,254,254,254,221,59,0,0,0,0,0,0,0,0,0,0,0,0,0,0,0,0,0,0,15,101,228,254,246,206,180,235,254,86,0,0,0,0,0,0,0,0,0,0,0,0,0,0,0,0,0,0,160,245,253,254,206,0,0,143,254,86,0,0,0,0,0,0,0,0,0,0,0,0,0,0,0,0,0,0,30,3,212,254,179,0,0,236,254,86,0,0,0,0,0,0,0,0,0,0,0,0,0,0,0,0,0,0,0,0,212,255,197,0,27,239,246,8,0,0,0,0,0,0,0,0,0,0,0,0,0,0,0,0,0,0,0,0,210,254,206,12,236,254,168,0,0,0,0,0,0,0,0,0,0,0,0,0,0,0,0,0,0,0,0,0,116,254,219,151,254,243,39,0,0,0,0,0,0,0,0,0,0,0,0,0,0,0,0,0,0,0,0,0,116,255,255,254,254,77,0,0,0,0,0,0,0,0,0,0,0,0,0,0,0,0,0,0,0,0,0,0,36,226,254,249,93,5,0,0,0,0,0,0,0,0,0,0,0,0,0,0,0,0,0,0,0,0,0,0,0,0,0,0,0,0,0,0,0,0,0,0,0,0,0,0,0,0,0,0,0,0,0,0,0,0,0,0,0,0,0,0,0,0,0,0,0,0,0,0,0,0,0,0,0,0,0,0,0,0,0,0,0,0,0,0,0,0,0,0,0,0,0,0,0,0,0,0,0,0,0,0,0,0,0,0,0,0,0,0,0,0,0,0,0,0,0,0,0,0,0,0,0,0,0,0,0,0,0,0,0,0,0,0,0,0,0,0,0,0,0,0,0,0,0,0,0,0,0,0,0,0,0,0,0,0,0,0,0
1,0,0,0,0,0,0,0,0,0,0,0,0,0,0,0,0,0,0,0,0,0,0,0,0,0,0,0,0,0,0,0,0,0,0,0,0,0,0,0,0,0,0,0,0,0,0,0,0,0,0,0,0,0,0,0,0,0,0,0,0,0,0,0,0,0,0,0,0,0,0,0,0,0,0,0,0,0,0,0,0,0,0,0,0,0,0,0,0,0,0,0,0,0,0,0,0,0,0,0,0,0,0,139,94,0,0,0,0,0,0,0,0,0,0,0,0,0,0,0,0,0,0,0,0,0,0,0,0,0,59,250,187,0,0,0,0,0,0,0,0,0,0,0,0,0,0,0,0,0,0,0,0,0,0,0,0,0,143,254,187,0,0,0,0,0,0,0,0,0,0,0,0,0,0,0,0,0,0,0,0,0,0,0,0,54,219,254,68,0,0,0,0,0,0,0,0,0,0,0,0,0,0,0,0,0,0,0,0,0,0,0,11,183,255,190,2,0,0,0,0,0,0,0,0,0,0,0,0,0,0,0,0,0,0,0,0,0,0,0,122,254,254,105,0,0,0,0,0,0,0,0,0,0,0,0,0,0,0,0,0,0,0,0,0,0,0,16,197,254,188,0,0,0,0,0,0,0,0,0,0,0,0,0,0,0,0,0,0,0,0,0,0,0,0,102,254,224,84,0,0,0,0,0,0,0,0,0,0,0,0,0,0,0,0,0,0,0,0,0,0,0,0,218,254,147,0,0,0,0,0,0,0,0,0,0,0,0,0,0,0,0,0,0,0,0,0,0,0,0,68,251,249,59,0,0,0,0,0,0,0,0,0,0,0,0,0,0,0,0,0,0,0,0,0,0,0,20,192,254,149,0,0,0,0,0,0,0,0,0,0,0,0,0,0,0,0,0,0,0,0,0,0,0,0,167,254,236,46,0,0,0,0,0,0,0,0,0,0,0,0,0,0,0,0,0,0,0,0,0,0,37,95,252,254,145,0,0,0,0,0,0,0,0,0,0,0,0,0,0,0,0,0,0,0,0,0,0,0,158,254,254,236,51,0,0,0,0,0,0,0,0,0,0,0,0,0,0,0,0,0,0,0,0,0,0,0,15,254,254,232,19,0,0,0,0,0,0,0,0,0,0,0,0,0,0,0,0,0,0,0,0,0,0,0,28,254,254,254,131,0,0,0,0,0,0,0,0,0,0,0,0,0,0,0,0,0,0,0,0,0,0,0,144,254,254,254,195,0,0,0,0,0,0,0,0,0,0,0,0,0,0,0,0,0,0,0,0,0,0,0,188,254,254,254,121,0,0,0,0,0,0,0,0,0,0,0,0,0,0,0,0,0,0,0,0,0,0,0,116,254,254,251,51,0,0,0,0,0,0,0,0,0,0,0,0,0,0,0,0,0,0,0,0,0,0,0,3,167,254,133,0,0,0,0,0,0,0,0,0,0,0,0,0,0,0,0,0,0,0,0,0,0,0,0,0,0,0,0,0,0,0,0,0,0,0,0,0,0,0,0,0,0,0,0,0,0,0,0,0,0,0,0,0,0,0,0,0,0,0,0,0,0,0,0,0,0,0,0,0,0,0,0,0,0,0,0,0,0,0,0,0,0,0,0,0,0,0,0,0,0,0,0,0,0,0,0,0,0,0,0,0,0,0,0,0,0,0,0,0,0,0,0,0,0,0,0,0,0,0,0,0,0,0,0,0,0,0,0,0,0,0,0,0,0,0,0,0,0,0,0,0,0,0,0,0,0,0,0,0,0,0,0,0,0
3,0,0,0,0,0,0,0,0,0,0,0,0,0,0,0,0,0,0,0,0,0,0,0,0,0,0,0,0,0,0,0,0,0,0,0,0,0,0,0,0,0,0,0,0,0,0,0,0,0,0,0,0,0,0,0,0,0,0,0,0,0,0,0,0,0,0,0,0,0,0,0,0,0,0,0,0,0,0,0,0,0,0,0,0,0,0,0,0,0,0,0,0,0,0,0,0,0,0,0,0,0,0,0,0,0,0,0,0,0,0,0,0,0,0,0,0,0,0,0,0,0,0,255,253,253,159,138,11,0,0,0,0,0,0,0,0,0,0,0,0,0,0,0,0,0,0,0,0,0,0,253,252,252,252,252,136,0,0,0,0,0,0,0,0,0,0,0,0,0,0,0,0,0,0,0,0,0,0,222,252,252,252,252,247,67,0,0,0,0,0,0,0,0,0,0,0,0,0,0,0,0,0,0,0,0,0,25,119,160,194,252,253,185,0,0,0,0,0,0,0,0,0,0,0,0,0,0,0,0,0,0,0,0,0,0,0,0,9,232,253,227,32,0,0,0,0,0,0,0,0,0,0,0,0,0,0,0,0,0,0,0,0,0,0,7,160,253,255,228,32,0,0,0,0,0,0,0,0,0,0,0,0,0,0,0,0,0,0,0,22,162,161,186,252,252,253,206,0,0,0,0,0,0,0,0,0,0,0,0,0,0,0,0,0,0,0,0,116,253,252,252,252,252,253,206,0,0,0,0,0,0,0,0,0,0,0,0,0,0,0,0,0,0,0,34,165,253,252,227,160,160,98,37,0,0,0,0,0,0,0,0,0,0,0,0,0,0,0,0,0,0,0,51,85,253,252,215,21,0,221,116,116,168,11,0,0,0,0,0,0,0,0,0,0,0,0,0,0,0,0,0,0,252,230,167,0,0,106,95,237,253,148,0,0,0,0,0,0,0,0,0,0,0,0,0,0,0,0,0,0,84,0,0,0,0,0,0,25,223,252,22,0,0,0,0,0,0,0,0,0,0,0,0,0,0,0,0,0,0,0,0,0,0,0,0,0,207,252,146,0,0,0,0,0,0,0,0,0,0,0,0,0,0,0,0,0,0,0,0,0,0,0,0,0,207,252,188,0,0,0,0,0,0,0,0,0,0,0,0,0,0,0,0,0,0,0,0,0,0,0,0,116,248,252,116,0,0,0,0,0,0,0,0,0,0,0,0,0,0,0,0,11,24,24,24,24,24,34,159,253,253,253,53,0,0,0,0,0,0,0,0,0,0,0,0,0,0,0,0,116,253,252,252,252,252,253,252,252,252,178,0,0,0,0,0,0,0,0,0,0,0,0,0,0,0,0,0,116,253,252,252,252,252,253,252,252,252,106,0,0,0,0,0,0,0,0,0,0,0,0,0,0,0,0,0,116,253,252,252,252,252,253,252,252,134,4,0,0,0,0,0,0,0,0,0,0,0,0,0,0,0,0,0,63,253,252,252,252,252,243,117,22,4,0,0,0,0,0,0,0,0,0,0,0,0,0,0,0,0,0,0,0,0,0,0,0,0,0,0,0,0,0,0,0,0,0,0,0,0,0,0,0,0,0,0,0,0,0,0,0,0,0,0,0,0,0,0,0,0,0,0,0,0,0,0,0,0,0,0,0,0,0,0,0,0,0,0,0,0,0,0,0,0,0,0,0,0,0,0,0,0,0,0,0,0,0,0,0,0,0,0,0,0,0,0,0,0,0,0,0,0,0,0,0,0,0,0,0,0,0,0,0,0,0
8,0,0,0,0,0,0,0,0,0,0,0,0,0,0,0,0,0,0,0,0,0,0,0,0,0,0,0,0,0,0,0,0,0,0,0,0,0,0,0,0,0,0,0,0,0,0,0,0,0,0,0,0,0,0,0,0,0,0,0,0,0,0,0,0,0,0,0,0,0,0,0,0,0,0,0,0,0,0,0,0,0,0,0,0,0,0,0,0,0,0,0,0,0,0,0,0,0,0,0,0,0,0,0,0,0,0,0,0,0,0,0,0,0,0,0,0,0,0,0,0,0,0,0,0,0,0,0,0,0,0,0,0,0,0,0,0,0,0,0,0,0,0,0,0,0,0,0,0,0,0,0,96,96,174,253,253,255,253,253,213,194,0,0,0,0,0,0,0,0,0,0,0,0,0,0,0,16,72,190,253,251,251,251,251,253,251,251,251,251,191,190,190,23,0,0,0,0,0,0,0,0,0,0,16,189,251,251,253,251,251,251,251,253,251,251,251,251,253,251,251,110,0,0,0,0,0,0,0,0,0,0,171,251,251,251,253,251,251,196,188,213,251,251,251,251,253,251,251,50,0,0,0,0,0,0,0,0,0,0,190,251,251,251,253,132,94,12,0,96,251,251,251,251,253,132,94,12,0,0,0,0,0,0,0,0,0,0,191,253,253,253,195,24,0,0,0,255,253,253,253,193,0,0,0,0,0,0,0,0,0,0,0,0,0,0,170,251,251,251,253,185,16,68,190,253,251,251,184,23,0,0,0,0,0,0,0,0,0,0,0,0,0,0,16,188,251,251,253,251,188,236,251,253,251,188,15,0,0,0,0,0,0,0,0,0,0,0,0,0,0,0,0,16,185,251,253,251,251,251,251,253,184,15,0,0,0,0,0,0,0,0,0,0,0,0,0,0,0,0,0,0,64,251,253,251,251,251,251,193,23,0,0,0,0,0,0,0,0,0,0,0,0,0,0,0,0,0,0,0,0,159,255,253,253,253,253,195,24,0,0,0,0,0,0,0,0,0,0,0,0,0,0,0,0,0,0,0,8,170,253,251,251,251,251,253,82,0,0,0,0,0,0,0,0,0,0,0,0,0,0,0,0,0,0,0,143,251,253,251,251,251,251,253,236,63,0,0,0,0,0,0,0,0,0,0,0,0,0,0,0,0,0,32,229,251,253,251,251,251,251,253,251,126,0,0,0,0,0,0,0,0,0,0,0,0,0,0,0,0,0,127,251,251,253,251,172,232,251,253,251,126,0,0,0,0,0,0,0,0,0,0,0,0,0,0,0,0,92,253,253,253,255,233,174,253,253,255,253,126,0,0,0,0,0,0,0,0,0,0,0,0,0,0,0,0,190,251,251,251,253,251,251,251,251,253,247,110,0,0,0,0,0,0,0,0,0,0,0,0,0,0,0,0,190,251,251,251,253,251,251,251,251,253,220,0,0,0,0,0,0,0,0,0,0,0,0,0,0,0,0,0,142,220,251,251,253,251,251,235,228,189,66,0,0,0,0,0,0,0,0,0,0,0,0,0,0,0,0,0,0,48,133,152,253,251,251,188,59,0,0,0,0,0,0,0,0,0,0,0,0,0,0,0,0,0,0,0,0,0,0,0,0,0,0,0,0,0,0,0,0,0,0,0,0,0,0,0,0,0,0,0,0,0,0,0,0,0,0,0,0,0,0,0,0,0,0,0,0,0,0,0,0,0,0,0,0,0,0,0,0,0,0,0,0,0,0,0,0,0,0,0,0,0,0,0,0,0,0,0,0,0,0,0,0
9,0,0,0,0,0,0,0,0,0,0,0,0,0,0,0,0,0,0,0,0,0,0,0,0,0,0,0,0,0,0,0,0,0,0,0,0,0,0,0,0,0,0,0,0,0,0,0,0,0,0,0,0,0,0,0,0,0,0,0,0,0,0,0,0,0,0,0,0,0,0,0,0,0,0,0,0,0,0,0,0,0,0,0,0,0,0,0,0,0,0,0,0,0,0,0,0,0,0,0,0,0,0,0,0,0,0,0,0,0,0,0,0,0,0,0,0,0,0,0,0,0,0,0,0,0,0,0,0,0,0,0,0,0,0,0,0,0,0,0,0,0,0,0,0,0,0,0,0,0,0,0,0,0,0,0,0,0,0,0,0,0,0,0,0,0,0,0,0,0,0,0,0,0,0,0,0,0,0,0,0,0,0,13,153,220,229,99,0,0,0,0,0,0,0,0,0,0,0,0,0,0,0,0,0,0,0,0,0,0,30,218,253,253,254,249,92,0,0,0,0,0,0,0,0,0,0,0,0,0,0,0,0,0,0,0,0,9,237,253,253,236,245,240,58,0,0,0,0,0,0,0,0,0,0,0,0,0,0,0,0,0,0,0,0,159,254,253,102,19,161,81,0,0,0,0,0,0,0,0,0,0,0,0,0,0,0,0,0,0,0,0,108,254,255,56,0,119,255,48,0,0,0,0,0,0,0,0,0,0,0,0,0,0,0,0,0,0,0,9,216,253,107,45,97,247,254,198,0,0,0,0,0,0,0,0,0,0,0,0,0,0,0,0,0,0,0,42,249,253,225,249,253,253,254,164,0,0,0,0,0,0,0,0,0,0,0,0,0,0,0,0,0,0,0,0,140,253,254,253,253,253,254,81,0,0,0,0,0,0,0,0,0,0,0,0,0,0,0,0,0,0,0,0,9,127,185,248,254,254,127,0,0,0,0,0,0,0,0,0,0,0,0,0,0,0,0,0,0,0,0,0,0,0,13,235,253,185,9,0,0,0,0,0,0,0,0,0,0,0,0,0,0,0,0,0,0,0,0,0,0,0,112,253,253,69,0,0,0,0,0,0,0,0,0,0,0,0,0,0,0,0,0,0,0,0,0,0,0,0,229,253,253,69,0,0,0,0,0,0,0,0,0,0,0,0,0,0,0,0,0,0,0,0,0,0,0,26,254,254,205,0,0,0,0,0,0,0,0,0,0,0,0,0,0,0,0,0,0,0,0,0,0,0,5,155,254,253,54,0,0,0,0,0,0,0,0,0,0,0,0,0,0,0,0,0,0,0,0,0,0,0,74,253,254,223,25,0,0,0,0,0,0,0,0,0,0,0,0,0,0,0,0,0,0,0,0,0,0,34,240,253,254,81,0,0,0,0,0,0,0,0,0,0,0,0,0,0,0,0,0,0,0,0,0,0,0,72,254,254,236,17,0,0,0,0,0,0,0,0,0,0,0,0,0,0,0,0,0,0,0,0,0,0,0,138,253,253,167,0,0,0,0,0,0,0,0,0,0,0,0,0,0,0,0,0,0,0,0,0,0,0,0,97,253,253,51,0,0,0,0,0,0,0,0,0,0,0,0,0,0,0,0,0,0,0,0,0,0,0,0,13,186,219,0,0,0,0,0,0,0,0,0,0,0,0,0,0,0,0,0,0,0,0,0,0,0,0,0,0,0,0,0,0,0,0,0,0,0,0,0,0,0,0,0,0,0,0,0,0,0,0,0,0,0,0,0,0,0,0,0,0,0,0,0,0,0,0,0,0,0,0,0,0,0
7,0,0,0,0,0,0,0,0,0,0,0,0,0,0,0,0,0,0,0,0,0,0,0,0,0,0,0,0,0,0,0,0,0,0,0,0,0,0,0,0,0,0,0,0,0,0,0,0,0,0,0,0,0,0,0,0,0,0,0,0,0,0,0,0,0,0,0,0,0,0,0,0,0,0,0,0,0,0,0,0,0,0,0,0,0,0,0,0,0,0,0,0,0,0,0,0,0,0,0,0,0,0,0,0,0,0,0,0,0,0,0,0,0,0,0,0,0,0,0,0,0,0,0,0,0,0,0,0,0,0,0,0,0,0,0,0,0,0,0,0,0,0,0,0,0,0,0,0,0,0,0,0,0,0,0,0,0,0,0,0,0,0,0,0,0,0,0,0,0,0,0,0,0,0,0,13,131,131,131,131,131,131,131,131,131,235,210,131,16,0,0,0,0,0,0,0,0,0,0,0,0,0,0,87,254,254,254,254,254,254,254,254,254,254,254,254,148,0,0,0,0,0,0,0,0,0,0,0,0,0,0,11,190,254,254,254,254,254,254,254,254,254,254,254,139,0,0,0,0,0,0,0,0,0,0,0,0,0,0,0,13,105,105,190,229,229,229,229,250,254,254,254,24,0,0,0,0,0,0,0,0,0,0,0,0,0,0,0,0,0,0,0,0,0,0,37,230,254,254,254,40,0,0,0,0,0,0,0,0,0,0,0,0,0,0,0,0,0,0,0,0,0,0,12,213,254,254,254,130,0,0,0,0,0,0,0,0,0,0,0,0,0,0,0,0,0,0,0,0,0,0,75,254,254,254,167,9,0,0,0,0,0,0,0,0,0,0,0,0,0,0,0,0,0,0,0,0,0,14,171,254,254,254,30,0,0,0,0,0,0,0,0,0,0,0,0,0,0,0,0,0,0,0,0,13,57,110,254,254,254,254,30,0,0,0,0,0,0,0,0,0,0,0,0,0,0,0,0,0,0,42,148,202,254,254,254,254,254,254,122,0,0,0,0,0,0,0,0,0,0,0,0,0,0,0,0,58,193,234,254,254,254,254,254,254,254,229,52,0,0,0,0,0,0,0,0,0,0,0,0,0,0,0,0,120,254,254,254,254,254,254,254,154,55,35,0,0,0,0,0,0,0,0,0,0,0,0,0,0,0,0,0,6,49,49,190,254,254,254,154,10,0,0,0,0,0,0,0,0,0,0,0,0,0,0,0,0,0,0,0,0,0,80,241,254,254,197,10,0,0,0,0,0,0,0,0,0,0,0,0,0,0,0,0,0,0,0,0,0,14,200,254,254,232,57,0,0,0,0,0,0,0,0,0,0,0,0,0,0,0,0,0,0,0,0,0,13,184,254,254,254,83,0,0,0,0,0,0,0,0,0,0,0,0,0,0,0,0,0,0,0,0,0,0,32,254,254,255,203,7,0,0,0,0,0,0,0,0,0,0,0,0,0,0,0,0,0,0,0,0,0,0,147,254,254,232,50,0,0,0,0,0,0,0,0,0,0,0,0,0,0,0,0,0,0,0,0,0,0,0,156,254,254,146,0,0,0,0,0,0,0,0,0,0,0,0,0,0,0,0,0,0,0,0,0,0,0,0,19,209,150,2,0,0,0,0,0,0,0,0,0,0,0,0,0,0,0,0,0,0,0,0,0,0,0,0,0,0,0,0,0,0,0,0,0,0,0,0,0,0,0,0,0,0,0,0,0,0,0,0,0,0,0,0,0,0,0,0,0,0,0,0,0,0,0,0,0,0,0,0,0,0,0,0
8,0,0,0,0,0,0,0,0,0,0,0,0,0,0,0,0,0,0,0,0,0,0,0,0,0,0,0,0,0,0,0,0,0,0,0,0,0,0,0,0,0,0,0,0,0,0,0,0,0,0,0,0,0,0,0,0,0,0,0,0,0,0,0,0,0,0,0,0,0,0,0,0,0,0,0,0,0,0,0,0,0,0,0,0,0,0,0,0,0,0,0,0,0,0,0,0,0,0,0,0,0,0,0,0,0,0,0,0,0,0,0,0,0,0,0,0,0,0,0,0,0,0,0,0,0,0,0,0,0,0,0,0,0,0,0,0,0,0,0,0,0,0,0,0,0,0,0,0,0,0,0,0,0,0,62,106,105,201,253,209,123,174,68,0,0,0,0,0,0,0,0,0,0,0,0,0,0,0,0,0,0,46,173,253,252,252,252,252,252,252,215,35,0,0,0,0,0,0,0,0,0,0,0,0,0,0,0,0,15,197,252,253,252,252,252,252,252,252,215,35,0,0,0,0,0,0,0,0,0,0,0,0,0,0,0,0,167,252,252,253,181,252,252,252,252,252,162,0,0,0,0,0,0,0,0,0,0,0,0,0,0,0,0,80,229,252,252,73,12,129,252,252,252,252,31,0,0,0,0,0,0,0,0,0,0,0,0,0,0,0,0,80,246,252,163,44,8,131,252,252,234,88,4,0,0,0,0,0,0,0,0,0,0,0,0,0,0,0,0,72,245,252,252,56,162,252,252,252,156,56,0,0,0,0,0,0,0,0,0,0,0,0,0,0,0,0,0,8,239,252,252,245,252,252,252,172,48,0,0,0,0,0,0,0,0,0,0,0,0,0,0,0,0,0,0,0,150,252,252,253,252,249,207,24,0,0,0,0,0,0,0,0,0,0,0,0,0,0,0,0,0,0,0,80,246,252,252,253,252,237,0,0,0,0,0,0,0,0,0,0,0,0,0,0,0,0,0,0,0,136,253,253,253,253,253,255,131,0,0,0,0,0,0,0,0,0,0,0,0,0,0,0,0,0,0,0,99,247,252,252,252,252,252,191,18,0,0,0,0,0,0,0,0,0,0,0,0,0,0,0,0,0,0,107,205,252,252,252,243,252,252,191,18,0,0,0,0,0,0,0,0,0,0,0,0,0,0,0,0,0,29,205,252,252,167,132,167,252,252,133,23,0,0,0,0,0,0,0,0,0,0,0,0,0,0,0,0,0,25,199,252,252,170,75,154,252,252,89,0,0,0,0,0,0,0,0,0,0,0,0,0,0,0,0,0,0,78,252,252,252,121,252,252,252,234,0,0,0,0,0,0,0,0,0,0,0,0,0,0,0,0,0,0,0,129,252,252,252,252,252,252,252,103,0,0,0,0,0,0,0,0,0,0,0,0,0,0,0,0,0,0,0,147,252,252,252,252,252,252,209,6,0,0,0,0,0,0,0,0,0,0,0,0,0,0,0,0,0,0,0,137,236,252,252,252,252,69,48,0,0,0,0,0,0,0,0,0,0,0,0,0,0,0,0,0,0,0,0,36,216,252,252,146,103,6,0,0,0,0,0,0,0,0,0,0,0,0,0,0,0,0,0,0,0,0,0,0,0,0,0,0,0,0,0,0,0,0,0,0,0,0,0,0,0,0,0,0,0,0,0,0,0,0,0,0,0,0,0,0,0,0,0,0,0,0,0,0,0,0,0,0,0,0,0,0,0,0,0,0,0,0,0,0,0,0,0,0,0,0,0,0,0,0,0,0,0,0,0,0,0,0,0,0,0
3,0,0,0,0,0,0,0,0,0,0,0,0,0,0,0,0,0,0,0,0,0,0,0,0,0,0,0,0,0,0,0,0,0,0,0,0,0,0,0,0,0,0,0,0,0,0,0,0,0,0,0,0,0,0,0,0,0,0,0,0,0,0,0,0,0,0,0,0,0,0,0,0,0,0,0,0,0,0,0,0,0,0,0,0,0,0,0,0,0,0,0,0,0,0,0,0,0,0,0,0,0,0,0,0,0,0,0,0,0,0,0,0,0,0,0,0,0,0,0,0,0,0,0,31,56,212,176,254,254,160,28,0,0,0,0,0,0,0,0,0,0,0,0,0,0,0,0,0,0,0,0,136,250,243,243,243,243,250,183,33,0,0,0,0,0,0,0,0,0,0,0,0,0,0,0,0,0,0,0,15,56,0,0,0,0,60,235,74,0,0,0,0,0,0,0,0,0,0,0,0,0,0,0,0,0,0,0,0,0,0,0,0,0,0,224,74,0,0,0,0,0,0,0,0,0,0,0,0,0,0,0,0,0,0,0,0,0,0,0,0,0,78,244,142,0,0,0,0,0,0,0,0,0,0,0,0,0,0,0,0,0,0,0,0,0,0,0,8,76,212,253,84,0,0,0,0,0,0,0,0,0,0,0,0,0,0,0,0,0,0,0,0,0,17,165,201,253,253,202,21,0,0,0,0,0,0,0,0,0,0,0,0,0,0,0,0,0,0,135,239,239,242,253,253,251,186,58,0,0,0,0,0,0,0,0,0,0,0,0,0,0,0,0,0,0,0,147,253,253,253,253,194,71,0,0,0,0,0,0,0,0,0,0,0,0,0,0,0,0,0,0,0,0,0,35,218,242,253,253,227,24,0,0,0,0,0,0,0,0,0,0,0,0,0,0,0,0,0,0,0,0,0,0,20,38,49,93,250,122,0,0,0,0,0,0,0,0,0,0,0,0,0,0,0,0,0,0,0,0,0,0,0,0,0,0,23,223,53,0,0,0,0,0,0,0,0,0,0,0,0,0,0,0,0,0,0,0,0,0,0,0,0,0,0,214,84,0,0,0,0,0,0,0,0,0,0,0,0,0,0,0,0,0,0,0,0,0,0,0,0,0,0,214,84,0,0,0,0,0,0,0,0,0,0,0,0,0,0,0,0,0,0,0,0,0,0,0,0,0,0,214,84,0,0,0,0,0,0,0,0,0,0,0,0,0,0,0,0,0,15,179,18,0,0,0,0,0,75,242,84,0,0,0,0,0,0,0,0,0,0,0,0,0,0,0,0,0,21,253,38,0,0,0,55,215,246,251,73,0,0,0,0,0,0,0,0,0,0,0,0,0,0,0,0,0,13,226,221,189,150,189,252,253,253,128,0,0,0,0,0,0,0,0,0,0,0,0,0,0,0,0,0,0,0,79,253,253,253,254,245,207,86,2,0,0,0,0,0,0,0,0,0,0,0,0,0,0,0,0,0,0,0,16,156,253,253,216,85,0,0,0,0,0,0,0,0,0,0,0,0,0,0,0,0,0,0,0,0,0,0,0,0,0,0,0,0,0,0,0,0,0,0,0,0,0,0,0,0,0,0,0,0,0,0,0,0,0,0,0,0,0,0,0,0,0,0,0,0,0,0,0,0,0,0,0,0,0,0,0,0,0,0,0,0,0,0,0,0,0,0,0,0,0,0,0,0,0,0,0,0,0,0,0,0,0,0,0,0,0,0,0,0,0,0,0,0,0,0,0,0,0,0,0,0,0,0,0,0,0,0,0,0,0,0
8,0,0,0,0,0,0,0,0,0,0,0,0,0,0,0,0,0,0,0,0,0,0,0,0,0,0,0,0,0,0,0,0,0,0,0,0,0,0,0,0,0,0,0,0,0,0,0,0,0,0,0,0,0,0,0,0,0,0,0,0,0,0,0,0,0,0,0,0,0,0,0,0,0,0,0,0,0,0,0,0,0,0,0,0,0,0,0,0,0,0,0,0,0,0,0,0,0,0,0,0,0,0,0,0,0,0,0,0,0,0,0,0,0,0,0,0,0,0,0,0,0,0,0,0,0,0,0,0,0,0,0,0,0,0,0,0,0,0,0,0,0,0,0,0,0,0,0,0,0,0,0,0,0,21,81,158,224,255,138,63,30,0,0,0,0,0,0,0,0,0,0,0,0,0,0,0,0,0,0,0,32,203,254,254,254,254,254,254,185,28,0,0,0,0,0,0,0,0,0,0,0,0,0,0,0,0,0,111,242,254,254,254,254,254,254,254,254,128,0,0,0,0,0,0,0,0,0,0,0,0,0,0,0,0,111,249,254,254,254,254,254,254,254,254,254,152,0,0,0,0,0,0,0,0,0,0,0,0,0,0,0,76,243,254,252,198,84,254,254,254,254,254,254,152,0,0,0,0,0,0,0,0,0,0,0,0,0,0,20,229,254,254,165,0,118,249,167,79,216,254,254,121,0,0,0,0,0,0,0,0,0,0,0,0,0,0,78,254,254,127,5,0,24,27,0,191,252,254,211,24,0,0,0,0,0,0,0,0,0,0,0,0,0,0,190,254,247,9,0,0,0,14,181,250,254,241,111,0,0,0,0,0,0,0,0,0,0,0,0,0,0,0,123,254,228,7,0,0,16,193,254,254,250,59,0,0,0,0,0,0,0,0,0,0,0,0,0,0,0,0,25,232,254,64,22,80,238,254,254,245,89,0,0,0,0,0,0,0,0,0,0,0,0,0,0,0,0,0,0,169,254,226,228,254,254,254,244,90,0,0,0,0,0,0,0,0,0,0,0,0,0,0,0,0,0,0,0,8,205,254,254,254,254,215,26,0,0,0,0,0,0,0,0,0,0,0,0,0,0,0,0,0,0,0,0,0,110,254,254,254,254,235,14,0,0,0,0,0,0,0,0,0,0,0,0,0,0,0,0,0,0,0,0,18,212,254,205,179,249,254,160,1,0,0,0,0,0,0,0,0,0,0,0,0,0,0,0,0,0,0,0,216,254,211,63,0,81,254,254,19,0,0,0,0,0,0,0,0,0,0,0,0,0,0,0,0,0,0,0,216,254,91,0,0,5,211,254,70,0,0,0,0,0,0,0,0,0,0,0,0,0,0,0,0,0,0,0,216,254,47,0,0,1,207,254,115,0,0,0,0,0,0,0,0,0,0,0,0,0,0,0,0,0,0,0,216,254,200,163,163,180,254,254,53,0,0,0,0,0,0,0,0,0,0,0,0,0,0,0,0,0,0,0,79,244,254,254,254,254,254,231,16,0,0,0,0,0,0,0,0,0,0,0,0,0,0,0,0,0,0,0,0,45,119,201,254,254,206,20,0,0,0,0,0,0,0,0,0,0,0,0,0,0,0,0,0,0,0,0,0,0,0,0,0,0,0,0,0,0,0,0,0,0,0,0,0,0,0,0,0,0,0,0,0,0,0,0,0,0,0,0,0,0,0,0,0,0,0,0,0,0,0,0,0,0,0,0,0,0,0,0,0,0,0,0,0,0,0,0,0,0,0,0,0,0,0,0,0,0,0,0,0,0,0
4,0,0,0,0,0,0,0,0,0,0,0,0,0,0,0,0,0,0,0,0,0,0,0,0,0,0,0,0,0,0,0,0,0,0,0,0,0,0,0,0,0,0,0,0,0,0,0,0,0,0,0,0,0,0,0,0,0,0,0,0,0,0,0,0,0,0,0,0,0,0,0,0,0,0,0,0,0,0,0,0,0,0,0,0,0,0,0,0,0,0,0,0,0,0,0,0,0,0,0,0,0,0,0,0,0,0,0,0,0,0,0,0,0,0,0,0,0,0,0,0,0,0,0,0,0,0,0,0,0,0,0,0,0,0,0,0,0,0,0,0,0,0,0,0,0,0,0,0,0,0,0,0,0,0,0,0,7,171,255,152,0,0,0,0,0,0,0,0,0,0,0,0,0,27,47,12,0,0,0,0,0,0,0,0,13,228,253,245,0,0,0,0,0,0,0,0,0,0,0,0,27,208,253,61,0,0,0,0,0,0,0,0,0,116,253,245,0,0,0,0,0,0,0,0,0,0,0,0,47,253,253,61,0,0,0,0,0,0,0,0,0,3,217,253,181,17,0,0,0,0,0,0,0,0,0,16,78,253,182,15,0,0,0,0,0,0,0,0,0,0,216,253,253,162,0,0,0,0,0,0,0,0,0,101,253,253,160,0,0,0,0,0,0,0,0,0,0,0,216,253,253,199,0,0,0,0,0,0,0,0,0,101,253,253,160,0,0,0,0,0,0,0,0,0,0,0,216,253,253,199,0,0,0,0,0,0,0,0,0,101,253,253,228,45,0,0,0,0,0,0,0,0,0,0,216,253,253,199,0,0,0,0,0,0,0,0,0,101,253,253,253,61,0,0,0,0,0,0,0,0,0,0,136,253,253,199,0,0,0,0,0,0,0,0,0,147,253,253,253,61,0,0,0,0,0,0,0,0,0,36,214,253,253,199,0,0,0,0,0,0,0,0,0,146,253,253,253,78,24,24,24,24,17,17,24,66,177,212,253,253,253,199,0,0,0,0,0,0,0,0,0,101,253,253,253,253,253,253,253,253,213,214,253,253,253,253,253,253,253,199,0,0,0,0,0,0,0,0,0,73,196,253,253,253,253,253,253,253,253,253,253,253,206,114,85,253,253,199,0,0,0,0,0,0,0,0,0,0,16,172,238,238,237,238,238,238,238,223,84,84,28,0,62,253,253,199,0,0,0,0,0,0,0,0,0,0,0,0,0,0,0,0,0,0,0,0,0,0,0,0,132,253,253,199,0,0,0,0,0,0,0,0,0,0,0,0,0,0,0,0,0,0,0,0,0,0,0,0,216,253,253,199,0,0,0,0,0,0,0,0,0,0,0,0,0,0,0,0,0,0,0,0,0,0,0,0,118,253,253,199,0,0,0,0,0,0,0,0,0,0,0,0,0,0,0,0,0,0,0,0,0,0,0,0,36,214,253,222,43,0,0,0,0,0,0,0,0,0,0,0,0,0,0,0,0,0,0,0,0,0,0,0,0,36,253,253,193,0,0,0,0,0,0,0,0,0,0,0,0,0,0,0,0,0,0,0,0,0,0,0,0,4,99,99,39,0,0,0,0,0,0,0,0,0,0,0,0,0,0,0,0,0,0,0,0,0,0,0,0,0,0,0,0,0,0,0,0,0,0,0,0,0,0,0,0,0,0,0,0,0,0,0,0,0,0,0,0,0,0,0,0,0,0,0,0,0,0,0,0,0,0,0,0,0,0,0,0,0,0,0,0,0,0,0,0,0,0,0,0,0,0,0,0,0
8,0,0,0,0,0,0,0,0,0,0,0,0,0,0,0,0,0,0,0,0,0,0,0,0,0,0,0,0,0,0,0,0,0,0,0,0,0,0,0,0,0,0,0,0,0,0,0,0,0,0,0,0,0,0,0,0,0,0,0,0,0,0,0,0,0,0,0,0,0,0,0,0,0,0,0,0,0,0,0,0,0,0,0,0,0,0,0,0,0,0,0,0,0,0,0,0,0,0,0,0,0,0,0,0,0,0,0,0,0,0,0,0,0,0,0,0,0,0,0,0,0,0,0,0,0,0,0,0,0,0,0,0,0,0,0,0,0,0,0,0,0,0,0,0,0,0,0,0,0,0,0,0,0,0,0,127,139,138,55,15,0,0,0,0,0,0,0,0,0,0,0,0,0,0,0,0,0,0,0,0,0,13,140,244,253,252,252,177,5,0,0,0,0,0,0,0,0,0,0,0,0,0,0,0,0,0,0,0,13,172,252,252,253,252,252,252,22,0,0,0,0,0,0,0,0,0,0,0,0,0,0,0,0,0,0,0,89,252,252,252,161,219,252,176,14,0,60,93,187,61,0,0,0,0,0,0,0,0,0,0,0,0,0,11,203,252,210,85,0,36,221,98,0,116,203,252,252,189,0,0,0,0,0,0,0,0,0,0,0,0,0,0,162,253,161,0,0,0,7,66,191,255,253,253,253,75,0,0,0,0,0,0,0,0,0,0,0,0,0,0,161,252,160,0,0,30,155,252,252,253,244,174,92,8,0,0,0,0,0,0,0,0,0,0,0,0,0,7,186,252,202,74,81,228,252,252,221,173,56,0,0,0,0,0,0,0,0,0,0,0,0,0,0,0,0,5,177,252,236,248,253,252,252,176,88,0,0,0,0,0,0,0,0,0,0,0,0,0,0,0,0,0,0,0,109,252,252,252,253,231,137,25,0,0,0,0,0,0,0,0,0,0,0,0,0,0,0,0,0,0,0,13,159,253,253,253,244,103,0,0,0,0,0,0,0,0,0,0,0,0,0,0,0,0,0,0,0,0,22,170,252,252,252,252,186,33,0,0,0,0,0,0,0,0,0,0,0,0,0,0,0,0,0,0,0,26,205,253,252,252,252,252,146,0,0,0,0,0,0,0,0,0,0,0,0,0,0,0,0,0,0,0,57,224,252,245,87,154,252,252,63,0,0,0,0,0,0,0,0,0,0,0,0,0,0,0,0,0,0,0,174,252,252,73,43,236,252,200,11,0,0,0,0,0,0,0,0,0,0,0,0,0,0,0,0,0,0,162,253,253,128,13,170,253,253,86,0,0,0,0,0,0,0,0,0,0,0,0,0,0,0,0,0,0,15,219,252,252,65,212,252,252,252,64,0,0,0,0,0,0,0,0,0,0,0,0,0,0,0,0,0,0,108,252,252,252,252,253,252,252,153,6,0,0,0,0,0,0,0,0,0,0,0,0,0,0,0,0,0,0,191,252,252,252,252,253,235,77,9,0,0,0,0,0,0,0,0,0,0,0,0,0,0,0,0,0,0,0,128,137,137,137,137,23,18,0,0,0,0,0,0,0,0,0,0,0,0,0,0,0,0,0,0,0,0,0,0,0,0,0,0,0,0,0,0,0,0,0,0,0,0,0,0,0,0,0,0,0,0,0,0,0,0,0,0,0,0,0,0,0,0,0,0,0,0,0,0,0,0,0,0,0,0,0,0,0,0,0,0,0,0,0,0,0,0,0,0,0,0,0,0,0,0,0,0,0,0,0,0,0,0,0,0,0
6,0,0,0,0,0,0,0,0,0,0,0,0,0,0,0,0,0,0,0,0,0,0,0,0,0,0,0,0,0,0,0,0,0,0,0,0,0,0,0,0,0,0,0,0,0,0,0,0,0,0,0,0,0,0,0,0,0,0,0,0,0,0,0,0,0,0,0,0,0,0,0,0,0,0,0,0,0,0,0,0,0,0,0,0,0,0,0,0,0,0,0,0,0,0,4,179,168,0,0,0,0,0,0,0,0,0,0,0,0,0,0,0,0,0,0,0,0,0,0,0,0,0,104,252,168,0,0,0,0,0,0,0,0,0,0,0,0,0,0,0,0,0,0,0,0,0,0,0,0,0,178,252,168,0,0,0,0,0,0,0,0,0,0,0,0,0,0,0,0,0,0,0,0,0,0,0,0,0,253,252,168,0,0,0,0,0,0,0,0,0,0,0,0,0,0,0,0,0,0,0,0,0,0,0,0,0,255,253,156,0,0,0,0,0,0,0,0,0,0,0,0,0,0,0,0,0,0,0,0,0,0,0,0,26,253,252,56,0,0,0,0,0,0,0,0,0,0,0,0,0,0,0,0,0,0,0,0,0,0,0,0,113,253,252,56,0,0,0,0,0,0,0,0,0,0,0,0,0,0,0,0,0,0,0,0,0,0,0,0,113,253,252,56,0,0,0,38,113,114,88,0,0,0,0,0,0,0,0,0,0,0,0,0,0,0,0,0,114,254,247,50,0,0,95,229,253,254,253,178,4,0,0,0,0,0,0,0,0,0,0,0,0,0,0,0,113,253,208,13,0,45,225,252,227,197,234,252,103,0,0,0,0,0,0,0,0,0,0,0,0,0,0,0,113,253,252,56,0,229,252,224,43,0,169,252,228,0,0,0,0,0,0,0,0,0,0,0,0,0,0,0,63,253,252,56,151,253,227,94,0,0,119,252,252,0,0,0,0,0,0,0,0,0,0,0,0,0,0,0,0,254,253,216,241,251,75,0,0,0,169,253,241,0,0,0,0,0,0,0,0,0,0,0,0,0,0,0,0,253,252,252,252,125,0,0,0,7,187,252,115,0,0,0,0,0,0,0,0,0,0,0,0,0,0,0,0,253,252,252,252,38,0,0,0,66,252,252,28,0,0,0,0,0,0,0,0,0,0,0,0,0,0,0,0,103,252,252,252,63,0,0,0,241,252,177,3,0,0,0,0,0,0,0,0,0,0,0,0,0,0,0,0,13,207,253,253,26,0,10,179,254,247,100,0,0,0,0,0,0,0,0,0,0,0,0,0,0,0,0,0,0,82,240,252,244,169,197,252,253,121,0,0,0,0,0,0,0,0,0,0,0,0,0,0,0,0,0,0,0,0,110,252,253,252,252,252,106,19,0,0,0,0,0,0,0,0,0,0,0,0,0,0,0,0,0,0,0,0,10,78,203,252,164,40,0,0,0,0,0,0,0,0,0,0,0,0,0,0,0,0,0,0,0,0,0,0,0,0,0,0,0,0,0,0,0,0,0,0,0,0,0,0,0,0,0,0,0,0,0,0,0,0,0,0,0,0,0,0,0,0,0,0,0,0,0,0,0,0,0,0,0,0,0,0,0,0,0,0,0,0,0,0,0,0,0,0,0,0,0,0,0,0,0,0,0,0,0,0,0,0,0,0,0,0,0,0,0,0,0,0,0,0,0,0,0,0,0,0,0,0,0,0,0,0,0,0,0,0,0,0,0,0,0,0,0,0,0,0,0,0,0,0,0,0,0,0,0,0,0,0,0,0,0,0
5,0,0,0,0,0,0,0,0,0,0,0,0,0,0,0,0,0,0,0,0,0,0,0,0,0,0,0,0,0,0,0,0,0,0,0,0,0,0,0,0,0,0,0,0,0,0,0,0,0,0,0,0,0,0,0,0,0,0,0,0,0,0,0,0,0,0,0,0,0,0,0,0,0,0,0,0,0,0,0,0,0,0,0,0,0,0,0,0,0,0,0,0,0,0,0,0,0,0,0,0,0,0,0,0,0,0,0,0,0,0,0,0,0,0,0,0,0,0,0,0,0,0,0,0,0,0,0,0,0,0,0,0,0,0,0,0,0,0,0,0,0,0,0,0,0,0,0,0,0,0,0,0,0,0,0,0,0,0,0,0,0,0,0,0,0,0,0,0,0,0,0,0,0,0,0,0,0,0,0,0,0,0,0,0,0,0,0,0,0,0,0,0,0,0,0,0,0,0,0,0,0,0,0,0,0,0,0,0,0,0,0,0,0,0,0,0,0,0,0,0,0,0,0,0,0,0,0,0,0,0,0,0,0,0,0,0,0,0,0,0,0,0,0,0,0,5,17,42,101,68,0,0,0,0,0,0,0,0,0,0,0,0,0,0,0,0,0,0,19,132,105,132,126,205,254,254,254,232,0,0,0,0,0,0,0,0,0,0,0,0,0,0,0,0,0,35,162,254,254,254,254,245,230,229,175,118,0,0,0,0,0,0,0,0,0,0,0,0,0,0,0,25,152,243,199,102,114,68,58,39,4,0,0,0,0,0,0,0,0,0,0,0,0,0,0,0,0,0,35,225,249,165,9,0,0,0,0,0,0,0,0,0,0,0,0,0,0,0,0,0,0,0,0,0,4,82,226,254,234,94,100,0,0,0,0,0,0,0,0,0,0,0,0,0,0,0,0,0,1,13,0,0,21,254,249,201,168,219,245,72,0,0,0,0,0,0,0,0,0,0,0,0,0,0,0,0,132,203,0,0,4,41,37,0,0,7,219,147,0,0,0,0,0,0,0,0,0,0,0,0,0,0,0,0,254,91,0,0,0,0,0,0,0,36,248,104,0,0,0,0,0,0,0,0,0,0,0,0,0,0,0,0,255,141,0,0,0,0,0,0,9,169,229,17,0,0,0,0,0,0,0,0,0,0,0,0,0,0,0,0,235,253,159,0,0,0,7,70,213,244,78,0,0,0,0,0,0,0,0,0,0,0,0,0,0,0,0,0,47,234,252,229,195,154,232,254,244,105,0,0,0,0,0,0,0,0,0,0,0,0,0,0,0,0,0,0,0,47,212,254,254,254,246,148,34,0,0,0,0,0,0,0,0,0,0,0,0,0,0,0,0,0,0,0,0,0,7,49,100,92,15,0,0,0,0,0,0,0,0,0,0,0,0,0,0,0,0,0,0,0,0,0,0,0,0,0,0,0,0,0,0,0,0,0,0,0,0,0,0,0,0,0,0,0,0,0,0,0,0,0,0,0,0,0,0,0,0,0,0,0,0,0,0,0,0,0,0,0,0,0,0,0,0,0,0,0,0,0,0,0,0,0,0,0,0,0,0,0,0,0,0,0,0,0,0,0,0,0,0,0,0,0,0,0,0,0,0,0,0,0,0,0,0,0,0,0,0,0,0,0,0,0,0,0,0,0,0,0,0,0,0,0,0,0,0,0,0,0,0,0,0,0,0,0,0,0,0,0,0,0,0,0,0,0,0,0,0,0,0,0,0,0,0,0,0,0,0,0,0,0,0,0,0,0,0,0,0,0,0,0,0,0,0,0
9,0,0,0,0,0,0,0,0,0,0,0,0,0,0,0,0,0,0,0,0,0,0,0,0,0,0,0,0,0,0,0,0,0,0,0,0,0,0,0,0,0,0,0,0,0,0,0,0,0,0,0,0,0,0,0,0,0,0,0,0,0,0,0,0,0,0,0,0,0,0,0,0,0,0,0,0,0,0,0,0,0,0,0,0,0,0,0,0,0,0,0,0,0,0,0,0,0,0,0,0,0,0,0,0,0,0,0,0,0,0,0,0,0,0,0,0,0,0,0,0,0,0,0,0,0,0,0,0,0,0,0,0,0,0,0,0,0,0,0,0,0,0,0,0,0,0,0,0,0,0,0,0,0,0,0,0,0,0,0,0,0,0,0,0,0,0,0,0,0,0,0,0,0,0,0,0,0,0,0,0,0,0,0,0,0,0,0,0,0,0,0,0,0,0,0,0,0,0,0,0,0,0,0,0,3,45,138,233,253,255,253,137,5,0,0,0,0,0,0,0,0,0,0,0,0,0,0,0,0,0,0,0,97,252,252,252,252,253,252,252,177,109,0,0,0,0,0,0,0,0,0,0,0,0,0,0,0,0,0,0,170,252,252,195,130,131,196,252,252,252,85,0,0,0,0,0,0,0,0,0,0,0,0,0,0,0,0,43,253,252,227,29,0,0,9,196,252,252,210,0,0,0,0,0,0,0,0,0,0,0,0,0,0,0,0,168,253,252,215,74,106,0,0,80,252,252,230,0,0,0,0,0,0,0,0,0,0,0,0,0,0,0,0,231,255,228,84,0,0,0,0,132,253,253,231,0,0,0,0,0,0,0,0,0,0,0,0,0,0,0,0,209,253,206,0,0,0,0,0,184,252,252,230,0,0,0,0,0,0,0,0,0,0,0,0,0,0,0,0,84,253,240,101,13,0,7,70,203,252,252,199,0,0,0,0,0,0,0,0,0,0,0,0,0,0,0,0,0,211,252,252,215,207,212,252,252,252,252,157,0,0,0,0,0,0,0,0,0,0,0,0,0,0,0,0,0,76,211,252,252,252,253,252,252,252,252,126,0,0,0,0,0,0,0,0,0,0,0,0,0,0,0,0,0,0,22,116,116,168,116,116,153,253,253,53,0,0,0,0,0,0,0,0,0,0,0,0,0,0,0,0,0,0,0,0,0,0,0,0,70,252,252,22,0,0,0,0,0,0,0,0,0,0,0,0,0,0,0,0,0,0,0,0,0,0,0,0,51,240,252,116,0,0,0,0,0,0,0,0,0,0,0,0,0,0,0,0,0,0,0,0,0,0,0,0,0,207,252,116,0,0,0,0,0,0,0,0,0,0,0,0,0,0,0,0,0,0,0,0,0,0,0,0,0,207,252,116,0,0,0,0,0,0,0,0,0,0,0,0,0,0,0,0,0,0,0,0,0,0,0,0,0,208,253,116,0,0,0,0,0,0,0,0,0,0,0,0,0,0,0,0,0,0,0,0,0,0,0,0,0,207,252,116,0,0,0,0,0,0,0,0,0,0,0,0,0,0,0,0,0,7,25,0,0,0,0,0,0,207,252,84,0,0,0,0,0,0,0,0,0,0,0,0,0,0,0,0,0,5,17,0,0,0,0,0,0,207,252,53,0,0,0,0,0,0,0,0,0,0,0,0,0,0,0,0,0,0,0,0,0,0,0,0,0,155,252,0,0,0,0,0,0,0,0,0,0,0,0,0,0,0,0,0,0,0,0,0,0,0,0,0,0,0,0,0,0,0,0,0,0,0,0,0,0
5,0,0,0,0,0,0,0,0,0,0,0,0,0,0,0,0,0,0,0,0,0,0,0,0,0,0,0,0,0,0,0,0,0,0,0,0,0,0,0,0,0,0,0,0,0,0,0,0,0,0,0,0,0,0,0,0,0,0,0,0,0,0,0,0,0,0,0,0,0,0,0,0,0,0,0,0,0,0,0,0,0,0,0,0,0,0,0,0,0,0,0,0,0,0,0,0,0,0,0,0,0,0,0,0,0,0,0,0,0,0,0,0,0,0,0,0,0,0,0,0,0,0,0,0,0,0,0,0,0,0,0,0,0,0,0,0,0,0,0,0,0,0,0,0,0,0,0,0,5,120,144,36,0,0,0,0,0,0,0,0,0,0,0,0,0,0,0,0,0,0,0,0,0,0,0,0,65,253,253,240,152,94,19,0,0,0,0,0,0,0,0,0,0,0,0,0,0,0,0,0,0,0,0,0,187,253,253,253,253,253,246,244,244,244,244,244,244,244,221,26,0,0,0,0,0,0,0,0,0,0,0,96,248,253,131,134,240,253,253,253,253,253,253,253,253,253,253,80,0,0,0,0,0,0,0,0,0,0,0,103,253,246,28,0,17,42,164,227,227,241,253,253,253,253,253,181,0,0,0,0,0,0,0,0,0,0,11,206,253,151,0,0,0,0,0,0,0,97,181,210,181,181,115,14,0,0,0,0,0,0,0,0,0,0,134,253,253,88,16,16,16,16,10,7,0,0,0,13,0,0,0,0,0,0,0,0,0,0,0,0,0,0,244,253,253,253,253,253,253,253,219,202,166,112,63,7,0,0,0,0,0,0,0,0,0,0,0,0,0,0,199,253,253,252,248,248,248,248,248,248,248,253,253,208,82,1,0,0,0,0,0,0,0,0,0,0,0,0,55,131,191,70,0,0,0,0,0,0,0,93,172,227,253,121,0,0,0,0,0,0,0,0,0,0,0,0,0,0,0,0,0,0,0,0,0,0,0,0,0,34,221,251,75,0,0,0,0,0,0,0,0,0,0,0,0,0,0,0,0,0,0,0,0,0,0,0,0,0,171,253,152,0,0,0,0,0,0,0,0,0,0,0,0,0,0,0,0,0,0,0,0,0,0,0,0,8,200,253,160,0,0,0,0,0,0,0,0,0,0,0,0,0,0,0,0,0,0,0,0,0,0,0,0,90,253,253,93,0,0,0,0,0,0,0,0,0,0,61,46,0,0,0,0,0,0,0,0,0,0,10,111,246,253,250,65,0,0,0,0,0,0,0,0,0,187,240,9,0,0,0,0,0,0,0,9,21,100,226,253,253,253,99,0,0,0,0,0,0,0,0,0,0,255,185,31,0,0,48,68,68,113,171,203,253,253,253,253,248,116,12,0,0,0,0,0,0,0,0,0,0,250,253,234,218,218,243,253,253,253,253,253,253,253,248,211,43,0,0,0,0,0,0,0,0,0,0,0,0,75,241,253,253,253,253,253,253,229,196,196,95,93,44,0,0,0,0,0,0,0,0,0,0,0,0,0,0,0,36,46,46,100,149,149,82,27,0,0,0,0,0,0,0,0,0,0,0,0,0,0,0,0,0,0,0,0,0,0,0,0,0,0,0,0,0,0,0,0,0,0,0,0,0,0,0,0,0,0,0,0,0,0,0,0,0,0,0,0,0,0,0,0,0,0,0,0,0,0,0,0,0,0,0,0,0,0,0,0,0,0,0,0,0,0,0,0,0,0,0,0,0,0,0,0,0,0,0,0,0,0,0,0,0,0,0
0,0,0,0,0,0,0,0,0,0,0,0,0,0,0,0,0,0,0,0,0,0,0,0,0,0,0,0,0,0,0,0,0,0,0,0,0,0,0,0,0,0,0,0,0,0,0,0,0,0,0,0,0,0,0,0,0,0,0,0,0,0,0,0,0,0,0,0,0,0,0,0,0,0,0,0,0,0,0,0,0,0,0,0,0,0,0,0,0,0,0,0,0,0,0,0,0,0,0,0,0,0,0,0,0,0,0,0,0,0,0,0,0,0,0,0,0,0,0,0,0,0,0,0,0,0,0,0,0,109,163,254,254,143,0,0,0,0,0,0,0,0,0,0,0,0,0,0,0,0,0,0,0,0,0,52,164,252,253,253,253,251,145,0,0,0,0,0,0,0,0,0,0,0,0,0,0,0,0,0,0,0,50,241,253,253,253,253,253,253,236,40,0,0,0,0,0,0,0,0,0,0,0,0,0,0,0,0,0,54,235,254,253,253,253,253,253,253,253,107,0,0,0,0,0,0,0,0,0,0,0,0,0,0,0,0,128,231,253,254,253,253,253,253,253,253,253,141,0,0,0,0,0,0,0,0,0,0,0,0,0,0,12,75,229,253,253,254,253,155,153,253,253,253,253,240,0,0,0,0,0,0,0,0,0,0,0,0,0,0,54,253,253,253,253,235,86,23,220,253,195,199,253,218,0,0,0,0,0,0,0,0,0,0,0,0,0,8,145,253,253,252,226,49,0,179,230,226,65,182,253,107,0,0,0,0,0,0,0,0,0,0,0,0,0,145,253,253,252,156,0,0,0,96,17,0,54,253,253,107,0,0,0,0,0,0,0,0,0,0,0,0,0,201,253,253,155,0,0,0,0,0,0,0,54,253,253,107,0,0,0,0,0,0,0,0,0,0,0,45,163,254,254,235,49,0,0,0,0,0,0,0,188,255,255,107,0,0,0,0,0,0,0,0,0,0,0,150,253,253,230,53,0,0,0,0,0,0,0,29,215,253,228,6,0,0,0,0,0,0,0,0,0,0,40,237,253,253,199,0,0,0,0,0,0,0,30,207,253,238,72,0,0,0,0,0,0,0,0,0,0,0,220,253,253,253,157,0,0,0,0,0,0,30,206,253,253,213,0,0,0,0,0,0,0,0,0,0,0,0,241,253,253,253,66,0,0,0,0,0,64,207,253,253,175,45,0,0,0,0,0,0,0,0,0,0,0,0,241,253,253,203,18,0,0,3,54,188,250,253,253,211,52,0,0,0,0,0,0,0,0,0,0,0,0,0,241,253,253,197,11,7,41,123,253,255,253,253,176,17,0,0,0,0,0,0,0,0,0,0,0,0,0,0,241,253,253,253,185,175,253,253,253,255,228,107,15,0,0,0,0,0,0,0,0,0,0,0,0,0,0,0,157,252,253,253,253,253,253,252,240,107,6,0,0,0,0,0,0,0,0,0,0,0,0,0,0,0,0,0,0,157,253,253,253,253,239,114,0,0,0,0,0,0,0,0,0,0,0,0,0,0,0,0,0,0,0,0,0,0,0,0,0,0,0,0,0,0,0,0,0,0,0,0,0,0,0,0,0,0,0,0,0,0,0,0,0,0,0,0,0,0,0,0,0,0,0,0,0,0,0,0,0,0,0,0,0,0,0,0,0,0,0,0,0,0,0,0,0,0,0,0,0,0,0,0,0,0,0,0,0,0,0,0,0,0,0,0,0,0,0,0,0,0,0,0,0,0,0,0,0,0,0,0,0,0,0,0,0,0,0,0,0,0,0
3,0,0,0,0,0,0,0,0,0,0,0,0,0,0,0,0,0,0,0,0,0,0,0,0,0,0,0,0,0,0,0,0,0,0,0,0,0,0,0,0,0,0,0,0,0,0,0,0,0,0,0,0,0,0,0,0,0,0,0,0,0,0,0,0,0,0,0,0,0,0,0,0,0,0,0,0,0,0,0,0,0,0,0,0,0,0,0,0,0,0,0,0,0,0,0,0,0,0,0,0,0,0,0,0,0,0,0,0,0,0,0,0,0,0,0,0,0,0,0,0,0,0,97,255,252,150,50,0,0,0,0,0,0,0,0,0,0,0,0,0,0,0,0,0,0,0,0,0,0,57,247,253,253,253,232,96,23,0,0,0,0,0,0,0,0,0,0,0,0,0,0,0,0,0,0,0,0,173,253,253,253,253,253,253,131,18,0,0,0,0,0,0,0,0,0,0,0,0,0,0,0,0,0,0,0,176,253,207,67,130,237,253,253,195,0,0,0,0,0,0,0,0,0,0,0,0,0,0,0,0,0,0,0,176,235,51,0,0,57,241,253,251,170,3,0,0,0,0,0,0,0,0,0,0,0,0,0,0,0,0,0,127,96,0,0,0,0,104,236,253,253,25,0,0,0,0,0,0,0,0,0,0,0,0,0,0,0,0,0,0,0,0,0,0,0,9,196,253,253,25,0,0,0,0,0,0,0,0,0,0,0,0,0,0,0,0,0,0,0,0,0,13,145,216,253,253,177,9,0,0,0,0,0,0,0,0,0,0,0,0,0,0,0,0,0,0,0,0,94,221,253,253,253,180,12,0,0,0,0,0,0,0,0,0,0,0,0,0,0,0,0,0,0,0,0,0,128,253,253,253,253,100,0,0,0,0,0,0,0,0,0,0,0,0,0,0,0,0,0,0,0,0,0,0,4,155,234,253,253,247,202,20,0,0,0,0,0,0,0,0,0,0,0,0,0,0,0,0,0,0,0,0,0,0,44,210,243,253,253,241,48,0,0,0,0,0,0,0,0,0,0,0,0,0,0,0,0,0,0,0,0,0,0,0,83,212,253,253,83,0,0,0,0,0,0,0,0,0,0,0,0,0,0,0,0,0,0,0,0,0,0,0,0,50,253,253,167,0,0,0,0,0,0,0,0,0,0,0,0,0,0,0,0,0,0,0,0,0,0,0,0,135,253,253,83,0,0,0,0,0,0,0,0,0,0,0,0,0,33,228,218,96,21,8,0,0,0,0,0,135,253,245,49,0,0,0,0,0,0,0,0,0,0,0,0,0,37,253,253,253,253,200,83,0,0,0,52,209,253,253,83,0,0,0,0,0,0,0,0,0,0,0,0,0,6,70,192,250,253,253,253,154,115,174,245,253,253,184,12,0,0,0,0,0,0,0,0,0,0,0,0,0,0,0,0,65,141,234,253,253,253,253,253,253,180,10,0,0,0,0,0,0,0,0,0,0,0,0,0,0,0,0,0,0,0,56,149,213,253,253,175,95,13,0,0,0,0,0,0,0,0,0,0,0,0,0,0,0,0,0,0,0,0,0,0,0,0,0,0,0,0,0,0,0,0,0,0,0,0,0,0,0,0,0,0,0,0,0,0,0,0,0,0,0,0,0,0,0,0,0,0,0,0,0,0,0,0,0,0,0,0,0,0,0,0,0,0,0,0,0,0,0,0,0,0,0,0,0,0,0,0,0,0,0,0,0,0,0,0,0,0,0,0,0,0,0,0,0,0,0,0,0,0,0,0,0,0,0,0,0,0,0,0,0
6,0,0,0,0,0,0,0,0,0,0,0,0,0,0,0,0,0,0,0,0,0,0,0,0,0,0,0,0,0,0,0,0,0,0,0,0,0,0,0,0,0,0,0,0,0,0,0,0,0,0,0,0,0,0,0,0,0,0,0,0,0,0,0,0,0,0,0,0,0,0,0,75,255,79,0,0,0,0,0,0,0,0,0,0,0,0,0,0,0,0,0,0,0,0,0,0,0,0,0,183,254,115,0,0,0,0,0,0,0,0,0,0,0,0,0,0,0,0,0,0,0,0,0,0,0,0,18,198,254,44,0,0,0,0,0,0,0,0,0,0,0,0,0,0,0,0,0,0,0,0,0,0,0,72,209,254,236,15,0,0,0,0,0,0,0,0,0,0,0,0,0,0,0,0,0,0,0,0,0,0,62,242,249,182,27,0,0,0,0,0,0,0,0,0,0,0,0,0,0,0,0,0,0,0,0,0,0,0,184,254,173,0,0,0,0,0,0,0,0,0,0,0,0,0,0,0,0,0,0,0,0,0,0,0,0,108,252,236,51,0,0,0,0,0,0,0,0,0,0,0,0,0,0,0,0,0,0,0,0,0,0,0,7,229,254,164,0,0,0,0,0,0,0,0,0,0,0,0,0,0,0,0,0,0,0,0,0,0,0,0,154,254,173,23,0,0,0,0,0,0,0,0,0,0,0,0,0,0,0,0,0,0,0,0,0,0,0,0,182,254,48,0,0,0,0,0,0,0,0,0,0,0,0,0,0,0,0,0,0,0,0,0,0,0,62,120,240,230,61,0,3,99,206,206,166,111,52,0,0,0,0,0,0,0,0,0,0,0,0,0,0,0,58,254,254,135,0,25,146,254,254,254,254,254,148,0,0,0,0,0,0,0,0,0,0,0,0,0,0,0,5,219,239,51,0,99,254,254,240,137,210,239,236,32,0,0,0,0,0,0,0,0,0,0,0,0,0,0,46,246,167,0,19,238,254,198,37,0,0,168,254,57,0,0,0,0,0,0,0,0,0,0,0,0,0,0,58,254,167,0,142,254,222,16,0,0,0,168,254,57,0,0,0,0,0,0,0,0,0,0,0,0,0,0,58,254,246,16,218,254,68,0,0,0,75,246,219,27,0,0,0,0,0,0,0,0,0,0,0,0,0,0,13,224,254,174,254,192,8,5,5,146,242,250,81,0,0,0,0,0,0,0,0,0,0,0,0,0,0,0,0,129,254,254,254,254,254,254,254,254,222,31,0,0,0,0,0,0,0,0,0,0,0,0,0,0,0,0,0,3,129,252,254,254,254,252,220,131,36,0,0,0,0,0,0,0,0,0,0,0,0,0,0,0,0,0,0,0,0,136,254,223,139,59,0,0,0,0,0,0,0,0,0,0,0,0,0,0,0,0,0,0,0,0,0,0,0,0,0,0,0,0,0,0,0,0,0,0,0,0,0,0,0,0,0,0,0,0,0,0,0,0,0,0,0,0,0,0,0,0,0,0,0,0,0,0,0,0,0,0,0,0,0,0,0,0,0,0,0,0,0,0,0,0,0,0,0,0,0,0,0,0,0,0,0,0,0,0,0,0,0,0,0,0,0,0,0,0,0,0,0,0,0,0,0,0,0,0,0,0,0,0,0,0,0,0,0,0,0,0,0,0,0,0,0,0,0,0,0,0,0,0,0,0,0,0,0,0,0,0,0,0,0,0,0,0,0,0,0,0,0,0,0,0,0,0,0,0,0,0,0,0,0,0,0,0,0,0,0,0,0,0,0,0
2,0,0,0,0,0,0,0,0,0,0,0,0,0,0,0,0,0,0,0,0,0,0,0,0,0,0,0,0,0,0,0,0,0,0,0,0,0,0,0,0,0,0,0,0,0,0,0,0,0,0,0,0,0,0,0,0,0,0,0,0,0,0,0,0,0,0,0,0,0,0,0,0,0,0,0,0,0,0,0,0,0,0,0,0,0,0,0,0,0,0,0,0,0,0,0,0,0,0,0,0,0,0,0,0,0,0,0,0,0,0,0,0,0,0,0,0,0,0,0,0,0,13,90,168,172,200,186,147,137,39,8,0,0,0,0,0,0,0,0,0,0,0,0,0,0,0,0,37,185,207,254,254,254,254,254,254,254,254,81,0,0,0,0,0,0,0,0,0,0,0,0,0,0,0,35,224,254,250,198,120,32,32,32,72,150,254,242,9,0,0,0,0,0,0,0,0,0,0,0,0,0,0,77,254,192,26,0,0,0,0,0,0,9,203,254,76,0,0,0,0,0,0,0,0,0,0,0,0,0,0,52,239,0,0,0,0,0,0,0,0,7,196,254,119,0,0,0,0,0,0,0,0,0,0,0,0,0,0,0,23,0,0,0,0,0,0,0,0,22,254,254,115,0,0,0,0,0,0,0,0,0,0,0,0,0,0,0,0,0,0,0,0,0,0,0,0,22,254,236,8,0,0,0,0,0,0,0,0,0,0,0,0,0,0,0,0,0,0,0,0,0,0,0,0,106,254,156,0,0,0,0,0,0,0,0,0,0,0,0,0,0,0,0,0,0,0,0,0,0,0,0,46,238,251,54,0,0,0,0,0,0,0,0,0,0,0,0,0,0,0,0,0,0,0,0,0,0,0,0,116,254,171,0,0,0,0,0,0,0,0,0,0,0,0,0,0,0,0,0,0,0,0,0,0,0,0,60,220,247,55,0,0,0,0,0,0,0,0,0,0,0,0,0,0,0,0,0,0,0,0,0,0,0,9,210,254,168,0,0,0,0,0,0,0,0,0,0,0,0,0,0,0,0,0,0,0,0,0,0,0,21,165,254,193,6,0,0,0,0,0,0,0,0,0,0,0,0,0,0,0,0,0,0,0,0,0,0,0,129,254,234,54,0,0,0,0,0,0,0,0,0,0,0,0,0,0,0,0,0,0,0,0,0,0,0,59,252,253,86,0,0,0,0,0,0,0,0,0,0,0,0,0,0,0,0,0,0,0,0,0,0,0,110,224,254,90,0,0,0,0,0,0,0,0,149,0,0,0,0,0,0,0,0,0,0,0,0,0,0,34,239,254,138,4,0,0,0,0,0,56,104,194,177,0,0,0,0,0,0,0,0,0,0,0,0,0,0,188,254,206,27,33,33,80,135,213,250,252,254,241,53,0,0,0,0,0,0,0,0,0,0,0,0,0,0,190,254,240,237,254,254,254,254,254,254,247,156,45,0,0,0,0,0,0,0,0,0,0,0,0,0,0,0,110,243,254,254,254,254,168,146,121,38,34,0,0,0,0,0,0,0,0,0,0,0,0,0,0,0,0,0,0,0,0,0,0,0,0,0,0,0,0,0,0,0,0,0,0,0,0,0,0,0,0,0,0,0,0,0,0,0,0,0,0,0,0,0,0,0,0,0,0,0,0,0,0,0,0,0,0,0,0,0,0,0,0,0,0,0,0,0,0,0,0,0,0,0,0,0,0,0,0,0,0,0,0,0,0,0,0,0,0,0,0,0,0,0,0,0,0,0,0,0,0,0,0,0,0,0,0,0,0,0,0
4,0,0,0,0,0,0,0,0,0,0,0,0,0,0,0,0,0,0,0,0,0,0,0,0,0,0,0,0,0,0,0,0,0,0,0,0,0,0,0,0,0,0,0,0,0,0,0,0,0,0,0,0,0,0,0,0,0,0,0,0,0,0,0,0,0,0,0,0,0,0,0,0,0,0,0,0,0,0,0,0,0,0,0,0,0,0,0,0,0,0,0,0,0,0,0,0,0,0,0,0,0,0,0,0,0,0,0,0,0,0,0,0,0,0,0,0,0,0,0,0,0,0,0,0,0,0,0,0,0,0,0,0,0,0,0,0,0,0,0,0,0,0,0,0,0,0,0,0,0,0,0,0,0,0,0,0,0,0,0,0,0,0,0,0,0,0,0,0,0,0,0,0,0,0,0,0,0,0,128,128,0,0,0,0,0,0,0,0,0,0,255,255,128,0,0,0,0,0,0,0,0,0,0,0,128,255,255,255,64,0,0,0,0,0,0,0,0,64,255,128,0,0,0,0,0,0,0,0,0,0,0,191,255,255,191,0,0,0,0,0,0,0,0,0,64,255,255,128,0,0,0,0,0,0,0,0,0,0,128,255,255,191,0,0,0,0,0,0,0,0,0,0,191,255,255,128,0,0,0,0,0,0,0,0,0,64,255,255,191,0,0,0,0,0,0,0,0,0,0,64,255,255,191,0,0,0,0,0,0,0,0,0,0,128,255,255,0,0,0,0,0,0,0,0,0,0,0,255,255,255,64,0,0,0,0,0,0,0,0,0,0,128,255,255,0,0,0,0,0,0,0,0,0,0,64,255,255,255,0,0,0,0,0,0,0,0,0,0,0,255,255,255,0,0,0,0,0,0,0,0,0,0,191,255,255,64,0,0,0,0,0,0,0,0,0,0,0,191,255,255,128,0,0,0,0,0,0,0,0,64,255,255,128,0,0,0,0,0,0,0,0,0,0,0,0,128,255,255,191,0,0,0,0,0,0,0,0,191,255,255,64,0,0,0,0,0,0,0,0,0,0,0,0,0,191,255,255,255,128,64,0,0,0,128,128,255,255,255,0,0,0,0,0,0,0,0,0,0,0,0,0,0,0,191,255,255,255,255,255,255,255,255,255,255,255,64,0,0,0,0,0,0,0,0,0,0,0,0,0,0,0,0,64,191,255,255,255,255,191,191,255,255,191,0,0,0,0,0,0,0,0,0,0,0,0,0,0,0,0,0,0,0,0,0,0,0,0,191,255,255,0,0,0,0,0,0,0,0,0,0,0,0,0,0,0,0,0,0,0,0,0,0,0,0,128,255,255,128,0,0,0,0,0,0,0,0,0,0,0,0,0,0,0,0,0,0,0,0,0,0,0,0,128,255,255,64,0,0,0,0,0,0,0,0,0,0,0,0,0,0,0,0,0,0,0,0,0,0,0,0,128,255,191,0,0,0,0,0,0,0,0,0,0,0,0,0,0,0,0,0,0,0,0,0,0,0,0,0,128,255,255,0,0,0,0,0,0,0,0,0,0,0,0,0,0,0,0,0,0,0,0,0,0,0,0,0,64,255,255,64,0,0,0,0,0,0,0,0,0,0,0,0,0,0,0,0,0,0,0,0,0,0,0,0,0,64,255,128,0,0,0,0,0,0,0,0,0,0,0,0,0,0,0,0,0,0,0,0,0,0,0,0,0,0,0,0,0,0,0,0,0,0,0,0,0,0,0,0,0,0,0,0,0,0,0,0,0,0,0,0,0,0,0,0,0,0,0,0,0,0,0,0,0,0
7,0,0,0,0,0,0,0,0,0,0,0,0,0,0,0,0,0,0,0,0,0,0,0,0,0,0,0,0,0,0,0,0,0,0,0,0,0,0,0,0,0,0,0,0,0,0,0,0,0,0,0,0,0,0,0,0,0,0,0,0,0,0,0,0,0,0,0,0,0,0,0,0,0,0,0,0,0,0,0,0,0,0,0,0,0,0,0,0,0,0,0,0,0,0,0,0,0,0,0,0,0,0,0,0,0,0,0,0,0,0,0,0,0,0,0,0,0,0,0,0,0,0,0,0,0,0,0,0,0,0,0,0,0,0,0,0,0,0,0,0,0,0,0,0,0,0,0,0,0,0,0,0,0,0,0,0,0,0,0,0,0,0,0,0,0,0,0,0,0,0,0,0,0,0,0,0,7,62,93,70,68,158,217,209,125,91,13,7,0,0,0,0,0,0,0,0,0,0,0,0,0,0,0,5,178,254,254,254,254,254,254,254,254,254,254,178,13,0,0,0,0,0,0,0,0,0,0,0,0,0,0,68,250,254,254,254,254,254,254,254,254,254,254,254,192,0,0,0,0,0,0,0,0,0,0,0,0,0,0,0,166,241,206,175,185,167,150,171,221,254,254,254,247,30,0,0,0,0,0,0,0,0,0,0,0,0,0,0,8,23,0,0,0,0,0,0,10,61,169,254,254,36,0,0,0,0,0,0,0,0,0,0,0,0,0,0,0,0,0,0,0,0,0,0,0,0,125,254,227,15,0,0,0,0,0,0,0,0,0,0,0,0,0,0,0,0,0,0,0,0,0,0,0,10,252,254,209,0,0,0,0,0,0,0,0,0,0,0,0,0,0,0,0,0,0,0,0,0,0,0,0,151,254,252,96,0,0,0,0,0,0,0,0,0,0,0,0,0,0,0,0,0,0,0,0,0,19,10,102,254,254,178,0,0,0,0,0,0,0,0,0,0,0,0,0,0,0,0,0,0,0,0,27,186,236,219,251,254,248,41,0,0,0,0,0,0,0,0,0,0,0,0,0,0,0,0,0,0,0,0,178,254,254,254,254,254,254,103,0,0,0,0,0,0,0,0,0,0,0,0,0,0,0,0,0,0,0,0,117,241,254,254,254,254,254,121,0,0,0,0,0,0,0,0,0,0,0,0,0,0,0,0,0,0,0,0,10,219,254,254,182,177,171,23,0,0,0,0,0,0,0,0,0,0,0,0,0,0,0,0,0,0,0,4,138,254,233,99,1,0,0,0,0,0,0,0,0,0,0,0,0,0,0,0,0,0,0,0,0,0,1,135,254,232,47,0,0,0,0,0,0,0,0,0,0,0,0,0,0,0,0,0,0,0,0,0,0,0,113,254,254,97,0,0,0,0,0,0,0,0,0,0,0,0,0,0,0,0,0,0,0,0,0,0,11,118,253,254,151,10,0,0,0,0,0,0,0,0,0,0,0,0,0,0,0,0,0,0,0,0,0,11,155,254,254,178,9,0,0,0,0,0,0,0,0,0,0,0,0,0,0,0,0,0,0,0,0,0,10,130,254,254,155,8,0,0,0,0,0,0,0,0,0,0,0,0,0,0,0,0,0,0,0,0,0,0,37,255,254,156,7,0,0,0,0,0,0,0,0,0,0,0,0,0,0,0,0,0,0,0,0,0,0,0,0,0,0,0,0,0,0,0,0,0,0,0,0,0,0,0,0,0,0,0,0,0,0,0,0,0,0,0,0,0,0,0,0,0,0,0,0,0,0,0,0,0,0,0,0,0,0,0,0,0
7,0,0,0,0,0,0,0,0,0,0,0,0,0,0,0,0,0,0,0,0,0,0,0,0,0,0,0,0,0,0,0,0,0,0,0,0,0,0,0,0,0,0,0,0,0,0,0,0,0,0,0,0,0,0,0,0,0,0,0,0,0,0,0,0,0,0,0,0,0,0,0,0,0,0,0,0,0,0,0,0,0,0,0,0,0,0,0,0,0,0,0,0,0,0,0,0,0,0,0,0,0,0,0,0,0,0,0,0,0,0,0,0,0,0,0,0,0,0,0,0,0,0,0,0,0,0,0,0,0,0,0,0,0,0,0,0,0,0,0,0,0,0,0,0,0,0,0,0,0,0,0,0,0,0,0,0,0,0,0,0,0,0,0,0,0,0,0,0,0,0,0,0,0,0,0,0,0,0,0,0,0,0,0,0,0,0,0,0,0,0,0,0,0,0,0,0,0,0,0,0,0,0,0,0,0,0,141,255,255,170,29,0,0,0,29,86,0,0,0,0,0,0,0,0,0,0,0,0,0,0,0,0,0,86,255,255,141,86,0,86,114,198,255,255,86,0,0,0,0,0,0,0,0,0,0,0,0,0,0,0,0,86,255,255,170,255,255,255,255,255,255,226,29,0,0,0,0,0,0,0,0,0,0,0,0,0,0,0,0,57,255,255,255,255,255,170,170,255,255,114,0,0,0,0,0,0,0,0,0,0,0,0,0,0,0,0,0,0,29,86,86,57,0,0,86,255,255,0,0,0,0,0,0,0,0,0,0,0,0,0,0,0,0,0,0,0,0,0,0,0,0,0,141,255,170,0,0,0,0,0,0,0,0,0,0,0,0,0,0,0,0,0,0,0,0,0,0,0,0,0,226,255,141,0,0,0,0,0,0,0,0,0,0,0,0,0,0,0,0,0,0,0,0,0,0,0,0,86,255,255,57,0,0,0,0,0,0,0,0,0,0,0,0,0,0,0,0,0,0,0,0,0,0,0,0,86,255,226,0,0,0,0,0,0,0,0,0,0,0,0,0,0,0,0,0,0,0,0,0,0,0,0,0,198,255,170,0,0,0,0,0,0,0,0,0,0,0,0,0,0,0,0,0,0,0,0,0,0,0,0,86,255,255,57,0,0,0,0,0,0,0,0,0,0,0,0,0,0,0,0,0,0,0,0,0,0,0,0,141,255,170,0,0,0,0,0,0,0,0,0,0,0,0,0,0,0,0,0,0,0,0,0,0,0,0,57,255,255,114,0,0,0,0,0,0,0,0,0,0,0,0,0,0,0,0,0,0,0,0,0,0,0,0,114,255,198,0,0,0,0,0,0,0,0,0,0,0,0,0,0,0,0,0,0,0,0,0,0,0,0,57,255,255,114,0,0,0,0,0,0,0,0,0,0,0,0,0,0,0,0,0,0,0,0,0,0,0,0,141,255,255,0,0,0,0,0,0,0,0,0,0,0,0,0,0,0,0,0,0,0,0,0,0,0,0,29,255,255,226,0,0,0,0,0,0,0,0,0,0,0,0,0,0,0,0,0,0,0,0,0,0,0,0,114,255,255,86,0,0,0,0,0,0,0,0,0,0,0,0,0,0,0,0,0,0,0,0,0,0,0,0,170,255,198,0,0,0,0,0,0,0,0,0,0,0,0,0,0,0,0,0,0,0,0,0,0,0,0,0,114,226,57,0,0,0,0,0,0,0,0,0,0,0,0,0,0,0,0,0,0,0,0,0,0,0,0,0,0,0,0,0,0,0,0,0,0,0,0,0,0,0,0,0,0
2,0,0,0,0,0,0,0,0,0,0,0,0,0,0,0,0,0,0,0,0,0,0,0,0,0,0,0,0,0,0,0,0,0,0,0,0,0,0,0,0,0,0,0,0,0,0,0,0,0,0,0,0,0,0,0,0,0,0,0,0,0,0,0,0,0,0,0,0,0,0,0,0,0,0,0,0,0,0,0,0,0,0,0,0,0,0,0,0,0,0,0,0,0,0,0,0,0,0,0,0,0,0,0,0,0,0,0,0,0,0,0,0,0,0,0,0,0,0,0,0,4,43,43,149,148,148,123,43,0,0,0,0,0,0,0,0,0,0,0,0,0,0,0,0,0,0,0,29,188,253,253,254,253,253,253,253,174,21,0,0,0,0,0,0,0,0,0,0,0,0,0,0,0,0,0,166,232,232,232,144,152,135,232,241,254,238,72,0,0,0,0,0,0,0,0,0,0,0,0,0,0,0,0,0,0,0,0,0,0,0,0,36,228,253,211,83,0,0,0,0,0,0,0,0,0,0,0,0,0,0,0,0,0,0,0,0,0,0,0,0,43,227,253,190,0,0,0,0,0,0,0,0,0,0,0,0,0,0,0,0,0,0,0,0,0,0,0,0,0,129,254,228,25,0,0,0,0,0,0,0,0,0,0,0,0,0,0,0,0,0,0,0,0,0,0,0,0,57,247,253,78,0,0,0,0,0,0,0,0,0,0,0,0,0,0,0,0,0,0,0,0,0,0,0,0,0,233,253,147,0,0,0,0,0,0,0,0,0,0,0,0,0,0,0,0,0,0,0,0,0,0,0,0,57,247,253,147,0,0,0,0,0,0,0,0,0,0,0,0,0,0,0,0,0,0,0,0,0,0,0,0,129,253,253,59,0,0,0,0,0,0,0,0,0,0,0,0,0,0,0,0,0,0,0,0,0,0,0,0,192,255,217,18,0,0,0,0,0,0,0,0,0,0,0,0,0,0,0,0,0,0,0,0,0,0,0,68,238,253,190,0,0,0,0,0,0,0,0,0,0,0,0,0,0,0,0,0,6,22,22,22,11,0,0,246,253,234,51,0,0,0,2,22,66,0,0,0,0,0,0,0,0,0,22,118,191,253,254,253,211,169,169,254,253,158,64,64,82,169,177,237,145,0,0,0,0,0,0,0,0,18,200,253,253,253,254,253,253,253,253,254,253,253,253,253,254,253,156,67,0,0,0,0,0,0,0,0,0,211,254,180,80,0,0,33,238,254,254,213,132,107,107,107,45,0,0,0,0,0,0,0,0,0,0,0,0,254,253,127,0,0,147,238,253,253,138,0,0,0,0,0,0,0,0,0,0,0,0,0,0,0,0,0,0,201,253,243,233,233,254,253,225,100,4,0,0,0,0,0,0,0,0,0,0,0,0,0,0,0,0,0,0,67,211,253,253,253,190,111,7,0,0,0,0,0,0,0,0,0,0,0,0,0,0,0,0,0,0,0,0,0,14,42,42,42,0,0,0,0,0,0,0,0,0,0,0,0,0,0,0,0,0,0,0,0,0,0,0,0,0,0,0,0,0,0,0,0,0,0,0,0,0,0,0,0,0,0,0,0,0,0,0,0,0,0,0,0,0,0,0,0,0,0,0,0,0,0,0,0,0,0,0,0,0,0,0,0,0,0,0,0,0,0,0,0,0,0,0,0,0,0,0,0,0,0,0,0,0,0,0,0,0,0,0,0,0,0,0,0,0,0,0,0,0,0,0,0,0,0,0,0,0,0,0,0,0,0,0,0,0,0,0,0,0
6,0,0,0,0,0,0,0,0,0,0,0,0,0,0,0,0,0,0,0,0,0,0,0,0,0,0,0,0,0,0,0,0,0,0,0,0,0,0,0,0,0,0,0,0,0,0,0,0,0,0,0,0,0,0,0,0,0,0,0,0,0,0,0,0,0,0,0,0,0,0,0,0,0,0,0,0,0,0,0,0,0,0,0,0,0,0,0,0,0,0,0,0,0,0,0,0,0,0,0,0,0,0,163,254,112,0,0,0,0,0,0,0,0,0,0,0,0,0,0,0,0,0,0,0,0,0,0,0,0,41,243,253,70,0,0,0,0,0,0,0,0,0,0,0,0,0,0,0,0,0,0,0,0,0,0,0,0,132,253,224,20,0,0,0,0,0,0,0,0,0,0,0,0,0,0,0,0,0,0,0,0,0,0,0,123,253,252,122,0,0,0,0,0,0,0,0,0,0,0,0,0,0,0,0,0,0,0,0,0,0,0,173,253,254,253,41,0,0,0,0,0,0,0,0,0,0,0,0,0,0,0,0,0,0,0,0,0,0,123,253,252,253,171,0,0,0,0,0,0,0,0,0,0,0,0,0,0,0,0,0,0,0,0,0,0,51,233,254,253,203,20,0,0,0,0,0,0,0,0,0,0,0,0,0,0,0,0,0,0,0,0,0,0,233,252,253,212,20,0,0,0,0,0,0,0,0,0,0,0,0,0,0,0,0,0,0,0,0,0,11,173,254,253,163,20,0,0,0,0,0,0,0,0,0,0,0,0,0,0,0,0,0,0,0,0,0,0,92,252,253,252,20,0,0,0,0,0,0,0,0,0,0,0,0,0,0,0,0,0,0,0,0,0,0,21,214,253,254,131,51,92,132,10,0,0,0,0,0,0,0,0,0,0,0,0,0,0,0,0,0,0,0,102,253,252,253,252,253,252,253,172,0,0,0,0,0,0,0,0,0,0,0,0,0,0,0,0,0,0,0,203,254,253,254,253,254,213,254,253,0,0,0,0,0,0,0,0,0,0,0,0,0,0,0,0,0,0,41,243,253,252,253,252,91,51,253,252,0,0,0,0,0,0,0,0,0,0,0,0,0,0,0,0,0,0,113,253,254,253,244,40,0,102,254,253,0,0,0,0,0,0,0,0,0,0,0,0,0,0,0,0,0,0,152,252,253,252,81,0,123,223,253,212,0,0,0,0,0,0,0,0,0,0,0,0,0,0,0,0,0,0,153,253,255,253,153,233,255,253,183,0,0,0,0,0,0,0,0,0,0,0,0,0,0,0,0,0,0,0,152,252,253,252,253,252,253,252,61,0,0,0,0,0,0,0,0,0,0,0,0,0,0,0,0,0,0,0,0,183,255,253,255,253,224,81,0,0,0,0,0,0,0,0,0,0,0,0,0,0,0,0,0,0,0,0,0,20,213,252,233,151,20,0,0,0,0,0,0,0,0,0,0,0,0,0,0,0,0,0,0,0,0,0,0,0,0,0,0,0,0,0,0,0,0,0,0,0,0,0,0,0,0,0,0,0,0,0,0,0,0,0,0,0,0,0,0,0,0,0,0,0,0,0,0,0,0,0,0,0,0,0,0,0,0,0,0,0,0,0,0,0,0,0,0,0,0,0,0,0,0,0,0,0,0,0,0,0,0,0,0,0,0,0,0,0,0,0,0,0,0,0,0,0,0,0,0,0,0,0,0,0,0,0,0,0,0,0,0,0,0,0,0,0,0,0,0,0,0,0,0,0,0,0,0,0,0,0,0,0,0,0,0,0,0
0,0,0,0,0,0,0,0,0,0,0,0,0,0,0,0,0,0,0,0,0,0,0,0,0,0,0,0,0,0,0,0,0,0,0,0,0,0,0,0,0,0,0,0,0,0,0,0,0,0,0,0,0,0,0,0,0,0,0,0,0,0,0,0,0,0,0,0,0,0,0,0,0,0,0,0,0,0,0,0,0,0,0,0,0,0,0,0,0,0,0,0,0,0,0,0,0,0,0,0,0,0,0,0,0,0,0,0,0,0,0,0,0,0,0,0,0,0,0,0,0,0,0,0,0,0,0,0,0,0,0,0,0,0,0,0,0,0,0,0,0,0,0,0,0,0,0,0,0,0,0,12,92,235,38,15,97,144,144,84,0,0,0,0,0,0,0,0,0,0,0,0,0,0,0,0,0,0,0,118,253,253,86,196,254,253,253,247,91,0,0,0,0,0,0,0,0,0,0,0,0,0,0,0,0,0,46,244,253,253,235,253,198,154,193,253,220,22,0,0,0,0,0,0,0,0,0,0,0,0,0,0,0,0,161,253,252,163,219,147,5,6,70,249,253,207,12,0,0,0,0,0,0,0,0,0,0,0,0,0,0,15,223,253,145,0,99,64,22,189,253,229,253,253,22,0,0,0,0,0,0,0,0,0,0,0,0,0,0,61,253,222,14,0,0,0,159,253,219,45,223,253,60,0,0,0,0,0,0,0,0,0,0,0,0,0,0,137,253,165,0,0,0,107,254,250,51,0,166,253,131,0,0,0,0,0,0,0,0,0,0,0,0,0,0,243,253,165,0,0,67,241,249,107,0,0,99,253,131,0,0,0,0,0,0,0,0,0,0,0,0,0,0,243,253,165,0,14,208,253,187,0,0,0,56,253,131,0,0,0,0,0,0,0,0,0,0,0,0,0,0,243,253,165,5,184,253,205,15,0,0,0,56,253,131,0,0,0,0,0,0,0,0,0,0,0,0,0,0,244,254,165,26,254,255,129,0,0,0,0,71,254,132,0,0,0,0,0,0,0,0,0,0,0,0,0,0,243,253,165,151,253,233,24,0,0,0,0,166,253,131,0,0,0,0,0,0,0,0,0,0,0,0,0,0,243,253,238,250,253,85,0,0,0,0,0,166,253,40,0,0,0,0,0,0,0,0,0,0,0,0,0,0,243,253,253,253,253,66,0,0,0,0,31,250,253,22,0,0,0,0,0,0,0,0,0,0,0,0,0,0,219,253,253,253,224,23,0,0,0,0,157,253,195,8,0,0,0,0,0,0,0,0,0,0,0,0,0,0,95,253,253,245,45,0,0,0,0,118,251,234,60,0,0,0,0,0,0,0,0,0,0,0,0,0,0,0,12,211,253,248,53,0,0,2,89,231,252,141,0,0,0,0,0,0,0,0,0,0,0,0,0,0,0,0,0,89,244,253,236,122,45,121,253,253,144,0,0,0,0,0,0,0,0,0,0,0,0,0,0,0,0,0,0,0,118,253,253,253,253,254,253,145,3,0,0,0,0,0,0,0,0,0,0,0,0,0,0,0,0,0,0,0,12,86,162,253,253,240,114,6,0,0,0,0,0,0,0,0,0,0,0,0,0,0,0,0,0,0,0,0,0,0,0,0,0,0,0,0,0,0,0,0,0,0,0,0,0,0,0,0,0,0,0,0,0,0,0,0,0,0,0,0,0,0,0,0,0,0,0,0,0,0,0,0,0,0,0,0,0,0,0,0,0,0,0,0,0,0,0,0,0,0,0,0,0,0,0,0,0,0,0,0,0,0
1,0,0,0,0,0,0,0,0,0,0,0,0,0,0,0,0,0,0,0,0,0,0,0,0,0,0,0,0,0,0,0,0,0,0,0,0,0,0,0,0,0,0,0,0,0,0,0,0,0,0,0,0,0,0,0,0,0,0,0,0,0,0,0,0,0,0,0,0,0,0,0,0,0,0,0,0,0,0,0,0,0,0,0,0,0,0,0,0,0,0,0,0,0,0,0,0,0,0,0,0,0,0,0,0,0,0,0,0,0,0,0,0,0,0,0,0,0,0,0,0,0,0,0,0,0,0,0,0,0,0,0,0,0,0,0,0,0,0,0,0,0,0,0,0,0,0,0,0,0,0,73,253,227,42,0,0,0,0,0,0,0,0,0,0,0,0,0,0,0,0,0,0,0,0,0,0,0,0,73,251,251,205,144,0,0,0,0,0,0,0,0,0,0,0,0,0,0,0,0,0,0,0,0,0,0,0,73,251,251,251,251,27,0,0,0,0,0,0,0,0,0,0,0,0,0,0,0,0,0,0,0,0,0,0,73,251,251,251,251,180,0,0,0,0,0,0,0,0,0,0,0,0,0,0,0,0,0,0,0,0,0,0,73,251,251,251,251,180,0,0,0,0,0,0,0,0,0,0,0,0,0,0,0,0,0,0,0,0,0,0,73,253,253,253,253,182,0,0,0,0,0,0,0,0,0,0,0,0,0,0,0,0,0,0,0,0,0,0,73,251,251,251,251,180,0,0,0,0,0,0,0,0,0,0,0,0,0,0,0,0,0,0,0,0,0,0,62,236,251,251,251,243,93,0,0,0,0,0,0,0,0,0,0,0,0,0,0,0,0,0,0,0,0,0,0,83,236,251,251,253,107,0,0,0,0,0,0,0,0,0,0,0,0,0,0,0,0,0,0,0,0,0,0,0,217,251,251,253,210,25,0,0,0,0,0,0,0,0,0,0,0,0,0,0,0,0,0,0,0,0,0,0,37,253,253,255,253,35,0,0,0,0,0,0,0,0,0,0,0,0,0,0,0,0,0,0,0,0,0,0,37,251,251,253,251,35,0,0,0,0,0,0,0,0,0,0,0,0,0,0,0,0,0,0,0,0,0,0,37,251,251,253,251,190,0,0,0,0,0,0,0,0,0,0,0,0,0,0,0,0,0,0,0,0,0,0,37,251,251,253,251,215,0,0,0,0,0,0,0,0,0,0,0,0,0,0,0,0,0,0,0,0,0,0,11,148,251,253,251,215,0,0,0,0,0,0,0,0,0,0,0,0,0,0,0,0,0,0,0,0,0,0,0,0,182,255,253,227,42,0,0,0,0,0,0,0,0,0,0,0,0,0,0,0,0,0,0,0,0,0,0,0,180,253,251,251,142,0,0,0,0,0,0,0,0,0,0,0,0,0,0,0,0,0,0,0,0,0,0,0,25,253,251,251,158,11,0,0,0,0,0,0,0,0,0,0,0,0,0,0,0,0,0,0,0,0,0,0,0,175,251,251,251,71,0,0,0,0,0,0,0,0,0,0,0,0,0,0,0,0,0,0,0,0,0,0,0,21,71,226,251,71,0,0,0,0,0,0,0,0,0,0,0,0,0,0,0,0,0,0,0,0,0,0,0,0,0,0,0,0,0,0,0,0,0,0,0,0,0,0,0,0,0,0,0,0,0,0,0,0,0,0,0,0,0,0,0,0,0,0,0,0,0,0,0,0,0,0,0,0,0,0,0,0,0,0,0,0,0,0,0,0,0,0,0,0,0,0,0,0,0,0,0,0
3,0,0,0,0,0,0,0,0,0,0,0,0,0,0,0,0,0,0,0,0,0,0,0,0,0,0,0,0,0,0,0,0,0,0,0,0,0,0,0,0,0,0,0,0,0,0,0,0,0,0,0,0,0,0,0,0,0,0,0,0,0,0,0,0,0,0,0,0,0,0,0,0,0,0,0,0,0,0,0,0,0,0,0,0,0,0,0,0,0,0,0,0,0,0,0,0,0,0,0,0,0,0,0,0,0,0,0,0,0,0,0,0,0,0,0,0,0,0,0,0,0,0,0,0,0,0,0,0,0,0,0,0,0,0,0,0,0,0,0,0,0,0,0,0,0,0,0,0,0,0,0,0,0,0,0,0,0,0,0,0,0,0,0,0,0,0,0,0,0,0,0,0,0,0,0,0,137,254,254,254,254,166,194,81,0,0,0,0,0,0,0,0,0,0,0,0,0,0,0,0,0,0,0,0,224,253,253,253,253,253,254,207,57,0,0,0,0,0,0,0,0,0,0,0,0,0,0,0,0,0,0,0,211,240,253,253,253,253,254,253,248,87,0,0,0,0,0,0,0,0,0,0,0,0,0,0,0,0,0,0,0,16,133,133,225,253,254,253,253,133,0,0,0,0,0,0,0,0,0,0,0,0,0,0,0,0,0,0,0,0,0,0,194,253,254,253,195,16,0,0,0,0,0,0,0,0,0,0,0,0,0,0,0,0,0,0,0,0,0,0,194,253,254,210,26,0,0,0,0,0,0,0,0,0,0,0,0,0,0,0,0,0,0,0,0,0,0,0,194,253,254,193,0,0,0,0,0,0,0,0,0,0,0,0,0,0,0,0,0,0,0,0,0,0,0,0,141,253,254,250,142,48,0,0,0,0,0,0,0,0,0,0,0,0,0,0,0,0,0,0,0,0,0,0,11,59,121,219,253,225,150,14,0,0,0,0,0,0,0,0,0,0,0,0,0,0,0,0,0,0,0,0,0,0,0,25,201,253,253,74,0,0,0,0,0,0,0,0,0,0,0,0,0,0,0,0,0,0,0,0,0,0,0,0,165,254,254,74,0,0,0,0,0,0,0,0,0,0,0,0,0,0,0,0,0,0,0,0,0,0,0,15,185,253,235,57,0,0,0,0,0,0,0,0,0,0,0,0,0,0,0,0,0,0,0,0,0,0,0,69,253,253,178,0,0,0,0,0,0,0,0,0,0,0,0,0,0,0,0,0,0,0,0,0,0,0,0,209,253,253,178,0,0,0,0,0,0,0,0,0,0,0,0,0,0,0,0,0,0,0,0,0,0,0,45,209,253,217,37,0,0,0,0,0,0,0,0,0,0,0,0,0,0,0,0,0,0,0,0,0,6,119,224,240,251,118,0,0,0,0,0,0,0,0,0,0,0,0,0,0,0,0,0,0,0,0,0,0,125,253,254,253,238,0,0,0,0,0,0,0,0,0,0,0,0,0,0,0,0,0,0,0,0,0,48,232,250,253,255,232,66,0,0,0,0,0,0,0,0,0,0,0,0,0,0,0,0,0,0,0,0,0,134,253,253,253,147,45,0,0,0,0,0,0,0,0,0,0,0,0,0,0,0,0,0,0,0,0,0,0,134,253,138,192,0,0,0,0,0,0,0,0,0,0,0,0,0,0,0,0,0,0,0,0,0,0,0,0,0,0,0,0,0,0,0,0,0,0,0,0,0,0,0,0,0,0,0,0,0,0,0,0,0,0,0,0,0,0,0,0,0,0,0,0,0,0,0,0,0,0,0,0,0,0
9,0,0,0,0,0,0,0,0,0,0,0,0,0,0,0,0,0,0,0,0,0,0,0,0,0,0,0,0,0,0,0,0,0,0,0,0,0,0,0,0,0,0,0,0,0,0,0,0,0,0,0,0,0,0,0,0,0,0,0,0,0,0,0,0,0,0,0,0,0,0,0,0,0,0,0,0,0,0,0,0,0,0,0,0,0,0,0,0,0,0,0,0,0,0,0,0,0,0,0,0,0,0,0,0,0,0,0,0,0,0,0,0,0,0,0,0,0,0,0,0,0,0,0,0,0,0,0,0,0,0,0,0,0,0,0,0,0,0,0,0,0,0,0,0,0,0,0,0,0,0,0,0,0,0,0,0,0,0,0,0,0,0,0,0,0,0,0,0,0,0,0,0,0,0,0,0,0,0,0,0,0,0,46,120,239,254,238,36,0,0,0,0,0,0,0,0,0,0,0,0,0,0,0,0,0,0,0,0,14,162,244,249,233,239,253,103,0,0,0,0,0,0,0,0,0,0,0,0,0,0,0,0,0,0,0,112,229,253,222,60,0,79,253,126,0,0,0,0,0,0,0,0,0,0,0,0,0,0,0,0,0,0,123,250,240,161,34,0,79,210,253,58,40,6,0,0,0,0,0,0,0,0,0,0,0,0,0,0,0,114,254,245,70,0,0,46,244,253,253,170,254,114,0,0,0,0,0,0,0,0,0,0,0,0,0,0,40,254,255,76,0,0,0,82,254,254,254,254,255,114,0,0,0,0,0,0,0,0,0,0,0,0,0,0,167,253,151,6,0,0,0,156,253,253,253,253,151,6,0,0,0,0,0,0,0,0,0,0,0,0,0,0,234,253,0,0,0,0,0,186,253,253,253,118,0,0,0,0,0,0,0,0,0,0,0,0,0,0,0,0,234,253,40,9,40,92,174,254,253,240,109,5,0,0,0,0,0,0,0,0,0,0,0,0,0,0,0,0,196,253,254,208,253,253,253,254,245,70,0,0,0,0,0,0,0,0,0,0,0,0,0,0,0,0,0,0,68,218,255,254,235,227,254,255,151,0,0,0,0,0,0,0,0,0,0,0,0,0,0,0,0,0,0,0,0,15,39,40,77,190,253,158,6,0,0,0,0,0,0,0,0,0,0,0,0,0,0,0,0,0,0,0,0,0,0,58,253,253,253,206,65,0,0,0,0,0,0,0,0,0,0,0,0,0,0,0,0,0,0,0,0,0,0,88,253,253,253,95,3,0,0,0,0,0,0,0,0,0,0,0,0,0,0,0,0,0,0,0,0,0,23,229,253,253,139,0,0,0,0,0,0,0,0,0,0,0,0,0,0,0,0,0,0,0,0,0,0,0,217,254,254,131,0,0,0,0,0,0,0,0,0,0,0,0,0,0,0,0,0,0,0,0,0,0,0,53,254,253,141,3,0,0,0,0,0,0,0,0,0,0,0,0,0,0,0,0,0,0,0,0,0,0,28,235,254,209,24,0,0,0,0,0,0,0,0,0,0,0,0,0,0,0,0,0,0,0,0,0,0,0,129,253,244,40,0,0,0,0,0,0,0,0,0,0,0,0,0,0,0,0,0,0,0,0,0,0,0,0,136,253,83,0,0,0,0,0,0,0,0,0,0,0,0,0,0,0,0,0,0,0,0,0,0,0,0,0,0,0,0,0,0,0,0,0,0,0,0,0,0,0,0,0,0,0,0,0,0,0,0,0,0,0,0,0,0,0,0,0,0,0,0,0,0,0,0,0,0,0,0,0,0,0,0,0
6,0,0,0,0,0,0,0,0,0,0,0,0,0,0,0,0,0,0,0,0,0,0,0,0,0,0,0,0,0,0,0,0,0,0,0,0,0,0,0,0,0,0,0,0,0,0,0,0,0,0,0,0,0,0,0,0,0,0,0,0,0,0,0,0,0,0,0,0,0,0,0,0,176,255,229,0,0,0,0,0,0,0,0,0,0,0,0,0,0,0,0,0,0,0,0,0,0,0,0,26,231,253,146,0,0,0,0,0,0,0,0,0,0,0,0,0,0,0,0,0,0,0,0,0,0,0,0,125,253,253,104,0,0,0,0,0,0,0,0,0,0,0,0,0,0,0,0,0,0,0,0,0,0,4,64,241,252,206,16,0,0,0,0,0,0,0,0,0,0,0,0,0,0,0,0,0,0,0,0,0,0,50,253,254,244,34,0,0,0,0,0,0,0,0,0,0,0,0,0,0,0,0,0,0,0,0,0,0,24,231,253,246,54,0,0,0,0,0,0,0,0,0,0,0,0,0,0,0,0,0,0,0,0,0,0,0,195,253,253,122,0,0,0,0,0,0,0,0,0,0,0,0,0,0,0,0,0,0,0,0,0,0,0,93,250,253,209,6,0,0,0,0,0,0,0,0,0,0,0,0,0,0,0,0,0,0,0,0,0,0,0,179,254,254,132,0,0,0,0,0,0,0,0,0,0,0,0,0,0,0,0,0,0,0,0,0,0,0,34,243,254,224,22,0,0,0,0,0,0,0,0,0,0,0,0,0,0,0,0,0,0,0,0,0,0,0,0,161,254,203,0,0,0,0,0,0,0,0,0,0,0,0,0,0,0,0,0,0,0,0,0,0,0,8,61,203,254,180,0,0,0,17,110,141,8,0,0,0,0,0,0,0,0,0,0,0,0,0,0,2,16,200,253,253,248,20,7,78,115,192,254,241,140,0,0,0,0,0,0,0,0,0,0,0,0,0,0,48,253,253,253,242,76,14,185,253,253,253,254,253,120,0,0,0,0,0,0,0,0,0,0,0,0,0,7,211,254,241,156,70,0,60,254,254,181,74,242,254,172,26,0,0,0,0,0,0,0,0,0,0,0,0,45,243,253,164,22,0,0,220,253,253,82,229,254,253,120,0,0,0,0,0,0,0,0,0,0,0,0,0,26,205,254,242,107,91,172,253,254,254,246,254,250,117,9,0,0,0,0,0,0,0,0,0,0,0,0,0,0,95,254,254,254,254,254,254,254,254,254,253,119,0,0,0,0,0,0,0,0,0,0,0,0,0,0,0,0,13,191,254,254,254,254,254,254,254,251,142,13,0,0,0,0,0,0,0,0,0,0,0,0,0,0,0,0,0,16,144,226,253,253,234,152,54,51,0,0,0,0,0,0,0,0,0,0,0,0,0,0,0,0,0,0,0,0,0,0,0,0,0,0,0,0,0,0,0,0,0,0,0,0,0,0,0,0,0,0,0,0,0,0,0,0,0,0,0,0,0,0,0,0,0,0,0,0,0,0,0,0,0,0,0,0,0,0,0,0,0,0,0,0,0,0,0,0,0,0,0,0,0,0,0,0,0,0,0,0,0,0,0,0,0,0,0,0,0,0,0,0,0,0,0,0,0,0,0,0,0,0,0,0,0,0,0,0,0,0,0,0,0,0,0,0,0,0,0,0,0,0,0,0,0,0,0,0,0,0,0,0,0,0,0,0,0,0,0,0,0,0,0,0,0,0,0,0,0,0,0,0,0,0,0,0,0,0,0,0,0,0,0,0,0,0,0
9,0,0,0,0,0,0,0,0,0,0,0,0,0,0,0,0,0,0,0,0,0,0,0,0,0,0,0,0,0,0,0,0,0,0,0,0,0,0,0,0,0,0,0,0,0,0,0,0,0,0,0,0,0,0,0,0,0,0,0,0,0,0,0,0,0,0,0,0,0,0,0,0,0,0,0,0,0,0,0,0,0,0,0,0,0,0,0,0,0,0,0,0,0,0,0,0,0,0,0,0,0,0,0,0,0,0,0,0,0,0,0,0,0,0,0,0,0,0,0,0,0,0,0,0,0,0,0,0,0,0,0,0,0,0,0,0,0,0,0,0,0,0,0,0,0,0,0,0,0,0,0,0,0,0,0,0,0,0,0,0,0,0,0,0,0,0,0,0,0,0,0,0,0,0,0,0,0,0,0,0,0,43,75,154,178,215,254,255,254,141,0,0,0,0,0,0,0,0,0,0,0,0,0,0,0,0,6,117,209,243,253,253,253,253,243,252,253,247,139,1,0,0,0,0,0,0,0,0,0,0,0,0,0,20,201,253,253,253,241,188,165,84,0,79,180,253,253,9,0,0,0,0,0,0,0,0,0,0,0,0,26,230,253,253,227,97,28,0,0,0,0,0,11,237,253,9,0,0,0,0,0,0,0,0,0,0,0,45,212,253,253,165,36,0,0,0,0,0,0,87,174,248,227,7,0,0,0,0,0,0,0,0,0,0,2,127,253,253,163,7,0,0,0,0,0,0,21,218,253,253,163,0,0,0,0,0,0,0,0,0,0,0,44,253,253,228,16,0,0,0,0,0,0,78,231,253,253,253,130,0,0,0,0,0,0,0,0,0,0,0,110,253,253,178,0,0,0,0,8,82,163,251,253,253,241,147,4,0,0,0,0,0,0,0,0,0,0,0,111,253,253,178,0,32,95,95,205,253,253,253,253,253,136,0,0,0,0,0,0,0,0,0,0,0,0,0,110,253,253,252,249,251,253,253,253,253,176,253,253,219,31,0,0,0,0,0,0,0,0,0,0,0,0,0,26,215,253,253,253,253,253,248,150,113,216,253,252,88,0,0,0,0,0,0,0,0,0,0,0,0,0,0,0,25,141,193,193,160,80,0,12,179,253,253,122,0,0,0,0,0,0,0,0,0,0,0,0,0,0,0,0,0,0,0,0,0,0,6,180,253,253,190,13,0,0,0,0,0,0,0,0,0,0,0,0,0,0,0,0,0,0,0,0,0,0,123,253,253,237,29,0,0,0,0,0,0,0,0,0,0,0,0,0,0,0,0,0,0,0,0,0,0,133,247,253,251,60,0,0,0,0,0,0,0,0,0,0,0,0,0,0,0,0,0,0,0,0,0,0,59,244,253,253,146,0,0,0,0,0,0,0,0,0,0,0,0,0,0,0,0,0,0,0,0,0,0,16,221,253,253,193,4,0,0,0,0,0,0,0,0,0,0,0,0,0,0,0,0,0,0,0,0,0,0,140,253,253,220,28,0,0,0,0,0,0,0,0,0,0,0,0,0,0,0,0,0,0,0,0,0,0,0,229,253,253,102,0,0,0,0,0,0,0,0,0,0,0,0,0,0,0,0,0,0,0,0,0,0,0,0,151,253,105,13,0,0,0,0,0,0,0,0,0,0,0,0,0,0,0,0,0,0,0,0,0,0,0,0,0,0,0,0,0,0,0,0,0,0,0,0,0,0,0,0,0,0,0,0,0,0,0,0,0,0,0,0,0,0,0,0,0,0,0,0,0,0,0,0,0,0,0,0,0,0
2,0,0,0,0,0,0,0,0,0,0,0,0,0,0,0,0,0,0,0,0,0,0,0,0,0,0,0,0,0,0,0,0,0,0,0,0,0,0,0,0,0,0,0,0,0,0,0,0,0,0,0,0,0,0,0,0,0,0,0,0,0,0,0,0,0,0,0,0,0,0,0,0,0,0,0,0,0,0,0,0,0,0,0,0,0,0,0,0,0,0,0,0,0,0,0,39,228,254,157,125,125,106,0,0,0,0,0,0,0,0,0,0,0,0,0,0,0,0,0,0,0,0,40,227,253,253,253,253,253,252,248,155,0,0,0,0,0,0,0,0,0,0,0,0,0,0,0,0,0,0,85,253,253,253,253,253,253,253,253,252,155,0,0,0,0,0,0,0,0,0,0,0,0,0,0,0,0,0,7,59,232,253,229,224,253,253,253,253,242,46,0,0,0,0,0,0,0,0,0,0,0,0,0,0,0,0,0,0,20,25,20,18,133,253,253,253,253,110,0,0,0,0,0,0,0,0,0,0,0,0,0,0,0,0,0,0,0,0,0,0,6,180,253,253,253,110,0,0,0,0,0,0,0,0,0,0,0,0,0,0,0,0,0,0,0,0,0,0,0,169,253,253,253,110,0,0,0,0,0,0,0,0,0,0,0,0,0,0,0,0,0,0,0,0,0,0,38,239,253,253,253,110,0,0,0,0,0,0,0,0,0,0,0,0,0,0,0,0,0,0,0,0,0,0,46,253,253,253,248,79,0,0,0,0,0,0,0,0,0,0,0,0,0,0,0,0,0,0,0,0,0,0,80,253,253,253,234,0,0,0,0,0,0,0,0,0,0,0,0,0,0,0,0,0,0,0,0,0,0,0,176,253,253,253,136,0,0,0,0,0,0,0,0,0,0,0,0,0,0,0,0,46,53,160,79,39,0,65,232,253,253,234,29,0,0,0,0,0,0,0,0,0,0,0,0,0,0,0,92,244,253,253,253,233,176,232,253,253,253,136,0,0,0,0,0,0,0,0,0,0,0,0,0,0,0,91,245,253,253,253,253,253,253,253,253,253,211,32,0,0,0,0,0,0,0,0,0,0,0,0,0,0,72,247,253,253,225,220,247,253,253,253,253,253,91,0,0,0,0,0,0,0,0,0,0,0,0,0,0,0,112,253,253,197,15,9,207,253,253,253,253,233,44,0,0,0,0,0,0,0,0,0,0,0,0,0,0,0,103,252,253,216,83,182,253,253,253,253,253,253,91,0,0,0,0,0,0,0,0,0,0,0,0,0,0,0,0,228,253,253,253,253,253,253,253,253,253,253,166,5,0,0,0,0,0,0,0,0,0,0,0,0,0,0,0,105,253,253,253,253,253,248,247,251,253,253,253,167,0,0,0,0,0,0,0,0,0,0,0,0,0,0,0,51,173,253,253,253,149,28,0,183,253,253,253,227,0,0,0,0,0,0,0,0,0,0,0,0,0,0,0,0,0,0,0,0,0,0,0,0,0,0,0,0,0,0,0,0,0,0,0,0,0,0,0,0,0,0,0,0,0,0,0,0,0,0,0,0,0,0,0,0,0,0,0,0,0,0,0,0,0,0,0,0,0,0,0,0,0,0,0,0,0,0,0,0,0,0,0,0,0,0,0,0,0,0,0,0,0,0,0,0,0,0,0,0,0,0,0,0,0,0,0,0,0,0,0,0,0,0,0,0,0,0,0,0,0,0,0,0,0,0,0,0,0,0,0,0,0,0,0,0,0,0,0,0,0,0,0,0,0,0,0,0
4,0,0,0,0,0,0,0,0,0,0,0,0,0,0,0,0,0,0,0,0,0,0,0,0,0,0,0,0,0,0,0,0,0,0,0,0,0,0,0,0,0,0,0,0,0,0,0,0,0,0,0,0,0,0,0,0,0,0,0,0,0,0,0,0,0,0,0,0,0,0,0,0,0,0,0,0,0,0,0,0,0,0,0,0,0,0,0,0,0,0,0,0,0,0,0,0,0,0,0,0,0,0,0,0,0,0,0,0,0,0,0,0,0,0,0,0,0,0,0,0,0,0,0,0,0,0,0,0,0,0,0,0,0,0,0,0,0,0,0,0,0,0,0,0,0,0,0,0,0,0,0,0,0,0,0,0,0,0,16,233,224,73,0,0,0,0,0,0,0,0,0,0,0,0,0,0,0,0,0,0,0,0,0,0,0,1,118,254,254,120,0,0,0,0,0,0,0,0,0,0,0,0,0,0,0,0,0,0,0,0,0,0,0,16,254,254,254,120,0,0,0,0,0,0,0,0,0,0,0,0,0,0,0,0,0,0,0,0,0,0,0,23,254,255,248,32,0,0,0,0,0,0,0,0,0,0,0,0,0,0,0,0,0,0,0,0,0,0,0,145,254,254,106,0,0,0,0,0,0,0,0,0,0,0,0,0,0,0,0,0,4,104,209,54,1,0,67,251,254,242,37,0,0,0,0,0,0,0,0,0,0,0,0,0,0,0,0,0,136,254,254,254,5,38,229,254,254,124,0,0,0,0,0,0,0,0,0,0,0,0,0,0,0,0,19,138,253,254,254,239,4,160,254,254,172,2,0,0,0,0,0,0,0,0,0,0,0,0,0,0,0,0,121,254,254,254,254,83,77,243,254,249,115,11,0,0,0,0,0,0,0,0,0,0,0,0,0,0,0,0,140,254,254,254,254,251,253,254,254,254,254,89,0,0,0,0,0,0,0,0,0,0,0,0,0,0,0,0,218,254,254,254,254,254,254,254,254,254,254,49,0,0,0,0,0,0,0,0,0,0,0,0,0,0,0,0,97,254,254,254,254,254,254,253,208,251,167,11,0,0,0,0,0,0,0,0,0,0,0,0,0,0,0,0,4,40,40,40,243,254,254,159,10,37,0,0,0,0,0,0,0,0,0,0,0,0,0,0,0,0,0,0,0,0,0,52,244,254,241,36,0,0,0,0,0,0,0,0,0,0,0,0,0,0,0,0,0,0,0,0,0,0,37,247,254,255,67,0,0,0,0,0,0,0,0,0,0,0,0,0,0,0,0,0,0,0,0,0,0,24,209,254,254,155,2,0,0,0,0,0,0,0,0,0,0,0,0,0,0,0,0,0,0,0,0,0,25,170,254,254,219,28,0,0,0,0,0,0,0,0,0,0,0,0,0,0,0,0,0,0,0,0,0,0,121,254,254,254,40,0,0,0,0,0,0,0,0,0,0,0,0,0,0,0,0,0,0,0,0,0,0,0,103,254,249,104,1,0,0,0,0,0,0,0,0,0,0,0,0,0,0,0,0,0,0,0,0,0,0,0,5,114,185,0,0,0,0,0,0,0,0,0,0,0,0,0,0,0,0,0,0,0,0,0,0,0,0,0,0,0,0,0,0,0,0,0,0,0,0,0,0,0,0,0,0,0,0,0,0,0,0,0,0,0,0,0,0,0,0,0,0,0,0,0,0,0,0,0,0,0,0,0,0,0,0,0,0,0,0,0,0,0,0,0,0,0,0,0,0,0,0,0,0,0,0,0,0,0,0,0,0,0,0,0
3,0,0,0,0,0,0,0,0,0,0,0,0,0,0,0,0,0,0,0,0,0,0,0,0,0,0,0,0,0,0,0,0,0,0,0,0,0,0,0,0,0,0,0,0,0,0,0,0,0,0,0,0,0,0,0,0,0,0,0,0,0,0,0,0,0,0,0,0,0,0,0,0,0,0,0,0,0,0,0,0,0,0,0,0,0,0,0,0,0,0,0,0,0,0,0,0,0,0,0,0,0,0,0,0,0,0,0,0,0,0,0,0,0,0,0,0,0,0,0,0,7,89,155,231,254,254,192,155,89,7,0,0,0,0,0,0,0,0,0,0,0,0,0,0,0,0,17,139,215,253,253,253,253,253,254,253,253,30,0,0,0,0,0,0,0,0,0,0,0,0,0,0,0,108,242,253,253,253,243,188,91,131,253,253,253,30,0,0,0,0,0,0,0,0,0,0,0,0,0,0,0,88,212,133,123,35,29,0,0,5,254,253,220,16,0,0,0,0,0,0,0,0,0,0,0,0,0,0,0,0,0,0,0,0,0,0,0,74,253,253,183,0,0,0,0,0,0,0,0,0,0,0,0,0,0,0,0,0,0,0,0,0,0,0,0,117,253,246,51,0,0,0,0,0,0,0,0,0,0,0,0,0,0,0,0,0,0,0,0,0,0,0,17,221,253,205,0,0,0,0,0,0,0,0,0,0,0,0,0,0,0,0,0,0,0,0,0,0,0,0,160,253,253,61,0,0,0,0,0,0,0,0,0,0,0,0,0,0,0,0,0,0,0,0,0,0,0,38,251,253,254,227,194,107,28,0,0,0,0,0,0,0,0,0,0,0,0,0,0,0,0,0,0,0,0,0,171,253,253,253,253,254,219,31,0,0,0,0,0,0,0,0,0,0,0,0,0,0,0,0,0,0,0,0,10,49,112,235,253,253,253,120,0,0,0,0,0,0,0,0,0,0,0,0,0,0,0,0,0,0,0,0,0,0,0,53,253,254,253,120,0,0,0,0,0,0,0,0,0,0,0,0,0,0,0,0,0,0,0,0,0,0,0,9,215,253,253,120,0,0,0,0,0,0,0,0,0,0,0,0,0,0,0,0,0,0,0,0,0,0,0,0,142,253,253,120,0,0,0,0,0,0,0,0,0,0,0,0,0,0,0,0,0,0,0,0,0,0,0,0,70,254,253,207,0,0,0,0,0,0,0,0,0,0,0,0,0,0,0,0,73,80,158,19,0,0,0,0,70,253,253,219,0,0,0,0,0,0,0,0,0,0,0,0,0,0,0,70,252,254,254,239,117,35,0,0,70,254,253,251,60,0,0,0,0,0,0,0,0,0,0,0,0,0,0,49,210,253,253,254,253,252,190,189,207,254,253,241,42,0,0,0,0,0,0,0,0,0,0,0,0,0,0,0,5,82,164,243,254,253,254,253,253,254,253,123,0,0,0,0,0,0,0,0,0,0,0,0,0,0,0,0,0,0,0,42,74,153,153,159,226,153,153,73,0,0,0,0,0,0,0,0,0,0,0,0,0,0,0,0,0,0,0,0,0,0,0,0,0,0,0,0,0,0,0,0,0,0,0,0,0,0,0,0,0,0,0,0,0,0,0,0,0,0,0,0,0,0,0,0,0,0,0,0,0,0,0,0,0,0,0,0,0,0,0,0,0,0,0,0,0,0,0,0,0,0,0,0,0,0,0,0,0,0,0,0,0,0,0,0,0,0,0,0,0,0,0,0,0,0,0,0,0,0,0,0,0,0,0,0,0,0,0,0
3,0,0,0,0,0,0,0,0,0,0,0,0,0,0,0,0,0,0,0,0,0,0,0,0,0,0,0,0,0,0,0,0,0,0,0,0,0,0,0,0,0,0,0,0,0,0,0,0,0,0,0,0,0,0,0,0,0,0,0,0,0,0,0,0,0,0,0,0,0,0,0,0,0,0,0,0,0,0,0,0,0,0,0,0,0,0,0,0,0,0,0,0,0,0,0,0,0,0,0,0,0,0,0,0,0,0,0,0,0,0,0,0,0,0,0,0,0,0,0,0,0,0,189,188,159,78,0,0,0,0,0,0,0,0,0,0,0,0,0,0,0,0,0,0,0,0,0,0,0,0,23,197,253,253,222,43,6,0,0,0,0,0,0,0,0,0,0,0,0,0,0,0,0,0,0,0,0,0,0,0,64,150,254,254,198,31,0,0,0,0,0,0,0,0,0,0,0,0,0,0,0,0,0,0,0,0,0,0,0,1,4,146,243,197,28,0,0,0,0,0,0,0,0,0,0,0,0,0,0,0,0,0,0,0,0,0,0,0,0,0,107,205,183,37,0,0,0,0,0,0,0,0,0,0,0,0,0,0,0,0,0,0,0,0,0,0,0,0,0,106,254,121,0,0,0,0,0,0,0,0,0,0,0,0,0,0,0,0,0,0,0,0,0,0,0,0,0,113,255,114,0,0,0,0,0,0,0,0,0,0,0,0,0,0,0,0,0,0,0,0,0,0,0,0,56,192,193,48,0,0,0,0,0,0,0,0,0,0,0,0,0,0,0,0,0,0,0,0,0,0,0,46,219,254,89,0,0,0,0,0,0,0,0,0,0,0,0,0,0,0,0,0,0,0,0,65,144,144,210,240,129,83,2,0,0,0,0,0,0,0,0,0,0,0,0,0,0,0,0,0,0,0,0,101,238,254,196,46,0,0,0,0,0,0,0,0,0,0,0,0,0,0,0,0,0,0,0,0,0,0,0,0,16,164,254,210,36,0,0,0,0,0,0,0,0,0,0,0,0,0,0,0,0,0,0,0,0,0,0,0,0,2,48,191,200,64,0,0,0,0,0,0,0,0,0,0,0,0,0,0,0,0,0,0,0,0,0,0,0,0,0,29,213,212,10,0,0,0,0,0,0,0,0,0,0,0,0,0,0,0,0,0,0,0,0,0,0,0,0,0,75,254,88,0,0,0,0,0,0,0,0,0,0,0,0,0,0,0,0,0,0,0,0,0,0,0,0,7,156,244,66,0,0,0,0,0,0,0,0,0,0,0,0,0,0,0,0,0,0,0,0,0,0,1,35,200,254,142,0,0,0,0,0,0,0,0,0,0,0,0,0,0,0,0,0,0,0,0,6,68,68,151,254,192,108,0,0,0,0,0,0,0,0,0,0,0,0,0,0,0,0,0,0,29,67,150,229,255,255,227,90,3,0,0,0,0,0,0,0,0,0,0,0,0,0,0,0,0,0,0,81,245,254,198,158,91,62,12,0,0,0,0,0,0,0,0,0,0,0,0,0,0,0,0,0,0,0,0,0,0,0,0,0,0,0,0,0,0,0,0,0,0,0,0,0,0,0,0,0,0,0,0,0,0,0,0,0,0,0,0,0,0,0,0,0,0,0,0,0,0,0,0,0,0,0,0,0,0,0,0,0,0,0,0,0,0,0,0,0,0,0,0,0,0,0,0,0,0,0,0,0,0,0,0,0,0,0,0,0,0,0,0,0,0,0,0,0,0,0,0,0,0,0,0,0,0,0,0,0,0,0,0,0,0
9,0,0,0,0,0,0,0,0,0,0,0,0,0,0,0,0,0,0,0,0,0,0,0,0,0,0,0,0,0,0,0,0,0,0,0,0,0,0,0,0,0,0,0,0,0,0,0,0,0,0,0,0,0,0,0,0,0,0,0,0,0,0,0,0,0,0,0,0,0,0,0,0,0,0,0,0,0,0,0,0,0,0,0,0,0,0,0,0,0,0,0,0,0,0,0,0,0,0,0,0,0,0,0,0,0,0,0,0,0,0,0,0,0,0,0,0,0,0,0,0,0,0,0,0,0,0,0,0,0,0,0,0,0,0,0,0,0,0,0,0,0,0,0,0,0,0,0,0,0,0,0,0,0,0,0,0,0,0,0,0,0,0,0,0,0,0,0,0,0,0,0,0,0,0,0,0,0,0,0,0,0,0,0,0,0,0,0,0,0,0,0,0,0,0,0,0,0,0,0,0,0,0,0,0,0,0,0,0,42,169,255,254,255,126,2,0,0,0,0,0,0,0,0,0,0,0,0,0,0,0,0,0,0,0,15,159,248,253,253,253,253,253,122,0,0,0,0,0,0,0,0,0,0,0,0,0,0,0,0,0,2,62,228,253,253,252,248,248,252,253,238,87,4,0,0,0,0,0,0,0,0,0,0,0,0,0,0,26,157,253,253,253,160,81,0,13,219,253,253,253,150,0,0,0,0,0,0,0,0,0,0,0,0,0,0,151,253,253,253,108,6,0,30,188,253,253,253,253,150,0,0,0,0,0,0,0,0,0,0,0,0,0,0,151,253,253,253,150,120,142,237,253,253,253,253,253,54,0,0,0,0,0,0,0,0,0,0,0,0,0,0,123,241,253,253,253,250,215,253,228,237,253,253,192,17,0,0,0,0,0,0,0,0,0,0,0,0,0,0,0,44,67,253,104,102,13,59,74,197,253,253,81,0,0,0,0,0,0,0,0,0,0,0,0,0,0,0,0,0,1,21,42,56,0,0,214,248,253,252,122,0,0,0,0,0,0,0,0,0,0,0,0,0,0,0,0,0,0,0,0,0,0,0,153,223,253,226,0,0,0,0,0,0,0,0,0,0,0,0,0,0,0,0,0,0,0,0,0,0,0,0,238,253,253,187,0,0,0,0,0,0,0,0,0,0,0,0,0,0,0,0,0,0,0,0,0,0,0,48,246,253,253,63,0,0,0,0,0,0,0,0,0,0,0,0,0,0,0,0,0,0,0,0,0,0,0,93,253,253,230,8,0,0,0,0,0,0,0,0,0,0,0,0,0,0,0,0,0,0,0,0,0,0,21,200,253,253,115,0,0,0,0,0,0,0,0,0,0,0,0,0,0,0,0,0,0,0,0,0,0,0,55,253,253,235,43,0,0,0,0,0,0,0,0,0,0,0,0,0,0,0,0,0,0,0,0,0,0,5,151,253,253,86,0,0,0,0,0,0,0,0,0,0,0,0,0,0,0,0,0,0,0,0,0,0,0,61,253,253,156,51,0,0,0,0,0,0,0,0,0,0,0,0,0,0,0,0,0,0,0,0,0,0,12,187,253,253,62,0,0,0,0,0,0,0,0,0,0,0,0,0,0,0,0,0,0,0,0,0,0,0,117,253,253,228,11,0,0,0,0,0,0,0,0,0,0,0,0,0,0,0,0,0,0,0,0,0,0,0,112,245,230,93,0,0,0,0,0,0,0,0,0,0,0,0,0,0,0,0,0,0,0,0,0,0,0,0,0,0,0,0,0,0,0,0,0,0,0,0,0,0,0,0,0
7,0,0,0,0,0,0,0,0,0,0,0,0,0,0,0,0,0,0,0,0,0,0,0,0,0,0,0,0,0,0,0,0,0,0,0,0,0,0,0,0,0,0,0,0,0,0,0,0,0,0,0,0,0,0,0,0,0,0,0,0,0,0,0,0,0,0,0,0,0,0,0,0,0,0,0,0,0,0,0,0,0,0,0,0,0,0,0,0,0,0,0,0,0,0,0,0,0,0,0,0,0,0,0,0,0,0,0,0,0,0,0,0,0,0,0,0,0,0,0,0,0,0,0,0,0,0,0,0,0,0,0,0,0,0,0,0,0,0,0,0,0,0,0,0,0,0,0,0,0,0,0,0,0,0,0,0,0,0,0,0,0,0,0,0,0,0,0,0,0,0,0,0,0,0,0,0,0,0,0,0,0,0,0,0,0,0,0,0,0,0,0,0,0,0,0,0,0,0,0,0,0,0,0,0,0,0,0,0,0,0,0,0,0,0,0,0,0,0,0,0,0,0,0,0,0,0,0,0,0,0,0,0,0,0,9,85,211,254,254,255,254,254,185,115,5,0,0,0,0,0,0,0,0,0,0,0,0,0,0,0,13,86,203,253,253,253,253,253,253,253,253,253,87,0,0,0,0,0,0,0,0,0,0,0,0,0,0,0,114,253,253,253,253,253,253,253,230,145,231,253,163,0,0,0,0,0,0,0,0,0,0,0,0,0,0,0,207,253,253,253,253,203,182,138,36,0,52,229,126,0,0,0,0,0,0,0,0,0,0,0,0,0,0,100,245,253,212,245,145,14,0,0,0,0,0,166,70,0,0,0,0,0,0,0,0,0,0,0,0,0,0,189,253,208,76,26,0,0,0,0,0,0,27,243,70,0,0,0,0,0,0,0,0,0,0,0,0,0,0,8,11,7,0,0,0,0,0,0,0,9,195,208,3,0,0,0,0,0,0,0,0,0,0,0,0,0,0,0,0,0,0,0,0,0,0,0,0,141,251,131,0,0,0,0,0,0,0,0,0,0,0,0,0,0,0,0,0,0,0,0,0,0,0,0,19,249,149,0,0,0,0,0,0,0,0,0,0,0,0,0,0,0,0,0,0,0,0,0,0,0,0,23,201,253,106,0,0,0,0,0,0,0,0,0,0,0,0,0,0,0,0,0,0,0,0,0,0,0,0,95,253,208,25,0,0,0,0,0,0,0,0,0,0,0,0,0,0,0,0,0,0,0,0,0,0,0,29,209,211,22,0,0,0,0,0,0,0,0,0,0,0,0,0,0,0,0,0,0,0,0,0,0,0,0,129,253,193,3,0,0,0,0,0,0,0,0,0,0,0,0,0,0,0,0,0,0,0,0,0,0,0,92,225,249,80,0,0,0,0,0,0,0,0,0,0,0,0,0,0,0,0,0,0,0,0,0,0,0,20,213,253,158,0,0,0,0,0,0,0,0,0,0,0,0,0,0,0,0,0,0,0,0,0,0,0,0,0,155,253,82,0,0,0,0,0,0,0,0,0,0,0,0,0,0,0,0,0,0,0,0,0,0,0,0,11,164,113,12,0,0,0,0,0,0,0,0,0,0,0,0,0,0,0,0,0,0,0,0,0,0,0,58,210,234,40,0,0,0,0,0,0,0,0,0,0,0,0,0,0,0,0,0,0,0,0,0,0,0,0,142,237,62,0,0,0,0,0,0,0,0,0,0,0,0,0,0,0,0,0,0,0,0,0,0,0,0,6,246,156,0,0,0,0,0,0,0,0,0,0,0,0,0,0,0
0,0,0,0,0,0,0,0,0,0,0,0,0,0,0,0,0,0,0,0,0,0,0,0,0,0,0,0,0,0,0,0,0,0,0,0,0,0,0,0,0,0,0,0,0,0,0,0,0,0,0,0,0,0,0,0,0,0,0,0,0,0,0,0,0,0,0,0,0,0,0,0,0,0,0,0,0,0,0,0,0,0,0,0,0,0,0,0,0,0,0,0,0,0,0,0,0,0,0,0,0,0,0,0,0,0,0,0,0,0,0,0,0,0,0,0,0,0,0,0,0,0,0,0,0,0,0,0,26,125,125,109,0,0,0,0,0,0,0,0,0,0,0,0,0,0,0,0,0,0,0,0,0,0,31,148,249,253,253,253,155,0,0,0,0,0,0,0,0,0,0,0,0,0,0,0,0,0,0,0,0,32,215,253,253,253,253,253,252,155,0,0,0,0,0,0,0,0,0,0,0,0,0,0,0,0,0,0,127,240,253,253,253,253,253,253,253,252,161,48,0,0,0,0,0,0,0,0,0,0,0,0,0,0,0,194,249,253,253,253,253,253,253,253,253,253,253,166,0,0,0,0,0,0,0,0,0,0,0,0,0,0,81,249,253,253,253,154,32,186,253,177,32,116,253,252,108,0,0,0,0,0,0,0,0,0,0,0,0,33,213,253,253,229,68,10,0,118,225,134,0,20,253,253,123,0,0,0,0,0,0,0,0,0,0,0,0,205,253,253,229,59,0,0,0,0,30,39,0,20,253,253,230,0,0,0,0,0,0,0,0,0,0,0,188,248,253,253,71,0,0,0,0,0,0,0,0,20,253,253,253,0,0,0,0,0,0,0,0,0,0,120,249,253,253,154,11,0,0,0,0,0,0,0,0,20,253,253,253,0,0,0,0,0,0,0,0,0,88,250,253,230,147,10,0,0,0,0,0,0,0,0,0,118,253,253,223,0,0,0,0,0,0,0,0,0,144,253,253,128,0,0,0,0,0,0,0,0,0,0,6,171,253,253,123,0,0,0,0,0,0,0,0,111,252,253,234,21,0,0,0,0,0,0,0,0,0,0,118,253,253,225,38,0,0,0,0,0,0,0,0,254,253,253,62,0,0,0,0,0,0,0,0,0,0,43,221,253,253,117,0,0,0,0,0,0,0,0,0,254,253,253,19,0,0,0,0,0,0,0,0,0,43,221,253,253,228,42,0,0,0,0,0,0,0,0,0,255,253,184,7,0,0,0,0,0,0,0,19,118,221,253,253,241,42,0,0,0,0,0,0,0,0,0,0,244,253,208,30,2,0,0,0,6,20,118,224,253,253,253,228,96,0,0,0,0,0,0,0,0,0,0,0,118,253,253,253,154,143,143,143,174,253,253,253,253,251,223,42,0,0,0,0,0,0,0,0,0,0,0,0,0,174,250,253,253,253,253,253,253,253,253,252,223,99,0,0,0,0,0,0,0,0,0,0,0,0,0,0,0,0,54,123,123,123,123,123,123,123,123,98,0,0,0,0,0,0,0,0,0,0,0,0,0,0,0,0,0,0,0,0,0,0,0,0,0,0,0,0,0,0,0,0,0,0,0,0,0,0,0,0,0,0,0,0,0,0,0,0,0,0,0,0,0,0,0,0,0,0,0,0,0,0,0,0,0,0,0,0,0,0,0,0,0,0,0,0,0,0,0,0,0,0,0,0,0,0,0,0,0,0,0,0,0,0,0,0,0,0,0,0,0,0,0,0,0,0,0,0,0,0,0,0,0,0,0,0,0,0,0,0,0,0,0,0
2,0,0,0,0,0,0,0,0,0,0,0,0,0,0,0,0,0,0,0,0,0,0,0,0,0,0,0,0,0,0,0,0,0,0,0,0,0,0,0,0,0,0,0,0,0,0,0,0,0,0,0,0,0,0,0,0,0,0,0,0,0,0,0,0,0,0,0,0,0,0,0,0,0,0,0,0,0,0,0,0,0,0,0,0,0,0,0,0,0,0,0,0,0,0,0,0,0,0,0,0,0,0,0,0,0,0,0,0,0,0,0,0,0,0,0,0,0,0,0,0,0,0,0,0,0,25,255,254,56,0,0,0,0,0,0,0,0,0,0,0,0,0,0,0,0,0,0,0,0,0,0,0,15,211,254,239,137,131,219,225,150,0,0,0,0,0,0,0,0,0,0,0,0,0,0,0,0,0,0,3,141,253,254,253,253,253,253,253,168,0,0,0,0,0,0,0,0,0,0,0,0,0,0,0,0,0,0,120,253,253,254,253,194,115,241,253,140,0,0,0,0,0,0,0,0,0,0,0,0,0,0,0,0,0,0,99,253,218,113,29,4,123,251,218,6,0,0,0,0,0,0,0,0,0,0,0,0,0,0,0,0,0,0,11,47,12,0,0,50,237,253,133,0,0,0,0,0,0,0,0,0,0,0,0,0,0,0,0,0,0,0,0,0,0,0,0,134,253,253,47,0,0,0,0,0,0,0,0,0,0,0,0,0,0,0,0,0,0,0,0,0,0,0,9,209,253,151,2,0,0,0,0,0,0,0,0,0,0,0,0,0,0,0,0,0,0,0,0,0,0,0,128,253,206,23,0,0,0,0,0,0,0,0,0,0,0,0,0,0,0,0,0,0,0,0,0,0,0,25,235,253,84,0,0,0,0,0,0,0,0,0,0,0,0,0,0,0,0,0,0,0,0,0,0,0,0,185,254,220,0,0,0,0,0,0,0,0,0,0,0,0,0,0,0,0,0,0,0,0,0,0,0,5,108,254,247,58,0,0,0,0,0,0,0,0,0,0,0,0,0,0,0,0,0,0,0,0,0,0,0,67,253,254,69,0,0,0,0,0,0,0,0,0,0,0,0,0,0,0,0,0,0,0,0,42,76,76,97,209,253,154,10,0,0,0,0,0,0,0,0,0,0,0,0,0,0,0,0,0,0,2,137,245,253,253,253,253,253,83,6,0,0,0,0,0,0,0,0,0,0,0,0,0,0,0,0,0,0,24,253,249,207,253,253,237,248,254,197,39,0,0,0,0,0,0,0,0,0,0,0,0,0,0,0,0,0,197,253,155,159,253,213,11,56,191,253,250,116,6,0,0,0,0,0,0,0,0,0,0,0,0,0,0,23,230,253,214,253,181,10,0,0,3,141,240,253,175,32,0,0,0,0,0,0,0,0,0,0,0,0,0,20,215,253,237,140,11,0,0,0,0,0,33,193,251,229,91,22,0,0,0,0,0,0,0,0,0,0,0,0,27,65,29,0,0,0,0,0,0,0,0,0,78,235,253,217,14,0,0,0,0,0,0,0,0,0,0,0,0,0,0,0,0,0,0,0,0,0,0,0,0,0,0,0,0,0,0,0,0,0,0,0,0,0,0,0,0,0,0,0,0,0,0,0,0,0,0,0,0,0,0,0,0,0,0,0,0,0,0,0,0,0,0,0,0,0,0,0,0,0,0,0,0,0,0,0,0,0,0,0,0,0,0,0,0,0,0,0,0,0,0,0,0,0,0,0,0,0,0,0,0,0,0,0,0,0,0,0,0,0,0,0,0,0
8,0,0,0,0,0,0,0,0,0,0,0,0,0,0,0,0,0,0,0,0,0,0,0,0,0,0,0,0,0,0,0,0,0,0,0,0,0,0,0,0,0,0,0,0,0,0,0,0,0,0,0,0,0,0,0,0,0,0,0,0,0,0,0,0,0,0,0,0,0,0,0,0,0,62,218,11,0,0,0,0,0,0,0,0,0,0,0,0,0,0,0,0,0,0,0,0,0,0,0,0,0,2,205,90,0,0,0,0,0,0,0,0,0,0,0,0,0,0,0,0,0,0,0,0,0,0,0,0,0,0,140,184,11,0,0,0,0,0,0,0,0,0,0,0,0,0,0,0,0,0,0,0,0,0,0,0,0,0,123,254,74,0,0,0,0,0,0,0,0,0,0,0,0,0,0,0,0,0,0,0,0,0,0,0,0,0,68,254,44,0,0,0,0,0,0,0,0,0,0,0,0,0,0,0,0,0,0,0,0,0,0,0,0,0,140,248,38,0,0,0,0,0,0,0,0,0,0,0,0,0,0,0,0,0,0,0,0,0,0,0,0,0,210,210,0,0,0,0,0,0,0,0,0,0,0,0,0,0,0,0,0,4,61,106,142,190,33,0,0,0,228,210,0,0,0,0,0,0,0,0,0,0,0,0,0,0,0,0,0,111,254,254,254,253,197,176,6,45,247,210,0,0,0,0,0,0,0,0,0,0,0,0,0,0,0,0,0,219,241,97,79,76,0,0,0,92,254,210,0,0,0,0,0,0,0,0,0,0,0,0,0,0,0,0,0,220,189,0,0,0,0,0,22,213,254,96,0,0,0,0,0,0,0,0,0,0,0,0,0,0,0,0,0,165,253,106,0,0,0,0,95,254,178,2,0,0,0,0,0,0,0,0,0,0,0,0,0,0,0,0,0,55,207,246,129,0,0,126,247,217,47,0,0,0,0,0,0,0,0,0,0,0,0,0,0,0,0,0,0,0,55,207,252,131,144,246,215,56,0,0,0,0,0,0,0,0,0,0,0,0,0,0,0,0,0,0,0,0,0,36,212,254,254,156,25,0,0,0,0,0,0,0,0,0,0,0,0,0,0,0,0,0,0,0,0,7,150,230,254,241,254,214,17,0,0,0,0,0,0,0,0,0,0,0,0,0,0,0,0,0,0,0,0,114,254,233,73,34,182,254,165,0,0,0,0,0,0,0,0,0,0,0,0,0,0,0,0,0,0,0,0,131,254,178,5,13,88,255,183,0,0,0,0,0,0,0,0,0,0,0,0,0,0,0,0,0,0,0,0,97,249,254,201,232,208,254,180,0,0,0,0,0,0,0,0,0,0,0,0,0,0,0,0,0,0,0,0,0,38,118,196,199,223,227,63,0,0,0,0,0,0,0,0,0,0,0,0,0,0,0,0,0,0,0,0,0,0,0,0,0,0,0,0,0,0,0,0,0,0,0,0,0,0,0,0,0,0,0,0,0,0,0,0,0,0,0,0,0,0,0,0,0,0,0,0,0,0,0,0,0,0,0,0,0,0,0,0,0,0,0,0,0,0,0,0,0,0,0,0,0,0,0,0,0,0,0,0,0,0,0,0,0,0,0,0,0,0,0,0,0,0,0,0,0,0,0,0,0,0,0,0,0,0,0,0,0,0,0,0,0,0,0,0,0,0,0,0,0,0,0,0,0,0,0,0,0,0,0,0,0,0,0,0,0,0,0,0,0,0,0,0,0,0,0,0,0,0,0,0,0,0,0,0,0,0,0,0,0,0,0,0,0,0,0
6,0,0,0,0,0,0,0,0,0,0,0,0,0,0,0,0,0,0,0,0,0,0,0,0,0,0,0,0,0,0,0,0,0,0,0,0,0,0,0,0,0,0,0,0,0,0,0,0,0,0,0,0,0,0,0,0,0,0,0,0,0,0,0,0,0,0,0,0,0,0,10,214,178,12,0,0,0,0,0,0,0,0,0,0,0,0,0,0,0,0,0,0,0,0,0,0,0,0,53,254,254,62,0,0,0,0,0,0,0,0,0,0,0,0,0,0,0,0,0,0,0,0,0,0,0,3,164,254,254,105,0,0,0,0,0,0,0,0,0,0,0,0,0,0,0,0,0,0,0,0,0,0,21,129,254,254,207,42,0,0,0,0,0,0,0,0,0,0,0,0,0,0,0,0,0,0,0,0,0,0,74,254,254,254,98,0,0,0,0,0,0,0,0,0,0,0,0,0,0,0,0,0,0,0,0,0,0,35,192,254,254,185,2,0,0,0,0,0,0,0,0,0,0,0,0,0,0,0,0,0,0,0,0,0,0,121,254,254,251,61,0,0,0,0,0,0,0,0,0,0,0,0,0,0,0,0,0,0,0,0,0,0,18,196,254,254,177,0,0,0,0,0,0,0,0,0,0,0,0,0,0,0,0,0,0,0,0,0,0,0,119,254,254,250,16,0,0,0,0,0,0,0,0,0,0,0,0,0,0,0,0,0,0,0,0,0,0,0,177,254,254,185,0,0,0,0,0,0,0,0,0,0,0,0,0,0,0,0,0,0,0,0,0,0,0,21,239,254,254,62,0,0,0,0,53,69,0,0,0,0,0,0,0,0,0,0,0,0,0,0,0,0,0,146,254,254,193,1,0,0,42,182,253,253,102,0,0,0,0,0,0,0,0,0,0,0,0,0,0,0,0,235,254,254,192,0,0,0,225,254,254,254,234,0,0,0,0,0,0,0,0,0,0,0,0,0,0,0,11,237,254,254,94,0,7,198,254,254,254,254,221,0,0,0,0,0,0,0,0,0,0,0,0,0,0,0,84,254,254,243,25,4,197,254,254,254,254,254,98,0,0,0,0,0,0,0,0,0,0,0,0,0,0,0,84,254,255,145,6,154,254,254,254,254,254,207,13,0,0,0,0,0,0,0,0,0,0,0,0,0,0,0,84,254,254,209,156,254,254,254,254,254,233,24,0,0,0,0,0,0,0,0,0,0,0,0,0,0,0,0,46,246,254,254,254,254,254,254,254,210,80,0,0,0,0,0,0,0,0,0,0,0,0,0,0,0,0,0,0,211,254,254,254,254,254,232,137,23,0,0,0,0,0,0,0,0,0,0,0,0,0,0,0,0,0,0,0,24,119,199,254,254,190,50,0,0,0,0,0,0,0,0,0,0,0,0,0,0,0,0,0,0,0,0,0,0,0,0,0,0,0,0,0,0,0,0,0,0,0,0,0,0,0,0,0,0,0,0,0,0,0,0,0,0,0,0,0,0,0,0,0,0,0,0,0,0,0,0,0,0,0,0,0,0,0,0,0,0,0,0,0,0,0,0,0,0,0,0,0,0,0,0,0,0,0,0,0,0,0,0,0,0,0,0,0,0,0,0,0,0,0,0,0,0,0,0,0,0,0,0,0,0,0,0,0,0,0,0,0,0,0,0,0,0,0,0,0,0,0,0,0,0,0,0,0,0,0,0,0,0,0,0,0,0,0,0,0,0,0,0,0,0,0,0,0,0,0,0,0,0,0,0,0,0,0,0,0,0,0,0,0,0,0,0
0,0,0,0,0,0,0,0,0,0,0,0,0,0,0,0,0,0,0,0,0,0,0,0,0,0,0,0,0,0,0,0,0,0,0,0,0,0,0,0,0,0,0,0,0,0,0,0,0,0,0,0,0,0,0,0,0,0,0,0,0,0,0,0,0,0,0,0,0,0,0,0,0,0,0,0,0,0,0,0,0,0,0,0,0,0,0,0,0,0,0,0,0,0,0,0,0,0,0,0,0,0,0,0,0,0,0,0,0,0,0,0,0,0,0,0,0,0,0,0,0,0,0,0,0,0,0,0,0,0,0,0,0,0,0,0,0,0,0,0,0,0,0,0,0,0,0,0,0,0,0,0,0,0,0,0,0,0,0,0,0,0,0,0,0,0,0,0,0,0,0,0,0,0,0,0,0,0,0,0,0,0,0,9,36,81,154,38,36,114,125,130,38,0,0,0,0,0,0,0,0,0,0,0,0,0,0,0,0,0,34,156,254,254,254,254,254,254,254,254,175,4,0,0,0,0,0,0,0,0,0,0,0,0,0,0,2,138,231,254,254,254,254,188,213,196,221,254,254,51,0,0,0,0,0,0,0,0,0,0,0,0,0,0,90,254,254,254,186,165,110,6,20,9,48,230,254,191,0,0,0,0,0,0,0,0,0,0,0,0,38,157,253,254,237,65,7,0,0,0,0,0,66,254,254,31,0,0,0,0,0,0,0,0,0,0,0,94,170,254,254,240,128,36,0,0,0,0,0,2,96,230,205,65,0,0,0,0,0,0,0,0,0,0,6,196,254,254,243,102,0,0,0,0,0,0,0,26,222,254,201,8,0,0,0,0,0,0,0,0,0,0,74,254,254,254,111,0,0,0,0,0,0,0,0,68,254,254,153,0,0,0,0,0,0,0,0,0,0,9,191,254,254,254,11,0,0,0,0,0,0,0,0,112,254,254,153,0,0,0,0,0,0,0,0,0,0,56,216,254,254,186,8,0,0,0,0,0,0,0,10,137,254,254,118,0,0,0,0,0,0,0,0,0,0,100,254,254,254,85,0,0,0,0,0,0,0,0,75,254,254,223,22,0,0,0,0,0,0,0,0,0,125,246,254,254,173,3,0,0,0,0,0,0,0,172,245,254,225,40,0,0,0,0,0,0,0,0,0,0,87,254,254,254,160,0,0,0,0,0,10,57,239,254,253,220,37,0,0,0,0,0,0,0,0,0,0,0,186,254,254,254,71,30,30,97,148,148,230,255,254,239,143,0,0,0,0,0,0,0,0,0,0,0,0,0,159,254,254,254,254,254,254,254,254,254,254,237,207,46,0,0,0,0,0,0,0,0,0,0,0,0,0,0,139,254,254,254,254,254,254,254,254,254,235,119,0,0,0,0,0,0,0,0,0,0,0,0,0,0,0,0,4,125,228,254,254,219,168,53,53,53,37,0,0,0,0,0,0,0,0,0,0,0,0,0,0,0,0,0,0,0,24,35,35,21,0,0,0,0,0,0,0,0,0,0,0,0,0,0,0,0,0,0,0,0,0,0,0,0,0,0,0,0,0,0,0,0,0,0,0,0,0,0,0,0,0,0,0,0,0,0,0,0,0,0,0,0,0,0,0,0,0,0,0,0,0,0,0,0,0,0,0,0,0,0,0,0,0,0,0,0,0,0,0,0,0,0,0,0,0,0,0,0,0,0,0,0,0,0,0,0,0,0,0,0,0,0,0,0,0,0,0,0,0,0,0,0,0,0,0,0,0,0,0,0,0,0,0,0,0,0,0,0,0
7,0,0,0,0,0,0,0,0,0,0,0,0,0,0,0,0,0,0,0,0,0,0,0,0,0,0,0,0,0,0,0,0,0,0,0,0,0,0,0,0,0,0,0,0,0,0,0,0,0,0,0,0,0,0,0,0,0,0,0,0,0,0,0,0,0,0,0,0,0,0,0,0,0,0,0,0,0,0,0,0,0,0,0,0,0,0,0,0,0,0,0,0,0,0,0,0,0,0,0,0,0,0,0,0,0,0,0,0,0,0,0,0,0,0,0,0,0,0,0,0,0,0,0,0,0,0,0,0,0,0,0,0,0,0,0,0,0,0,0,0,0,0,0,0,0,0,0,0,0,0,0,0,0,0,0,0,0,0,0,0,0,0,0,0,0,0,0,0,0,0,0,0,0,0,0,0,0,0,0,0,0,0,0,0,0,0,0,0,0,0,0,0,0,0,0,0,0,0,0,0,0,0,68,245,227,148,43,11,0,0,0,0,0,0,0,0,0,0,0,0,0,0,0,0,0,0,0,0,0,15,211,252,252,252,253,205,137,64,0,0,0,0,0,0,0,0,0,0,0,0,0,0,0,0,0,0,0,105,252,252,247,231,253,252,252,247,232,216,127,30,16,0,0,0,0,0,0,0,0,0,0,0,0,0,0,253,252,252,119,0,84,120,194,252,252,253,252,252,231,81,0,0,0,0,0,0,0,0,0,0,0,0,0,147,226,252,128,0,0,0,4,42,42,60,147,155,252,252,132,0,0,0,0,0,0,0,0,0,0,0,0,0,191,253,190,0,0,0,0,0,0,0,0,0,98,247,255,63,0,0,0,0,0,0,0,0,0,0,0,0,190,252,189,0,0,0,0,0,0,0,0,0,0,211,253,63,0,0,0,0,0,0,0,0,0,0,0,0,51,126,95,0,0,0,0,9,0,0,0,0,0,211,253,63,0,0,0,0,0,0,0,0,0,0,0,0,0,0,0,0,0,22,160,204,169,170,169,117,64,221,253,63,0,0,0,0,0,0,0,0,0,0,0,0,0,0,0,0,0,128,252,252,252,253,252,252,252,252,253,221,211,211,124,0,0,0,0,0,0,0,0,0,0,0,0,0,0,0,98,106,18,0,0,0,170,253,194,106,106,106,106,0,0,0,0,0,0,0,0,0,0,0,0,0,0,0,0,0,0,0,0,8,197,252,0,0,0,0,0,0,0,0,0,0,0,0,0,0,0,0,0,0,0,0,0,0,0,0,0,119,252,190,0,0,0,0,0,0,0,0,0,0,0,0,0,0,0,0,0,0,0,0,0,0,0,0,0,197,236,31,0,0,0,0,0,0,0,0,0,0,0,0,0,0,0,0,0,0,0,0,0,0,0,0,116,249,189,0,0,0,0,0,0,0,0,0,0,0,0,0,0,0,0,0,0,0,0,0,0,0,0,25,227,250,115,0,0,0,0,0,0,0,0,0,0,0,0,0,0,0,0,0,0,0,0,0,0,0,0,114,252,152,0,0,0,0,0,0,0,0,0,0,0,0,0,0,0,0,0,0,0,0,0,0,0,0,62,253,252,170,0,0,0,0,0,0,0,0,0,0,0,0,0,0,0,0,0,0,0,0,0,0,0,0,211,253,231,51,0,0,0,0,0,0,0,0,0,0,0,0,0,0,0,0,0,0,0,0,0,0,0,0,124,147,54,0,0,0,0,0,0,0,0,0,0,0,0,0,0,0,0,0,0,0,0,0,0,0,0,0,0,0,0,0,0,0,0,0,0,0,0,0,0,0
5,0,0,0,0,0,0,0,0,0,0,0,0,0,0,0,0,0,0,0,0,0,0,0,0,0,0,0,0,0,0,0,0,0,0,0,0,0,0,0,0,0,0,0,0,0,0,0,0,0,0,0,0,0,0,0,0,0,0,0,0,0,0,0,0,0,0,0,0,0,0,0,0,0,0,0,0,0,0,0,0,0,0,0,0,0,0,0,0,0,0,0,0,0,0,0,0,0,0,0,0,0,0,0,0,0,0,0,0,0,0,0,0,0,0,0,0,0,0,0,0,0,0,0,0,0,0,0,0,0,0,0,0,0,0,0,0,0,0,0,0,0,0,0,0,0,0,0,0,0,0,0,0,0,0,0,0,0,0,2,89,215,167,0,0,0,0,0,0,0,0,0,0,0,0,0,0,0,0,0,4,34,6,0,12,49,107,190,254,245,81,0,0,0,0,0,0,0,0,0,0,0,0,0,0,0,0,0,47,229,112,160,233,254,254,254,220,72,0,0,0,0,0,0,0,0,0,0,0,0,0,0,0,0,0,16,214,254,254,254,254,254,221,76,11,0,0,0,0,0,0,0,0,0,0,0,0,0,0,0,0,0,0,51,237,254,228,186,128,49,13,0,0,0,0,0,0,0,0,0,0,0,0,0,0,0,0,0,0,0,8,168,227,56,16,0,0,0,0,0,0,0,0,0,0,0,0,0,0,0,0,0,0,0,0,0,0,0,15,228,199,58,82,114,58,54,0,0,0,0,0,0,0,0,0,0,0,0,0,0,0,0,0,0,0,0,116,254,254,254,254,254,254,220,108,0,0,0,0,0,0,0,0,0,0,0,0,0,0,0,0,0,0,11,189,254,254,254,254,254,255,254,252,102,0,0,0,0,0,0,0,0,0,0,0,0,0,0,0,0,0,0,152,238,171,98,37,64,93,230,254,194,0,0,0,0,0,0,0,0,0,0,0,0,0,0,0,0,0,0,0,0,0,0,0,0,0,11,231,253,48,0,0,0,0,0,0,0,0,0,0,0,0,0,0,0,0,0,0,0,0,0,0,0,0,0,130,244,35,0,0,0,0,0,0,0,0,0,0,0,0,0,0,0,0,0,0,0,0,0,0,0,0,0,133,203,13,0,0,0,0,0,0,0,0,0,0,0,0,0,0,0,0,0,0,0,0,0,0,0,0,8,173,194,0,0,0,0,0,0,0,0,0,0,0,0,0,0,0,0,0,0,0,0,0,0,0,0,0,44,254,168,0,0,0,0,0,0,0,0,0,0,0,0,0,0,0,0,0,0,0,0,0,0,0,0,37,218,249,46,0,0,0,0,0,0,0,0,0,0,0,0,0,0,0,0,0,0,47,10,0,0,0,110,244,254,138,0,0,0,0,0,0,0,0,0,0,0,0,0,0,0,0,0,0,126,249,234,158,148,225,253,254,143,7,0,0,0,0,0,0,0,0,0,0,0,0,0,0,0,0,0,8,213,254,254,254,254,254,230,148,5,0,0,0,0,0,0,0,0,0,0,0,0,0,0,0,0,0,0,1,82,211,254,254,254,176,37,0,0,0,0,0,0,0,0,0,0,0,0,0,0,0,0,0,0,0,0,0,0,0,0,0,0,0,0,0,0,0,0,0,0,0,0,0,0,0,0,0,0,0,0,0,0,0,0,0,0,0,0,0,0,0,0,0,0,0,0,0,0,0,0,0,0,0,0,0,0,0,0,0,0,0,0,0,0,0,0,0,0,0,0,0,0,0,0,0,0,0,0,0,0,0,0,0
1,0,0,0,0,0,0,0,0,0,0,0,0,0,0,0,0,0,0,0,0,0,0,0,0,0,0,0,0,0,0,0,0,0,0,0,0,0,0,0,0,0,0,0,0,0,0,0,0,0,0,0,0,0,0,0,0,0,0,0,0,0,0,0,0,0,0,0,0,0,0,0,0,0,0,0,0,0,0,0,0,0,0,0,0,0,0,0,0,0,0,0,0,0,0,0,0,0,0,0,0,0,0,0,0,0,0,0,0,0,0,0,0,0,0,0,0,0,0,0,0,0,0,0,0,0,0,0,0,0,0,0,0,0,0,0,0,0,0,0,0,0,0,0,0,0,0,0,0,0,0,0,0,0,0,0,0,0,191,255,64,0,0,0,0,0,0,0,0,0,0,0,0,0,0,0,0,0,0,0,0,0,0,0,0,191,255,255,255,0,0,0,0,0,0,0,0,0,0,0,0,0,0,0,0,0,0,0,0,0,0,0,64,255,255,191,64,0,0,0,0,0,0,0,0,0,0,0,0,0,0,0,0,0,0,0,0,0,0,0,128,255,255,64,0,0,0,0,0,0,0,0,0,0,0,0,0,0,0,0,0,0,0,0,0,0,0,64,255,255,64,0,0,0,0,0,0,0,0,0,0,0,0,0,0,0,0,0,0,0,0,0,0,0,0,255,255,255,0,0,0,0,0,0,0,0,0,0,0,0,0,0,0,0,0,0,0,0,0,0,0,0,64,255,255,191,0,0,0,0,0,0,0,0,0,0,0,0,0,0,0,0,0,0,0,0,0,0,0,0,191,255,191,64,0,0,0,0,0,0,0,0,0,0,0,0,0,0,0,0,0,0,0,0,0,0,0,64,255,255,128,0,0,0,0,0,0,0,0,0,0,0,0,0,0,0,0,0,0,0,0,0,0,0,0,128,255,255,0,0,0,0,0,0,0,0,0,0,0,0,0,0,0,0,0,0,0,0,0,0,0,0,0,191,255,128,0,0,0,0,0,0,0,0,0,0,0,0,0,0,0,0,0,0,0,0,0,0,0,0,128,255,255,0,0,0,0,0,0,0,0,0,0,0,0,0,0,0,0,0,0,0,0,0,0,0,0,0,255,255,255,0,0,0,0,0,0,0,0,0,0,0,0,0,0,0,0,0,0,0,0,0,0,0,0,0,255,255,128,0,0,0,0,0,0,0,0,0,0,0,0,0,0,0,0,0,0,0,0,0,0,0,0,128,255,255,64,0,0,0,0,0,0,0,0,0,0,0,0,0,0,0,0,0,0,0,0,0,0,0,0,128,255,128,0,0,0,0,0,0,0,0,0,0,0,0,0,0,0,0,0,0,0,0,0,0,0,0,0,255,255,128,0,0,0,0,0,0,0,0,0,0,0,0,0,0,0,0,0,0,0,0,0,0,0,0,0,191,255,128,0,0,0,0,0,0,0,0,0,0,0,0,0,0,0,0,0,0,0,0,0,0,0,0,0,64,255,191,64,0,0,0,0,0,0,0,0,0,0,0,0,0,0,0,0,0,0,0,0,0,0,0,0,0,191,255,255,255,0,0,0,0,0,0,0,0,0,0,0,0,0,0,0,0,0,0,0,0,0,0,0,0,0,0,0,0,0,0,0,0,0,0,0,0,0,0,0,0,0,0,0,0,0,0,0,0,0,0,0,0,0,0,0,0,0,0,0,0,0,0,0,0,0,0,0,0,0,0,0,0,0,0,0,0,0,0,0,0,0,0,0,0,0,0,0,0,0,0,0,0,0,0,0,0,0
6,0,0,0,0,0,0,0,0,0,0,0,0,0,0,0,0,0,0,0,0,0,0,0,0,0,0,0,0,0,0,0,0,0,0,0,0,0,0,0,0,0,0,0,0,0,0,0,0,0,0,0,0,0,0,0,0,0,0,0,0,0,0,0,0,0,0,0,0,0,26,153,254,163,0,0,0,0,0,0,0,0,0,0,0,0,0,0,0,0,0,0,0,0,0,0,0,0,110,254,244,87,0,0,0,0,0,0,0,0,0,0,0,0,0,0,0,0,0,0,0,0,0,0,0,3,191,254,198,0,0,0,0,0,0,0,0,0,0,0,0,0,0,0,0,0,0,0,0,0,0,0,0,91,253,254,81,0,0,0,0,0,0,0,0,0,0,0,0,0,0,0,0,0,0,0,0,0,0,0,0,141,254,255,23,0,0,0,0,0,0,0,0,0,0,0,0,0,0,0,0,0,0,0,0,0,0,0,26,232,253,190,2,0,0,0,0,0,0,0,0,0,0,0,0,0,0,0,0,0,0,0,0,0,0,0,123,253,253,142,0,0,0,0,0,0,0,0,0,0,0,0,0,0,0,0,0,0,0,0,0,0,0,0,206,253,253,25,0,0,0,0,0,0,0,0,0,0,0,0,0,0,0,0,0,0,0,0,0,0,0,0,231,254,161,0,0,0,0,0,0,0,0,0,0,0,0,0,0,0,0,0,0,0,0,0,0,0,0,64,251,253,143,0,0,0,0,0,0,0,0,0,0,0,0,0,0,0,0,0,0,0,0,0,0,0,0,70,253,253,69,24,40,40,24,0,0,0,0,0,0,0,0,0,0,0,0,0,0,0,0,0,0,0,0,70,253,253,203,254,253,253,253,127,9,0,0,0,0,0,0,0,0,0,0,0,0,0,0,0,0,0,0,162,254,254,254,254,254,254,254,254,186,13,0,0,0,0,0,0,0,0,0,0,0,0,0,0,0,0,0,161,253,253,253,241,156,115,182,254,253,184,13,0,0,0,0,0,0,0,0,0,0,0,0,0,0,0,0,161,253,253,168,34,0,0,0,203,253,253,69,0,0,0,0,0,0,0,0,0,0,0,0,0,0,0,0,69,245,253,103,0,0,0,0,70,253,253,69,0,0,0,0,0,0,0,0,0,0,0,0,0,0,0,0,0,231,254,186,26,0,0,0,221,254,254,69,0,0,0,0,0,0,0,0,0,0,0,0,0,0,0,0,0,146,253,253,214,138,138,206,254,253,130,6,0,0,0,0,0,0,0,0,0,0,0,0,0,0,0,0,0,25,163,246,254,253,253,253,247,213,25,0,0,0,0,0,0,0,0,0,0,0,0,0,0,0,0,0,0,0,0,84,161,245,211,160,50,0,0,0,0,0,0,0,0,0,0,0,0,0,0,0,0,0,0,0,0,0,0,0,0,0,0,0,0,0,0,0,0,0,0,0,0,0,0,0,0,0,0,0,0,0,0,0,0,0,0,0,0,0,0,0,0,0,0,0,0,0,0,0,0,0,0,0,0,0,0,0,0,0,0,0,0,0,0,0,0,0,0,0,0,0,0,0,0,0,0,0,0,0,0,0,0,0,0,0,0,0,0,0,0,0,0,0,0,0,0,0,0,0,0,0,0,0,0,0,0,0,0,0,0,0,0,0,0,0,0,0,0,0,0,0,0,0,0,0,0,0,0,0,0,0,0,0,0,0,0,0,0,0,0,0,0,0,0,0,0,0,0,0,0,0,0,0,0,0,0,0,0,0,0,0,0,0
1,0,0,0,0,0,0,0,0,0,0,0,0,0,0,0,0,0,0,0,0,0,0,0,0,0,0,0,0,0,0,0,0,0,0,0,0,0,0,0,0,0,0,0,0,0,0,0,0,0,0,0,0,0,0,0,0,0,0,0,0,0,0,0,0,0,0,0,0,0,0,0,0,0,0,0,0,0,0,0,0,0,0,0,0,0,0,0,0,0,0,0,0,0,0,0,0,0,0,0,0,0,0,0,0,0,0,0,0,0,0,0,0,0,0,0,0,0,0,0,0,0,0,0,0,0,0,0,0,0,0,0,0,0,0,0,0,0,0,0,0,0,0,0,0,0,0,0,0,0,0,0,83,255,239,51,0,0,0,0,0,0,0,0,0,0,0,0,0,0,0,0,0,0,0,0,0,0,0,0,143,253,253,216,0,0,0,0,0,0,0,0,0,0,0,0,0,0,0,0,0,0,0,0,0,0,0,0,73,253,253,219,7,0,0,0,0,0,0,0,0,0,0,0,0,0,0,0,0,0,0,0,0,0,0,0,31,253,253,253,86,0,0,0,0,0,0,0,0,0,0,0,0,0,0,0,0,0,0,0,0,0,0,0,67,253,253,253,86,0,0,0,0,0,0,0,0,0,65,11,0,0,0,0,0,0,0,0,0,0,0,0,19,253,253,253,86,0,0,0,0,0,0,0,0,0,106,18,0,0,0,0,0,0,0,0,0,0,0,0,19,253,253,253,86,0,0,0,0,0,0,0,0,0,106,18,0,0,0,0,0,0,0,0,0,0,0,0,19,253,253,253,86,0,0,0,0,0,0,0,0,0,106,18,0,0,0,0,0,0,0,0,0,0,0,0,19,253,253,253,86,0,0,0,0,0,0,0,0,0,83,14,0,0,0,0,0,0,0,0,0,0,0,0,5,176,253,253,86,0,0,0,0,0,0,0,0,0,0,0,0,0,0,0,0,0,0,0,0,0,0,0,6,177,238,129,44,0,0,0,0,0,0,0,0,0,0,0,0,0,0,0,0,0,0,0,0,0,0,0,19,253,253,253,86,0,0,0,0,0,0,0,0,0,0,0,0,0,0,0,0,0,0,0,0,0,0,0,13,220,253,253,86,0,0,0,0,0,0,0,0,0,0,0,0,0,0,0,0,0,0,0,0,0,0,0,0,149,253,253,86,0,0,0,0,0,0,0,0,0,0,0,0,0,0,0,0,0,0,0,0,0,0,0,7,187,253,253,86,0,0,0,0,0,0,0,0,0,0,0,0,0,0,0,0,0,0,0,0,0,0,0,19,253,253,253,86,0,0,0,0,0,0,0,0,0,0,0,0,0,0,0,0,0,0,0,0,0,0,0,11,210,253,253,86,0,0,0,0,0,0,0,0,0,0,0,0,0,0,0,0,0,0,0,0,0,0,0,0,149,253,253,140,0,0,0,0,0,0,0,0,0,0,0,0,0,0,0,0,0,0,0,0,0,0,0,0,149,253,253,152,0,0,0,0,0,0,0,0,0,0,0,0,0,0,0,0,0,0,0,0,0,0,0,0,16,205,156,2,0,0,0,0,0,0,0,0,0,104,18,0,0,0,0,0,0,0,0,0,0,0,0,0,0,0,0,0,0,0,0,0,0,0,0,0,0,0,0,0,0,0,0,0,0,0,0,0,0,0,0,0,0,0,0,0,0,0,0,0,0,0,0,0,0,0,0,0,0,0,0,0,0,0,0,0,0,0,0,0,0,0,0,0,0,0,0,0,0,0,0,0,0,0,0,0
0,0,0,0,0,0,0,0,0,0,0,0,0,0,0,0,0,0,0,0,0,0,0,0,0,0,0,0,0,0,0,0,0,0,0,0,0,0,0,0,0,0,0,0,0,0,0,0,0,0,0,0,0,0,0,0,0,0,0,0,0,0,0,0,0,0,0,0,0,0,0,0,0,0,0,0,0,0,0,0,0,0,0,0,0,0,0,0,0,0,0,0,0,0,0,0,0,0,0,0,0,0,0,0,0,0,0,0,0,0,0,0,0,0,0,0,0,0,0,0,0,0,0,0,0,0,0,0,0,0,0,0,0,0,0,0,0,0,0,0,0,0,0,0,0,0,0,0,0,0,0,0,101,113,207,253,255,253,119,0,0,0,0,0,0,0,0,0,0,0,0,0,0,0,0,0,0,0,0,101,249,252,252,252,253,252,246,209,85,86,9,0,0,0,0,0,0,0,0,0,0,0,0,0,0,0,0,144,252,252,252,252,253,252,252,252,252,253,78,13,0,0,0,0,0,0,0,0,0,0,0,0,0,0,95,253,252,252,249,145,146,223,246,252,252,253,252,155,10,0,0,0,0,0,0,0,0,0,0,0,0,16,203,253,252,252,223,0,0,0,88,112,112,253,252,252,161,0,0,0,0,0,0,0,0,0,0,0,0,92,253,255,253,253,84,0,0,0,0,0,63,63,241,253,225,0,0,0,0,0,0,0,0,0,0,0,51,243,252,253,252,154,9,0,0,0,0,0,15,0,225,252,223,0,0,0,0,0,0,0,0,0,0,0,57,252,252,253,252,55,0,0,0,0,0,0,0,0,225,252,223,0,0,0,0,0,0,0,0,0,0,10,156,252,252,253,179,19,0,0,0,0,0,0,0,0,225,252,223,0,0,0,0,0,0,0,0,0,0,163,252,252,252,253,27,0,0,0,0,0,0,0,0,0,225,252,223,0,0,0,0,0,0,0,0,0,0,226,253,253,253,141,0,0,0,0,0,0,0,0,0,0,226,253,225,0,0,0,0,0,0,0,0,0,0,225,252,252,252,140,0,0,0,0,0,0,0,0,0,147,249,252,99,0,0,0,0,0,0,0,0,0,0,225,252,252,252,31,0,0,0,0,0,0,0,0,0,253,252,208,19,0,0,0,0,0,0,0,0,0,0,225,252,252,252,0,0,0,0,0,0,0,0,0,0,253,252,180,0,0,0,0,0,0,0,0,0,0,0,225,252,252,252,0,0,0,0,0,0,0,0,0,79,253,252,55,0,0,0,0,0,0,0,0,0,0,0,226,253,253,253,141,0,0,0,0,0,0,26,128,253,255,106,0,0,0,0,0,0,0,0,0,0,0,0,72,233,252,252,241,100,19,10,163,226,225,231,252,252,168,18,0,0,0,0,0,0,0,0,0,0,0,0,0,88,252,252,253,252,209,203,252,253,252,252,245,118,0,0,0,0,0,0,0,0,0,0,0,0,0,0,0,51,227,252,253,252,252,252,252,240,223,192,74,0,0,0,0,0,0,0,0,0,0,0,0,0,0,0,0,0,13,189,253,252,252,252,173,63,0,0,0,0,0,0,0,0,0,0,0,0,0,0,0,0,0,0,0,0,0,0,0,0,0,0,0,0,0,0,0,0,0,0,0,0,0,0,0,0,0,0,0,0,0,0,0,0,0,0,0,0,0,0,0,0,0,0,0,0,0,0,0,0,0,0,0,0,0,0,0,0,0,0,0,0,0,0,0,0,0,0,0,0,0,0,0,0,0,0,0,0,0,0,0,0
3,0,0,0,0,0,0,0,0,0,0,0,0,0,0,0,0,0,0,0,0,0,0,0,0,0,0,0,0,0,0,0,0,0,0,0,0,0,0,0,0,0,0,0,0,0,0,0,0,0,0,0,0,0,0,0,0,0,0,0,0,0,0,0,0,0,0,0,0,0,0,0,0,0,0,0,0,0,0,0,0,0,0,0,0,0,0,0,0,0,0,0,0,0,0,0,0,0,0,0,0,0,0,0,0,0,0,0,0,0,0,0,0,0,0,0,0,0,0,0,0,0,0,0,36,159,214,213,130,5,0,0,0,0,0,0,0,0,0,0,0,0,0,0,0,0,0,0,0,3,29,178,237,254,254,254,254,208,26,0,0,0,0,0,0,0,0,0,0,0,0,0,0,0,0,0,0,25,254,254,254,225,127,131,254,254,53,0,0,0,0,0,0,0,0,0,0,0,0,0,0,0,0,0,0,1,107,140,57,3,0,15,254,254,53,0,0,0,0,0,0,0,0,0,0,0,0,0,0,0,0,0,0,0,0,0,0,0,5,147,254,250,48,0,0,0,0,0,0,0,0,0,0,0,0,0,0,0,0,0,0,0,0,0,0,0,49,254,254,178,0,0,0,0,0,0,0,0,0,0,0,0,0,0,0,0,0,0,0,0,0,0,0,69,206,254,254,59,0,0,0,0,0,0,0,0,0,0,0,0,0,0,0,0,0,0,0,0,0,5,108,242,254,254,254,110,4,0,0,0,0,0,0,0,0,0,0,0,0,0,0,0,0,0,0,0,0,54,254,254,254,254,254,254,190,28,0,0,0,0,0,0,0,0,0,0,0,0,0,0,0,0,0,0,0,3,159,254,245,201,139,206,245,246,103,11,0,0,0,0,0,0,0,0,0,0,0,0,0,0,0,0,0,0,22,48,39,0,0,0,82,250,254,100,0,0,0,0,0,0,0,0,0,0,0,0,0,0,0,0,0,0,0,0,0,0,0,0,3,195,254,182,0,0,0,0,0,0,0,0,0,0,0,0,0,0,0,0,0,0,0,0,0,0,0,0,152,254,254,233,0,0,0,0,0,0,0,0,0,0,0,0,0,0,0,0,0,0,0,0,0,0,0,116,244,254,253,112,0,0,0,0,0,0,0,0,0,0,0,0,0,0,0,0,0,0,0,0,0,5,102,248,254,254,125,0,0,0,0,0,0,0,0,0,0,0,0,0,0,0,9,21,0,0,0,0,8,88,254,254,253,89,3,0,0,0,0,0,0,0,0,0,0,0,0,0,0,0,171,207,0,0,3,73,203,254,254,197,112,0,0,0,0,0,0,0,0,0,0,0,0,0,0,0,0,0,251,212,95,160,205,254,254,254,234,14,0,0,0,0,0,0,0,0,0,0,0,0,0,0,0,0,0,0,87,235,254,254,254,254,248,173,20,0,0,0,0,0,0,0,0,0,0,0,0,0,0,0,0,0,0,0,0,62,158,194,202,187,92,0,0,0,0,0,0,0,0,0,0,0,0,0,0,0,0,0,0,0,0,0,0,0,0,0,0,0,0,0,0,0,0,0,0,0,0,0,0,0,0,0,0,0,0,0,0,0,0,0,0,0,0,0,0,0,0,0,0,0,0,0,0,0,0,0,0,0,0,0,0,0,0,0,0,0,0,0,0,0,0,0,0,0,0,0,0,0,0,0,0,0,0,0,0,0,0,0,0,0,0,0,0,0,0,0,0,0,0,0,0,0,0,0,0,0,0,0,0,0,0,0,0,0,0,0,0
1,0,0,0,0,0,0,0,0,0,0,0,0,0,0,0,0,0,0,0,0,0,0,0,0,0,0,0,0,0,0,0,0,0,0,0,0,0,0,0,0,0,0,0,0,0,0,0,0,0,0,0,0,0,0,0,0,0,0,0,0,0,0,0,0,0,0,0,0,0,0,0,0,0,0,0,0,0,0,0,0,0,0,0,0,0,0,0,0,0,0,0,0,0,0,0,0,0,0,0,0,0,0,0,0,0,0,0,0,0,0,0,0,0,0,0,0,0,0,0,0,0,0,0,0,0,0,14,193,143,0,0,0,0,0,0,0,0,0,0,0,0,0,0,0,0,0,0,0,0,0,0,0,0,0,109,254,237,0,0,0,0,0,0,0,0,0,0,0,0,0,0,0,0,0,0,0,0,0,0,0,0,0,5,183,253,64,0,0,0,0,0,0,0,0,0,0,0,0,0,0,0,0,0,0,0,0,0,0,0,0,0,211,246,36,0,0,0,0,0,0,0,0,0,0,0,0,0,0,0,0,0,0,0,0,0,0,0,0,0,171,237,0,0,0,0,0,0,0,0,0,0,0,0,0,0,0,0,0,0,0,0,0,0,0,0,0,2,189,170,0,0,0,0,0,0,0,0,0,0,0,0,0,0,0,0,0,0,0,0,0,0,0,0,0,45,254,147,0,0,0,0,0,0,0,0,0,0,0,0,0,0,0,0,0,0,0,0,0,0,0,0,0,71,254,147,0,0,0,0,0,0,0,0,0,0,0,0,0,0,0,0,0,0,0,0,0,0,0,0,0,134,254,64,0,0,0,0,0,0,0,0,0,0,0,0,0,0,0,0,0,0,0,0,0,0,0,0,0,182,238,28,0,0,0,0,0,0,0,0,0,0,0,0,0,0,0,0,0,0,0,0,0,0,0,0,49,249,149,0,0,0,0,0,0,0,0,0,0,0,0,0,0,0,0,0,0,0,0,0,0,0,0,0,65,254,133,0,0,0,0,0,0,0,0,0,0,0,0,0,0,0,0,0,0,0,0,0,0,0,0,0,148,254,132,0,0,0,0,0,0,0,0,0,0,0,0,0,0,0,0,0,0,0,0,0,0,0,0,0,208,254,44,0,0,0,0,0,0,0,0,0,0,0,0,0,0,0,0,0,0,0,0,0,0,0,0,0,182,254,76,0,0,0,0,0,0,0,0,0,0,0,0,0,0,0,0,0,0,0,0,0,0,0,0,16,233,229,20,0,0,0,0,0,0,0,0,0,0,0,0,0,0,0,0,0,0,0,0,0,0,0,0,72,254,195,0,0,0,0,0,0,0,0,0,0,0,0,0,0,0,0,0,0,0,0,0,0,0,0,0,72,254,134,56,0,0,0,0,0,0,0,0,0,0,0,0,0,0,0,0,0,0,0,0,0,0,0,0,72,254,252,148,0,0,0,0,0,0,0,0,0,0,0,0,0,0,0,0,0,0,0,0,0,0,0,0,72,234,105,0,0,0,0,0,0,0,0,0,0,0,0,0,0,0,0,0,0,0,0,0,0,0,0,0,0,0,0,0,0,0,0,0,0,0,0,0,0,0,0,0,0,0,0,0,0,0,0,0,0,0,0,0,0,0,0,0,0,0,0,0,0,0,0,0,0,0,0,0,0,0,0,0,0,0,0,0,0,0,0,0,0,0,0,0,0,0,0,0,0,0,0,0,0,0,0,0,0,0,0,0,0,0,0,0,0,0,0,0,0,0,0,0,0,0,0,0,0,0,0,0,0,0,0,0
2,0,0,0,0,0,0,0,0,0,0,0,0,0,0,0,0,0,0,0,0,0,0,0,0,0,0,0,0,0,0,0,0,0,0,0,0,0,0,0,0,0,0,0,0,0,0,0,0,0,0,0,0,0,0,0,0,0,0,0,0,0,0,0,0,0,0,0,0,0,0,0,0,0,0,0,0,0,0,0,0,0,0,0,0,0,0,0,0,0,0,0,0,0,0,0,0,0,0,0,0,0,0,0,0,0,0,0,0,0,0,0,0,0,0,0,0,0,0,0,0,0,0,0,0,0,0,0,0,0,0,0,0,0,0,0,0,0,0,0,0,0,0,0,0,0,0,0,0,0,0,0,0,0,0,0,0,0,0,0,0,0,0,0,0,0,0,0,0,0,0,0,0,0,0,0,0,0,0,0,0,0,0,0,0,0,0,0,0,0,0,0,0,0,0,0,0,0,0,0,0,0,0,0,0,0,0,0,0,0,0,0,4,0,0,0,0,0,0,0,0,0,0,0,0,0,0,0,0,0,0,0,98,169,152,76,76,166,169,169,201,169,169,169,152,70,0,0,0,0,0,0,0,0,0,0,0,0,30,180,250,254,210,206,140,113,113,113,113,113,113,175,215,252,204,86,7,0,0,0,0,0,0,0,0,0,237,230,103,47,4,0,0,0,0,0,0,0,0,0,9,47,113,236,158,5,0,0,0,0,0,0,0,0,110,36,0,0,0,0,0,0,0,0,0,0,0,0,0,0,0,38,241,66,0,0,0,0,0,0,0,0,0,0,0,0,0,0,0,0,0,0,0,0,0,0,0,0,0,0,217,66,0,0,0,0,0,0,0,0,0,0,0,0,0,0,0,0,0,0,0,0,0,0,0,0,0,70,235,34,0,0,0,0,0,0,0,0,0,0,0,0,0,0,0,0,0,0,0,0,0,0,0,0,32,248,190,0,0,0,0,0,0,0,0,0,0,0,0,0,0,0,0,15,67,67,127,160,160,160,195,167,255,233,241,149,0,0,0,0,0,0,0,0,0,0,30,101,132,139,226,210,216,216,217,216,231,254,254,223,216,216,216,181,0,0,0,0,0,0,0,0,6,142,241,251,227,143,56,23,0,0,6,142,220,216,98,11,0,0,0,0,0,0,0,0,0,0,0,0,223,254,191,60,0,0,0,0,9,145,223,214,136,0,0,0,0,0,0,0,0,0,0,0,0,0,0,0,254,225,15,0,0,0,34,138,224,218,89,9,0,0,0,0,0,0,0,0,0,0,0,0,0,0,0,0,165,252,217,179,201,207,227,178,60,12,0,0,0,0,0,0,0,0,0,0,0,0,0,0,0,0,0,0,0,67,110,75,75,75,22,0,0,0,0,0,0,0,0,0,0,0,0,0,0,0,0,0,0,0,0,0,0,0,0,0,0,0,0,0,0,0,0,0,0,0,0,0,0,0,0,0,0,0,0,0,0,0,0,0,0,0,0,0,0,0,0,0,0,0,0,0,0,0,0,0,0,0,0,0,0,0,0,0,0,0,0,0,0,0,0,0,0,0,0,0,0,0,0,0,0,0,0,0,0,0,0,0,0,0,0,0,0,0,0,0,0,0,0,0,0,0,0,0,0,0,0,0,0,0,0,0,0,0,0,0,0,0,0,0,0,0,0,0,0,0,0,0,0,0,0,0,0,0,0,0,0,0,0,0,0,0,0,0,0,0,0,0,0,0,0,0,0,0,0,0,0,0,0,0,0,0,0,0,0,0,0,0,0,0,0,0,0,0,0
6,0,0,0,0,0,0,0,0,0,0,0,0,0,0,0,0,0,0,0,0,0,0,0,0,0,0,0,0,0,0,0,0,0,0,0,0,0,0,0,0,0,0,0,0,0,0,0,0,0,0,0,0,0,0,0,0,0,0,0,0,0,0,0,0,0,0,0,0,0,0,0,0,0,0,0,0,0,0,0,0,0,0,0,0,0,0,0,0,0,0,0,0,0,0,0,0,0,0,0,0,0,0,0,0,0,0,0,0,0,0,0,0,0,0,0,0,0,0,0,0,0,0,0,0,0,0,0,64,191,255,255,191,0,0,0,0,0,0,0,0,0,0,0,0,0,0,0,0,0,0,0,0,0,0,191,255,255,255,255,255,0,0,0,0,0,0,0,0,0,0,0,0,0,0,0,0,0,0,0,0,0,191,255,255,255,191,128,191,0,0,0,0,0,0,0,0,0,0,0,0,0,0,0,0,0,0,0,0,64,255,255,255,128,64,0,0,0,0,0,0,0,0,0,0,0,0,0,0,0,0,0,0,0,0,0,64,255,255,255,64,0,0,0,0,0,0,0,0,0,0,0,0,0,0,0,0,0,0,0,0,0,0,0,64,255,255,191,0,0,0,0,0,0,0,0,0,0,0,0,0,0,0,0,0,0,0,0,0,0,0,0,128,255,255,128,0,0,0,0,0,0,0,0,0,0,0,0,0,0,0,0,0,0,0,0,0,0,0,64,255,255,255,128,0,0,0,0,0,0,0,0,0,0,0,0,0,0,0,0,0,0,0,0,0,0,0,128,255,255,255,255,255,255,255,255,64,0,0,0,0,0,0,0,0,0,0,0,0,0,0,0,0,0,0,255,255,255,255,255,255,255,255,255,255,64,0,0,0,0,0,0,0,0,0,0,0,0,0,0,0,0,191,255,255,191,128,128,64,0,64,255,255,128,0,0,0,0,0,0,0,0,0,0,0,0,0,0,0,0,255,255,255,0,0,0,0,0,0,255,255,128,0,0,0,0,0,0,0,0,0,0,0,0,0,0,0,0,255,255,128,0,0,0,0,0,0,255,255,191,0,0,0,0,0,0,0,0,0,0,0,0,0,0,0,128,255,255,64,0,0,0,0,0,0,255,255,255,0,0,0,0,0,0,0,0,0,0,0,0,0,0,0,128,255,255,0,0,0,0,0,0,191,255,255,128,0,0,0,0,0,0,0,0,0,0,0,0,0,0,0,128,255,255,128,0,0,0,0,128,255,255,191,0,0,0,0,0,0,0,0,0,0,0,0,0,0,0,0,64,255,255,255,128,0,64,191,255,255,255,64,0,0,0,0,0,0,0,0,0,0,0,0,0,0,0,0,0,191,255,255,255,255,255,255,255,255,64,0,0,0,0,0,0,0,0,0,0,0,0,0,0,0,0,0,0,0,191,255,255,255,255,255,191,64,0,0,0,0,0,0,0,0,0,0,0,0,0,0,0,0,0,0,0,0,0,64,191,255,128,64,0,0,0,0,0,0,0,0,0,0,0,0,0,0,0,0,0,0,0,0,0,0,0,0,0,0,0,0,0,0,0,0,0,0,0,0,0,0,0,0,0,0,0,0,0,0,0,0,0,0,0,0,0,0,0,0,0,0,0,0,0,0,0,0,0,0,0,0,0,0,0,0,0,0,0,0,0,0,0,0,0,0,0,0,0,0,0,0,0,0,0,0,0,0,0,0,0,0,0,0,0,0,0,0,0,0,0,0,0,0,0,0,0,0,0,0,0,0,0,0,0,0,0,0
4,0,0,0,0,0,0,0,0,0,0,0,0,0,0,0,0,0,0,0,0,0,0,0,0,0,0,0,0,0,0,0,0,0,0,0,0,0,0,0,0,0,0,0,0,0,0,0,0,0,0,0,0,0,0,0,0,0,0,0,0,0,0,0,0,0,0,0,0,0,0,0,0,0,0,0,0,0,0,0,0,0,0,0,0,0,0,0,0,0,0,0,0,0,0,0,0,0,0,0,0,0,0,0,0,0,0,0,0,0,0,0,0,0,0,0,0,0,0,0,50,246,146,0,0,0,0,0,0,0,0,0,0,0,0,0,0,0,0,0,0,0,0,0,0,0,0,0,165,253,190,0,0,0,0,0,0,0,0,0,0,0,0,0,0,0,0,0,0,0,0,0,0,0,0,0,191,253,190,0,0,0,0,0,0,0,0,0,0,0,0,0,0,0,0,0,0,0,0,0,0,0,0,0,191,253,190,0,0,0,0,0,0,0,0,0,0,0,0,0,0,0,0,0,0,0,0,0,0,0,0,0,191,253,190,0,0,0,0,0,0,0,0,0,0,0,0,0,0,0,0,0,0,0,0,0,0,0,0,0,192,254,85,0,0,0,0,0,0,0,147,246,67,0,0,0,0,0,0,0,0,0,0,0,0,0,0,0,191,253,84,0,0,0,0,0,0,15,212,253,211,14,0,0,0,0,0,0,0,0,0,0,0,0,0,0,191,253,84,0,0,0,0,0,0,193,253,245,253,95,0,0,0,0,0,0,0,0,0,0,0,0,0,0,191,253,84,0,0,0,0,0,72,254,253,77,253,174,0,0,0,0,0,0,0,0,0,0,0,0,0,0,103,253,172,0,0,0,0,54,229,254,138,7,183,253,0,0,0,0,0,0,0,0,0,0,0,0,0,0,72,251,201,7,0,0,31,219,254,231,53,0,170,254,0,0,0,0,0,0,0,0,0,0,0,0,0,0,0,198,253,157,86,165,222,253,253,27,0,0,134,253,36,0,0,0,0,0,0,0,0,0,0,0,0,0,0,73,246,253,255,253,253,221,82,0,0,0,64,253,107,0,0,0,0,0,0,0,0,0,0,0,0,0,0,0,83,190,254,253,186,63,0,0,0,0,64,253,177,0,0,0,0,0,0,0,0,0,0,0,0,0,0,0,0,0,42,42,4,0,0,0,0,0,64,253,212,0,0,0,0,0,0,0,0,0,0,0,0,0,0,0,0,0,0,0,0,0,0,0,0,0,65,254,238,37,0,0,0,0,0,0,0,0,0,0,0,0,0,0,0,0,0,0,0,0,0,0,0,0,43,240,254,63,0,0,0,0,0,0,0,0,0,0,0,0,0,0,0,0,0,0,0,0,0,0,0,0,0,62,254,203,20,0,0,0,0,0,0,0,0,0,0,0,0,0,0,0,0,0,0,0,0,0,0,0,0,0,228,253,202,48,0,0,0,0,0,0,0,0,0,0,0,0,0,0,0,0,0,0,0,0,0,0,0,0,25,201,253,145,0,0,0,0,0,0,0,0,0,0,0,0,0,0,0,0,0,0,0,0,0,0,0,0,0,0,0,0,0,0,0,0,0,0,0,0,0,0,0,0,0,0,0,0,0,0,0,0,0,0,0,0,0,0,0,0,0,0,0,0,0,0,0,0,0,0,0,0,0,0,0,0,0,0,0,0,0,0,0,0,0,0,0,0,0,0,0,0,0,0,0,0,0,0,0,0,0,0,0,0,0,0,0,0,0,0,0,0,0,0,0,0,0,0,0
1,0,0,0,0,0,0,0,0,0,0,0,0,0,0,0,0,0,0,0,0,0,0,0,0,0,0,0,0,0,0,0,0,0,0,0,0,0,0,0,0,0,0,0,0,0,0,0,0,0,0,0,0,0,0,0,0,0,0,0,0,0,0,0,0,0,0,0,0,0,0,0,0,0,0,0,0,0,0,0,0,0,0,0,0,0,0,0,0,0,0,0,0,0,0,0,0,0,0,0,0,0,0,0,0,0,0,0,0,0,0,0,0,0,0,0,0,0,0,0,0,0,0,0,0,0,0,0,0,0,0,0,0,0,0,0,0,0,0,0,0,0,0,0,0,0,0,0,0,0,0,0,0,0,0,0,233,255,179,73,0,0,0,0,0,0,0,0,0,0,0,0,0,0,0,0,0,0,0,0,0,0,0,25,235,249,207,150,0,0,0,0,0,0,0,0,0,0,0,0,0,0,0,0,0,0,0,0,0,0,0,131,253,230,0,0,0,0,0,0,0,0,0,0,0,0,0,0,0,0,0,0,0,0,0,0,0,0,0,131,253,230,0,0,0,0,0,0,0,0,0,0,0,0,0,0,0,0,0,0,0,0,0,0,0,0,0,131,253,230,0,0,0,0,0,0,0,0,0,0,0,0,0,0,0,0,0,0,0,0,0,0,0,0,0,131,253,230,0,0,0,0,0,0,0,0,0,0,0,0,0,0,0,0,0,0,0,0,0,0,0,0,30,246,253,178,0,0,0,0,0,0,0,0,0,0,0,0,0,0,0,0,0,0,0,0,0,0,0,0,31,253,253,76,0,0,0,0,0,0,0,0,0,0,0,0,0,0,0,0,0,0,0,0,0,0,0,0,31,253,253,76,0,0,0,0,0,0,0,0,0,0,0,0,0,0,0,0,0,0,0,0,0,0,0,0,172,253,229,53,0,0,0,0,0,0,0,0,0,0,0,0,0,0,0,0,0,0,0,0,0,0,0,0,185,253,162,0,0,0,0,0,0,0,0,0,0,0,0,0,0,0,0,0,0,0,0,0,0,0,0,0,185,253,22,0,0,0,0,0,0,0,0,0,0,0,0,0,0,0,0,0,0,0,0,0,0,0,0,76,245,253,22,0,0,0,0,0,0,0,0,0,0,0,0,0,0,0,0,0,0,0,0,0,0,0,0,85,253,253,22,0,0,0,0,0,0,0,0,0,0,0,0,0,0,0,0,0,0,0,0,0,0,0,0,86,253,253,22,0,0,0,0,0,0,0,0,0,0,0,0,0,0,0,0,0,0,0,0,0,0,0,0,85,253,253,22,0,0,0,0,0,0,0,0,0,0,0,0,0,0,0,0,0,0,0,0,0,0,0,0,86,253,253,22,0,0,0,0,0,0,0,0,0,0,0,0,0,0,0,0,0,0,0,0,0,0,0,0,85,253,253,88,0,0,0,0,0,0,0,0,0,0,0,0,0,0,0,0,0,0,0,0,0,0,0,0,16,197,253,143,0,0,0,0,0,0,0,0,0,0,0,0,0,0,0,0,0,0,0,0,0,0,0,0,0,73,179,22,0,0,0,0,0,0,0,0,0,0,0,0,0,0,0,0,0,0,0,0,0,0,0,0,0,0,0,0,0,0,0,0,0,0,0,0,0,0,0,0,0,0,0,0,0,0,0,0,0,0,0,0,0,0,0,0,0,0,0,0,0,0,0,0,0,0,0,0,0,0,0,0,0,0,0,0,0,0,0,0,0,0,0,0,0,0,0,0,0,0,0,0,0,0,0,0
7,0,0,0,0,0,0,0,0,0,0,0,0,0,0,0,0,0,0,0,0,0,0,0,0,0,0,0,0,0,0,0,0,0,0,0,0,0,0,0,0,0,0,0,0,0,0,0,0,0,0,0,0,0,0,0,0,0,0,0,0,0,0,0,0,0,0,0,0,0,0,0,0,0,0,0,0,0,0,0,0,0,0,0,0,0,0,0,0,0,0,0,0,0,0,0,0,0,0,0,0,0,0,0,0,0,0,0,0,0,0,0,0,0,0,0,0,0,0,0,0,0,0,0,0,0,0,0,0,0,0,0,0,0,0,0,0,0,0,0,0,0,0,0,0,0,0,0,0,0,0,0,0,0,0,0,0,0,0,0,0,0,0,0,0,0,0,0,0,0,0,0,0,0,0,0,0,0,0,0,0,0,0,0,0,0,0,0,0,0,0,0,0,0,0,0,0,0,0,0,0,0,0,0,0,0,0,0,0,0,0,0,0,0,0,0,0,0,0,0,0,0,0,0,0,0,0,0,0,0,0,38,180,253,139,138,138,138,138,139,138,222,211,138,181,9,0,0,0,0,0,0,0,0,0,0,0,0,0,70,252,252,253,252,252,252,252,253,252,252,252,252,253,92,0,0,0,0,0,0,0,0,0,0,0,0,0,70,252,252,253,252,252,252,252,253,252,252,195,215,253,123,0,0,0,0,0,0,0,0,0,0,0,0,0,70,252,210,56,160,160,119,45,46,45,45,9,21,253,206,0,0,0,0,0,0,0,0,0,0,0,0,0,70,252,189,0,0,0,0,0,0,0,0,0,106,253,206,0,0,0,0,0,0,0,0,0,0,0,0,0,70,253,253,0,0,0,0,0,0,0,0,9,181,255,207,0,0,0,0,0,0,0,0,0,0,0,0,0,25,223,252,0,0,0,0,0,0,0,0,93,252,253,132,0,0,0,0,0,0,0,0,0,0,0,0,0,0,99,130,0,0,0,0,0,0,0,19,188,252,247,67,0,0,0,0,0,0,0,0,0,0,0,0,0,0,0,0,0,0,0,0,0,0,0,164,252,252,188,0,0,0,0,0,0,0,0,0,0,0,0,0,0,0,0,0,0,0,0,0,0,0,22,215,252,252,63,0,0,0,0,0,0,0,0,0,0,0,0,0,0,0,0,0,0,0,0,0,0,3,170,253,253,243,0,0,0,0,0,0,0,0,0,0,0,0,0,0,0,0,0,0,0,0,0,0,0,24,252,252,252,117,0,0,0,0,0,0,0,0,0,0,0,0,0,0,0,0,0,0,0,0,0,0,0,108,252,252,153,6,0,0,0,0,0,0,0,0,0,0,0,0,0,0,0,0,0,0,0,0,0,0,43,233,252,185,29,0,0,0,0,0,0,0,0,0,0,0,0,0,0,0,0,0,0,0,0,0,0,0,116,253,252,69,0,0,0,0,0,0,0,0,0,0,0,0,0,0,0,0,0,0,0,0,0,0,0,9,233,255,196,0,0,0,0,0,0,0,0,0,0,0,0,0,0,0,0,0,0,0,0,0,0,0,0,166,252,249,75,0,0,0,0,0,0,0,0,0,0,0,0,0,0,0,0,0,0,0,0,0,0,0,0,207,252,199,0,0,0,0,0,0,0,0,0,0,0,0,0,0,0,0,0,0,0,0,0,0,0,0,26,224,252,21,0,0,0,0,0,0,0,0,0,0,0,0,0,0,0,0,0,0,0,0,0,0,0,0,70,252,200,0,0,0,0,0,0,0,0,0,0,0,0,0,0
0,0,0,0,0,0,0,0,0,0,0,0,0,0,0,0,0,0,0,0,0,0,0,0,0,0,0,0,0,0,0,0,0,0,0,0,0,0,0,0,0,0,0,0,0,0,0,0,0,0,0,0,0,0,0,0,0,0,0,0,0,0,0,0,0,0,0,0,0,0,0,0,0,0,0,0,0,0,0,0,0,0,0,0,0,0,0,0,0,0,0,0,0,0,0,0,0,0,0,0,0,0,0,0,0,0,0,0,0,0,0,0,0,0,0,0,0,0,0,0,0,0,0,0,0,0,0,0,0,0,0,0,0,0,0,0,0,0,0,0,0,0,0,0,0,0,0,0,0,0,0,0,0,36,157,254,254,255,215,0,0,0,0,0,0,0,0,0,0,0,0,0,0,0,0,0,0,0,0,0,137,249,253,253,253,253,252,164,118,118,112,0,0,0,0,0,0,0,0,0,0,0,0,0,0,0,0,138,251,253,253,253,253,253,253,253,253,253,253,238,112,0,0,0,0,0,0,0,0,0,0,0,0,41,219,250,253,253,253,253,253,253,253,253,253,253,253,253,253,0,0,0,0,0,0,0,0,0,0,0,0,148,253,253,253,253,253,253,253,253,253,253,253,253,253,253,253,0,0,0,0,0,0,0,0,0,0,0,138,250,253,253,253,253,253,253,253,253,253,253,183,116,253,253,253,0,0,0,0,0,0,0,0,0,0,38,241,253,253,253,253,253,253,253,253,253,253,253,97,20,253,253,253,0,0,0,0,0,0,0,0,0,37,222,253,253,253,143,110,253,253,253,253,253,253,253,97,20,253,253,253,0,0,0,0,0,0,0,0,0,118,253,253,253,227,28,79,253,253,253,253,253,205,164,20,125,253,253,216,0,0,0,0,0,0,0,0,0,218,253,253,253,128,0,18,162,238,238,188,98,19,0,54,230,253,253,123,0,0,0,0,0,0,0,0,29,249,253,253,180,8,0,0,0,50,50,0,0,0,0,156,253,253,248,32,0,0,0,0,0,0,0,0,151,253,253,253,155,0,0,0,0,0,0,0,0,0,51,226,253,253,152,0,0,0,0,0,0,0,0,0,255,253,253,253,155,0,0,0,0,0,0,0,0,51,226,253,253,251,96,0,0,0,0,0,0,0,0,0,167,253,253,253,155,0,0,0,0,0,0,0,28,182,253,253,250,135,0,0,0,0,0,0,0,0,0,0,45,250,253,253,168,5,0,0,0,0,8,60,226,253,253,250,136,0,0,0,0,0,0,0,0,0,0,0,0,167,253,253,253,168,90,90,156,156,179,253,253,253,253,146,0,0,0,0,0,0,0,0,0,0,0,0,0,109,252,253,253,253,253,253,253,253,253,253,253,250,217,40,0,0,0,0,0,0,0,0,0,0,0,0,0,0,162,252,253,253,253,253,253,253,253,253,244,135,0,0,0,0,0,0,0,0,0,0,0,0,0,0,0,0,0,108,234,247,252,253,251,247,216,117,36,0,0,0,0,0,0,0,0,0,0,0,0,0,0,0,0,0,0,0,0,0,105,123,89,0,0,0,0,0,0,0,0,0,0,0,0,0,0,0,0,0,0,0,0,0,0,0,0,0,0,0,0,0,0,0,0,0,0,0,0,0,0,0,0,0,0,0,0,0,0,0,0,0,0,0,0,0,0,0,0,0,0,0,0,0,0,0,0,0,0,0,0,0,0,0,0,0,0,0,0,0,0,0,0,0,0,0,0,0,0,0,0,0,0,0,0,0,0,0,0,0,0,0
9,0,0,0,0,0,0,0,0,0,0,0,0,0,0,0,0,0,0,0,0,0,0,0,0,0,0,0,0,0,0,0,0,0,0,0,0,0,0,0,0,0,0,0,0,0,0,0,0,0,0,0,0,0,0,0,0,0,0,0,0,0,0,0,0,0,0,0,0,0,0,0,0,0,0,0,0,0,0,0,0,0,0,0,0,0,0,0,0,0,0,0,0,0,0,0,0,0,0,0,0,0,0,0,0,0,0,0,0,0,0,0,0,0,0,0,0,0,0,0,0,0,0,0,0,0,0,0,0,0,0,0,0,0,0,0,0,0,0,0,0,0,0,0,0,0,0,0,0,0,0,0,0,0,0,0,0,0,0,0,0,0,0,0,0,0,0,0,0,0,0,0,0,0,0,0,0,0,0,0,0,0,0,0,0,0,0,0,0,0,0,0,0,0,0,0,0,0,0,0,0,0,0,0,0,0,0,0,8,67,161,174,255,226,108,13,0,0,0,0,0,0,0,0,0,0,0,0,0,0,0,12,56,132,198,226,229,254,245,216,216,241,254,61,0,0,0,0,0,0,0,0,0,0,0,0,0,2,87,214,254,249,177,150,105,91,42,0,0,38,201,179,0,0,0,0,0,0,0,0,0,0,0,0,0,94,254,254,131,47,0,0,0,0,0,0,0,0,141,247,79,0,0,0,0,0,0,0,0,0,0,0,13,231,213,50,2,0,0,0,0,0,0,0,0,0,46,245,184,2,0,0,0,0,0,0,0,0,0,0,109,254,56,0,0,0,0,0,0,0,0,0,0,0,8,165,254,16,0,0,0,0,0,0,0,0,0,0,128,227,17,0,0,0,0,0,0,0,0,0,0,0,95,114,254,103,0,0,0,0,0,0,0,0,0,0,67,252,75,0,0,0,0,0,0,0,0,0,24,120,85,58,254,194,0,0,0,0,0,0,0,0,0,0,10,209,238,154,71,29,29,29,39,123,124,207,220,134,3,3,190,197,0,0,0,0,0,0,0,0,0,0,0,24,163,254,254,254,254,254,254,254,195,145,39,0,0,0,110,239,28,0,0,0,0,0,0,0,0,0,0,0,0,0,0,0,0,22,14,0,0,0,0,0,0,0,86,254,131,0,0,0,0,0,0,0,0,0,0,0,0,0,0,0,0,0,0,0,0,0,0,0,0,0,73,252,180,0,0,0,0,0,0,0,0,0,0,0,0,0,0,0,0,0,0,0,0,0,0,0,0,0,0,245,225,0,0,0,0,0,0,0,0,0,0,0,0,0,0,0,0,0,0,0,0,0,0,0,0,0,0,182,225,0,0,0,0,0,0,0,0,0,0,0,0,0,0,0,0,0,0,0,0,0,0,0,0,0,0,151,225,0,0,0,0,0,0,0,0,0,0,0,0,0,0,0,0,0,0,0,0,0,0,0,0,0,0,74,238,30,0,0,0,0,0,0,0,0,0,0,0,0,0,0,0,0,0,0,0,0,0,0,0,0,0,57,244,44,0,0,0,0,0,0,0,0,0,0,0,0,0,0,0,0,0,0,0,0,0,0,0,0,0,57,225,0,0,0,0,0,0,0,0,0,0,0,0,0,0,0,0,0,0,0,0,0,0,0,0,0,0,57,215,0,0,0,0,0,0,0,0,0,0,0,0,0,0,0,0,0,0,0,0,0,0,0,0,0,0,92,97,0,0,0,0,0,0,0,0,0,0,0,0,0,0,0,0,0,0,0,0,0,0,0,0,0,0,0,0,0,0,0,0,0,0
9,0,0,0,0,0,0,0,0,0,0,0,0,0,0,0,0,0,0,0,0,0,0,0,0,0,0,0,0,0,0,0,0,0,0,0,0,0,0,0,0,0,0,0,0,0,0,0,0,0,0,0,0,0,0,0,0,0,0,0,0,0,0,0,0,0,0,0,0,0,0,0,0,0,0,0,0,0,0,0,0,0,0,0,0,0,0,0,0,0,0,0,0,0,0,0,0,0,0,0,0,0,0,0,0,0,0,0,0,0,0,0,0,0,0,0,0,0,0,0,0,0,0,0,0,0,0,0,0,0,0,0,0,0,0,0,0,0,0,0,0,0,0,0,0,0,0,0,0,0,0,0,0,0,0,0,0,0,0,0,0,0,0,0,0,0,0,0,0,0,0,0,0,0,0,0,0,0,0,0,0,0,0,0,0,0,0,0,0,0,0,0,0,0,0,0,0,0,0,0,0,0,0,0,0,0,0,0,0,0,44,199,212,239,255,246,168,128,0,0,0,0,0,0,0,0,0,0,0,0,0,0,0,0,0,66,212,250,252,254,254,254,254,254,254,253,149,0,0,0,0,0,0,0,0,0,0,0,0,0,0,0,96,243,254,254,254,254,229,254,229,254,254,254,253,125,0,0,0,0,0,0,0,0,0,0,0,0,0,96,214,254,215,137,24,13,8,13,142,254,254,254,254,159,0,0,0,0,0,0,0,0,0,0,0,0,41,239,254,196,46,0,0,0,0,135,250,254,254,254,190,11,0,0,0,0,0,0,0,0,0,0,0,0,239,254,218,23,0,0,0,52,117,250,254,254,254,223,36,0,0,0,0,0,0,0,0,0,0,0,0,0,227,254,103,0,32,57,147,250,254,254,254,254,193,66,0,0,0,0,0,0,0,0,0,0,0,0,0,0,189,254,236,224,241,254,254,254,254,254,254,192,38,0,0,0,0,0,0,0,0,0,0,0,0,0,0,0,143,254,254,254,254,254,254,254,254,254,248,57,0,0,0,0,0,0,0,0,0,0,0,0,0,0,0,0,11,229,254,254,254,254,231,218,254,254,179,0,0,0,0,0,0,0,0,0,0,0,0,0,0,0,0,0,0,26,145,165,128,112,21,57,254,254,137,0,0,0,0,0,0,0,0,0,0,0,0,0,0,0,0,0,0,0,0,0,0,0,0,129,254,254,97,0,0,0,0,0,0,0,0,0,0,0,0,0,0,0,0,0,0,0,0,0,0,0,0,129,254,254,51,0,0,0,0,0,0,0,0,0,0,0,0,0,0,0,0,0,0,0,0,0,0,0,0,197,254,218,12,0,0,0,0,0,0,0,0,0,0,0,0,0,0,0,0,0,0,0,0,0,0,0,28,232,254,133,0,0,0,0,0,0,0,0,0,0,0,0,0,0,0,0,0,0,0,0,0,0,0,0,139,254,254,98,0,0,0,0,0,0,0,0,0,0,0,0,0,0,0,0,0,0,0,0,0,0,0,0,220,254,221,13,0,0,0,0,0,0,0,0,0,0,0,0,0,0,0,0,0,0,0,0,0,0,0,0,220,254,126,0,0,0,0,0,0,0,0,0,0,0,0,0,0,0,0,0,0,0,0,0,0,0,0,0,218,193,13,0,0,0,0,0,0,0,0,0,0,0,0,0,0,0,0,0,0,0,0,0,0,0,0,0,133,125,0,0,0,0,0,0,0,0,0,0,0,0,0,0,0,0,0,0,0,0,0,0,0,0,0,0,0,0,0,0,0,0,0,0,0,0,0,0,0,0,0
4,0,0,0,0,0,0,0,0,0,0,0,0,0,0,0,0,0,0,0,0,0,0,0,0,0,0,0,0,0,0,0,0,0,0,0,0,0,0,0,0,0,0,0,0,0,0,0,0,0,0,0,0,0,0,0,0,0,0,0,0,0,0,0,0,0,0,0,0,0,0,0,0,0,0,0,0,0,0,0,0,0,0,0,0,0,0,0,0,0,0,0,0,0,0,0,0,0,0,0,0,0,0,0,0,0,0,0,0,0,0,0,0,0,0,0,0,0,0,0,0,0,0,0,0,0,0,0,0,0,0,0,0,0,0,0,0,0,0,0,0,0,0,0,0,0,0,0,0,0,0,0,0,0,0,0,0,0,0,0,0,0,0,0,0,0,0,0,0,0,0,0,0,0,0,0,0,0,0,0,0,0,0,0,0,0,0,0,0,0,0,0,0,0,0,0,0,0,0,0,0,0,0,0,0,0,0,0,59,141,156,35,0,0,0,0,32,59,59,9,0,0,0,0,0,0,0,0,0,0,0,0,0,0,4,132,254,253,253,117,0,0,25,147,235,253,254,122,0,0,0,0,0,0,0,0,0,0,0,0,0,25,142,253,254,222,253,117,0,41,241,253,210,100,137,57,0,0,0,0,0,0,0,0,0,0,0,0,64,210,253,253,95,172,253,102,0,164,253,195,16,0,0,0,0,0,0,0,0,0,0,0,0,0,0,83,222,253,237,118,0,131,126,5,38,254,237,18,0,0,0,0,0,0,0,0,0,0,0,0,0,0,0,217,254,205,45,0,0,0,0,0,121,255,174,0,0,0,0,0,0,0,0,0,0,0,0,0,0,0,0,254,253,100,0,0,0,0,0,19,222,254,91,0,0,0,0,0,0,0,0,0,0,0,0,0,0,0,0,186,253,199,67,0,0,0,0,107,253,213,12,0,0,0,0,0,0,0,0,0,0,0,0,0,0,0,0,12,164,253,250,159,77,21,0,151,253,142,0,0,0,0,0,0,0,0,0,0,0,0,0,0,0,0,0,0,35,185,253,253,254,226,195,248,253,60,0,0,0,0,0,0,0,0,0,0,0,0,0,0,0,0,0,0,0,0,53,135,209,254,254,254,254,255,246,156,156,156,97,59,41,0,0,0,0,0,0,0,0,0,0,0,0,0,0,0,9,46,217,253,237,234,233,233,251,253,254,253,241,214,214,0,0,0,0,0,0,0,0,0,0,0,0,0,0,14,229,225,18,0,0,0,72,78,137,174,174,174,100,0,0,0,0,0,0,0,0,0,0,0,0,0,0,20,253,198,0,0,0,0,0,0,0,0,0,0,0,0,0,0,0,0,0,0,0,0,0,0,0,0,0,20,253,117,0,0,0,0,0,0,0,0,0,0,0,0,0,0,0,0,0,0,0,0,0,0,0,0,0,118,254,117,0,0,0,0,0,0,0,0,0,0,0,0,0,0,0,0,0,0,0,0,0,0,0,0,0,118,253,34,0,0,0,0,0,0,0,0,0,0,0,0,0,0,0,0,0,0,0,0,0,0,0,0,0,118,228,13,0,0,0,0,0,0,0,0,0,0,0,0,0,0,0,0,0,0,0,0,0,0,0,0,0,65,174,0,0,0,0,0,0,0,0,0,0,0,0,0,0,0,0,0,0,0,0,0,0,0,0,0,0,5,40,0,0,0,0,0,0,0,0,0,0,0,0,0,0,0,0,0,0,0,0,0,0,0,0,0,0,0,0,0,0,0,0,0,0,0,0,0,0,0,0,0,0
5,0,0,0,0,0,0,0,0,0,0,0,0,0,0,0,0,0,0,0,0,0,0,0,0,0,0,0,0,0,0,0,0,0,0,0,0,0,0,0,0,0,0,0,0,0,0,0,0,0,0,0,0,0,0,0,0,0,0,0,0,0,0,0,0,0,0,0,0,0,0,0,0,0,0,0,0,0,0,0,0,0,0,0,0,0,0,0,0,0,0,0,0,0,0,0,0,0,0,0,0,0,0,0,0,0,0,0,0,0,0,0,0,0,0,0,0,0,0,0,0,0,0,0,0,0,0,0,0,0,0,0,0,0,0,0,0,0,0,0,0,0,0,0,0,0,0,0,0,0,4,7,28,130,130,130,130,130,91,68,7,7,7,7,7,4,0,0,0,0,0,0,0,0,0,0,8,86,208,253,253,253,253,253,253,253,253,253,253,253,253,253,253,196,0,0,0,0,0,0,0,0,0,17,205,253,253,253,253,253,253,253,244,239,235,235,235,235,244,235,235,174,0,0,0,0,0,0,0,0,0,136,253,253,250,232,237,204,105,105,54,23,0,0,0,0,52,0,0,0,0,0,0,0,0,0,0,0,0,61,253,253,241,151,44,0,0,0,0,0,0,0,0,0,0,0,0,0,0,0,0,0,0,0,0,0,0,5,102,238,253,253,192,137,11,0,0,0,0,0,0,0,0,0,0,0,0,0,0,0,0,0,0,0,0,0,0,63,215,253,253,253,192,45,0,0,0,0,0,0,0,0,0,0,0,0,0,0,0,0,0,0,0,0,0,0,10,98,236,253,253,195,67,0,0,0,0,0,0,0,0,0,0,0,0,0,0,0,0,0,0,0,0,0,0,0,70,208,253,253,233,67,0,0,0,0,0,0,0,0,0,0,0,0,0,0,0,0,0,0,0,0,0,0,0,38,205,253,253,233,36,0,0,0,0,0,0,0,0,0,0,0,0,0,0,0,0,0,0,0,0,0,0,0,14,202,253,253,204,66,0,0,0,0,0,0,0,0,0,0,0,0,0,0,0,0,0,0,0,0,0,0,0,41,169,253,253,192,11,0,0,0,0,0,0,0,0,0,0,0,0,0,0,0,0,0,0,0,0,0,0,0,47,236,253,253,136,0,0,0,0,0,0,0,0,0,0,0,0,0,151,140,0,0,0,0,0,0,0,0,0,70,237,253,238,25,0,0,0,0,0,0,0,0,0,0,0,0,254,245,94,39,0,0,0,0,0,0,0,0,205,253,253,76,0,0,0,0,0,0,0,0,0,0,0,0,206,253,253,236,208,85,0,0,0,0,0,0,205,253,253,154,0,0,0,0,0,0,0,0,0,0,0,0,13,91,155,253,253,250,230,230,202,106,139,230,249,253,253,103,0,0,0,0,0,0,0,0,0,0,0,0,0,0,2,91,155,253,253,253,253,253,253,253,253,253,212,17,0,0,0,0,0,0,0,0,0,0,0,0,0,0,0,0,2,30,135,158,253,253,253,253,216,93,8,0,0,0,0,0,0,0,0,0,0,0,0,0,0,0,0,0,0,0,0,1,5,5,5,5,4,0,0,0,0,0,0,0,0,0,0,0,0,0,0,0,0,0,0,0,0,0,0,0,0,0,0,0,0,0,0,0,0,0,0,0,0,0,0,0,0,0,0,0,0,0,0,0,0,0,0,0,0,0,0,0,0,0,0,0,0,0,0,0,0,0,0,0,0,0,0,0,0,0,0,0,0,0,0,0,0,0,0,0,0,0,0,0,0,0,0,0,0,0,0
7,0,0,0,0,0,0,0,0,0,0,0,0,0,0,0,0,0,0,0,0,0,0,0,0,0,0,0,0,0,0,0,0,0,0,0,0,0,0,0,0,0,0,0,0,0,0,0,0,0,0,0,0,0,0,0,0,0,0,0,0,0,0,0,0,0,0,0,0,0,0,0,0,0,0,0,0,0,0,0,0,0,0,0,0,0,0,0,0,0,0,0,0,0,0,0,0,0,0,0,0,0,0,0,0,0,0,0,0,0,0,0,0,0,0,0,0,0,0,0,0,0,0,0,0,0,0,0,0,0,0,0,0,0,0,0,0,0,0,0,0,0,0,0,0,0,0,0,0,0,0,0,0,0,0,0,0,0,0,0,0,0,0,0,0,0,0,0,0,0,0,0,0,0,0,0,0,11,61,165,188,171,102,89,89,89,9,0,0,0,0,0,0,0,0,0,0,0,0,0,0,0,0,0,0,78,191,207,230,247,254,254,254,254,28,0,0,0,0,0,0,0,0,0,0,0,0,0,0,0,0,0,0,0,0,0,0,13,75,119,210,254,77,0,0,0,0,0,0,0,0,0,0,0,0,0,0,0,0,0,0,0,0,0,0,0,0,0,171,254,25,0,0,0,0,0,0,0,0,0,0,0,0,0,0,0,0,0,0,0,0,0,0,0,0,0,222,230,15,0,0,0,0,0,0,0,0,0,0,0,0,0,0,0,0,0,0,0,0,0,0,0,0,39,247,160,0,0,0,0,0,0,0,0,0,0,0,0,0,0,0,0,0,0,0,0,0,0,0,0,0,116,254,113,0,0,0,0,0,0,0,0,0,0,0,0,0,0,0,0,0,0,0,0,0,0,0,0,0,134,254,74,0,0,0,0,0,0,0,0,0,0,0,0,0,0,0,0,0,0,0,0,0,0,0,0,0,146,228,15,0,0,0,0,0,0,0,0,0,0,0,0,0,0,0,0,0,0,0,0,0,0,0,0,38,248,131,0,0,0,0,0,0,0,0,0,0,0,0,0,0,0,0,0,0,0,0,0,0,0,0,0,117,254,102,0,0,0,0,0,0,0,0,0,0,0,0,0,0,0,0,0,0,0,0,0,0,0,0,0,130,245,27,0,0,0,0,0,0,0,0,0,0,0,0,0,0,0,0,0,0,0,0,0,0,0,0,0,203,204,0,0,0,0,0,0,0,0,0,0,0,0,0,0,0,0,0,0,0,0,0,0,0,0,0,24,236,157,0,0,0,0,0,0,0,0,0,0,0,0,0,0,0,0,0,0,0,0,0,0,0,0,0,118,254,121,0,0,0,0,0,0,0,0,0,0,0,0,0,0,0,0,0,0,0,0,0,0,0,0,0,126,254,99,0,0,0,0,0,0,0,0,0,0,0,0,0,0,0,0,0,0,0,0,0,0,0,0,0,126,255,37,0,0,0,0,0,0,0,0,0,0,0,0,0,0,0,0,0,0,0,0,0,0,0,0,0,150,241,26,0,0,0,0,0,0,0,0,0,0,0,0,0,0,0,0,0,0,0,0,0,0,0,0,25,238,239,25,0,0,0,0,0,0,0,0,0,0,0,0,0,0,0,0,0,0,0,0,0,0,0,0,53,240,127,0,0,0,0,0,0,0,0,0,0,0,0,0,0,0,0,0,0,0,0,0,0,0,0,0,0,0,0,0,0,0,0,0,0,0,0,0,0,0,0,0,0,0,0,0,0,0,0,0,0,0,0,0,0,0,0,0,0,0,0,0,0,0,0,0,0,0,0,0,0
7,0,0,0,0,0,0,0,0,0,0,0,0,0,0,0,0,0,0,0,0,0,0,0,0,0,0,0,0,0,0,0,0,0,0,0,0,0,0,0,0,0,0,0,0,0,0,0,0,0,0,0,0,0,0,0,0,0,0,0,0,0,0,0,0,0,0,0,0,0,0,0,0,0,0,0,0,0,0,0,0,0,0,0,0,0,0,0,0,0,0,0,0,0,0,0,0,0,0,0,0,0,0,0,0,0,0,0,0,0,0,0,0,0,0,0,0,0,0,0,0,0,0,0,0,0,0,0,0,0,0,0,0,0,0,0,0,0,0,0,0,0,0,0,0,0,0,0,0,0,0,0,0,0,0,0,0,0,0,0,0,0,0,0,0,0,0,0,0,0,0,0,0,0,0,0,0,0,0,0,0,0,0,0,0,0,0,0,0,0,0,0,0,0,0,0,0,0,0,0,0,0,0,0,0,0,0,0,0,0,0,5,7,110,176,254,254,139,9,0,0,0,0,0,0,0,0,0,0,0,0,0,0,2,13,13,13,104,136,228,253,253,253,253,253,253,141,1,0,0,0,0,0,0,0,0,0,0,0,0,12,115,253,253,253,253,253,253,247,235,235,235,252,253,253,5,0,0,0,0,0,0,0,0,0,0,2,38,213,253,253,253,253,247,228,131,72,0,0,10,232,253,253,5,0,0,0,0,0,0,0,0,0,2,109,253,253,253,253,232,134,75,0,0,0,0,0,115,253,253,181,2,0,0,0,0,0,0,0,0,0,92,253,253,253,248,195,29,0,0,0,0,0,0,14,228,253,253,118,0,0,0,0,0,0,0,0,0,2,156,253,249,210,119,0,0,0,0,0,0,0,15,121,253,253,158,4,0,0,0,0,0,0,0,0,0,2,86,133,72,0,0,0,0,0,0,0,0,0,112,253,253,253,18,0,0,0,0,0,0,0,0,0,0,0,0,0,0,0,0,0,0,0,0,0,0,0,211,253,253,230,14,0,0,0,0,0,0,0,0,0,0,0,0,0,0,0,0,0,0,0,0,0,0,60,242,253,253,57,0,0,0,0,0,0,0,0,0,0,0,0,0,0,0,0,0,0,0,0,0,0,21,188,253,253,226,18,0,0,0,0,0,0,0,0,0,0,0,0,0,0,0,0,0,0,0,0,0,0,75,253,253,226,48,0,0,0,0,0,0,0,0,0,0,0,0,0,0,0,0,0,0,0,0,0,0,0,175,253,253,121,0,0,0,0,0,0,0,0,0,0,0,0,0,0,0,0,0,0,0,0,0,0,0,100,244,253,138,7,0,0,0,0,0,0,0,0,0,0,0,0,0,0,0,0,0,0,0,0,0,0,69,215,253,178,27,0,0,0,0,0,0,0,0,0,0,0,0,0,0,0,0,0,0,0,0,0,0,0,186,253,217,25,0,0,0,0,0,0,0,0,0,0,0,0,0,0,0,0,0,0,0,0,0,0,0,51,247,253,186,5,0,0,0,0,0,0,0,0,0,0,0,0,0,0,0,0,0,0,0,0,0,0,0,171,253,253,64,0,0,0,0,0,0,0,0,0,0,0,0,0,0,0,0,0,0,0,0,0,0,0,48,250,253,253,55,0,0,0,0,0,0,0,0,0,0,0,0,0,0,0,0,0,0,0,0,0,0,0,26,217,253,126,2,0,0,0,0,0,0,0,0,0,0,0,0,0,0,0,0,0,0,0,0,0,0,0,0,0,0,0,0,0,0,0,0,0,0,0,0,0,0,0,0,0
0,0,0,0,0,0,0,0,0,0,0,0,0,0,0,0,0,0,0,0,0,0,0,0,0,0,0,0,0,0,0,0,0,0,0,0,0,0,0,0,0,0,0,0,0,0,0,0,0,0,0,0,0,0,0,0,0,0,0,0,0,0,0,0,0,0,0,0,0,0,0,0,0,0,0,0,0,0,0,0,0,0,0,0,0,0,0,0,0,0,0,0,0,0,0,0,0,0,0,0,0,0,0,0,0,0,0,0,0,0,0,0,0,0,0,0,0,0,0,0,0,0,0,0,0,0,0,0,0,0,3,100,133,93,2,0,0,0,0,0,0,0,0,0,0,0,0,0,0,0,0,0,0,0,0,0,0,16,69,253,253,253,160,25,0,0,0,0,0,0,0,0,0,0,0,0,0,0,0,0,0,0,0,20,107,217,253,253,253,253,253,144,0,0,0,0,0,0,0,0,0,0,0,0,0,0,0,0,0,0,24,214,253,253,253,131,132,253,253,217,31,0,0,0,0,0,0,0,0,0,0,0,0,0,0,0,0,108,216,254,253,253,213,55,56,242,253,253,132,0,0,0,0,0,0,0,0,0,0,0,0,0,0,0,110,248,253,254,211,106,20,0,0,90,243,253,225,0,0,0,0,0,0,0,0,0,0,0,0,0,25,126,247,253,253,163,21,0,0,0,0,0,218,253,253,0,0,0,0,0,0,0,0,0,0,0,0,0,177,253,253,211,41,0,0,0,0,0,0,0,218,253,253,0,0,0,0,0,0,0,0,0,0,0,21,196,248,253,211,25,0,0,0,0,0,0,0,0,109,253,253,0,0,0,0,0,0,0,0,0,0,35,244,253,253,213,24,0,0,0,0,0,0,0,0,0,98,253,253,0,0,0,0,0,0,0,0,0,77,209,254,252,116,0,0,0,0,0,0,0,0,0,0,0,104,254,254,0,0,0,0,0,0,0,0,2,156,253,253,124,0,0,0,0,0,0,0,0,0,0,0,0,218,253,253,0,0,0,0,0,0,0,0,30,253,253,223,28,0,0,0,0,0,0,0,0,0,0,11,37,223,253,236,0,0,0,0,0,0,0,0,156,253,246,108,0,0,0,0,0,0,0,0,0,0,35,165,253,253,232,49,0,0,0,0,0,0,0,0,254,253,217,0,0,0,0,0,0,0,0,0,38,142,233,253,253,253,116,0,0,0,0,0,0,0,0,0,254,253,245,113,73,73,73,73,73,73,137,194,231,253,253,253,229,77,6,0,0,0,0,0,0,0,0,0,156,253,253,253,253,253,253,253,253,253,254,253,253,253,233,133,32,0,0,0,0,0,0,0,0,0,0,0,25,212,253,253,253,253,253,253,253,253,254,253,193,156,62,0,0,0,0,0,0,0,0,0,0,0,0,0,0,14,41,165,175,175,253,159,196,144,82,24,9,0,0,0,0,0,0,0,0,0,0,0,0,0,0,0,0,0,0,3,4,4,11,2,6,0,0,0,0,0,0,0,0,0,0,0,0,0,0,0,0,0,0,0,0,0,0,0,0,0,0,0,0,0,0,0,0,0,0,0,0,0,0,0,0,0,0,0,0,0,0,0,0,0,0,0,0,0,0,0,0,0,0,0,0,0,0,0,0,0,0,0,0,0,0,0,0,0,0,0,0,0,0,0,0,0,0,0,0,0,0,0,0,0,0,0,0,0,0,0,0,0,0,0,0,0,0,0,0,0,0,0,0,0,0,0,0,0,0,0,0,0,0,0,0,0,0,0,0,0,0,0
2,0,0,0,0,0,0,0,0,0,0,0,0,0,0,0,0,0,0,0,0,0,0,0,0,0,0,0,0,0,0,0,0,0,0,0,0,0,0,0,0,0,0,0,0,0,0,0,0,0,0,0,0,0,0,0,0,0,0,0,0,0,0,0,0,0,0,0,0,0,0,0,0,0,0,0,0,0,0,0,0,0,0,0,0,0,0,0,0,0,0,0,0,0,0,0,0,0,0,0,0,0,0,0,0,0,0,0,0,0,0,0,0,0,0,0,0,0,0,0,0,0,0,0,12,96,234,153,96,24,0,0,0,0,0,0,0,0,0,0,0,0,0,0,0,0,0,0,0,8,32,191,197,251,251,251,253,205,111,4,0,0,0,0,0,0,0,0,0,0,0,0,0,0,0,0,0,143,251,253,251,251,251,172,253,251,251,110,0,0,0,0,0,0,0,0,0,0,0,0,0,0,0,28,221,248,251,229,188,188,50,12,114,251,251,188,0,0,0,0,0,0,0,0,0,0,0,0,0,0,0,32,251,251,152,59,0,0,0,0,36,212,251,228,59,0,0,0,0,0,0,0,0,0,0,0,0,0,0,0,0,0,0,0,0,0,0,0,0,191,253,253,95,0,0,0,0,0,0,0,0,0,0,0,0,0,0,0,0,0,0,0,0,0,0,0,92,236,251,251,94,0,0,0,0,0,0,0,0,0,0,0,0,0,0,0,0,0,0,0,0,0,0,80,253,251,251,251,94,0,0,0,0,0,0,0,0,0,0,0,0,0,0,0,0,0,0,0,0,0,96,240,253,251,251,156,12,0,0,0,0,0,0,0,0,0,0,0,0,0,0,0,0,0,0,0,20,158,240,251,253,251,172,12,0,0,0,0,0,0,0,0,0,0,0,0,0,0,0,0,0,0,0,36,214,253,253,253,219,39,0,0,0,0,0,0,0,0,0,0,0,0,0,0,0,0,0,0,0,0,20,214,251,251,243,121,39,0,0,0,0,0,0,0,0,0,0,0,0,0,0,0,0,0,0,0,0,32,205,253,251,251,109,0,0,0,0,0,0,0,0,0,0,0,0,0,0,0,0,0,0,0,0,0,0,104,251,253,223,31,4,0,0,0,0,0,0,0,0,0,0,0,0,0,0,0,0,0,0,0,0,0,0,221,251,253,220,0,0,0,0,0,0,0,0,0,0,0,0,0,0,0,0,0,0,0,0,0,0,0,0,64,253,255,221,0,0,60,96,96,96,96,96,0,0,0,0,0,0,0,0,0,0,0,0,0,0,0,0,64,251,253,224,32,171,228,253,251,251,251,251,191,170,112,23,0,0,0,0,0,0,0,0,0,0,0,0,64,251,253,251,251,251,251,253,251,251,251,251,253,251,251,31,0,0,0,0,0,0,0,0,0,0,0,0,64,251,253,251,251,251,211,189,168,110,188,188,253,243,109,4,0,0,0,0,0,0,0,0,0,0,0,0,24,193,253,132,94,94,35,0,0,0,0,0,95,82,0,0,0,0,0,0,0,0,0,0,0,0,0,0,0,0,0,0,0,0,0,0,0,0,0,0,0,0,0,0,0,0,0,0,0,0,0,0,0,0,0,0,0,0,0,0,0,0,0,0,0,0,0,0,0,0,0,0,0,0,0,0,0,0,0,0,0,0,0,0,0,0,0,0,0,0,0,0,0,0,0,0,0,0,0,0,0,0,0,0,0,0,0,0,0,0,0,0,0,0,0,0,0,0,0,0,0,0,0,0,0,0,0,0,0,0,0,0
3,0,0,0,0,0,0,0,0,0,0,0,0,0,0,0,0,0,0,0,0,0,0,0,0,0,0,0,0,0,0,0,0,0,0,0,0,0,0,0,0,0,0,0,0,0,0,0,0,0,0,0,0,0,0,0,0,0,0,0,0,0,0,0,0,0,0,0,0,0,0,0,0,0,0,0,0,0,0,0,0,0,0,0,0,0,0,0,0,0,0,0,0,0,0,0,0,0,0,0,0,0,0,0,0,0,0,0,0,0,0,0,0,0,0,0,0,0,0,0,0,0,0,38,106,106,167,219,106,106,12,0,0,0,0,0,0,0,0,0,0,0,0,0,0,0,0,0,0,0,0,126,253,253,254,253,253,253,152,0,0,0,0,0,0,0,0,0,0,0,0,0,0,0,0,0,0,0,8,240,241,238,239,238,239,253,227,57,0,0,0,0,0,0,0,0,0,0,0,0,0,0,0,0,0,0,135,210,31,0,0,0,16,253,253,223,0,0,0,0,0,0,0,0,0,0,0,0,0,0,0,0,0,0,16,19,0,0,0,0,60,253,253,91,0,0,0,0,0,0,0,0,0,0,0,0,0,0,0,0,0,0,0,0,0,0,0,149,227,253,200,22,0,0,0,0,0,0,0,0,0,0,0,0,0,0,0,0,0,0,0,0,0,0,56,233,253,253,178,0,0,0,0,0,0,0,0,0,0,0,0,0,0,0,0,0,0,0,0,0,16,91,247,253,248,93,10,0,0,0,0,0,0,0,0,0,0,0,0,0,0,0,0,0,0,0,0,96,205,253,254,253,241,24,0,0,0,0,0,0,0,0,0,0,0,0,0,0,0,0,0,0,0,0,0,239,253,253,254,253,253,204,106,0,0,0,0,0,0,0,0,0,0,0,0,0,0,0,0,0,0,0,0,142,149,62,0,149,254,255,179,0,0,0,0,0,0,0,0,0,0,0,0,0,0,0,0,0,0,0,0,0,0,0,0,11,56,253,240,97,0,0,0,0,0,0,0,0,0,0,0,0,0,0,0,0,0,0,0,0,0,0,0,0,15,253,253,223,0,0,0,0,0,0,0,0,0,0,0,0,0,0,0,0,0,0,0,0,0,0,0,0,16,253,253,223,0,0,0,0,0,0,0,0,0,0,0,0,0,0,0,0,111,224,106,0,0,0,0,0,15,253,253,223,0,0,0,0,0,0,0,0,0,0,0,0,0,0,0,0,225,232,35,0,0,0,0,0,33,253,253,205,0,0,0,0,0,0,0,0,0,0,0,0,0,0,0,0,225,239,64,0,0,0,0,112,212,253,253,74,0,0,0,0,0,0,0,0,0,0,0,0,0,0,0,0,225,253,246,240,239,239,241,251,253,253,129,4,0,0,0,0,0,0,0,0,0,0,0,0,0,0,0,0,97,240,253,253,253,253,254,253,215,59,7,0,0,0,0,0,0,0,0,0,0,0,0,0,0,0,0,0,0,74,104,104,218,164,105,104,37,0,0,0,0,0,0,0,0,0,0,0,0,0,0,0,0,0,0,0,0,0,0,0,0,0,0,0,0,0,0,0,0,0,0,0,0,0,0,0,0,0,0,0,0,0,0,0,0,0,0,0,0,0,0,0,0,0,0,0,0,0,0,0,0,0,0,0,0,0,0,0,0,0,0,0,0,0,0,0,0,0,0,0,0,0,0,0,0,0,0,0,0,0,0,0,0,0,0,0,0,0,0,0,0,0,0,0,0,0,0,0,0,0,0,0,0,0,0,0,0,0,0,0,0
8,0,0,0,0,0,0,0,0,0,0,0,0,0,0,0,0,0,0,0,0,0,0,0,0,0,0,0,0,0,0,0,0,0,0,0,0,0,0,0,0,0,0,0,0,0,0,0,0,0,0,0,0,0,0,0,0,0,0,0,0,0,0,0,0,0,0,0,0,0,0,0,0,0,0,0,0,0,0,0,0,0,0,0,0,0,0,0,0,0,0,0,0,0,0,0,0,0,0,0,0,0,0,0,0,0,0,0,0,0,0,0,0,0,0,32,0,0,0,0,0,0,0,0,0,63,145,165,225,255,154,38,0,0,0,0,0,0,0,0,0,0,0,0,0,0,0,0,0,0,0,79,199,251,254,254,254,254,254,187,12,0,0,0,0,0,0,0,0,0,0,0,0,0,0,0,0,17,162,252,254,230,198,116,56,198,254,254,49,0,0,0,0,0,0,0,0,0,0,0,0,0,0,0,2,140,254,254,159,21,0,0,0,81,254,254,93,0,0,0,0,0,0,0,0,0,0,0,0,0,0,0,9,254,254,200,7,0,0,0,0,137,254,254,67,0,0,0,0,0,0,0,0,0,0,0,0,0,0,0,79,254,254,41,0,0,0,0,3,191,254,252,47,0,0,0,0,0,0,0,0,0,0,0,0,0,0,0,187,254,254,17,0,0,0,0,141,254,254,152,0,0,0,0,0,0,0,0,0,0,0,0,0,0,0,0,131,254,254,17,0,0,0,149,252,254,194,15,0,0,0,0,0,0,0,0,0,0,0,0,0,0,0,0,15,254,254,217,18,28,165,249,254,194,15,0,0,0,0,0,0,0,0,0,0,0,0,0,0,0,0,0,5,164,254,254,180,222,254,253,181,15,0,0,0,0,0,0,0,0,0,0,0,0,0,0,0,0,0,0,0,15,157,252,254,254,254,186,0,0,0,0,0,0,0,0,0,0,0,0,0,0,0,0,0,0,0,0,0,0,0,237,254,254,254,253,168,53,2,0,0,0,0,0,0,0,0,0,0,0,0,0,0,0,0,0,0,0,0,237,254,253,249,254,254,254,121,3,0,0,0,0,0,0,0,0,0,0,0,0,0,0,0,0,0,0,0,237,254,162,6,148,227,254,254,165,16,0,0,0,0,0,0,0,0,0,0,0,0,0,0,0,0,0,70,253,254,133,0,0,6,119,248,254,197,40,0,0,0,0,0,0,0,0,0,0,0,0,0,0,0,0,32,244,254,83,0,0,0,0,121,246,254,204,16,0,0,0,0,0,0,0,0,0,0,0,0,0,0,0,0,222,254,214,61,12,0,0,0,128,254,254,152,0,0,0,0,0,0,0,0,0,0,0,0,0,0,0,0,49,221,254,254,219,177,139,155,138,254,254,164,0,0,0,0,0,0,0,0,0,0,0,0,0,0,0,0,0,11,135,220,250,254,254,254,254,254,248,93,0,0,0,0,0,0,0,0,0,0,0,0,0,0,0,0,0,0,0,0,56,164,164,215,208,164,67,0,0,0,0,0,0,0,0,0,0,0,0,0,0,0,0,0,0,0,0,0,0,0,0,0,0,0,0,0,0,0,0,0,0,0,0,0,0,0,0,0,0,0,0,0,0,0,0,0,0,0,0,0,0,0,0,0,0,0,0,0,0,0,0,0,0,0,0,0,0,0,0,0,0,0,0,0,0,0,0,0,0,0,0,0,0,0,0,0,0,0,0,0,0,0,0,0,0,0,0,0,0,0,0,0,0,0,0,0,0,0,0,0,0,0,0,0,0,0
4,0,0,0,0,0,0,0,0,0,0,0,0,0,0,0,0,0,0,0,0,0,0,0,0,0,0,0,0,0,0,0,0,0,0,0,0,0,0,0,0,0,0,0,0,0,0,0,0,0,0,0,0,0,0,0,0,0,0,0,0,0,0,0,0,0,0,0,0,0,0,0,0,0,0,0,0,0,0,0,0,0,0,0,0,0,0,0,0,0,0,0,0,0,0,0,0,0,0,0,0,0,0,0,0,0,0,0,0,0,0,0,0,0,0,0,0,0,0,0,0,0,0,0,0,0,0,0,0,0,0,0,0,0,0,0,0,0,0,0,0,0,0,0,0,0,0,0,0,0,0,0,0,0,134,69,0,0,0,0,0,0,0,0,11,22,0,0,0,0,0,0,0,0,0,0,0,0,0,0,0,64,248,215,16,0,0,0,0,0,0,0,149,177,0,0,0,0,0,0,0,0,0,0,0,0,0,0,42,231,253,206,7,0,0,0,0,0,0,124,244,207,0,0,0,0,0,0,0,0,0,0,0,0,0,0,30,230,253,153,0,0,0,0,0,0,0,205,253,207,0,0,0,0,0,0,0,0,0,0,0,0,0,9,202,253,241,51,0,0,0,0,0,0,112,252,253,172,0,0,0,0,0,0,0,0,0,0,0,0,0,113,253,253,135,0,0,0,0,0,0,77,231,253,169,31,0,0,0,0,0,0,0,0,0,0,0,0,97,244,253,200,8,0,0,0,0,0,17,182,253,233,29,0,0,0,0,0,0,0,0,0,0,0,0,71,214,253,216,39,0,0,0,0,0,0,147,253,253,55,0,0,0,0,0,0,0,0,0,0,0,0,3,202,253,248,105,0,2,40,86,8,0,48,202,253,203,49,0,0,0,0,0,0,0,0,0,0,0,0,99,253,253,250,162,162,168,253,253,78,0,167,253,226,64,0,0,0,0,0,0,0,0,0,0,0,0,28,233,253,253,253,253,253,253,253,253,38,87,243,253,163,9,0,0,0,0,0,0,0,0,0,0,0,20,213,253,253,253,253,253,253,243,209,85,77,212,253,219,5,0,0,0,0,0,0,0,0,0,0,0,0,135,253,253,253,253,253,242,157,44,0,22,242,253,230,45,0,0,0,0,0,0,0,0,0,0,0,0,0,254,253,253,253,180,106,39,0,0,21,200,253,253,115,0,0,0,0,0,0,0,0,0,0,0,0,0,0,119,119,70,10,3,0,0,0,39,246,253,251,84,2,0,0,0,0,0,0,0,0,0,0,0,0,0,0,0,0,0,0,0,0,0,23,192,253,253,176,0,0,0,0,0,0,0,0,0,0,0,0,0,0,0,0,0,0,0,0,0,0,0,87,253,253,214,9,0,0,0,0,0,0,0,0,0,0,0,0,0,0,0,0,0,0,0,0,0,0,42,226,253,233,97,1,0,0,0,0,0,0,0,0,0,0,0,0,0,0,0,0,0,0,0,0,0,0,81,253,253,137,0,0,0,0,0,0,0,0,0,0,0,0,0,0,0,0,0,0,0,0,0,0,0,0,75,145,46,14,0,0,0,0,0,0,0,0,0,0,0,0,0,0,0,0,0,0,0,0,0,0,0,0,0,0,0,0,0,0,0,0,0,0,0,0,0,0,0,0,0,0,0,0,0,0,0,0,0,0,0,0,0,0,0,0,0,0,0,0,0,0,0,0,0,0,0,0,0,0,0,0,0,0,0,0,0,0,0,0,0,0,0,0,0,0,0,0,0,0,0,0,0,0,0,0,0
4,0,0,0,0,0,0,0,0,0,0,0,0,0,0,0,0,0,0,0,0,0,0,0,0,0,0,0,0,0,0,0,0,0,0,0,0,0,0,0,0,0,0,0,0,0,0,0,0,0,0,0,0,0,0,0,0,0,0,0,0,0,0,0,0,0,0,0,0,0,0,0,0,0,0,0,0,0,0,0,0,0,0,0,0,0,0,0,0,0,0,0,0,0,0,0,0,0,0,0,0,0,0,0,0,0,0,0,0,0,0,0,0,0,0,0,0,0,0,0,0,0,0,0,0,0,0,0,0,0,0,0,0,0,0,0,0,0,0,0,0,0,0,0,0,0,0,0,0,0,0,0,0,0,0,0,0,128,255,255,191,0,0,0,0,0,0,0,0,0,0,0,0,0,0,0,64,0,0,0,0,0,0,0,0,191,255,255,255,0,0,0,0,0,0,0,0,0,0,0,0,0,0,0,128,255,255,191,0,0,0,0,0,255,255,255,255,0,0,0,0,0,0,0,0,0,0,0,0,0,0,0,128,255,255,255,128,0,0,0,0,255,255,255,255,0,0,0,0,0,0,0,0,0,0,0,0,0,0,0,128,255,255,255,128,0,0,0,0,255,255,255,255,0,0,0,0,0,0,0,0,0,0,0,0,0,0,64,255,255,255,255,0,0,0,0,0,255,255,255,255,0,0,0,0,0,0,0,0,0,0,0,0,0,0,128,255,255,255,255,0,0,0,0,0,255,255,255,255,0,0,0,0,0,0,0,0,0,0,0,0,0,0,128,255,255,255,128,0,0,0,0,0,255,255,255,255,0,0,0,0,0,0,0,0,0,0,0,0,0,0,255,255,255,255,64,0,0,0,0,0,128,255,255,255,0,0,0,0,0,0,0,0,0,0,0,0,0,0,255,255,255,191,0,0,0,0,0,0,255,255,255,255,0,0,0,0,0,0,0,0,0,0,0,0,0,64,255,255,255,128,0,0,0,0,0,0,255,255,255,255,0,0,0,0,0,0,0,0,0,0,0,0,0,128,255,255,191,0,0,0,0,0,0,64,255,255,255,255,255,255,191,128,64,0,0,0,0,0,0,0,0,255,255,255,128,0,0,128,128,128,255,255,255,255,255,255,255,255,255,255,191,0,0,0,0,0,0,0,0,255,255,255,255,255,255,255,255,255,255,255,255,255,255,255,255,255,191,128,64,0,0,0,0,0,0,0,0,255,255,255,255,255,255,255,255,255,255,255,255,255,255,255,0,0,0,0,0,0,0,0,0,0,0,0,0,128,255,255,255,255,255,128,128,128,0,64,64,255,255,255,0,0,0,0,0,0,0,0,0,0,0,0,0,0,64,128,128,64,0,0,0,0,0,0,0,191,255,255,0,0,0,0,0,0,0,0,0,0,0,0,0,0,0,0,0,0,0,0,0,0,0,0,0,0,191,128,0,0,0,0,0,0,0,0,0,0,0,0,0,0,0,0,0,0,0,0,0,0,0,0,0,0,0,0,0,0,0,0,0,0,0,0,0,0,0,0,0,0,0,0,0,0,0,0,0,0,0,0,0,0,0,0,0,0,0,0,0,0,0,0,0,0,0,0,0,0,0,0,0,0,0,0,0,0,0,0,0,0,0,0,0,0,0,0,0,0,0,0,0,0,0,0,0,0,0,0,0,0,0,0,0,0,0,0,0,0,0,0,0,0,0,0,0,0,0,0,0,0,0,0,0,0,0,0,0,0,0,0,0,0,0,0,0,0,0,0,0,0,0,0,0,0,0,0
8,0,0,0,0,0,0,0,0,0,0,0,0,0,0,0,0,0,0,0,0,0,0,0,0,0,0,0,0,0,0,0,0,0,0,0,0,0,0,0,0,0,0,0,0,0,0,0,0,0,0,0,0,0,0,0,0,0,0,0,0,0,0,0,0,0,0,0,0,0,0,0,0,0,0,0,0,0,0,0,0,0,0,0,0,0,0,0,0,0,0,0,0,0,0,0,0,0,0,0,0,0,0,0,0,0,0,0,0,0,0,0,0,0,0,0,0,0,0,0,0,0,0,0,0,0,0,0,0,0,0,0,0,0,0,0,0,0,0,0,0,0,0,0,0,0,0,0,0,0,0,0,0,0,0,0,0,0,0,0,0,0,0,0,0,0,0,0,0,0,0,0,0,0,0,0,0,0,0,0,0,0,0,0,0,0,0,0,0,0,0,0,0,0,0,0,0,0,0,0,0,0,0,0,0,0,0,0,0,0,0,25,157,83,37,37,9,0,0,0,0,0,0,0,0,0,0,0,0,0,0,0,0,0,0,0,0,45,164,214,253,253,253,253,189,170,105,0,0,0,0,0,0,0,0,0,0,0,0,0,0,0,0,91,182,247,253,254,253,253,253,253,253,253,226,129,3,0,0,0,0,0,0,0,0,0,0,0,0,0,56,242,253,253,184,60,60,77,180,198,198,180,243,253,81,0,0,0,0,0,0,0,0,0,0,0,0,0,73,253,253,125,3,0,0,0,0,12,12,0,120,253,253,0,0,0,0,0,0,0,0,105,0,0,0,0,45,235,216,15,0,0,0,0,0,0,0,80,215,253,253,0,0,0,0,0,0,0,0,12,0,0,0,0,0,206,198,10,0,0,0,0,0,79,144,249,253,206,29,0,0,0,0,0,0,0,0,0,0,0,0,0,0,206,253,82,0,0,12,138,242,250,253,155,86,7,0,0,0,0,0,0,0,0,0,0,0,0,0,0,0,99,236,202,133,198,255,255,252,213,87,0,0,0,0,0,0,0,0,0,0,0,0,0,0,0,0,0,7,25,221,253,253,255,251,229,128,0,0,0,0,0,0,0,0,0,0,0,0,0,0,0,0,0,0,9,156,253,253,253,253,235,138,0,0,0,0,0,0,0,0,0,0,0,0,0,0,0,0,0,0,7,72,190,253,253,253,253,149,41,0,0,0,0,0,0,0,0,0,0,0,0,0,0,0,0,0,0,47,192,253,253,253,233,216,253,11,0,0,0,0,0,0,0,0,0,0,0,0,0,0,0,0,0,0,4,176,253,253,253,253,168,132,170,3,0,0,0,0,0,0,0,0,0,0,0,0,0,0,0,0,0,0,3,165,253,253,253,253,237,168,27,0,0,0,0,0,0,0,0,0,0,0,0,0,0,0,0,0,0,0,0,32,156,156,128,36,36,22,0,0,0,0,0,0,0,0,0,0,0,0,0,0,0,0,0,0,0,0,0,0,0,0,0,0,0,0,0,0,0,0,0,0,0,0,0,0,0,0,0,0,0,0,0,0,0,0,0,0,0,0,0,0,0,0,0,0,0,0,0,0,0,0,0,0,0,0,0,0,0,0,0,0,0,0,0,0,0,0,0,0,0,0,0,0,0,0,0,0,0,0,0,0,0,0,0,0,0,0,0,0,0,0,0,0,0,0,0,0,0,0,0,0,0,0,0,0,0,0,0,0,0,0,0,0,0,0,0,0,0,0,0,0,0,0,0,0,0,0,0,0,0,0,0,0,0,0,0,0,0,0,0,0,0,0
5,0,0,0,0,0,0,0,0,0,0,0,0,0,0,0,0,0,0,0,0,0,0,0,0,0,0,0,0,0,0,0,0,0,0,0,0,0,0,0,0,0,0,0,0,0,0,0,0,0,0,0,0,0,0,0,0,0,0,0,0,0,0,0,0,0,0,0,0,0,0,0,0,0,0,0,0,0,0,0,0,0,0,0,0,0,0,0,0,0,0,0,0,0,0,0,0,0,0,0,0,0,0,0,0,0,0,0,0,0,0,0,0,0,0,0,0,0,0,0,0,0,0,0,0,0,0,0,0,24,34,148,253,253,253,161,0,0,0,0,0,0,0,0,0,0,0,0,0,0,15,67,67,67,100,176,177,229,252,252,252,252,252,208,0,0,0,0,0,0,0,0,0,0,0,0,0,0,99,252,252,252,252,252,253,252,252,252,252,252,252,208,0,0,0,0,0,0,0,0,0,0,0,0,0,10,189,230,250,252,252,252,253,252,234,172,121,158,249,142,0,0,0,0,0,0,0,0,0,0,0,0,0,0,0,0,231,252,252,252,208,88,15,0,0,0,77,0,0,0,0,0,0,0,0,0,0,0,0,0,0,0,0,0,231,252,252,166,24,0,0,0,0,0,0,0,0,0,0,0,0,0,0,0,0,0,0,0,0,0,0,134,251,252,249,40,0,0,0,0,0,0,0,0,0,0,0,0,0,0,0,0,0,0,0,0,0,0,34,231,252,252,156,0,0,0,0,0,0,0,0,0,0,0,0,0,0,0,0,0,0,0,0,0,0,0,137,252,252,252,66,0,44,24,65,71,0,0,0,0,0,0,0,0,0,0,0,0,0,0,0,0,0,68,241,252,252,252,229,220,239,230,247,249,220,48,0,0,0,0,0,0,0,0,0,0,0,0,0,0,0,133,253,253,253,253,253,253,255,253,253,253,253,215,12,0,0,0,0,0,0,0,0,0,0,0,0,0,0,104,252,252,252,252,252,252,253,206,212,252,252,252,21,0,0,0,0,0,0,0,0,0,0,0,0,0,0,4,68,153,153,86,44,44,44,13,142,252,252,179,4,0,0,0,0,0,0,0,0,0,0,0,0,0,0,0,0,0,0,0,0,0,0,122,251,252,252,107,0,0,0,0,0,0,0,0,0,0,0,0,0,0,0,0,0,0,0,0,0,0,70,226,252,252,240,43,0,0,0,0,0,0,0,0,0,0,0,0,0,0,0,85,113,82,0,0,0,78,253,252,252,245,128,0,0,0,0,0,0,0,0,0,0,0,0,0,0,3,146,251,252,168,16,122,203,250,253,252,252,172,0,0,0,0,0,0,0,0,0,0,0,0,0,0,0,67,252,252,252,252,252,252,252,252,253,252,172,4,0,0,0,0,0,0,0,0,0,0,0,0,0,0,0,46,239,252,252,252,252,252,252,252,176,99,12,0,0,0,0,0,0,0,0,0,0,0,0,0,0,0,0,0,27,90,214,252,252,252,252,109,0,0,0,0,0,0,0,0,0,0,0,0,0,0,0,0,0,0,0,0,0,0,0,0,0,0,0,0,0,0,0,0,0,0,0,0,0,0,0,0,0,0,0,0,0,0,0,0,0,0,0,0,0,0,0,0,0,0,0,0,0,0,0,0,0,0,0,0,0,0,0,0,0,0,0,0,0,0,0,0,0,0,0,0,0,0,0,0,0,0,0,0,0,0,0,0,0,0,0,0,0,0,0,0,0,0,0,0,0,0,0,0,0,0,0,0,0,0,0,0,0,0,0,0,0
1,0,0,0,0,0,0,0,0,0,0,0,0,0,0,0,0,0,0,0,0,0,0,0,0,0,0,0,0,0,0,0,0,0,0,0,0,0,0,0,0,0,0,0,0,0,0,0,0,0,0,0,0,0,0,0,0,0,0,0,0,0,0,0,0,0,0,0,0,0,0,0,0,0,0,0,0,0,0,0,0,0,0,0,0,0,0,0,0,0,0,0,0,0,0,0,0,0,0,0,0,0,0,0,0,0,0,0,0,0,0,0,0,0,0,0,0,0,0,0,0,0,0,0,0,0,0,0,0,0,0,0,0,0,147,253,225,0,0,0,0,0,0,0,0,0,0,0,0,0,0,0,0,0,0,0,0,0,0,0,0,101,249,252,223,0,0,0,0,0,0,0,0,0,0,0,0,0,0,0,0,0,0,0,0,0,0,0,0,144,252,252,192,0,0,0,0,0,0,0,0,0,0,0,0,0,0,0,0,0,0,0,0,0,0,4,107,253,252,198,28,0,0,0,0,0,0,0,0,0,0,0,0,0,0,0,0,0,0,0,0,0,0,29,252,253,252,55,0,0,0,0,0,0,0,0,0,0,0,0,0,0,0,0,0,0,0,0,0,0,120,253,253,255,106,0,0,0,0,0,0,0,0,0,0,0,0,0,0,0,0,0,0,0,0,0,0,76,215,252,252,152,3,0,0,0,0,0,0,0,0,0,0,0,0,0,0,0,0,0,0,0,0,0,89,246,252,252,220,31,0,0,0,0,0,0,0,0,0,0,0,0,0,0,0,0,0,0,0,0,0,16,128,252,252,217,37,0,0,0,0,0,0,0,0,0,0,0,0,0,0,0,0,0,0,0,0,0,16,203,253,252,220,37,0,0,0,0,0,0,0,0,0,0,0,0,0,0,0,0,0,0,0,0,0,26,207,253,255,215,31,0,0,0,0,0,0,0,0,0,0,0,0,0,0,0,0,0,0,0,0,0,29,200,252,252,215,33,0,0,0,0,0,0,0,0,0,0,0,0,0,0,0,0,0,0,0,0,0,26,200,252,252,252,110,0,0,0,0,0,0,0,0,0,0,0,0,0,0,0,0,0,0,0,0,0,16,207,252,252,233,84,0,0,0,0,0,0,0,0,0,0,0,0,0,0,0,0,0,0,0,0,0,16,203,253,252,252,145,0,0,0,0,0,0,0,0,0,0,0,0,0,0,0,0,0,0,0,0,0,89,207,253,255,253,133,0,0,0,0,0,0,0,0,0,0,0,0,0,0,0,0,0,0,0,0,0,0,197,252,252,253,223,37,0,0,0,0,0,0,0,0,0,0,0,0,0,0,0,0,0,0,0,0,89,197,240,252,252,165,37,0,0,0,0,0,0,0,0,0,0,0,0,0,0,0,0,0,0,0,0,0,113,252,252,249,145,47,0,0,0,0,0,0,0,0,0,0,0,0,0,0,0,0,0,0,0,0,0,0,113,252,220,99,0,0,0,0,0,0,0,0,0,0,0,0,0,0,0,0,0,0,0,0,0,0,0,0,0,0,0,0,0,0,0,0,0,0,0,0,0,0,0,0,0,0,0,0,0,0,0,0,0,0,0,0,0,0,0,0,0,0,0,0,0,0,0,0,0,0,0,0,0,0,0,0,0,0,0,0,0,0,0,0,0,0,0,0,0,0,0,0,0,0,0,0,0,0,0,0,0,0,0,0,0,0,0,0,0,0,0,0,0,0,0,0,0,0,0,0,0,0,0,0,0,0,0,0,0,0,0,0,0,0,0
5,0,0,0,0,0,0,0,0,0,0,0,0,0,0,0,0,0,0,0,0,0,0,0,0,0,0,0,0,0,0,0,0,0,0,0,0,0,0,0,0,0,0,0,0,0,0,0,0,0,0,0,0,0,0,0,0,0,0,0,0,0,0,0,0,0,0,0,0,0,0,0,0,0,0,0,0,0,0,0,0,0,0,0,0,0,0,0,0,0,0,0,0,0,0,0,0,0,0,0,0,0,0,0,0,0,0,0,0,0,0,0,0,0,0,0,0,0,0,0,0,0,0,0,0,0,60,164,0,0,0,0,0,0,0,0,0,0,0,0,0,0,0,0,0,0,0,0,0,0,0,0,0,0,193,238,0,0,0,0,0,0,0,0,0,0,0,0,0,0,0,0,0,0,0,0,0,0,0,0,0,32,245,238,0,0,0,0,0,0,0,0,0,0,0,0,0,0,0,0,0,0,0,0,0,0,0,0,0,133,253,193,8,32,0,0,0,0,0,0,0,0,0,0,0,0,0,0,0,0,0,0,0,0,0,0,0,217,253,223,240,230,95,0,0,0,0,0,0,0,0,0,0,0,0,0,0,0,0,0,0,0,0,0,68,244,254,255,247,198,232,149,0,0,0,0,0,0,0,0,0,0,0,0,0,0,0,0,0,0,0,119,241,253,243,88,36,0,16,44,0,0,0,0,0,0,0,0,0,0,0,0,0,0,0,0,0,0,23,222,253,241,42,0,0,0,0,0,0,0,0,0,0,0,0,0,0,0,0,0,0,0,0,0,0,0,101,253,253,189,0,0,0,0,0,0,0,0,0,0,0,0,0,0,0,0,0,0,0,0,0,0,0,0,6,154,238,116,0,0,0,0,0,0,0,0,0,0,0,0,0,0,0,0,0,0,0,0,0,0,0,0,0,0,202,194,1,0,0,0,0,0,0,0,0,0,0,0,0,0,0,0,0,0,0,0,0,0,0,0,0,0,87,249,95,0,0,0,0,0,0,0,0,0,0,0,0,0,0,0,0,0,0,0,0,0,0,0,0,0,0,192,253,95,0,0,0,0,0,0,0,0,0,0,0,0,0,0,0,0,0,0,0,0,0,0,0,0,0,8,175,252,128,12,0,0,0,0,0,0,0,0,0,0,0,0,0,0,0,0,0,0,0,0,0,0,0,0,5,129,253,186,10,0,0,0,0,0,0,0,0,0,0,0,0,0,0,0,0,0,0,0,0,0,0,0,0,0,45,231,214,11,0,0,0,0,0,0,0,0,0,0,0,0,0,0,0,0,0,0,0,0,0,0,0,0,14,207,253,154,0,0,0,0,0,0,0,0,0,0,0,0,0,0,0,0,0,0,0,0,39,36,30,132,212,253,253,134,0,0,0,0,0,0,0,0,0,0,0,0,0,0,0,0,0,0,10,181,247,245,241,254,253,253,177,12,0,0,0,0,0,0,0,0,0,0,0,0,0,0,0,0,0,0,0,22,134,218,253,224,208,173,17,0,0,0,0,0,0,0,0,0,0,0,0,0,0,0,0,0,0,0,0,0,0,0,0,0,0,0,0,0,0,0,0,0,0,0,0,0,0,0,0,0,0,0,0,0,0,0,0,0,0,0,0,0,0,0,0,0,0,0,0,0,0,0,0,0,0,0,0,0,0,0,0,0,0,0,0,0,0,0,0,0,0,0,0,0,0,0,0,0,0,0,0,0,0,0,0,0,0,0,0,0,0,0,0,0,0,0,0,0,0,0,0,0,0,0,0,0,0,0,0,0,0
3,0,0,0,0,0,0,0,0,0,0,0,0,0,0,0,0,0,0,0,0,0,0,0,0,0,0,0,0,0,0,0,0,0,0,0,0,0,0,0,0,0,0,0,0,0,0,0,0,0,0,0,0,0,0,0,0,0,0,0,0,0,0,0,0,0,0,0,0,0,0,0,0,0,0,0,0,0,0,0,0,0,0,0,0,0,0,0,0,0,0,0,0,0,0,0,0,0,0,0,0,0,0,0,0,0,0,0,0,0,0,0,0,0,38,0,0,0,0,0,0,0,0,0,0,5,59,149,156,156,156,156,141,14,0,0,0,0,0,0,0,0,0,0,0,0,0,0,0,0,19,58,118,203,253,253,253,254,253,253,253,140,0,0,0,0,0,0,0,0,0,0,0,0,0,0,44,175,247,253,254,253,198,85,78,78,78,199,253,155,0,0,0,0,0,0,0,0,0,0,0,0,0,0,103,253,253,253,254,129,6,0,0,0,19,247,253,140,0,0,0,0,0,0,0,0,0,0,0,0,0,0,5,88,65,58,58,9,0,0,0,0,58,253,253,58,0,0,0,0,0,0,0,0,0,0,0,0,0,0,0,0,0,0,0,0,0,0,0,37,201,254,229,23,0,0,0,0,0,0,0,0,0,0,0,0,0,0,0,0,0,0,0,0,0,0,8,149,253,253,86,0,0,0,0,0,0,0,0,0,0,0,0,0,0,0,0,0,0,0,0,0,0,58,205,254,253,168,6,0,0,0,0,0,0,0,0,0,0,0,0,0,0,0,0,0,0,0,0,41,204,244,253,244,161,6,0,0,0,0,0,0,0,0,0,0,0,0,0,0,0,0,0,0,16,98,196,244,253,253,253,218,53,0,0,0,0,0,0,0,0,0,0,0,0,0,0,0,0,0,0,0,137,254,255,254,254,254,254,255,254,223,104,14,0,0,0,0,0,0,0,0,0,0,0,0,0,0,0,0,51,233,174,135,135,135,173,238,253,253,253,103,0,0,0,0,0,0,0,0,0,0,0,0,0,0,0,0,0,0,0,0,0,0,0,18,91,253,253,223,0,0,0,0,0,0,0,0,0,0,0,0,0,0,0,0,0,0,0,0,0,0,0,32,183,253,253,185,0,0,0,0,0,0,0,0,0,0,0,0,0,0,0,0,0,0,0,0,0,0,38,209,253,253,200,36,0,0,0,0,0,0,0,0,0,5,59,59,14,0,0,0,0,0,0,0,19,112,231,255,249,165,8,0,0,0,0,0,0,0,0,0,0,19,247,253,185,58,11,0,0,0,13,111,226,253,253,219,88,0,0,0,0,0,0,0,0,0,0,0,0,0,54,240,253,254,217,175,175,175,224,253,253,240,137,30,0,0,0,0,0,0,0,0,0,0,0,0,0,0,0,71,191,238,253,253,253,253,254,234,146,23,0,0,0,0,0,0,0,0,0,0,0,0,0,0,0,0,0,0,0,36,103,155,155,155,96,31,0,0,0,0,0,0,0,0,0,0,0,0,0,0,0,0,0,0,0,0,0,0,0,0,0,0,0,0,0,0,0,0,0,0,0,0,0,0,0,0,0,0,0,0,0,0,0,0,0,0,0,0,0,0,0,0,0,0,0,0,0,0,0,0,0,0,0,0,0,0,0,0,0,0,0,0,0,0,0,0,0,0,0,0,0,0,0,0,0,0,0,0,0,0,0,0,0,0,0,0,0,0,0,0,0,0,0,0,0,0,0,0,0,0,0,0,0,0,0,0,0,0,0,0,0,0,0
2,0,0,0,0,0,0,0,0,0,0,0,0,0,0,0,0,0,0,0,0,0,0,0,0,0,0,0,0,0,0,0,0,0,0,0,0,0,0,0,0,0,0,0,0,0,0,0,0,0,0,0,0,0,0,0,0,0,0,0,0,0,0,0,0,0,0,0,0,0,0,0,0,0,0,0,0,0,0,0,0,0,0,0,0,0,0,0,0,0,0,0,0,0,0,0,0,0,0,0,0,0,0,0,0,0,0,0,0,0,0,0,0,0,0,0,0,0,0,0,0,17,118,138,139,159,253,201,253,191,138,138,44,3,0,0,0,0,0,0,0,0,0,0,0,0,0,0,104,228,252,252,253,252,252,252,252,253,252,252,252,169,22,0,0,0,0,0,0,0,0,0,0,0,0,11,203,233,183,183,184,183,183,183,183,222,252,252,252,252,199,0,0,0,0,0,0,0,0,0,0,0,0,0,103,64,0,0,0,0,0,0,0,25,45,77,236,252,230,0,0,0,0,0,0,0,0,0,0,0,0,0,0,0,0,0,0,0,0,0,0,0,0,32,228,252,230,0,0,0,0,0,0,0,0,0,0,0,0,0,0,0,0,0,0,0,0,0,0,0,26,222,253,253,221,0,0,0,0,0,0,0,0,0,0,0,0,0,0,0,0,0,0,0,0,0,0,5,136,252,252,231,42,0,0,0,0,0,0,0,0,0,0,0,0,0,0,0,0,0,0,0,0,0,0,138,252,252,227,100,0,0,0,0,0,0,0,0,0,0,0,0,0,0,0,0,0,0,0,0,0,0,189,253,252,252,66,0,0,0,0,0,0,0,0,0,0,0,0,0,0,0,0,0,0,0,0,0,32,157,250,253,231,106,4,0,0,0,0,0,0,0,0,0,0,0,0,0,0,0,0,0,0,0,3,97,222,253,253,231,95,0,0,0,0,0,0,0,0,0,0,0,0,0,0,0,0,0,0,0,0,22,170,252,252,252,157,42,0,0,0,0,0,0,0,0,0,0,0,0,0,0,0,0,0,0,0,0,26,205,253,252,233,141,6,0,0,0,0,0,0,0,0,0,0,0,0,0,0,0,0,0,0,0,0,26,203,252,253,235,64,0,0,0,0,0,0,0,0,0,0,0,0,0,0,0,0,0,0,0,0,0,22,205,252,252,243,60,0,0,0,0,0,0,0,0,64,136,230,188,11,0,0,0,0,0,0,0,0,24,253,253,253,180,0,0,0,0,0,3,24,24,24,181,255,253,205,74,0,0,0,0,0,0,0,0,0,45,252,252,193,8,0,0,0,17,99,170,252,252,252,252,228,185,25,0,0,0,0,0,0,0,0,0,0,107,252,252,227,184,185,184,184,209,252,253,252,252,227,130,32,0,0,0,0,0,0,0,0,0,0,0,0,15,219,252,252,252,253,252,252,252,252,203,139,45,29,0,0,0,0,0,0,0,0,0,0,0,0,0,0,0,36,137,232,252,253,252,168,137,85,11,0,0,0,0,0,0,0,0,0,0,0,0,0,0,0,0,0,0,0,0,0,0,0,0,0,0,0,0,0,0,0,0,0,0,0,0,0,0,0,0,0,0,0,0,0,0,0,0,0,0,0,0,0,0,0,0,0,0,0,0,0,0,0,0,0,0,0,0,0,0,0,0,0,0,0,0,0,0,0,0,0,0,0,0,0,0,0,0,0,0,0,0,0,0,0,0,0,0,0,0,0,0,0,0,0,0,0,0,0,0,0,0,0,0,0,0,0,0,0,0,0,0,0
5,0,0,0,0,0,0,0,0,0,0,0,0,0,0,0,0,0,0,0,0,0,0,0,0,0,0,0,0,0,0,0,0,0,0,0,0,0,0,0,0,0,0,0,0,0,0,0,0,0,0,0,0,0,0,0,0,0,0,0,0,0,0,0,0,0,0,0,0,0,0,0,0,0,0,0,0,0,0,0,0,0,0,0,0,0,0,0,0,0,0,0,0,0,0,0,0,0,0,0,0,0,0,0,0,0,0,0,0,0,0,0,0,0,0,0,0,0,0,0,0,0,0,0,0,0,0,0,0,0,0,0,0,0,0,0,0,0,0,0,0,0,0,0,0,0,0,0,0,0,0,0,0,0,0,0,0,0,0,0,0,0,0,0,0,0,0,0,0,0,0,0,0,0,0,0,0,0,0,0,0,0,0,0,0,0,0,0,0,0,0,0,0,0,0,0,0,0,0,0,0,0,0,0,0,0,0,0,0,0,0,0,0,0,90,125,125,125,191,201,254,255,254,0,0,0,0,0,0,0,0,0,0,0,110,118,118,228,248,248,248,248,252,253,253,253,253,244,135,135,69,0,0,0,0,0,0,0,0,112,171,241,252,253,253,253,253,253,253,253,253,253,253,239,142,65,0,0,0,0,0,0,0,0,0,0,0,254,253,253,253,253,253,253,221,149,176,253,253,180,62,16,0,0,0,0,0,0,0,0,0,0,0,0,0,156,155,198,253,115,25,25,18,0,7,145,253,128,0,0,0,0,0,0,0,0,0,0,0,0,0,0,0,0,0,112,162,4,0,0,0,0,0,38,135,140,0,0,0,0,0,0,0,0,0,0,0,0,0,0,0,0,101,232,184,9,0,0,0,0,0,0,0,20,0,0,0,0,0,0,0,0,0,0,0,0,0,0,0,0,118,253,253,163,51,0,0,0,0,0,0,0,0,0,0,0,0,0,0,0,0,0,0,0,0,0,0,0,24,207,253,253,235,92,13,0,0,0,0,0,0,0,0,0,0,0,0,0,0,0,0,0,0,0,0,0,0,26,205,253,253,253,206,92,15,0,0,0,0,0,0,0,0,0,0,0,0,0,0,0,0,0,0,0,0,0,27,137,253,253,253,253,88,0,0,0,0,0,0,0,0,0,0,0,0,0,0,0,0,0,0,0,0,0,0,28,118,245,253,253,235,140,0,0,0,0,0,0,0,0,0,0,0,0,0,0,0,0,0,0,0,0,0,0,0,66,199,253,253,205,13,0,0,0,0,0,0,0,0,0,0,0,0,0,0,0,0,0,0,0,0,0,0,0,67,225,253,253,166,12,0,0,0,0,0,0,0,0,0,0,0,0,0,0,0,0,0,0,0,0,0,0,0,63,246,253,253,95,0,0,0,0,0,0,0,0,0,0,0,0,0,0,0,0,0,0,0,0,0,0,0,0,116,253,253,207,0,0,0,0,0,0,0,0,0,0,0,0,0,0,0,0,0,0,0,0,0,0,0,0,66,253,253,207,0,0,0,0,0,0,0,0,0,0,0,0,0,0,0,0,0,0,0,0,0,0,0,0,139,253,253,133,0,0,0,0,0,0,0,0,0,0,0,0,0,0,0,0,0,0,0,0,0,0,0,0,194,252,252,76,0,0,0,0,0,0,0,0,0,0,0,0,0,0,0,0,0,0,0,0,0,0,0,0,64,92,98,0,0,0,0,0,0,0,0,0,0,0,0,0,0,0,0,0,0,0,0,0,0,0,0,0,0,0,0,0,0,0,0,0,0,0,0,0,0
5,0,0,0,0,0,0,0,0,0,0,0,0,0,0,0,0,0,0,0,0,0,0,0,0,0,0,0,0,0,0,0,0,0,0,0,0,0,0,0,0,0,0,0,0,0,0,0,0,0,0,0,0,0,0,0,0,0,0,0,0,0,0,0,0,0,0,0,0,0,0,0,0,0,0,0,0,0,0,0,0,0,0,0,0,0,0,0,0,0,0,0,0,0,0,0,0,0,0,0,0,0,0,0,0,0,0,0,0,0,0,0,0,0,0,0,0,0,0,0,0,0,0,0,0,0,0,0,0,0,0,0,0,0,0,0,0,0,0,0,0,0,0,0,0,0,0,0,0,0,0,0,0,0,0,0,0,0,0,0,0,0,24,145,247,18,0,0,0,0,0,0,0,0,0,0,0,0,0,0,0,0,0,0,0,0,0,0,89,127,226,254,251,59,0,0,0,0,0,0,0,0,0,0,0,0,12,186,245,103,0,1,37,78,158,245,254,254,254,254,229,0,0,0,0,0,0,0,0,0,0,0,0,0,84,254,254,250,188,189,254,254,254,254,254,254,213,143,37,0,0,0,0,0,0,0,0,0,0,0,0,0,179,254,254,254,254,254,254,254,250,192,69,20,11,0,0,0,0,0,0,0,0,0,0,0,0,0,0,11,207,254,234,181,181,181,118,78,65,0,0,0,0,0,0,0,0,0,0,0,0,0,0,0,0,0,0,86,254,254,216,29,6,0,0,0,0,0,0,0,0,0,0,0,0,0,0,0,0,0,0,0,0,0,0,209,254,254,254,254,197,53,0,0,0,0,0,0,0,0,0,0,0,0,0,0,0,0,0,0,0,0,0,245,254,254,255,254,254,235,46,2,0,0,0,0,0,0,0,0,0,0,0,0,0,0,0,0,0,0,0,224,254,153,99,108,254,254,254,135,23,0,0,0,0,0,0,0,0,0,0,0,0,0,0,0,0,0,0,29,52,4,0,4,77,239,254,254,208,25,0,0,0,0,0,0,0,0,0,0,0,0,0,0,0,0,0,0,0,0,0,0,0,49,198,254,254,215,9,0,0,0,0,0,0,0,0,0,0,0,0,0,0,0,0,0,0,0,0,0,0,0,38,179,254,254,52,0,0,0,0,0,0,0,0,0,0,0,0,0,0,0,39,134,59,16,0,0,0,0,0,100,254,254,131,0,0,0,0,0,0,0,0,0,0,0,0,0,0,0,0,138,254,207,56,0,0,0,0,131,254,254,117,0,0,0,0,0,0,0,0,0,0,0,0,0,0,0,0,4,186,254,217,67,0,1,107,249,254,247,14,0,0,0,0,0,0,0,0,0,0,0,0,0,0,0,0,0,28,213,254,209,24,146,254,254,243,80,0,0,0,0,0,0,0,0,0,0,0,0,0,0,0,0,0,0,0,83,251,254,231,249,254,250,76,0,0,0,0,0,0,0,0,0,0,0,0,0,0,0,0,0,0,0,0,0,154,254,254,254,243,78,0,0,0,0,0,0,0,0,0,0,0,0,0,0,0,0,0,0,0,0,0,0,44,156,254,165,37,0,0,0,0,0,0,0,0,0,0,0,0,0,0,0,0,0,0,0,0,0,0,0,0,0,0,0,0,0,0,0,0,0,0,0,0,0,0,0,0,0,0,0,0,0,0,0,0,0,0,0,0,0,0,0,0,0,0,0,0,0,0,0,0,0,0,0,0,0,0,0,0,0,0,0,0,0,0,0,0,0,0,0,0,0,0,0,0,0,0,0,0,0,0,0,0
6,0,0,0,0,0,0,0,0,0,0,0,0,0,0,0,0,0,0,0,0,0,0,0,0,0,0,0,0,0,0,0,0,0,0,0,0,0,0,0,0,0,0,0,0,0,0,0,0,0,0,0,0,0,0,0,0,0,0,0,0,0,0,0,0,0,0,0,0,19,129,198,83,0,0,0,0,0,0,0,0,0,0,0,0,0,0,0,0,0,0,0,0,0,0,0,19,146,194,74,2,0,0,0,0,0,0,0,0,0,0,0,0,0,0,0,0,0,0,0,0,0,0,19,205,219,14,0,0,0,0,0,0,0,0,0,0,0,0,0,0,0,0,0,0,0,0,0,0,0,0,66,254,145,0,0,0,0,0,0,0,0,0,0,0,0,0,0,0,0,0,0,0,0,0,0,0,0,0,146,254,31,0,0,0,0,0,0,0,0,0,0,0,0,0,0,0,0,0,0,0,0,0,0,0,0,0,172,199,3,0,0,0,0,0,0,0,0,0,0,0,0,0,0,0,0,0,0,0,0,0,0,0,0,16,242,214,9,0,0,0,0,0,0,0,0,0,0,0,0,0,0,0,0,0,0,0,0,0,0,0,0,32,246,176,0,0,0,0,0,0,0,0,0,0,0,0,0,0,0,0,0,0,0,0,0,0,0,0,0,0,238,182,0,0,0,0,0,0,0,0,0,0,0,0,0,0,0,0,0,0,0,0,0,0,0,0,0,0,238,194,0,0,0,0,0,0,0,0,0,0,0,0,0,0,0,0,0,0,0,0,0,0,0,0,0,0,195,203,4,0,0,0,0,6,79,126,126,59,0,0,0,0,0,0,0,0,0,0,0,0,0,0,0,0,210,254,26,0,0,18,78,169,250,235,254,243,24,0,0,0,0,0,0,0,0,0,0,0,0,0,0,0,123,254,76,24,162,229,250,142,46,44,254,237,0,0,0,0,0,0,0,0,0,0,0,0,0,0,0,0,114,254,198,30,142,128,48,0,0,27,254,237,0,0,0,0,0,0,0,0,0,0,0,0,0,0,0,0,16,180,203,3,0,0,0,0,0,27,254,230,0,0,0,0,0,0,0,0,0,0,0,0,0,0,0,0,0,228,254,101,0,0,0,0,0,32,254,145,0,0,0,0,0,0,0,0,0,0,0,0,0,0,0,0,0,85,254,223,14,0,0,0,12,197,239,18,0,0,0,0,0,0,0,0,0,0,0,0,0,0,0,0,0,38,242,255,129,2,0,2,98,254,136,0,0,0,0,0,0,0,0,0,0,0,0,0,0,0,0,0,0,0,63,242,254,174,92,142,210,118,0,0,0,0,0,0,0,0,0,0,0,0,0,0,0,0,0,0,0,0,0,45,172,254,241,116,0,0,0,0,0,0,0,0,0,0,0,0,0,0,0,0,0,0,0,0,0,0,0,0,0,0,0,0,0,0,0,0,0,0,0,0,0,0,0,0,0,0,0,0,0,0,0,0,0,0,0,0,0,0,0,0,0,0,0,0,0,0,0,0,0,0,0,0,0,0,0,0,0,0,0,0,0,0,0,0,0,0,0,0,0,0,0,0,0,0,0,0,0,0,0,0,0,0,0,0,0,0,0,0,0,0,0,0,0,0,0,0,0,0,0,0,0,0,0,0,0,0,0,0,0,0,0,0,0,0,0,0,0,0,0,0,0,0,0,0,0,0,0,0,0,0,0,0,0,0,0,0,0,0,0,0,0,0,0,0,0,0,0,0,0,0,0,0,0,0,0,0,0,0,0,0,0,0
8,0,0,0,0,0,0,0,0,0,0,0,0,0,0,0,0,0,0,0,0,0,0,0,0,0,0,0,0,0,0,0,0,0,0,0,0,0,0,0,0,0,0,0,0,0,0,0,0,0,0,0,0,0,0,0,0,0,0,0,0,0,0,0,0,0,0,0,0,0,0,0,0,0,0,0,0,0,0,0,0,0,0,0,0,0,0,0,0,0,0,0,0,0,0,0,0,0,0,0,0,0,0,0,0,0,0,0,0,0,0,0,0,0,0,0,0,0,0,0,0,0,0,0,0,0,0,0,0,0,0,0,0,0,0,0,0,0,0,0,0,0,0,0,0,0,0,0,0,0,0,0,0,0,0,11,139,212,253,159,86,0,0,0,0,0,0,0,0,0,0,0,0,0,0,0,0,0,0,0,0,34,89,203,253,252,252,252,252,74,0,0,0,0,0,0,0,0,0,0,0,0,0,0,0,0,0,49,184,234,252,252,184,110,100,208,252,199,0,0,0,0,0,0,0,0,0,0,0,0,0,0,0,0,95,233,252,252,176,56,0,0,0,17,234,249,75,0,0,0,0,0,0,0,0,0,0,0,0,0,0,0,220,253,178,54,4,0,0,0,0,43,240,243,50,0,0,0,0,0,0,0,0,0,0,0,0,0,0,0,221,255,180,55,5,0,0,0,7,160,253,168,0,0,0,0,0,0,0,0,0,0,0,0,0,0,0,0,116,253,252,252,67,0,0,0,91,252,231,42,0,0,0,0,0,0,0,0,0,0,0,0,0,0,0,0,32,190,252,252,185,38,0,119,234,252,54,0,0,0,0,0,0,0,0,0,0,0,0,0,0,0,0,0,0,15,177,252,252,179,155,236,227,119,4,0,0,0,0,0,0,0,0,0,0,0,0,0,0,0,0,0,0,0,26,221,252,252,253,252,130,0,0,0,0,0,0,0,0,0,0,0,0,0,0,0,0,0,0,0,0,0,0,32,229,253,255,144,0,0,0,0,0,0,0,0,0,0,0,0,0,0,0,0,0,0,0,0,0,0,0,66,236,252,253,92,0,0,0,0,0,0,0,0,0,0,0,0,0,0,0,0,0,0,0,0,0,0,66,234,252,252,253,92,0,0,0,0,0,0,0,0,0,0,0,0,0,0,0,0,0,0,0,0,0,19,236,252,252,252,253,92,0,0,0,0,0,0,0,0,0,0,0,0,0,0,0,0,0,0,0,0,53,181,252,168,43,232,253,92,0,0,0,0,0,0,0,0,0,0,0,0,0,0,0,0,0,0,0,0,179,255,218,32,93,253,252,84,0,0,0,0,0,0,0,0,0,0,0,0,0,0,0,0,0,0,0,81,244,239,33,0,114,252,209,0,0,0,0,0,0,0,0,0,0,0,0,0,0,0,0,0,0,0,0,207,252,237,70,153,240,252,32,0,0,0,0,0,0,0,0,0,0,0,0,0,0,0,0,0,0,0,0,207,252,253,252,252,252,210,0,0,0,0,0,0,0,0,0,0,0,0,0,0,0,0,0,0,0,0,0,61,242,253,252,168,96,12,0,0,0,0,0,0,0,0,0,0,0,0,0,0,0,0,0,0,0,0,0,0,0,0,0,0,0,0,0,0,0,0,0,0,0,0,0,0,0,0,0,0,0,0,0,0,0,0,0,0,0,0,0,0,0,0,0,0,0,0,0,0,0,0,0,0,0,0,0,0,0,0,0,0,0,0,0,0,0,0,0,0,0,0,0,0,0,0,0,0,0,0,0,0,0,0,0
1,0,0,0,0,0,0,0,0,0,0,0,0,0,0,0,0,0,0,0,0,0,0,0,0,0,0,0,0,0,0,0,0,0,0,0,0,0,0,0,0,0,0,0,0,0,0,0,0,0,0,0,0,0,0,0,0,0,0,0,0,0,0,0,0,0,0,0,0,0,0,0,0,0,0,0,0,0,0,0,0,0,0,0,0,0,0,0,0,0,0,0,0,0,0,0,0,0,0,0,0,0,0,0,0,0,0,0,0,0,0,0,0,0,0,0,0,0,0,0,0,0,0,0,0,0,0,0,0,0,0,0,0,0,0,0,0,0,0,0,0,0,0,0,0,0,0,0,0,0,0,0,0,0,0,0,0,0,0,73,248,130,0,0,0,0,0,0,0,0,0,0,0,0,0,0,0,0,0,0,0,0,0,0,0,0,23,244,254,221,0,0,0,0,0,0,0,0,0,0,0,0,0,0,0,0,0,0,0,0,0,0,0,2,144,254,254,103,0,0,0,0,0,0,0,0,0,0,0,0,0,0,0,0,0,0,0,0,0,0,0,38,254,254,240,33,0,0,0,0,0,0,0,0,0,0,0,0,0,0,0,0,0,0,0,0,0,0,13,183,254,254,154,0,0,0,0,0,0,0,0,0,0,0,0,0,0,0,0,0,0,0,0,0,0,0,74,254,254,248,34,0,0,0,0,0,0,0,0,0,0,0,0,0,0,0,0,0,0,0,0,0,0,0,227,254,250,84,0,0,0,0,0,0,0,0,0,0,0,0,0,0,0,0,0,0,0,0,0,0,0,113,254,254,188,0,0,0,0,0,0,0,0,0,0,0,0,0,0,0,0,0,0,0,0,0,0,0,60,220,254,235,43,0,0,0,0,0,0,0,0,0,0,0,0,0,0,0,0,0,0,0,0,0,0,0,157,254,254,111,0,0,0,0,0,0,0,0,0,0,0,0,0,0,0,0,0,0,0,0,0,0,0,96,241,255,189,0,0,0,0,0,0,0,0,0,0,0,0,0,0,0,0,0,0,0,0,0,0,0,0,200,254,240,56,0,0,0,0,0,0,0,0,0,0,0,0,0,0,0,0,0,0,0,0,0,0,0,105,252,254,156,0,0,0,0,0,0,0,0,0,0,0,0,0,0,0,0,0,0,0,0,0,0,0,6,201,254,254,66,0,0,0,0,0,0,0,0,0,0,0,0,0,0,0,0,0,0,0,0,0,0,0,90,254,254,175,5,0,0,0,0,0,0,0,0,0,0,0,0,0,0,0,0,0,0,0,0,0,0,4,211,254,249,87,0,0,0,0,0,0,0,0,0,0,0,0,0,0,0,0,0,0,0,0,0,0,0,79,254,254,130,0,0,0,0,0,0,0,0,0,0,0,0,0,0,0,0,0,0,0,0,0,0,0,17,236,254,254,47,0,0,0,0,0,0,0,0,0,0,0,0,0,0,0,0,0,0,0,0,0,0,0,76,254,254,135,2,0,0,0,0,0,0,0,0,0,0,0,0,0,0,0,0,0,0,0,0,0,0,0,48,247,204,20,0,0,0,0,0,0,0,0,0,0,0,0,0,0,0,0,0,0,0,0,0,0,0,0,0,0,0,0,0,0,0,0,0,0,0,0,0,0,0,0,0,0,0,0,0,0,0,0,0,0,0,0,0,0,0,0,0,0,0,0,0,0,0,0,0,0,0,0,0,0,0,0,0,0,0,0,0,0,0,0,0,0,0,0,0,0,0,0,0,0,0,0,0,0,0,0,0,0,0,0
5,0,0,0,0,0,0,0,0,0,0,0,0,0,0,0,0,0,0,0,0,0,0,0,0,0,0,0,0,0,0,0,0,0,0,0,0,0,0,0,0,0,0,0,0,0,0,0,0,0,0,0,0,0,0,0,0,0,0,0,0,0,0,0,0,0,0,0,0,0,0,0,0,0,0,0,0,0,0,0,0,0,0,0,0,0,0,0,0,0,0,0,0,0,0,0,0,0,0,0,0,0,0,0,0,0,0,0,0,0,0,0,0,0,0,0,0,0,0,0,0,0,0,0,0,0,0,0,0,0,0,0,0,0,0,0,0,0,0,0,0,0,0,0,0,0,0,0,0,0,0,0,0,0,0,0,0,0,0,0,0,0,0,0,0,0,0,0,0,0,0,0,0,0,0,0,0,0,16,207,237,152,194,167,131,98,7,7,7,7,7,4,0,0,0,0,0,0,0,0,0,0,0,0,0,0,83,254,254,254,254,254,254,254,254,254,254,254,254,148,0,0,0,0,0,0,0,0,0,0,0,0,0,0,11,121,112,112,135,240,254,254,254,254,254,254,238,77,0,0,0,0,0,0,0,0,0,0,0,0,0,0,15,186,10,0,0,24,105,105,105,105,105,105,13,0,0,0,0,0,0,0,0,0,0,0,0,0,0,3,115,254,169,0,0,0,0,0,0,0,0,0,0,0,0,0,0,0,0,0,0,0,0,0,0,0,0,19,254,254,137,0,0,0,0,0,0,0,0,0,0,0,0,0,0,0,0,0,0,0,0,0,0,0,0,19,254,254,93,0,0,0,0,0,0,0,0,0,0,0,0,0,0,0,0,0,0,0,0,0,0,0,0,19,254,254,118,0,0,0,0,0,0,0,0,0,0,0,0,0,0,0,0,0,0,0,0,0,0,0,0,19,254,254,244,181,156,57,43,0,0,0,0,0,0,0,0,0,0,0,0,0,0,0,0,0,0,0,0,5,80,230,254,254,254,254,238,76,0,0,0,0,0,0,0,0,0,0,0,0,0,0,0,0,0,0,0,0,0,38,80,198,254,254,254,238,76,0,0,0,0,0,0,0,0,0,0,0,0,0,0,0,0,0,0,0,0,0,0,10,80,196,254,254,202,15,0,0,0,0,0,0,0,0,0,0,0,0,0,0,0,0,0,0,0,0,0,0,0,39,193,254,254,149,0,0,0,0,0,0,0,0,0,0,0,0,0,0,0,0,0,0,0,0,0,0,0,0,11,203,254,173,0,0,0,0,0,0,0,0,0,0,0,0,0,0,0,0,0,0,0,0,0,0,0,0,0,193,254,173,0,0,0,0,0,0,0,0,0,0,0,0,0,0,0,0,0,0,0,0,0,0,0,0,0,193,254,173,0,0,0,0,0,0,0,0,0,0,0,0,0,0,0,0,0,0,0,0,0,0,0,0,27,219,254,173,0,0,0,0,0,0,0,0,0,0,0,0,0,0,0,0,0,0,0,0,17,113,113,58,147,254,254,58,0,0,0,0,0,0,0,0,0,0,0,0,0,0,0,0,0,0,0,0,21,214,254,249,254,254,126,3,0,0,0,0,0,0,0,0,0,0,0,0,0,0,0,0,0,0,0,0,0,25,215,255,255,127,2,0,0,0,0,0,0,0,0,0,0,0,0,0,0,0,0,0,0,0,0,0,0,0,0,0,0,0,0,0,0,0,0,0,0,0,0,0,0,0,0,0,0,0,0,0,0,0,0,0,0,0,0,0,0,0,0,0,0,0,0,0,0,0,0,0,0
8,0,0,0,0,0,0,0,0,0,0,0,0,0,0,0,0,0,0,0,0,0,0,0,0,0,0,0,0,0,0,0,0,0,0,0,0,0,0,0,0,0,0,0,0,0,0,0,0,0,0,0,0,0,0,0,0,0,0,0,0,0,0,0,0,0,0,0,0,0,0,0,0,0,0,0,0,0,0,0,0,0,0,0,0,0,0,0,0,0,0,0,0,0,0,0,0,0,0,0,0,0,0,0,0,0,0,0,0,0,0,0,0,0,0,0,0,0,0,0,0,0,0,0,0,0,3,74,254,255,202,75,0,0,0,0,0,0,0,0,0,0,0,0,0,0,0,0,0,0,0,0,0,4,127,245,218,173,152,242,15,0,0,0,0,0,0,0,0,0,0,0,0,0,0,0,0,0,0,0,5,179,253,169,0,0,0,168,160,0,0,0,0,0,0,0,0,0,0,0,0,0,0,0,0,0,0,0,40,253,167,20,0,0,0,130,160,0,0,0,0,0,0,0,0,0,0,0,0,0,0,0,0,0,0,0,166,253,116,0,0,0,0,121,20,0,0,0,0,0,0,0,0,0,0,0,0,0,0,0,0,0,0,0,243,253,94,0,0,0,0,69,0,20,80,0,0,0,0,0,0,0,0,0,0,0,0,0,0,0,0,0,243,253,94,0,0,5,59,185,243,245,185,0,0,0,0,0,0,0,0,0,0,0,0,0,0,0,0,0,165,253,105,6,116,236,253,252,230,152,31,0,0,0,0,0,0,0,0,0,0,0,0,0,0,0,0,0,6,253,238,182,253,238,159,90,0,0,0,0,0,0,0,0,0,0,0,0,0,0,0,0,0,0,0,0,6,253,253,253,235,67,0,0,0,0,0,0,0,0,0,0,0,0,0,0,0,0,0,0,0,0,0,33,136,253,253,253,200,13,0,0,0,0,0,0,0,0,0,0,0,0,0,0,0,0,0,0,0,0,34,161,253,244,218,253,253,85,0,0,0,0,0,0,0,0,0,0,0,0,0,0,0,0,0,0,0,0,197,253,195,21,15,184,253,245,74,0,0,0,0,0,0,0,0,0,0,0,0,0,0,0,0,0,3,133,252,198,8,0,0,32,223,253,141,0,0,0,0,0,0,0,0,0,0,0,0,0,0,0,0,0,54,253,253,78,0,0,0,0,127,253,206,3,0,0,0,0,0,0,0,0,0,0,0,0,0,0,0,0,54,253,195,10,0,0,0,12,165,253,232,4,0,0,0,0,0,0,0,0,0,0,0,0,0,0,0,0,54,253,164,0,0,0,11,110,253,253,141,0,0,0,0,0,0,0,0,0,0,0,0,0,0,0,0,0,54,253,235,97,84,84,166,253,253,222,40,0,0,0,0,0,0,0,0,0,0,0,0,0,0,0,0,0,33,228,253,253,253,253,253,230,117,22,0,0,0,0,0,0,0,0,0,0,0,0,0,0,0,0,0,0,0,46,176,253,253,253,178,104,0,0,0,0,0,0,0,0,0,0,0,0,0,0,0,0,0,0,0,0,0,0,0,0,0,0,0,0,0,0,0,0,0,0,0,0,0,0,0,0,0,0,0,0,0,0,0,0,0,0,0,0,0,0,0,0,0,0,0,0,0,0,0,0,0,0,0,0,0,0,0,0,0,0,0,0,0,0,0,0,0,0,0,0,0,0,0,0,0,0,0,0,0,0,0,0,0,0,0,0,0,0,0,0,0,0,0,0,0,0,0,0,0,0,0,0,0,0,0,0,0,0,0,0,0
3,0,0,0,0,0,0,0,0,0,0,0,0,0,0,0,0,0,0,0,0,0,0,0,0,0,0,0,0,0,0,0,0,0,0,0,0,0,0,0,0,0,0,0,0,0,0,0,0,0,0,0,0,0,0,0,0,0,0,0,0,0,0,0,0,0,0,0,0,0,0,0,0,0,0,0,0,0,0,0,0,0,0,0,0,0,0,0,0,0,0,0,0,0,0,0,0,0,0,0,0,0,0,0,0,0,0,0,0,0,0,0,0,0,0,0,0,0,0,0,0,0,0,0,0,0,0,0,0,0,0,0,0,0,0,0,0,0,0,0,0,0,0,0,0,0,0,0,0,0,0,0,0,15,71,96,160,220,205,175,79,0,0,0,0,0,0,0,0,0,0,0,0,0,0,0,0,0,0,41,131,250,254,254,254,254,254,254,236,21,0,0,0,0,0,0,0,0,0,0,0,0,0,0,0,23,162,245,254,254,237,196,127,82,48,190,254,48,0,0,0,0,0,0,0,0,0,0,0,0,0,0,0,210,254,254,198,86,20,0,0,0,0,220,254,48,0,0,0,0,0,0,0,0,0,0,0,0,0,0,0,254,234,80,7,0,0,0,0,0,125,254,199,3,0,0,0,0,0,0,0,0,0,0,0,0,0,0,0,134,139,0,0,0,0,0,0,74,250,254,60,0,0,0,0,0,0,0,0,0,0,0,0,0,0,0,0,0,0,0,0,0,0,0,31,217,254,144,0,0,0,0,0,0,0,0,0,0,0,0,0,0,0,0,0,0,0,0,0,0,0,21,176,254,199,15,0,0,0,0,0,0,0,0,0,0,0,0,0,0,0,0,0,0,0,0,0,0,29,217,254,173,42,0,0,0,0,0,0,0,0,0,0,0,0,0,0,0,0,0,0,0,0,0,0,0,96,254,224,17,0,0,0,0,0,0,0,0,0,0,0,0,0,0,0,0,0,0,0,0,0,0,0,0,96,254,240,27,0,0,0,0,0,0,0,0,0,0,0,0,0,0,0,0,0,0,0,0,0,0,0,0,29,216,254,111,0,0,0,0,0,0,0,0,0,0,0,0,0,0,0,0,0,0,0,0,0,0,0,0,0,97,254,207,8,0,0,0,0,0,0,0,0,0,0,0,0,0,0,0,0,0,0,0,0,0,0,0,0,32,254,254,86,0,0,0,0,0,0,0,0,0,0,0,0,0,0,0,0,0,0,0,0,0,0,0,0,2,209,254,95,0,0,0,0,0,0,0,0,0,0,0,0,0,0,0,0,0,0,0,0,0,0,0,0,0,152,254,96,0,0,0,0,0,0,0,0,0,0,0,0,0,0,0,0,0,0,0,0,0,0,0,0,4,168,254,95,0,0,0,0,0,0,0,0,0,0,0,0,0,0,0,0,0,0,0,0,39,48,123,128,193,254,254,55,0,0,0,0,0,0,0,0,0,0,0,0,0,0,0,72,213,223,223,223,248,254,254,255,254,222,126,2,0,0,0,0,0,0,0,0,0,0,0,0,0,0,0,8,86,169,255,254,254,234,174,170,60,8,0,0,0,0,0,0,0,0,0,0,0,0,0,0,0,0,0,0,0,0,0,0,0,0,0,0,0,0,0,0,0,0,0,0,0,0,0,0,0,0,0,0,0,0,0,0,0,0,0,0,0,0,0,0,0,0,0,0,0,0,0,0,0,0,0,0,0,0,0,0,0,0,0,0,0,0,0,0,0,0,0,0,0,0,0,0,0,0,0,0,0,0,0,0,0,0
1,0,0,0,0,0,0,0,0,0,0,0,0,0,0,0,0,0,0,0,0,0,0,0,0,0,0,0,0,0,0,0,0,0,0,0,0,0,0,0,0,0,0,0,0,0,0,0,0,0,0,0,0,0,0,0,0,0,0,0,0,0,0,0,0,0,0,0,0,0,0,0,0,0,0,0,0,0,0,0,0,0,0,0,0,0,0,0,0,0,0,0,0,0,0,0,0,0,0,0,0,0,0,0,0,0,0,0,0,0,0,0,0,0,0,0,0,0,0,0,0,0,0,0,0,0,0,0,0,0,0,0,0,0,0,0,0,0,0,0,0,0,0,0,0,0,0,0,0,0,0,0,0,0,0,23,255,89,59,5,0,0,0,0,0,0,0,0,0,0,0,0,0,0,0,0,0,0,0,0,0,0,0,98,254,253,253,19,0,0,0,0,0,0,0,0,0,0,0,0,0,0,0,0,0,0,0,0,0,0,0,98,254,253,253,19,0,0,0,0,0,0,0,0,0,0,0,0,0,0,0,0,0,0,0,0,0,0,0,98,254,253,253,19,0,0,0,0,0,0,0,0,0,0,0,0,0,0,0,0,0,0,0,0,0,0,0,173,254,253,253,19,0,0,0,0,0,0,0,0,0,0,0,0,0,0,0,0,0,0,0,0,0,0,0,196,255,254,235,15,0,0,0,0,0,0,0,0,0,0,0,0,0,0,0,0,0,0,0,0,0,0,34,244,254,253,92,0,0,0,0,0,0,0,0,0,0,0,0,0,0,0,0,0,0,0,0,0,0,0,40,253,254,253,78,0,0,0,0,0,0,0,0,0,0,0,0,0,0,0,0,0,0,0,0,0,0,0,40,253,254,234,6,0,0,0,0,0,0,0,0,0,0,0,0,0,0,0,0,0,0,0,0,0,0,0,40,253,254,233,0,0,0,0,0,0,0,0,0,0,0,0,0,0,0,0,0,0,0,0,0,0,0,0,137,254,255,136,0,0,0,0,0,0,0,0,0,0,0,0,0,0,0,0,0,0,0,0,0,0,0,0,136,253,254,53,0,0,0,0,0,0,0,0,0,0,0,0,0,0,0,0,0,0,0,0,0,0,0,25,210,253,254,39,0,0,0,0,0,0,0,0,0,0,0,0,0,0,0,0,0,0,0,0,0,0,0,79,253,253,208,9,0,0,0,0,0,0,0,0,0,0,0,0,0,0,0,0,0,0,0,0,0,0,0,79,253,253,254,39,0,0,0,0,0,0,0,0,0,0,0,0,0,0,0,0,0,0,0,0,0,0,0,176,254,254,218,15,0,0,0,0,0,0,0,0,0,0,0,0,0,0,0,0,0,0,0,0,0,0,17,241,253,253,105,0,0,0,0,0,0,0,0,0,0,0,0,0,0,0,0,0,0,0,0,0,0,0,88,253,253,253,0,0,0,0,0,0,0,0,0,0,0,0,0,0,0,0,0,0,0,0,0,0,0,0,118,253,247,101,0,0,0,0,0,0,0,0,0,0,0,0,0,0,0,0,0,0,0,0,0,0,0,0,118,253,213,0,0,0,0,0,0,0,0,0,0,0,0,0,0,0,0,0,0,0,0,0,0,0,0,0,0,0,0,0,0,0,0,0,0,0,0,0,0,0,0,0,0,0,0,0,0,0,0,0,0,0,0,0,0,0,0,0,0,0,0,0,0,0,0,0,0,0,0,0,0,0,0,0,0,0,0,0,0,0,0,0,0,0,0,0,0,0,0,0,0,0,0,0,0,0,0,0,0
3,0,0,0,0,0,0,0,0,0,0,0,0,0,0,0,0,0,0,0,0,0,0,0,0,0,0,0,0,0,0,0,0,0,0,0,0,0,0,0,0,0,0,0,0,0,0,0,0,0,0,0,0,0,0,0,0,0,0,0,0,0,0,0,0,0,0,0,0,0,0,0,0,0,0,0,0,0,0,0,0,0,0,0,0,0,0,0,0,0,0,0,0,0,0,0,0,0,0,0,0,0,0,0,0,0,0,0,0,0,0,0,0,0,0,0,0,0,0,0,0,0,0,0,0,0,0,0,0,0,0,0,0,0,0,0,0,0,0,0,0,0,0,0,0,0,0,0,18,25,43,96,148,148,210,253,253,253,253,148,69,4,0,0,0,0,0,0,0,0,0,0,0,0,43,155,216,227,252,252,252,252,253,252,252,252,252,253,252,100,0,0,0,0,0,0,0,0,0,0,0,96,234,252,252,253,252,252,252,252,253,252,252,252,252,253,252,126,0,0,0,0,0,0,0,0,0,0,0,163,252,252,252,253,252,252,252,199,172,163,189,231,252,253,252,152,0,0,0,0,0,0,0,0,0,0,0,14,182,147,147,86,42,42,42,7,0,0,0,81,252,253,252,143,0,0,0,0,0,0,0,0,0,0,0,0,0,0,0,0,0,0,0,0,0,0,0,82,253,254,253,109,0,0,0,0,0,0,0,0,0,0,0,0,0,0,0,0,0,0,0,0,0,0,52,232,252,253,224,14,0,0,0,0,0,0,0,0,0,0,0,0,0,0,0,0,0,0,0,0,0,52,234,252,252,253,210,19,0,0,0,0,0,0,0,0,0,0,0,0,0,0,0,0,0,0,0,0,82,232,252,252,252,253,252,152,0,0,0,0,0,0,0,0,0,0,0,0,0,0,0,0,0,9,132,211,253,252,252,252,252,253,252,231,0,0,0,0,0,0,0,0,0,0,0,0,0,0,0,0,0,18,239,253,255,253,253,243,211,255,253,253,84,0,0,0,0,0,0,0,0,0,0,0,0,0,0,0,36,0,133,252,253,252,210,82,0,209,252,252,84,0,0,0,0,0,0,0,0,0,0,0,0,0,54,203,35,0,32,126,127,47,11,0,0,253,252,242,42,0,0,0,0,0,0,0,0,0,0,0,0,70,204,80,0,0,0,0,0,0,0,0,98,253,252,160,0,0,0,0,0,0,0,0,0,0,0,0,107,239,252,0,0,0,0,0,0,0,0,54,246,253,252,126,0,0,0,0,0,0,0,0,0,0,0,0,128,253,165,0,0,0,0,0,0,15,96,218,253,255,239,17,0,0,0,0,0,0,0,0,0,0,0,0,127,252,252,86,57,43,85,85,146,211,252,252,252,253,89,0,0,0,0,0,0,0,0,0,0,0,0,0,119,252,252,253,246,242,252,252,253,252,252,252,190,65,5,0,0,0,0,0,0,0,0,0,0,0,0,0,7,196,252,253,252,252,252,252,253,252,221,119,14,0,0,0,0,0,0,0,0,0,0,0,0,0,0,0,0,28,129,209,252,244,147,147,42,42,21,0,0,0,0,0,0,0,0,0,0,0,0,0,0,0,0,0,0,0,0,0,0,0,0,0,0,0,0,0,0,0,0,0,0,0,0,0,0,0,0,0,0,0,0,0,0,0,0,0,0,0,0,0,0,0,0,0,0,0,0,0,0,0,0,0,0,0,0,0,0,0,0,0,0,0,0,0,0,0,0,0,0,0,0,0,0,0,0,0,0,0,0,0,0,0,0
1,0,0,0,0,0,0,0,0,0,0,0,0,0,0,0,0,0,0,0,0,0,0,0,0,0,0,0,0,0,0,0,0,0,0,0,0,0,0,0,0,0,0,0,0,0,0,0,0,0,0,0,0,0,0,0,0,0,0,0,0,0,0,0,0,0,0,0,0,0,0,0,0,0,0,0,0,0,0,0,0,0,0,0,0,0,0,0,0,0,0,0,0,0,0,0,0,0,0,0,0,0,0,0,0,0,0,0,0,0,0,0,0,0,0,0,0,0,0,0,0,0,0,0,0,0,0,6,198,172,0,0,0,0,0,0,0,0,0,0,0,0,0,0,0,0,0,0,0,0,0,0,0,0,0,122,254,217,0,0,0,0,0,0,0,0,0,0,0,0,0,0,0,0,0,0,0,0,0,0,0,0,0,196,254,109,0,0,0,0,0,0,0,0,0,0,0,0,0,0,0,0,0,0,0,0,0,0,0,0,0,242,254,109,0,0,0,0,0,0,0,0,0,0,0,0,0,0,0,0,0,0,0,0,0,0,0,0,79,250,254,109,0,0,0,0,0,0,0,0,0,0,0,0,0,0,0,0,0,0,0,0,0,0,0,0,110,253,254,109,0,0,0,0,0,0,0,0,0,0,0,0,0,0,0,0,0,0,0,0,0,0,0,0,110,253,254,109,0,0,0,0,0,0,0,0,0,0,0,0,0,0,0,0,0,0,0,0,0,0,0,0,213,253,254,109,0,0,0,0,0,0,0,0,0,0,0,0,0,0,0,0,0,0,0,0,0,0,0,0,230,253,249,62,0,0,0,0,0,0,0,0,0,0,0,0,0,0,0,0,0,0,0,0,0,0,0,0,230,253,242,0,0,0,0,0,0,0,0,0,0,0,0,0,0,0,0,0,0,0,0,0,0,0,0,0,231,254,238,0,0,0,0,0,0,0,0,0,0,0,0,0,0,0,0,0,0,0,0,0,0,0,0,0,230,253,122,0,0,0,0,0,0,0,0,0,0,0,0,0,0,0,0,0,0,0,0,0,0,0,0,61,245,253,122,0,0,0,0,0,0,0,0,0,0,0,0,0,0,0,0,0,0,0,0,0,0,0,0,98,253,253,122,0,0,0,0,0,0,0,0,0,0,0,0,0,0,0,0,0,0,0,0,0,0,0,0,74,248,253,122,0,0,0,0,0,0,0,0,0,0,0,0,0,0,0,0,0,0,0,0,0,0,0,0,28,237,253,122,0,0,0,0,0,0,0,0,0,0,0,0,0,0,0,0,0,0,0,0,0,0,0,0,65,246,253,220,0,0,0,0,0,0,0,0,0,0,0,0,0,0,0,0,0,0,0,0,0,0,0,0,0,230,253,247,42,0,0,0,0,0,0,0,0,0,0,0,0,0,0,0,0,0,0,0,0,0,0,0,0,230,253,254,109,0,0,0,0,0,0,0,0,0,0,0,0,0,0,0,0,0,0,0,0,0,0,0,0,63,132,191,57,0,0,0,0,0,0,0,0,0,0,0,0,0,0,0,0,0,0,0,0,0,0,0,0,0,0,0,0,0,0,0,0,0,0,0,0,0,0,0,0,0,0,0,0,0,0,0,0,0,0,0,0,0,0,0,0,0,0,0,0,0,0,0,0,0,0,0,0,0,0,0,0,0,0,0,0,0,0,0,0,0,0,0,0,0,0,0,0,0,0,0,0,0,0,0,0,0,0,0,0,0,0,0,0,0,0,0,0,0,0,0,0,0,0,0,0,0,0,0,0,0,0,0
0,0,0,0,0,0,0,0,0,0,0,0,0,0,0,0,0,0,0,0,0,0,0,0,0,0,0,0,0,0,0,0,0,0,0,0,0,0,0,0,0,0,0,0,0,0,0,0,0,0,0,0,0,0,0,0,0,0,0,0,0,0,0,0,0,0,0,0,0,0,0,0,0,0,0,0,0,0,0,0,0,0,0,0,0,0,0,0,0,0,0,0,0,0,0,0,0,0,0,0,0,0,0,0,0,0,0,0,0,0,0,0,0,0,0,0,0,0,0,0,0,0,0,0,0,0,0,7,66,241,255,146,0,0,0,0,0,0,0,0,0,0,0,0,0,0,0,0,0,0,0,0,0,0,0,57,252,252,253,234,63,0,0,0,0,0,0,0,0,0,0,0,0,0,0,0,0,0,0,0,0,0,48,172,252,214,253,252,234,22,0,0,0,0,0,0,0,0,0,0,0,0,0,0,0,0,0,0,0,0,191,252,252,40,203,252,252,28,0,0,0,0,0,0,0,0,0,0,0,0,0,0,0,0,0,0,0,176,254,247,100,0,79,253,253,28,0,0,0,0,0,0,0,0,0,0,0,0,0,0,0,0,0,0,57,243,253,196,0,0,29,252,252,28,0,0,0,0,0,0,0,0,0,0,0,0,0,0,0,0,0,45,215,252,253,158,0,0,117,252,252,28,0,0,0,0,0,0,0,0,0,0,0,0,0,0,0,0,0,57,252,252,178,9,0,0,141,252,252,28,0,0,0,0,0,0,0,0,0,0,0,0,0,0,0,0,0,120,253,253,114,0,0,0,141,253,253,28,0,0,0,0,0,0,0,0,0,0,0,0,0,0,0,0,0,169,252,252,88,0,0,0,141,252,196,9,0,0,0,0,0,0,0,0,0,0,0,0,0,0,0,0,23,234,252,252,0,0,0,0,178,252,130,0,0,0,0,0,0,0,0,0,0,0,0,0,0,0,0,0,29,252,252,202,0,0,0,51,253,252,56,0,0,0,0,0,0,0,0,0,0,0,0,0,0,0,0,0,29,253,253,140,0,0,0,126,254,197,0,0,0,0,0,0,0,0,0,0,0,0,0,0,0,0,0,0,29,252,252,165,0,0,19,231,253,196,0,0,0,0,0,0,0,0,0,0,0,0,0,0,0,0,0,0,29,252,252,252,0,19,191,252,253,158,0,0,0,0,0,0,0,0,0,0,0,0,0,0,0,0,0,0,29,252,252,252,0,107,252,252,241,47,0,0,0,0,0,0,0,0,0,0,0,0,0,0,0,0,0,0,13,207,253,253,204,253,253,253,101,0,0,0,0,0,0,0,0,0,0,0,0,0,0,0,0,0,0,0,0,144,252,252,253,252,252,151,0,0,0,0,0,0,0,0,0,0,0,0,0,0,0,0,0,0,0,0,0,57,252,252,253,233,80,6,0,0,0,0,0,0,0,0,0,0,0,0,0,0,0,0,0,0,0,0,0,7,116,240,190,59,0,0,0,0,0,0,0,0,0,0,0,0,0,0,0,0,0,0,0,0,0,0,0,0,0,0,0,0,0,0,0,0,0,0,0,0,0,0,0,0,0,0,0,0,0,0,0,0,0,0,0,0,0,0,0,0,0,0,0,0,0,0,0,0,0,0,0,0,0,0,0,0,0,0,0,0,0,0,0,0,0,0,0,0,0,0,0,0,0,0,0,0,0,0,0,0,0,0,0,0,0,0,0,0,0,0,0,0,0,0,0,0,0,0,0,0,0,0,0,0,0,0,0,0,0
0,0,0,0,0,0,0,0,0,0,0,0,0,0,0,0,0,0,0,0,0,0,0,0,0,0,0,0,0,0,0,0,0,0,0,0,0,0,0,0,0,0,0,0,0,0,0,0,0,0,0,0,0,0,0,0,0,0,0,0,0,0,0,0,0,0,0,0,0,0,0,0,0,0,0,0,0,0,0,0,0,0,0,0,0,0,0,0,0,0,0,0,0,0,0,0,0,0,0,0,0,0,0,0,0,0,0,0,0,0,0,0,0,0,0,0,0,0,0,0,0,0,0,0,66,195,255,148,0,0,0,0,0,0,0,0,0,0,0,0,0,0,0,0,0,0,0,0,0,0,13,147,249,236,128,115,63,13,0,0,0,0,0,0,0,0,0,0,0,0,0,0,0,0,0,0,0,9,120,253,183,29,63,230,240,220,57,3,0,0,0,0,0,0,0,0,0,0,0,0,0,0,0,0,0,127,254,185,13,0,0,0,32,135,254,140,17,0,0,0,0,0,0,0,0,0,0,0,0,0,0,0,7,204,236,50,0,0,0,0,0,0,136,254,203,19,0,0,0,0,0,0,0,0,0,0,0,0,0,0,108,253,167,0,0,0,0,0,0,0,7,124,244,169,0,0,0,0,0,0,0,0,0,0,0,0,0,0,124,253,17,0,0,0,0,0,0,0,0,0,132,253,119,0,0,0,0,0,0,0,0,0,0,0,0,0,207,253,0,0,0,0,0,0,0,0,0,0,40,228,210,9,0,0,0,0,0,0,0,0,0,0,0,0,208,254,0,0,0,0,0,0,0,0,0,0,0,127,255,115,0,0,0,0,0,0,0,0,0,0,0,0,124,253,0,0,0,0,0,0,0,0,0,0,0,93,254,165,0,0,0,0,0,0,0,0,0,0,0,0,116,253,76,0,0,0,0,0,0,0,0,0,0,93,254,198,0,0,0,0,0,0,0,0,0,0,0,0,116,253,159,0,0,0,0,0,0,0,0,0,0,93,254,115,0,0,0,0,0,0,0,0,0,0,0,0,116,254,185,0,0,0,0,0,0,0,0,0,0,119,255,90,0,0,0,0,0,0,0,0,0,0,0,0,27,240,197,5,0,0,0,0,0,0,0,0,13,222,216,11,0,0,0,0,0,0,0,0,0,0,0,0,0,142,254,73,0,0,0,0,0,0,0,0,108,253,134,0,0,0,0,0,0,0,0,0,0,0,0,0,0,93,254,206,0,0,0,0,0,0,0,102,240,219,0,0,0,0,0,0,0,0,0,0,0,0,0,0,0,0,170,254,129,0,0,0,0,0,128,212,247,84,0,0,0,0,0,0,0,0,0,0,0,0,0,0,0,0,32,224,251,163,47,30,55,172,254,244,87,0,0,0,0,0,0,0,0,0,0,0,0,0,0,0,0,0,0,42,181,253,254,236,253,244,171,46,0,0,0,0,0,0,0,0,0,0,0,0,0,0,0,0,0,0,0,0,7,69,161,245,168,44,0,0,0,0,0,0,0,0,0,0,0,0,0,0,0,0,0,0,0,0,0,0,0,0,0,0,0,0,0,0,0,0,0,0,0,0,0,0,0,0,0,0,0,0,0,0,0,0,0,0,0,0,0,0,0,0,0,0,0,0,0,0,0,0,0,0,0,0,0,0,0,0,0,0,0,0,0,0,0,0,0,0,0,0,0,0,0,0,0,0,0,0,0,0,0,0,0,0,0,0,0,0,0,0,0,0,0,0,0,0,0,0,0,0,0,0,0,0,0,0,0,0,0
8,0,0,0,0,0,0,0,0,0,0,0,0,0,0,0,0,0,0,0,0,0,0,0,0,0,0,0,0,0,0,0,0,0,0,0,0,0,0,0,0,0,0,0,0,0,0,0,0,0,0,0,0,0,0,0,0,0,0,0,0,0,0,0,0,0,0,0,0,0,0,0,0,0,0,0,0,0,0,0,0,0,0,0,0,0,0,0,0,0,0,0,0,0,0,0,0,0,0,0,0,0,0,0,0,0,0,0,0,0,0,0,0,0,0,0,0,0,0,0,0,0,0,0,0,0,0,0,0,0,0,0,0,0,0,0,0,0,0,0,0,0,0,0,0,0,0,0,0,0,0,0,43,11,0,0,0,0,0,0,0,0,0,0,0,0,0,0,0,0,0,0,0,0,0,0,0,0,0,0,253,142,0,0,0,0,64,85,155,146,85,57,36,0,0,0,0,0,0,0,0,0,0,0,0,0,0,0,253,168,0,6,110,233,247,233,231,231,188,240,241,135,4,0,0,0,0,0,0,0,0,0,0,0,0,0,253,224,14,64,199,172,84,7,0,0,0,63,142,252,138,0,0,0,0,0,0,0,0,0,0,0,0,0,253,252,21,11,7,0,0,0,0,0,0,0,4,182,252,0,0,0,0,0,0,0,0,0,0,0,0,0,254,253,38,0,0,0,0,0,0,0,0,0,4,139,253,0,0,0,0,0,0,0,0,0,0,0,0,0,174,252,126,0,0,0,0,0,0,0,0,64,142,252,173,0,0,0,0,0,0,0,0,0,0,0,0,0,148,252,126,0,0,0,16,22,48,127,233,240,231,134,12,0,0,0,0,0,0,0,0,0,0,0,0,0,122,252,157,64,108,170,232,252,252,252,172,56,0,0,0,0,0,0,0,0,0,0,0,0,0,0,0,0,130,252,252,252,252,253,173,94,42,42,0,0,0,0,0,0,0,0,0,0,0,0,0,0,0,0,55,192,255,253,179,106,62,0,0,0,0,0,0,0,0,0,0,0,0,0,0,0,0,0,0,0,0,131,232,217,218,252,91,0,0,0,0,0,0,0,0,0,0,0,0,0,0,0,0,0,0,0,0,4,180,178,100,12,156,252,21,0,0,0,0,0,0,0,0,0,0,0,0,0,0,0,0,0,0,0,0,139,231,16,0,0,253,252,21,0,0,0,0,0,0,0,0,0,0,0,0,0,0,0,0,0,0,0,0,253,80,0,0,0,253,182,4,0,0,0,0,0,0,0,0,0,0,0,0,0,0,0,0,0,0,0,0,254,63,0,0,18,255,151,0,0,0,0,0,0,0,0,0,0,0,0,0,0,0,0,0,0,0,0,0,253,98,0,22,155,253,63,0,0,0,0,0,0,0,0,0,0,0,0,0,0,0,0,0,0,0,0,0,245,246,83,124,252,152,5,0,0,0,0,0,0,0,0,0,0,0,0,0,0,0,0,0,0,0,0,0,67,237,252,252,199,0,0,0,0,0,0,0,0,0,0,0,0,0,0,0,0,0,0,0,0,0,0,0,0,32,42,42,7,0,0,0,0,0,0,0,0,0,0,0,0,0,0,0,0,0,0,0,0,0,0,0,0,0,0,0,0,0,0,0,0,0,0,0,0,0,0,0,0,0,0,0,0,0,0,0,0,0,0,0,0,0,0,0,0,0,0,0,0,0,0,0,0,0,0,0,0,0,0,0,0,0,0,0,0,0,0,0,0,0,0,0,0,0,0,0,0,0,0,0,0,0,0,0,0,0,0,0,0,0
1,0,0,0,0,0,0,0,0,0,0,0,0,0,0,0,0,0,0,0,0,0,0,0,0,0,0,0,0,0,0,0,0,0,0,0,0,0,0,0,0,0,0,0,0,0,0,0,0,0,0,0,0,0,0,0,0,0,0,0,0,0,0,0,0,0,0,0,0,0,0,0,0,0,0,0,0,0,0,0,0,0,0,0,0,0,0,0,0,0,0,0,0,0,0,0,0,0,0,0,0,0,0,0,0,0,0,0,0,0,0,0,0,0,0,0,0,0,0,0,0,0,0,0,86,205,6,0,0,0,0,0,0,0,0,0,0,0,0,0,0,0,0,0,0,0,0,0,0,0,0,0,86,254,71,0,0,0,0,0,0,0,0,0,0,0,0,0,0,0,0,0,0,0,0,0,0,0,0,0,86,254,107,0,0,0,0,0,0,0,0,0,0,0,0,0,0,0,0,0,0,0,0,0,0,0,0,0,86,254,120,0,0,0,0,0,0,0,0,0,0,0,0,0,0,0,0,0,0,0,0,0,0,0,0,0,86,254,196,0,0,0,0,0,0,0,0,0,0,0,0,0,0,0,0,0,0,0,0,0,0,0,0,0,53,253,196,0,0,0,0,0,0,0,0,0,0,0,0,0,0,0,0,0,0,0,0,0,0,0,0,0,0,251,216,11,0,0,0,0,0,0,0,0,0,0,0,0,0,0,0,0,0,0,0,0,0,0,0,0,0,162,254,88,0,0,0,0,0,0,0,0,0,0,0,0,0,0,0,0,0,0,0,0,0,0,0,0,0,78,254,172,0,0,0,0,0,0,0,0,0,0,0,0,0,0,0,0,0,0,0,0,0,0,0,0,0,60,251,210,0,0,0,0,0,0,0,0,0,0,0,0,0,0,0,0,0,0,0,0,0,0,0,0,0,0,195,247,37,0,0,0,0,0,0,0,0,0,0,0,0,0,0,0,0,0,0,0,0,0,0,0,0,0,79,254,82,0,0,0,0,0,0,0,0,0,0,0,0,0,0,0,0,0,0,0,0,0,0,0,0,0,59,254,166,0,0,0,0,0,0,0,0,0,0,0,0,0,0,0,0,0,0,0,0,0,0,0,0,0,59,254,223,0,0,0,0,0,0,0,0,0,0,0,0,0,0,0,0,0,0,0,0,0,0,0,0,0,2,201,231,16,0,0,0,0,0,0,0,0,0,0,0,0,0,0,0,0,0,0,0,0,0,0,0,0,0,85,254,109,0,0,0,0,0,0,0,0,0,0,0,0,0,0,0,0,0,0,0,0,0,0,0,0,0,45,254,224,0,0,0,0,0,0,0,0,0,0,0,0,0,0,0,0,0,0,0,0,0,0,0,0,0,41,240,238,8,0,0,0,0,0,0,0,0,0,0,0,0,0,0,0,0,0,0,0,0,0,0,0,0,0,122,254,138,0,0,0,0,0,0,0,0,0,0,0,0,0,0,0,0,0,0,0,0,0,0,0,0,0,90,254,223,0,0,0,0,0,0,0,0,0,0,0,0,0,0,0,0,0,0,0,0,0,0,0,0,0,0,0,0,0,0,0,0,0,0,0,0,0,0,0,0,0,0,0,0,0,0,0,0,0,0,0,0,0,0,0,0,0,0,0,0,0,0,0,0,0,0,0,0,0,0,0,0,0,0,0,0,0,0,0,0,0,0,0,0,0,0,0,0,0,0,0,0,0,0,0,0,0,0,0,0,0,0,0,0,0,0,0,0,0,0,0,0,0,0,0,0,0,0,0,0,0,0
1,0,0,0,0,0,0,0,0,0,0,0,0,0,0,0,0,0,0,0,0,0,0,0,0,0,0,0,0,0,0,0,0,0,0,0,0,0,0,0,0,0,0,0,0,0,0,0,0,0,0,0,0,0,0,0,0,0,0,0,0,0,0,0,0,0,0,0,0,0,0,0,0,0,0,0,0,0,0,0,0,0,0,0,0,0,0,0,0,0,0,0,0,0,0,0,0,0,0,0,0,0,0,0,0,0,0,0,0,0,0,0,0,0,0,0,0,0,0,0,0,0,0,0,0,0,0,0,0,0,176,158,199,0,0,0,0,0,0,0,0,0,0,0,0,0,0,0,0,0,0,0,0,0,0,0,0,0,209,249,249,76,0,0,0,0,0,0,0,0,0,0,0,0,0,0,0,0,0,0,0,0,0,0,0,0,213,252,252,79,0,0,0,0,0,0,0,0,0,0,0,0,0,0,0,0,0,0,0,0,0,0,0,30,225,252,207,13,0,0,0,0,0,0,0,0,0,0,0,0,0,0,0,0,0,0,0,0,0,0,0,94,252,252,198,0,0,0,0,0,0,0,0,0,0,0,0,0,0,0,0,0,0,0,0,0,0,0,23,197,252,252,101,0,0,0,0,0,0,0,0,0,0,0,0,0,0,0,0,0,0,0,0,0,0,0,128,252,252,185,21,0,0,0,0,0,0,0,0,0,0,0,0,0,0,0,0,0,0,0,0,0,0,13,241,252,243,47,0,0,0,0,0,0,0,0,0,0,0,0,0,0,0,0,0,0,0,0,0,0,0,121,252,247,93,0,0,0,0,0,0,0,0,0,0,0,0,0,0,0,0,0,0,0,0,0,0,0,71,190,252,158,0,0,0,0,0,0,0,0,0,0,0,0,0,0,0,0,0,0,0,0,0,0,0,7,190,255,253,97,0,0,0,0,0,0,0,0,0,0,0,0,0,0,0,0,0,0,0,0,0,0,12,185,252,253,150,15,0,0,0,0,0,0,0,0,0,0,0,0,0,0,0,0,0,0,0,0,0,0,77,252,252,253,13,0,0,0,0,0,0,0,0,0,0,0,0,0,0,0,0,0,0,0,0,0,0,77,238,252,252,215,9,0,0,0,0,0,0,0,0,0,0,0,0,0,0,0,0,0,0,0,0,0,43,236,252,252,217,28,0,0,0,0,0,0,0,0,0,0,0,0,0,0,0,0,0,0,0,0,0,50,200,252,252,249,94,0,0,0,0,0,0,0,0,0,0,0,0,0,0,0,0,0,0,0,0,0,13,166,252,252,248,130,0,0,0,0,0,0,0,0,0,0,0,0,0,0,0,0,0,0,0,0,0,0,164,252,252,252,211,0,0,0,0,0,0,0,0,0,0,0,0,0,0,0,0,0,0,0,0,0,0,0,206,252,252,221,39,0,0,0,0,0,0,0,0,0,0,0,0,0,0,0,0,0,0,0,0,0,0,0,38,224,252,79,0,0,0,0,0,0,0,0,0,0,0,0,0,0,0,0,0,0,0,0,0,0,0,0,0,0,0,0,0,0,0,0,0,0,0,0,0,0,0,0,0,0,0,0,0,0,0,0,0,0,0,0,0,0,0,0,0,0,0,0,0,0,0,0,0,0,0,0,0,0,0,0,0,0,0,0,0,0,0,0,0,0,0,0,0,0,0,0,0,0,0,0,0,0,0,0,0,0,0,0,0,0,0,0,0,0,0,0,0,0,0,0,0,0,0,0,0,0,0,0,0,0,0,0,0,0,0,0,0
9,0,0,0,0,0,0,0,0,0,0,0,0,0,0,0,0,0,0,0,0,0,0,0,0,0,0,0,0,0,0,0,0,0,0,0,0,0,0,0,0,0,0,0,0,0,0,0,0,0,0,0,0,0,0,0,0,0,0,0,0,0,0,0,0,0,0,0,0,0,0,0,0,0,0,0,0,0,0,0,0,0,0,0,0,0,0,0,0,0,0,0,0,0,0,0,0,0,0,0,0,0,0,0,0,0,0,0,0,0,0,0,0,0,0,0,0,0,0,0,0,0,0,0,0,0,0,0,0,0,0,0,0,0,0,0,0,0,0,0,0,0,0,0,0,0,0,0,0,0,0,0,0,0,0,0,0,0,0,0,0,0,0,0,0,0,0,0,0,0,0,0,0,0,0,0,0,0,0,0,0,0,0,0,0,0,0,0,0,0,0,0,0,0,0,0,0,0,0,0,0,0,0,0,0,0,3,77,189,223,255,254,254,221,165,79,7,0,0,0,0,0,0,0,0,0,0,0,0,0,0,0,0,67,218,254,254,254,254,254,254,254,254,254,223,65,0,0,0,0,0,0,0,0,0,0,0,0,0,0,37,220,254,220,117,95,42,42,26,28,116,139,249,249,61,0,0,0,0,0,0,0,0,0,0,0,0,0,169,250,118,13,0,0,0,0,0,0,0,0,169,254,137,0,0,0,0,0,0,0,0,0,0,0,0,5,218,160,0,0,0,0,0,0,0,0,0,131,249,254,129,0,0,0,0,0,0,0,0,0,0,0,0,116,254,80,0,0,0,0,0,0,1,44,187,252,254,249,47,0,0,0,0,0,0,0,0,0,0,0,0,138,254,219,109,57,0,50,85,85,128,254,254,254,254,63,0,0,0,0,0,0,0,0,0,0,0,0,0,114,254,254,254,252,250,252,254,254,249,149,116,251,238,26,0,0,0,0,0,0,0,0,0,0,0,0,0,4,136,221,254,254,254,254,228,44,68,3,212,254,179,0,0,0,0,0,0,0,0,0,0,0,0,0,0,0,0,14,34,120,120,57,99,0,4,142,254,226,29,0,0,0,0,0,0,0,0,0,0,0,0,0,0,0,0,0,0,0,0,0,0,0,72,254,254,24,0,0,0,0,0,0,0,0,0,0,0,0,0,0,0,0,0,0,0,0,0,0,0,25,241,254,185,2,0,0,0,0,0,0,0,0,0,0,0,0,0,0,0,0,0,0,0,0,0,0,0,66,254,250,24,0,0,0,0,0,0,0,0,0,0,0,0,0,0,0,0,0,0,0,0,0,0,0,30,239,254,161,0,0,0,0,0,0,0,0,0,0,0,0,0,0,0,0,0,0,0,0,0,0,0,0,124,254,236,3,0,0,0,0,0,0,0,0,0,0,0,0,0,0,0,0,0,0,0,0,0,0,0,33,240,254,166,0,0,0,0,0,0,0,0,0,0,0,0,0,0,0,0,0,0,0,0,0,0,0,0,119,254,249,49,0,0,0,0,0,0,0,0,0,0,0,0,0,0,0,0,0,0,0,0,0,0,0,33,244,254,213,0,0,0,0,0,0,0,0,0,0,0,0,0,0,0,0,0,0,0,0,0,0,0,0,72,254,254,98,0,0,0,0,0,0,0,0,0,0,0,0,0,0,0,0,0,0,0,0,0,0,0,0,47,248,222,13,0,0,0,0,0,0,0,0,0,0,0,0,0,0,0,0,0,0,0,0,0,0,0,0,0,0,0,0,0,0,0,0,0,0,0,0,0,0,0,0,0
6,0,0,0,0,0,0,0,0,0,0,0,0,0,0,0,0,0,0,0,0,0,0,0,0,0,0,0,0,0,0,0,0,0,0,0,0,0,0,0,0,0,0,0,0,0,0,0,0,0,0,0,0,0,0,0,0,0,0,0,0,0,0,0,0,0,0,0,0,0,0,0,0,0,0,0,0,0,0,0,0,0,0,0,0,0,0,0,0,0,0,0,0,0,0,0,0,0,0,0,0,0,32,225,253,156,0,0,0,0,0,0,0,0,0,0,0,0,0,0,0,0,0,0,0,0,0,0,0,5,136,252,252,155,0,0,0,0,0,0,0,0,0,0,0,0,76,0,0,0,0,0,0,0,0,0,0,124,252,252,240,76,0,0,0,0,0,0,0,0,0,0,0,0,40,0,0,0,0,0,0,0,0,0,48,225,252,252,88,0,0,0,0,0,0,0,0,0,0,0,0,0,0,0,0,0,0,0,0,0,0,47,225,252,252,235,36,0,0,0,0,0,0,0,0,0,0,0,0,0,0,0,0,0,0,0,0,0,44,227,252,252,206,43,0,0,0,0,0,0,0,0,0,0,0,0,0,0,0,0,0,0,0,0,0,0,132,252,252,236,70,0,0,0,0,0,0,0,0,0,0,0,0,0,0,0,0,0,0,0,0,0,0,47,237,252,252,101,0,0,0,0,0,0,0,0,0,0,0,0,0,0,0,0,0,0,0,0,0,0,0,230,253,252,219,8,0,0,0,0,0,0,0,0,0,0,0,0,0,0,0,0,0,0,0,0,0,0,161,252,253,229,10,0,0,0,0,0,0,0,0,0,0,0,0,0,0,0,0,0,0,0,0,0,0,98,253,253,255,116,13,13,4,0,0,0,0,0,0,0,0,0,0,0,0,0,0,0,0,0,0,0,9,169,252,252,253,252,252,252,175,53,5,0,0,0,0,0,0,0,0,0,0,0,0,0,0,0,0,0,159,252,252,252,253,252,252,252,252,252,48,0,0,0,0,0,0,0,0,0,0,0,0,0,0,0,0,72,237,252,252,252,253,252,252,252,252,252,128,0,0,0,0,0,0,0,0,0,0,0,0,0,0,0,44,235,252,252,252,252,221,123,72,192,252,252,82,0,0,0,0,0,0,0,0,0,0,0,0,0,0,0,61,252,252,252,252,183,87,7,90,233,252,231,34,0,0,0,0,0,0,0,0,0,0,0,0,0,0,0,101,252,252,173,48,3,148,209,252,252,232,62,0,0,0,0,0,0,0,0,0,0,0,0,0,0,0,0,181,252,252,239,217,217,253,252,252,187,61,0,0,0,0,0,0,0,0,0,0,0,0,0,0,0,0,0,181,252,252,252,252,252,248,132,23,8,0,0,0,0,0,0,0,0,0,0,0,0,0,0,0,0,0,0,37,131,230,252,200,74,11,0,0,0,0,0,0,0,0,0,0,0,0,0,0,0,0,0,0,0,0,0,0,0,0,0,0,0,0,0,0,0,0,0,0,0,0,0,0,0,0,0,0,0,0,0,0,0,0,0,0,0,0,0,0,0,0,0,0,0,0,0,0,0,0,0,0,0,0,0,0,0,0,0,0,0,0,0,0,0,0,0,0,0,0,0,0,0,0,0,0,0,0,0,0,0,0,0,0,0,0,0,0,0,0,0,0,0,0,0,0,0,0,0,0,0,0,0,0,0,0,0,0,0,0,0,0,0,0,0,0,0,0,0,0,0,0,0,0,0,0,0,0,0,0,0,0,0,0,0,0,0,0,0,0
8,0,0,0,0,0,0,0,0,0,0,0,0,0,0,0,0,0,0,0,0,0,0,0,0,0,0,0,0,0,0,0,0,0,0,0,0,0,0,0,0,0,0,0,0,0,0,0,0,0,0,0,0,0,0,0,0,0,0,0,0,0,0,0,0,0,0,0,0,0,0,0,0,0,0,0,0,0,0,0,0,0,0,0,0,0,0,0,0,0,0,0,0,0,0,0,0,0,0,0,0,0,0,0,0,0,0,0,0,0,0,0,0,0,0,0,0,0,0,0,0,0,0,0,0,0,0,0,0,0,0,0,0,0,0,0,0,0,0,0,0,0,0,0,0,0,0,0,0,0,0,0,11,51,152,152,173,253,234,71,0,0,0,0,0,0,0,0,0,0,0,0,0,0,0,0,0,0,0,0,92,252,253,252,253,252,253,252,0,41,0,0,0,0,0,0,0,0,0,0,0,0,0,0,0,0,0,62,254,253,142,20,193,213,234,253,254,91,0,0,0,0,0,0,0,0,0,0,0,0,0,0,0,0,0,102,253,212,0,0,30,10,71,252,253,50,0,0,0,0,0,0,0,0,0,0,0,0,0,0,0,0,0,163,254,131,0,0,0,21,214,253,254,50,0,0,0,0,0,0,0,0,0,0,0,0,0,0,0,0,0,203,253,50,0,0,21,162,253,171,233,30,0,0,0,0,0,0,0,0,0,0,0,0,0,0,0,0,0,203,254,172,0,0,173,253,183,0,0,0,0,0,0,0,0,0,0,0,0,0,0,0,0,0,0,0,0,122,253,252,0,123,253,212,20,0,0,0,0,0,0,0,0,0,0,0,0,0,0,0,0,0,0,0,0,41,234,253,193,233,244,81,0,0,0,0,0,0,0,0,0,0,0,0,0,0,0,0,0,0,0,0,0,0,71,252,253,252,122,0,0,0,0,0,0,0,0,0,0,0,0,0,0,0,0,0,0,0,0,0,0,0,31,233,254,253,0,0,0,0,0,0,0,0,0,0,0,0,0,0,0,0,0,0,0,0,0,0,0,0,132,252,253,252,82,0,0,0,0,0,0,0,0,0,0,0,0,0,0,0,0,0,0,0,0,0,0,102,254,253,254,253,163,0,0,0,0,0,0,0,0,0,0,0,0,0,0,0,0,0,0,0,0,0,0,102,253,252,253,252,243,40,0,0,0,0,0,0,0,0,0,0,0,0,0,0,0,0,0,0,0,0,0,163,254,172,41,243,254,50,0,0,0,0,0,0,0,0,0,0,0,0,0,0,0,0,0,0,0,0,41,243,213,10,0,203,253,50,0,0,0,0,0,0,0,0,0,0,0,0,0,0,0,0,0,0,0,0,153,253,204,0,31,233,255,91,0,0,0,0,0,0,0,0,0,0,0,0,0,0,0,0,0,0,0,0,112,252,243,81,92,252,253,50,0,0,0,0,0,0,0,0,0,0,0,0,0,0,0,0,0,0,0,0,0,82,255,253,255,253,204,0,0,0,0,0,0,0,0,0,0,0,0,0,0,0,0,0,0,0,0,0,0,0,71,232,253,252,81,0,0,0,0,0,0,0,0,0,0,0,0,0,0,0,0,0,0,0,0,0,0,0,0,0,0,0,0,0,0,0,0,0,0,0,0,0,0,0,0,0,0,0,0,0,0,0,0,0,0,0,0,0,0,0,0,0,0,0,0,0,0,0,0,0,0,0,0,0,0,0,0,0,0,0,0,0,0,0,0,0,0,0,0,0,0,0,0,0,0,0,0,0,0,0,0
1,0,0,0,0,0,0,0,0,0,0,0,0,0,0,0,0,0,0,0,0,0,0,0,0,0,0,0,0,0,0,0,0,0,0,0,0,0,0,0,0,0,0,0,0,0,0,0,0,0,0,0,0,0,0,0,0,0,0,0,0,0,0,0,0,0,0,0,0,0,0,0,0,0,0,0,0,0,0,0,0,0,0,0,0,0,0,0,0,0,0,0,0,0,0,0,0,0,0,0,0,0,0,0,0,0,0,0,0,0,0,0,0,0,0,0,0,0,0,0,0,0,0,0,0,0,0,0,0,0,0,0,0,0,0,0,0,0,0,0,0,0,0,0,0,0,0,0,0,0,0,0,0,14,253,191,6,0,0,0,0,0,0,0,0,0,0,0,0,0,0,0,0,0,0,0,0,0,0,0,0,70,252,253,184,11,0,0,0,0,0,0,0,0,0,0,0,0,0,0,0,0,0,0,0,0,0,0,0,146,252,253,252,26,0,0,0,0,0,0,0,0,0,0,0,0,0,0,0,0,0,0,0,0,0,0,0,146,252,253,252,26,0,0,0,0,0,0,0,0,0,0,0,0,0,0,0,0,0,0,0,0,0,0,0,146,252,253,252,26,0,0,0,0,0,0,0,0,0,0,0,0,0,0,0,0,0,0,0,0,0,0,0,146,252,253,252,26,0,0,0,0,0,0,0,0,0,0,0,0,0,0,0,0,0,0,0,0,0,0,19,219,252,253,252,26,0,0,0,0,0,0,0,0,0,0,0,0,0,0,0,0,0,0,0,0,0,0,27,252,252,253,252,26,0,0,0,0,0,0,0,0,0,0,0,0,0,0,0,0,0,0,0,0,0,0,27,252,252,253,252,26,0,0,0,0,0,0,0,0,0,0,0,0,0,0,0,0,0,0,0,0,0,0,27,252,252,253,252,26,0,0,0,0,0,0,0,0,0,0,0,0,0,0,0,0,0,0,0,0,0,0,27,253,253,255,253,26,0,0,0,0,0,0,0,0,0,0,0,0,0,0,0,0,0,0,0,0,0,0,27,252,252,253,252,26,0,0,0,0,0,0,0,0,0,0,0,0,0,0,0,0,0,0,0,0,0,0,17,213,252,253,252,26,0,0,0,0,0,0,0,0,0,0,0,0,0,0,0,0,0,0,0,0,0,0,9,180,252,253,252,26,0,0,0,0,0,0,0,0,0,0,0,0,0,0,0,0,0,0,0,0,0,0,6,168,252,253,252,26,0,0,0,0,0,0,0,0,0,0,0,0,0,0,0,0,0,0,0,0,0,0,0,146,252,253,252,26,0,0,0,0,0,0,0,0,0,0,0,0,0,0,0,0,0,0,0,0,0,0,0,56,252,253,235,22,0,0,0,0,0,0,0,0,0,0,0,0,0,0,0,0,0,0,0,0,0,0,0,14,252,253,145,0,0,0,0,0,0,0,0,0,0,0,0,0,0,0,0,0,0,0,0,0,0,0,0,14,252,253,145,0,0,0,0,0,0,0,0,0,0,0,0,0,0,0,0,0,0,0,0,0,0,0,0,7,189,253,145,0,0,0,0,0,0,0,0,0,0,0,0,0,0,0,0,0,0,0,0,0,0,0,0,0,0,0,0,0,0,0,0,0,0,0,0,0,0,0,0,0,0,0,0,0,0,0,0,0,0,0,0,0,0,0,0,0,0,0,0,0,0,0,0,0,0,0,0,0,0,0,0,0,0,0,0,0,0,0,0,0,0,0,0,0,0,0,0,0,0,0,0,0,0,0,0
7,0,0,0,0,0,0,0,0,0,0,0,0,0,0,0,0,0,0,0,0,0,0,0,0,0,0,0,0,0,0,0,0,0,0,0,0,0,0,0,0,0,0,0,0,0,0,0,0,0,0,0,0,0,0,0,0,0,0,0,0,0,0,0,0,0,0,0,0,0,0,0,0,0,0,0,0,0,0,0,0,0,0,0,0,0,0,0,0,0,0,0,0,0,0,0,0,0,0,0,0,0,0,0,0,0,0,0,0,0,0,0,0,0,0,0,0,0,0,0,0,0,0,0,0,0,0,0,0,0,0,0,0,0,0,0,0,0,0,0,0,0,0,0,0,0,0,0,0,0,0,0,0,0,0,0,0,0,0,0,0,0,0,0,0,0,0,0,0,0,0,0,0,0,0,0,0,0,0,0,0,0,0,0,0,0,0,0,0,0,0,0,0,0,0,0,0,0,0,0,0,0,0,0,0,0,0,0,81,159,159,159,118,63,63,63,91,210,215,23,0,0,0,0,0,0,0,0,0,0,0,0,0,0,34,195,253,254,254,254,254,254,254,254,254,254,241,47,0,0,0,0,0,0,0,0,0,0,0,0,0,0,217,254,254,213,163,163,168,254,254,254,254,254,119,0,0,0,0,0,0,0,0,0,0,0,0,0,0,116,254,254,144,3,0,0,1,4,14,215,254,158,1,0,0,0,0,0,0,0,0,0,0,0,0,0,9,237,254,213,19,0,0,0,0,0,99,254,220,27,0,0,0,0,0,0,0,0,0,0,0,0,0,0,125,254,254,99,0,0,0,0,0,0,236,254,114,0,0,0,0,0,0,0,0,0,0,0,0,0,0,0,188,254,154,3,0,0,0,0,0,66,247,245,3,0,0,0,0,0,0,0,0,0,0,0,0,0,0,0,67,139,21,0,0,0,0,0,13,241,254,85,0,0,0,0,0,0,0,0,0,0,0,0,0,0,0,0,0,0,0,0,0,0,0,0,114,254,224,16,0,0,0,0,0,0,0,0,0,0,0,0,0,0,0,0,0,0,0,0,0,0,0,46,252,254,66,0,0,0,0,0,0,0,0,0,0,0,0,0,0,0,0,0,0,0,0,0,0,0,5,169,254,186,4,0,0,0,0,0,0,0,0,0,0,0,0,0,0,0,0,0,0,0,0,0,0,0,112,254,245,26,0,0,0,0,0,0,0,0,0,0,0,0,0,0,0,0,0,0,0,0,0,0,0,71,249,254,170,0,0,0,0,0,0,0,0,0,0,0,0,0,0,0,0,0,0,0,0,0,0,0,0,156,254,212,10,0,0,0,0,0,0,0,0,0,0,0,0,0,0,0,0,0,0,0,0,0,0,0,63,240,254,83,0,0,0,0,0,0,0,0,0,0,0,0,0,0,0,0,0,0,0,0,0,0,0,0,164,254,165,2,0,0,0,0,0,0,0,0,0,0,0,0,0,0,0,0,0,0,0,0,0,0,0,35,249,247,46,0,0,0,0,0,0,0,0,0,0,0,0,0,0,0,0,0,0,0,0,0,0,0,0,149,254,173,0,0,0,0,0,0,0,0,0,0,0,0,0,0,0,0,0,0,0,0,0,0,0,0,0,183,254,139,0,0,0,0,0,0,0,0,0,0,0,0,0,0,0,0,0,0,0,0,0,0,0,0,0,183,254,66,0,0,0,0,0,0,0,0,0,0,0,0,0,0,0,0,0,0,0,0,0,0,0,0,0,0,0,0,0,0,0,0,0,0,0,0,0,0,0,0,0,0,0
6,0,0,0,0,0,0,0,0,0,0,0,0,0,0,0,0,0,0,0,0,0,0,0,0,0,0,0,0,0,0,0,0,0,0,0,0,0,0,0,0,0,0,0,0,0,0,0,0,0,0,0,0,0,0,0,0,0,0,0,0,0,0,0,0,0,0,0,148,168,0,0,0,0,0,0,0,0,0,0,0,0,0,0,0,0,0,0,0,0,0,0,0,0,0,0,148,231,51,0,0,0,0,0,0,0,0,0,0,0,0,0,0,0,0,0,0,0,0,0,0,0,0,0,192,252,126,0,0,0,0,0,0,0,0,0,0,0,0,0,0,0,0,0,0,0,0,0,0,0,0,0,148,252,126,0,0,0,0,0,0,0,0,0,0,0,0,0,0,0,0,0,0,0,0,0,0,0,0,0,236,252,126,0,0,0,0,0,0,0,0,0,0,0,0,0,0,0,0,0,0,0,0,0,0,0,0,62,254,253,109,0,0,0,0,0,0,0,0,0,0,0,0,0,0,0,0,0,0,0,0,0,0,0,22,199,253,224,14,0,0,0,0,0,0,0,0,0,0,0,0,0,0,0,0,0,0,0,0,0,0,0,64,252,253,168,0,0,0,0,0,0,0,0,0,0,0,0,0,0,0,0,0,0,0,0,0,0,0,0,64,252,253,98,0,0,0,0,0,0,0,0,0,0,0,0,0,0,0,0,0,0,0,0,0,0,0,0,152,252,236,37,0,0,0,0,45,0,0,0,0,0,0,0,0,0,0,0,0,0,0,0,0,0,0,22,253,253,150,0,4,69,192,255,253,200,122,7,0,0,0,0,0,0,0,0,0,0,0,0,0,0,0,22,252,252,106,0,22,252,252,204,231,252,252,77,0,0,0,0,0,0,0,0,0,0,0,0,0,0,0,22,252,252,106,0,22,252,199,53,51,134,245,244,9,0,0,0,0,0,0,0,0,0,0,0,0,0,0,22,252,252,35,0,16,189,136,0,0,0,99,252,106,0,0,0,0,0,0,0,0,0,0,0,0,0,0,22,252,252,0,0,0,0,18,0,0,0,11,218,212,27,0,0,0,0,0,0,0,0,0,0,0,0,0,9,187,253,131,11,0,0,0,0,0,4,96,253,255,63,0,0,0,0,0,0,0,0,0,0,0,0,0,0,43,239,253,170,85,64,71,86,85,187,252,252,253,142,0,0,0,0,0,0,0,0,0,0,0,0,0,0,0,149,253,252,252,247,249,253,252,252,252,252,241,110,0,0,0,0,0,0,0,0,0,0,0,0,0,0,0,0,156,252,252,252,252,253,252,252,252,252,80,0,0,0,0,0,0,0,0,0,0,0,0,0,0,0,0,0,7,77,147,147,191,253,252,199,77,42,0,0,0,0,0,0,0,0,0,0,0,0,0,0,0,0,0,0,0,0,0,0,0,0,0,0,0,0,0,0,0,0,0,0,0,0,0,0,0,0,0,0,0,0,0,0,0,0,0,0,0,0,0,0,0,0,0,0,0,0,0,0,0,0,0,0,0,0,0,0,0,0,0,0,0,0,0,0,0,0,0,0,0,0,0,0,0,0,0,0,0,0,0,0,0,0,0,0,0,0,0,0,0,0,0,0,0,0,0,0,0,0,0,0,0,0,0,0,0,0,0,0,0,0,0,0,0,0,0,0,0,0,0,0,0,0,0,0,0,0,0,0,0,0,0,0,0,0,0,0,0,0,0,0,0,0,0,0,0,0,0,0,0,0,0,0,0,0,0,0,0,0,0,0,0
4,0,0,0,0,0,0,0,0,0,0,0,0,0,0,0,0,0,0,0,0,0,0,0,0,0,0,0,0,0,0,0,0,0,0,0,0,0,0,0,0,0,0,0,0,0,0,0,0,0,0,0,0,0,0,0,0,0,0,0,0,0,0,0,0,0,0,0,0,0,0,0,0,0,0,0,0,0,0,0,0,0,0,0,0,0,0,0,0,0,0,0,0,0,0,0,0,0,0,0,0,0,0,0,0,0,0,0,0,0,0,0,0,0,0,0,0,0,0,0,0,0,0,0,0,21,173,213,0,0,0,0,0,0,0,0,0,0,0,0,0,0,0,0,0,0,0,0,0,0,0,0,0,183,253,212,0,0,0,0,0,0,0,0,0,0,0,0,0,0,0,0,0,0,0,0,0,0,0,0,11,213,254,151,0,0,0,0,0,0,0,0,0,0,0,0,0,0,0,0,0,0,0,0,0,0,0,0,173,252,253,111,0,0,0,0,0,0,0,0,0,0,0,0,0,0,0,0,0,0,0,0,0,0,0,82,254,253,224,20,0,0,0,0,0,0,0,0,0,0,0,0,0,0,0,0,0,0,0,0,0,0,21,223,253,252,122,0,0,0,0,0,163,162,0,0,0,0,0,0,0,0,0,0,0,0,0,0,0,0,214,253,254,192,0,0,0,0,11,132,244,81,0,0,0,0,0,0,0,0,0,0,0,0,0,0,0,0,253,252,253,70,0,0,0,0,132,252,203,0,0,0,0,0,0,0,0,0,0,0,0,0,0,0,0,0,254,253,254,151,0,0,0,21,214,253,183,0,0,0,0,0,0,0,0,0,0,0,0,0,0,0,0,0,131,252,253,232,183,102,21,203,253,252,102,0,0,0,0,0,0,0,0,0,0,0,0,0,0,0,0,0,0,183,254,253,254,253,254,253,254,253,41,0,0,0,0,0,0,0,0,0,0,0,0,0,0,0,0,0,0,20,213,252,253,252,253,252,253,171,0,0,0,0,0,0,0,0,0,0,0,0,0,0,0,0,0,0,0,0,21,142,214,253,254,253,244,40,0,0,0,0,0,0,0,0,0,0,0,0,0,0,0,0,0,0,0,0,0,0,10,131,253,252,122,0,0,0,0,0,0,0,0,0,0,0,0,0,0,0,0,0,0,0,0,0,0,0,0,123,254,253,102,0,0,0,0,0,0,0,0,0,0,0,0,0,0,0,0,0,0,0,0,0,0,0,41,243,253,252,102,0,0,0,0,0,0,0,0,0,0,0,0,0,0,0,0,0,0,0,0,0,0,0,72,253,255,253,103,0,0,0,0,0,0,0,0,0,0,0,0,0,0,0,0,0,0,0,0,0,0,0,152,252,253,252,61,0,0,0,0,0,0,0,0,0,0,0,0,0,0,0,0,0,0,0,0,0,0,0,92,253,255,131,0,0,0,0,0,0,0,0,0,0,0,0,0,0,0,0,0,0,0,0,0,0,0,0,10,131,172,10,0,0,0,0,0,0,0,0,0,0,0,0,0,0,0,0,0,0,0,0,0,0,0,0,0,0,0,0,0,0,0,0,0,0,0,0,0,0,0,0,0,0,0,0,0,0,0,0,0,0,0,0,0,0,0,0,0,0,0,0,0,0,0,0,0,0,0,0,0,0,0,0,0,0,0,0,0,0,0,0,0,0,0,0,0,0,0,0,0,0,0,0,0,0,0,0,0,0,0,0,0,0,0,0,0,0,0,0,0,0,0,0,0,0,0,0,0,0,0,0,0,0,0
4,0,0,0,0,0,0,0,0,0,0,0,0,0,0,0,0,0,0,0,0,0,0,0,0,0,0,0,0,0,0,0,0,0,0,0,0,0,0,0,0,0,0,0,0,0,0,0,0,0,0,0,0,0,0,0,0,0,0,0,0,0,0,0,0,0,0,0,0,0,0,0,0,0,0,0,0,0,0,0,0,0,0,0,0,0,0,0,0,0,0,0,0,0,0,0,0,0,0,0,0,0,0,0,0,0,0,0,0,0,0,0,0,0,0,0,0,0,5,108,138,23,0,0,0,0,0,0,47,253,253,253,64,0,0,0,0,0,0,0,0,0,0,0,0,5,136,252,252,137,0,0,0,0,0,0,47,252,252,252,189,0,0,0,0,0,0,0,0,0,0,0,0,24,252,252,252,137,0,0,0,0,0,0,47,252,252,252,230,0,0,0,0,0,0,0,0,0,0,0,0,24,252,252,252,232,0,0,0,0,0,0,47,252,252,252,230,0,0,0,0,0,0,0,0,0,0,0,0,3,169,252,252,252,0,0,0,0,0,0,47,252,252,252,230,0,0,0,0,0,0,0,0,0,0,0,0,0,162,253,253,253,0,0,0,0,0,0,22,153,253,253,244,50,0,0,0,0,0,0,0,0,0,0,0,0,161,252,252,252,0,0,0,0,0,0,0,70,252,252,253,113,0,0,0,0,0,0,0,0,0,0,0,17,228,252,252,252,0,0,0,0,0,0,0,38,232,252,253,206,0,0,0,0,0,0,0,0,0,0,0,24,252,252,252,252,0,0,0,0,0,0,0,38,232,252,253,206,0,0,0,0,0,0,0,0,0,0,0,24,252,252,252,252,0,0,0,0,0,0,0,70,252,252,253,206,0,0,0,0,0,0,0,0,0,0,0,22,245,253,253,253,11,0,0,0,0,0,0,38,233,253,255,207,0,0,0,0,0,0,0,0,0,0,0,0,140,252,252,252,203,88,47,47,5,0,0,70,252,252,253,214,13,0,0,0,0,0,0,0,0,0,0,0,47,252,252,252,253,252,252,252,190,185,184,203,252,252,253,252,202,65,0,0,0,0,0,0,0,0,0,0,9,196,252,252,253,252,252,252,252,253,252,252,252,252,253,252,252,160,0,0,0,0,0,0,0,0,0,0,0,101,232,252,253,252,252,252,252,253,252,252,252,252,253,252,252,108,0,0,0,0,0,0,0,0,0,0,0,0,0,0,11,116,116,210,230,231,230,230,249,253,255,253,205,21,0,0,0,0,0,0,0,0,0,0,0,0,0,0,0,0,0,0,0,0,0,0,207,252,253,252,69,0,0,0,0,0,0,0,0,0,0,0,0,0,0,0,0,0,0,0,0,0,0,0,207,252,253,252,69,0,0,0,0,0,0,0,0,0,0,0,0,0,0,0,0,0,0,0,0,0,0,0,207,252,253,252,69,0,0,0,0,0,0,0,0,0,0,0,0,0,0,0,0,0,0,0,0,0,0,0,207,252,253,252,69,0,0,0,0,0,0,0,0,0,0,0,0,0,0,0,0,0,0,0,0,0,0,0,0,0,0,0,0,0,0,0,0,0,0,0,0,0,0,0,0,0,0,0,0,0,0,0,0,0,0,0,0,0,0,0,0,0,0,0,0,0,0,0,0,0,0,0,0,0,0,0,0,0,0,0,0,0,0,0,0,0,0,0,0,0,0,0,0,0,0,0,0,0,0,0,0,0,0,0,0,0,0,0,0,0,0,0,0,0,0,0,0,0,0,0,0,0,0
4,0,0,0,0,0,0,0,0,0,0,0,0,0,0,0,0,0,0,0,0,0,0,0,0,0,0,0,0,0,0,0,0,0,0,0,0,0,0,0,0,0,0,0,0,0,0,0,0,0,0,0,0,0,0,0,0,0,0,0,0,0,0,0,0,0,0,0,0,0,0,0,0,0,0,0,0,0,0,0,0,0,0,0,0,0,0,0,0,0,0,0,0,0,0,0,0,0,0,0,0,0,0,0,0,0,0,0,0,0,0,0,0,0,0,0,0,0,0,0,0,0,0,0,0,0,0,0,0,0,0,0,0,0,0,0,0,0,0,0,0,0,0,0,0,0,0,0,0,0,0,0,0,0,0,0,0,0,198,255,43,0,0,0,0,0,0,0,0,0,0,0,0,0,0,0,0,0,0,33,0,0,0,0,0,30,247,253,43,0,0,0,0,0,0,0,0,0,0,0,0,0,0,0,0,8,134,234,18,0,0,0,0,98,253,253,43,0,0,0,0,0,0,0,0,0,0,0,0,0,0,0,0,184,253,103,0,0,0,0,0,98,253,253,43,0,0,0,0,0,0,0,0,0,0,0,0,0,0,0,61,247,238,40,0,0,0,0,0,98,253,233,29,0,0,0,0,0,0,0,0,0,0,0,0,0,0,0,82,253,205,0,0,0,0,0,0,98,253,188,0,0,0,0,0,0,0,0,0,0,0,0,0,0,0,0,148,253,205,0,0,0,0,0,12,174,253,167,0,0,0,0,0,0,0,0,0,0,0,0,0,0,0,34,239,253,122,0,0,0,0,0,143,253,253,81,0,0,0,0,0,0,0,0,0,0,0,0,0,0,0,44,253,253,153,4,0,4,17,173,246,253,240,41,0,0,0,0,0,0,0,0,0,0,0,0,0,0,0,16,212,253,253,183,162,182,253,253,253,253,226,0,0,0,0,0,0,0,0,0,0,0,0,0,0,0,0,0,75,244,253,253,253,253,253,206,222,253,187,0,0,0,0,0,0,0,0,0,0,0,0,0,0,0,0,0,0,61,37,124,124,124,85,19,212,253,119,0,0,0,0,0,0,0,0,0,0,0,0,0,0,0,0,0,0,0,0,0,0,0,0,22,253,253,93,0,0,0,0,0,0,0,0,0,0,0,0,0,0,0,0,0,0,0,0,0,0,0,0,22,253,253,10,0,0,0,0,0,0,0,0,0,0,0,0,0,0,0,0,0,0,0,0,0,0,0,0,127,253,201,8,102,23,0,0,0,0,0,0,0,0,0,0,0,0,0,0,0,0,0,0,0,0,0,0,204,253,156,102,253,43,0,0,0,0,0,0,0,0,0,0,0,0,0,0,0,0,0,0,0,0,0,0,238,253,195,230,110,8,0,0,0,0,0,0,0,0,0,0,0,0,0,0,0,0,0,0,0,0,0,0,238,253,253,227,2,0,0,0,0,0,0,0,0,0,0,0,0,0,0,0,0,0,0,0,0,0,0,0,162,253,253,226,0,0,0,0,0,0,0,0,0,0,0,0,0,0,0,0,0,0,0,0,0,0,0,0,29,217,212,38,0,0,0,0,0,0,0,0,0,0,0,0,0,0,0,0,0,0,0,0,0,0,0,0,0,0,0,0,0,0,0,0,0,0,0,0,0,0,0,0,0,0,0,0,0,0,0,0,0,0,0,0,0,0,0,0,0,0,0,0,0,0,0,0,0,0,0,0,0,0,0,0,0,0,0,0,0,0,0,0,0,0,0,0,0,0,0,0,0,0,0,0,0,0
2,0,0,0,0,0,0,0,0,0,0,0,0,0,0,0,0,0,0,0,0,0,0,0,0,0,0,0,0,0,0,0,0,0,0,0,0,0,0,0,0,0,0,0,0,0,0,0,0,0,0,0,0,0,0,0,0,0,0,0,0,0,0,0,0,0,0,0,0,0,0,0,0,0,0,0,0,0,0,0,0,0,0,0,0,0,0,0,0,0,0,0,0,0,0,0,0,0,0,0,0,0,0,0,0,0,0,0,0,0,0,0,0,0,0,0,0,0,0,0,0,0,0,0,0,0,0,0,0,0,0,0,0,0,0,0,0,0,0,0,0,0,0,0,0,0,0,0,72,111,111,111,111,111,34,5,0,0,0,0,0,0,0,0,0,0,0,0,0,0,0,0,0,0,0,33,223,254,254,254,254,254,254,182,39,0,0,0,0,0,0,0,0,0,0,0,0,0,0,0,0,0,5,200,254,104,35,46,134,150,250,254,199,53,0,0,0,0,0,0,0,0,0,0,0,0,0,0,0,0,56,254,210,11,0,0,0,0,61,222,254,236,57,0,0,0,0,0,0,0,0,0,0,0,0,0,0,0,146,254,99,0,0,0,0,0,0,34,178,254,238,56,0,0,0,0,0,0,0,0,0,0,0,0,0,0,189,247,25,0,0,0,0,0,0,0,31,223,254,184,0,0,0,0,0,0,0,0,0,0,0,0,0,0,184,95,0,0,0,0,0,0,0,0,0,106,254,251,28,0,0,0,0,0,0,0,0,0,0,0,0,0,13,11,0,0,0,0,0,0,0,0,0,61,254,228,19,0,0,0,0,0,0,0,0,0,0,0,0,0,0,0,0,0,0,0,0,0,0,0,0,80,254,184,0,0,0,0,0,0,0,0,0,0,0,0,0,0,0,0,0,0,0,0,0,0,0,0,1,162,254,182,0,0,0,0,0,0,0,0,0,0,0,0,0,0,0,0,0,0,0,0,0,0,0,0,6,254,251,65,0,0,0,0,0,0,0,0,0,0,0,0,0,0,0,0,0,0,0,0,0,0,6,16,99,254,239,0,0,0,0,0,0,0,0,0,0,0,0,0,0,0,0,0,0,0,0,0,0,161,202,254,254,254,244,71,9,0,0,0,0,0,0,0,0,0,0,0,0,0,0,0,0,0,0,86,225,253,254,254,254,254,254,254,179,55,12,0,0,0,0,0,0,0,0,0,0,0,0,0,0,0,54,247,254,254,254,254,253,135,179,254,254,254,215,145,81,49,0,0,0,0,0,0,0,0,0,0,0,0,115,254,254,254,254,214,78,0,2,47,120,190,224,254,248,172,0,0,0,0,0,0,0,0,0,0,0,0,76,254,254,254,148,27,0,0,0,0,0,0,9,65,53,0,0,0,0,0,0,0,0,0,0,0,0,0,3,100,110,15,3,0,0,0,0,0,0,0,0,0,0,0,0,0,0,0,0,0,0,0,0,0,0,0,0,0,0,0,0,0,0,0,0,0,0,0,0,0,0,0,0,0,0,0,0,0,0,0,0,0,0,0,0,0,0,0,0,0,0,0,0,0,0,0,0,0,0,0,0,0,0,0,0,0,0,0,0,0,0,0,0,0,0,0,0,0,0,0,0,0,0,0,0,0,0,0,0,0,0,0,0,0,0,0,0,0,0,0,0,0,0,0,0,0,0,0,0,0,0,0,0,0,0,0,0,0,0,0,0,0,0,0,0,0,0,0,0,0,0,0,0,0,0,0,0,0,0,0,0,0,0,0,0,0,0
1,0,0,0,0,0,0,0,0,0,0,0,0,0,0,0,0,0,0,0,0,0,0,0,0,0,0,0,0,0,0,0,0,0,0,0,0,0,0,0,0,0,0,0,0,0,0,0,0,0,0,0,0,0,0,0,0,0,0,0,0,0,0,0,0,0,0,0,0,0,0,0,0,0,0,0,0,0,0,0,0,0,0,0,0,0,0,0,0,0,0,0,0,0,0,0,0,0,0,0,0,0,0,0,0,0,0,0,0,0,0,0,0,0,0,0,0,0,0,0,0,0,0,0,0,0,0,0,0,0,0,0,0,0,0,0,0,0,0,0,0,0,0,0,0,0,0,0,0,0,0,0,0,0,0,0,0,0,0,0,0,107,255,254,84,0,0,0,0,0,0,0,0,0,0,0,0,0,0,0,0,0,0,0,0,0,0,0,71,251,253,253,142,0,0,0,0,0,0,0,0,0,0,0,0,0,0,0,0,0,0,0,0,0,0,101,234,253,253,115,14,0,0,0,0,0,0,0,0,0,0,0,0,0,0,0,0,0,0,0,0,0,32,219,253,253,150,17,0,0,0,0,0,0,0,0,0,0,0,0,0,0,0,0,0,0,0,0,0,0,211,253,253,152,21,0,0,0,0,0,0,0,0,0,0,0,0,0,0,0,0,0,0,0,0,0,24,202,252,253,166,13,0,0,0,0,0,0,0,0,0,0,0,0,0,0,0,0,0,0,0,0,0,0,101,233,253,170,60,0,0,0,0,0,0,0,0,0,0,0,0,0,0,0,0,0,0,0,0,0,0,133,232,253,237,45,0,0,0,0,0,0,0,0,0,0,0,0,0,0,0,0,0,0,0,0,0,0,90,243,253,253,80,0,0,0,0,0,0,0,0,0,0,0,0,0,0,0,0,0,0,0,0,0,0,32,193,253,253,126,6,0,0,0,0,0,0,0,0,0,0,0,0,0,0,0,0,0,0,0,0,0,5,175,253,253,211,12,0,0,0,0,0,0,0,0,0,0,0,0,0,0,0,0,0,0,0,0,0,7,170,248,253,229,12,0,0,0,0,0,0,0,0,0,0,0,0,0,0,0,0,0,0,0,0,0,0,73,242,253,208,99,0,0,0,0,0,0,0,0,0,0,0,0,0,0,0,0,0,0,0,0,0,0,59,214,253,253,105,0,0,0,0,0,0,0,0,0,0,0,0,0,0,0,0,0,0,0,0,0,0,1,117,253,252,185,3,0,0,0,0,0,0,0,0,0,0,0,0,0,0,0,0,0,0,0,0,0,0,108,253,253,247,42,0,0,0,0,0,0,0,0,0,0,0,0,0,0,0,0,0,0,0,0,0,0,33,235,253,253,152,0,0,0,0,0,0,0,0,0,0,0,0,0,0,0,0,0,0,0,0,0,0,0,43,239,253,208,14,0,0,0,0,0,0,0,0,0,0,0,0,0,0,0,0,0,0,0,0,0,0,0,44,240,241,125,0,0,0,0,0,0,0,0,0,0,0,0,0,0,0,0,0,0,0,0,0,0,0,0,44,240,210,0,0,0,0,0,0,0,0,0,0,0,0,0,0,0,0,0,0,0,0,0,0,0,0,0,0,0,0,0,0,0,0,0,0,0,0,0,0,0,0,0,0,0,0,0,0,0,0,0,0,0,0,0,0,0,0,0,0,0,0,0,0,0,0,0,0,0,0,0,0,0,0,0,0,0,0,0,0,0,0,0,0,0,0,0,0,0,0,0,0,0,0,0,0,0,0,0,0,0,0,0,0
1,0,0,0,0,0,0,0,0,0,0,0,0,0,0,0,0,0,0,0,0,0,0,0,0,0,0,0,0,0,0,0,0,0,0,0,0,0,0,0,0,0,0,0,0,0,0,0,0,0,0,0,0,0,0,0,0,0,0,0,0,0,0,0,0,0,0,0,0,0,0,0,0,0,0,0,0,0,0,0,0,0,0,0,0,0,0,0,0,0,0,0,0,0,0,0,0,0,0,0,0,0,0,0,0,0,0,0,0,0,0,0,0,0,0,0,0,0,0,0,0,0,0,0,0,67,193,116,0,0,0,0,0,0,0,0,0,0,0,0,0,0,0,0,0,0,0,0,0,0,0,0,0,196,254,200,0,0,0,0,0,0,0,0,0,0,0,0,0,0,0,0,0,0,0,0,0,0,0,0,43,247,240,25,0,0,0,0,0,0,0,0,0,0,0,0,0,0,0,0,0,0,0,0,0,0,0,0,50,254,238,0,0,0,0,0,0,0,0,0,0,0,0,0,0,0,0,0,0,0,0,0,0,0,0,0,34,236,243,30,0,0,0,0,0,0,0,0,0,0,0,0,0,0,0,0,0,0,0,0,0,0,0,0,0,196,254,92,0,0,0,0,0,0,0,0,0,0,0,0,0,0,0,0,0,0,0,0,0,0,0,0,0,196,254,92,0,0,0,0,0,0,0,0,0,0,0,0,0,0,0,0,0,0,0,0,0,0,0,0,0,158,254,92,0,0,0,0,0,0,0,0,0,0,0,0,0,0,0,0,0,0,0,0,0,0,0,0,0,88,254,99,0,0,0,0,0,0,0,0,0,0,0,0,0,0,0,0,0,0,0,0,0,0,0,0,0,88,254,200,0,0,0,0,0,0,0,0,0,0,0,0,0,0,0,0,0,0,0,0,0,0,0,0,0,88,254,200,0,0,0,0,0,0,0,0,0,0,0,0,0,0,0,0,0,0,0,0,0,0,0,0,0,88,254,205,5,0,0,0,0,0,0,0,0,0,0,0,0,0,0,0,0,0,0,0,0,0,0,0,0,67,250,254,54,0,0,0,0,0,0,0,0,0,0,0,0,0,0,0,0,0,0,0,0,0,0,0,0,71,251,254,54,0,0,0,0,0,0,0,0,0,0,0,0,0,0,0,0,0,0,0,0,0,0,0,0,4,235,254,54,0,0,0,0,0,0,0,0,0,0,0,0,0,0,0,0,0,0,0,0,0,0,0,0,0,206,255,82,0,0,0,0,0,0,0,0,0,0,0,0,0,0,0,0,0,0,0,0,0,0,0,0,0,126,254,239,111,175,40,0,0,0,0,0,0,0,0,0,0,0,0,0,0,0,0,0,0,0,0,0,0,17,243,254,254,254,48,0,0,0,0,0,0,0,0,0,0,0,0,0,0,0,0,0,0,0,0,0,0,0,72,240,254,238,35,0,0,0,0,0,0,0,0,0,0,0,0,0,0,0,0,0,0,0,0,0,0,0,0,69,201,148,0,0,0,0,0,0,0,0,0,0,0,0,0,0,0,0,0,0,0,0,0,0,0,0,0,0,0,0,0,0,0,0,0,0,0,0,0,0,0,0,0,0,0,0,0,0,0,0,0,0,0,0,0,0,0,0,0,0,0,0,0,0,0,0,0,0,0,0,0,0,0,0,0,0,0,0,0,0,0,0,0,0,0,0,0,0,0,0,0,0,0,0,0,0,0,0,0,0,0,0,0,0,0,0,0,0,0,0,0,0,0,0,0,0,0,0,0,0,0,0,0,0
1,0,0,0,0,0,0,0,0,0,0,0,0,0,0,0,0,0,0,0,0,0,0,0,0,0,0,0,0,0,0,0,0,0,0,0,0,0,0,0,0,0,0,0,0,0,0,0,0,0,0,0,0,0,0,0,0,0,0,0,0,0,0,0,0,0,0,0,0,0,0,0,0,0,0,0,0,0,0,0,0,0,0,0,0,0,0,0,0,0,0,0,0,0,0,0,0,0,0,0,0,0,0,0,0,0,0,0,0,0,0,0,0,0,0,0,0,0,0,0,0,0,0,0,0,9,169,254,213,80,0,0,0,0,0,0,0,0,0,0,0,0,0,0,0,0,0,0,0,0,0,0,0,84,253,253,253,193,0,0,0,0,0,0,0,0,0,0,0,0,0,0,0,0,0,0,0,0,0,0,0,139,253,253,253,232,26,0,0,0,0,0,0,0,0,0,0,0,0,0,0,0,0,0,0,0,0,0,0,147,254,253,253,254,47,0,0,0,0,0,0,0,0,0,0,0,0,0,0,0,0,0,0,0,0,0,0,239,253,253,253,253,138,0,0,0,0,0,0,0,0,0,0,0,0,0,0,0,0,0,0,0,0,0,0,188,253,253,253,253,88,0,0,0,0,0,0,0,0,0,0,0,0,0,0,0,0,0,0,0,0,0,0,139,253,253,253,253,112,0,0,0,0,0,0,0,0,0,0,0,0,0,0,0,0,0,0,0,0,0,0,139,253,253,253,253,45,0,0,0,0,0,0,0,0,0,0,0,0,0,0,0,0,0,0,0,0,0,0,140,254,253,253,207,10,0,0,0,0,0,0,0,0,0,0,0,0,0,0,0,0,0,0,0,0,0,0,199,253,253,253,193,0,0,0,0,0,0,0,0,0,0,0,0,0,0,0,0,0,0,0,0,0,0,0,161,253,253,253,218,17,0,0,0,0,0,0,0,0,0,0,0,0,0,0,0,0,0,0,0,0,0,0,240,254,253,253,230,24,0,0,0,0,0,0,0,0,0,0,0,0,0,0,0,0,0,0,0,0,0,0,239,253,253,253,250,37,0,0,0,0,0,0,0,0,0,0,0,0,0,0,0,0,0,0,0,0,0,0,173,253,253,253,193,0,0,0,0,0,0,0,0,0,0,0,0,0,0,0,0,0,0,0,0,0,0,0,149,254,254,254,194,0,0,0,0,0,0,0,0,0,0,0,0,0,0,0,0,0,0,0,0,0,0,0,239,253,253,253,193,0,0,0,0,0,0,0,0,0,0,0,0,0,0,0,0,0,0,0,0,0,0,0,240,254,254,254,217,16,0,0,0,0,0,0,0,0,0,0,0,0,0,0,0,0,0,0,0,0,0,0,240,254,253,253,194,0,0,0,0,0,0,0,0,0,0,0,0,0,0,0,0,0,0,0,0,0,0,0,143,254,254,253,251,38,0,0,0,0,0,0,0,0,0,0,0,0,0,0,0,0,0,0,0,0,0,0,46,230,253,253,191,24,0,0,0,0,0,0,0,0,0,0,0,0,0,0,0,0,0,0,0,0,0,0,0,0,0,0,0,0,0,0,0,0,0,0,0,0,0,0,0,0,0,0,0,0,0,0,0,0,0,0,0,0,0,0,0,0,0,0,0,0,0,0,0,0,0,0,0,0,0,0,0,0,0,0,0,0,0,0,0,0,0,0,0,0,0,0,0,0,0,0,0,0,0,0,0,0,0,0,0,0,0,0,0,0,0,0,0,0,0,0,0,0,0,0,0,0,0,0,0,0,0,0
4,0,0,0,0,0,0,0,0,0,0,0,0,0,0,0,0,0,0,0,0,0,0,0,0,0,0,0,0,0,0,0,0,0,0,0,0,0,0,0,0,0,0,0,0,0,0,0,0,0,0,0,0,0,0,0,0,0,0,0,0,0,0,0,0,0,0,0,0,0,0,0,0,0,0,0,0,0,0,0,0,0,0,0,0,0,0,0,0,0,0,0,0,0,0,0,0,0,0,0,0,0,0,0,0,0,0,0,0,0,0,0,0,0,0,0,0,0,0,0,0,0,0,0,0,0,0,0,0,0,0,0,0,73,182,191,0,0,0,0,0,0,0,0,0,0,0,0,0,0,0,0,0,0,0,0,0,0,0,0,105,247,221,22,0,0,0,0,0,0,0,0,0,0,0,0,0,0,0,0,0,0,0,0,0,0,0,23,217,217,34,0,0,0,0,0,0,0,0,0,0,0,0,0,0,0,0,0,0,0,0,0,0,0,0,147,253,135,0,0,0,0,0,0,0,0,0,0,0,0,0,0,0,0,0,0,0,0,0,0,0,0,92,238,220,0,0,0,0,0,0,0,0,0,0,0,0,0,0,0,0,0,0,0,68,11,0,0,0,0,128,248,84,0,0,0,0,0,0,0,0,0,0,0,0,0,0,0,0,0,0,0,235,204,0,0,0,32,231,150,0,0,0,0,0,0,0,0,0,0,0,0,0,0,0,0,0,0,0,76,250,94,0,0,0,132,253,131,0,0,0,0,0,0,0,0,0,0,0,0,0,0,0,0,0,0,46,234,229,21,0,0,6,217,231,31,0,0,0,0,0,0,0,0,0,0,0,0,0,0,0,0,0,46,232,254,69,0,0,0,137,253,94,0,0,0,0,0,0,0,0,0,0,0,0,0,0,0,0,0,24,234,254,98,0,0,0,53,255,192,50,112,195,182,0,0,0,0,0,0,0,0,0,0,0,0,0,0,140,253,117,0,0,0,11,222,254,243,236,192,108,13,0,0,0,0,0,0,0,0,0,0,0,0,0,28,235,240,47,128,128,128,201,253,230,113,31,0,0,0,0,0,0,0,0,0,0,0,0,0,0,0,0,55,253,253,253,254,253,246,253,253,52,0,0,0,0,0,0,0,0,0,0,0,0,0,0,0,0,0,0,16,162,246,162,136,72,105,253,155,0,0,0,0,0,0,0,0,0,0,0,0,0,0,0,0,0,0,0,0,0,0,0,0,0,186,254,72,0,0,0,0,0,0,0,0,0,0,0,0,0,0,0,0,0,0,0,0,0,0,0,0,51,250,216,5,0,0,0,0,0,0,0,0,0,0,0,0,0,0,0,0,0,0,0,0,0,0,0,0,178,247,59,0,0,0,0,0,0,0,0,0,0,0,0,0,0,0,0,0,0,0,0,0,0,0,0,38,243,107,0,0,0,0,0,0,0,0,0,0,0,0,0,0,0,0,0,0,0,0,0,0,0,0,0,163,233,23,0,0,0,0,0,0,0,0,0,0,0,0,0,0,0,0,0,0,0,0,0,0,0,0,0,0,0,0,0,0,0,0,0,0,0,0,0,0,0,0,0,0,0,0,0,0,0,0,0,0,0,0,0,0,0,0,0,0,0,0,0,0,0,0,0,0,0,0,0,0,0,0,0,0,0,0,0,0,0,0,0,0,0,0,0,0,0,0,0,0,0,0,0,0,0,0,0,0,0,0,0,0,0,0,0,0,0,0,0,0,0,0,0,0,0,0,0,0,0,0,0,0,0,0,0,0,0
2,0,0,0,0,0,0,0,0,0,0,0,0,0,0,0,0,0,0,0,0,0,0,0,0,0,0,0,0,0,0,0,0,0,0,0,0,0,0,0,0,0,0,0,0,0,0,0,0,0,0,0,0,0,0,0,0,0,0,0,0,0,0,0,0,0,0,0,0,0,0,0,0,0,0,0,0,0,0,0,0,0,0,0,0,0,0,0,0,0,0,0,0,0,0,0,0,31,13,0,0,0,0,0,0,0,0,0,0,0,0,0,0,0,0,0,0,0,0,0,0,0,6,67,153,247,187,67,163,178,177,133,3,0,0,0,0,0,0,0,0,0,0,0,0,0,0,0,27,191,214,253,253,253,253,253,253,254,253,253,145,0,0,0,0,0,0,0,0,0,0,0,0,0,0,0,115,253,253,253,253,253,253,253,253,254,253,253,231,0,0,0,0,0,0,0,0,0,0,0,0,0,0,0,67,253,253,253,253,253,244,198,150,254,253,253,207,0,0,0,0,0,0,0,0,0,0,0,0,0,0,0,44,238,207,140,55,55,45,0,0,254,253,253,34,0,0,0,0,0,0,0,0,0,0,0,0,0,0,0,0,18,11,0,0,0,2,45,218,254,253,201,6,0,0,0,0,0,0,0,0,0,0,0,0,0,0,0,0,0,0,0,0,22,129,253,253,254,193,17,0,0,0,0,0,0,0,0,0,0,0,0,0,0,0,0,0,0,0,0,28,210,253,253,253,196,20,0,0,0,0,0,0,0,0,0,0,0,0,0,0,0,0,0,0,0,0,73,209,253,253,253,205,15,0,0,0,0,0,0,0,0,0,0,0,0,0,0,0,0,0,0,0,14,149,254,254,254,249,187,15,0,0,0,0,0,0,0,0,0,0,0,0,0,0,0,0,0,0,0,124,207,253,253,253,250,154,0,0,0,0,0,0,0,0,0,0,0,0,0,0,0,0,0,0,0,0,115,240,253,253,253,219,51,0,0,0,0,0,0,0,0,0,0,0,0,0,0,0,0,0,0,0,0,0,254,253,253,251,207,31,0,0,0,0,0,0,0,0,0,0,16,133,133,27,0,0,0,0,0,0,0,0,254,253,253,134,0,0,0,0,0,0,0,0,22,56,56,142,208,253,253,215,0,0,0,0,0,0,0,0,254,253,253,201,199,199,194,156,199,199,200,199,220,253,253,253,253,253,253,253,0,0,0,0,0,0,0,0,254,253,253,253,253,253,253,253,253,253,254,253,253,253,253,253,253,253,245,145,0,0,0,0,0,0,0,0,167,253,253,253,253,253,253,253,253,253,255,253,253,230,209,209,156,99,26,0,0,0,0,0,0,0,0,0,9,95,176,183,236,210,176,176,176,176,177,147,66,32,0,0,0,0,0,0,0,0,0,0,0,0,0,0,0,0,0,3,26,15,0,0,0,0,0,0,0,0,0,0,0,0,0,0,0,0,0,0,0,0,0,0,0,0,0,0,0,0,0,0,0,0,0,0,0,0,0,0,0,0,0,0,0,0,0,0,0,0,0,0,0,0,0,0,0,0,0,0,0,0,0,0,0,0,0,0,0,0,0,0,0,0,0,0,0,0,0,0,0,0,0,0,0,0,0,0,0,0,0,0,0,0,0,0,0,0,0,0,0,0,0,0,0,0,0,0,0,0,0,0,0,0,0,0,0,0,0,0,0,0,0,0,0,0,0,0,0,0,0,0,0,0,0,0,0,0,0,0,0,0,0,0,0,0,0,0,0,0,0,0,0,0,0,0,0,0
3,0,0,0,0,0,0,0,0,0,0,0,0,0,0,0,0,0,0,0,0,0,0,0,0,0,0,0,0,0,0,0,0,0,0,0,0,0,0,0,0,0,0,0,0,0,0,0,0,0,0,0,0,0,0,0,0,0,0,0,0,0,0,0,0,0,0,0,0,0,0,0,0,0,0,0,0,0,0,0,0,0,0,0,0,0,0,0,0,0,0,0,0,0,0,0,0,0,0,0,0,0,0,0,0,0,0,0,0,0,0,0,0,0,0,0,0,0,0,0,88,146,239,167,255,155,146,146,91,13,0,0,0,0,0,0,0,0,0,0,0,0,0,0,0,0,0,0,151,253,253,253,253,253,253,253,253,207,114,0,0,0,0,0,0,0,0,0,0,0,0,0,0,0,0,0,130,139,139,139,139,139,209,209,247,253,241,9,0,0,0,0,0,0,0,0,0,0,0,0,0,0,0,0,0,0,0,0,0,0,0,16,241,253,237,9,0,0,0,0,0,0,0,0,0,0,0,0,0,0,0,0,0,0,0,0,0,0,0,24,242,253,156,0,0,0,0,0,0,0,0,0,0,0,0,0,0,0,0,0,0,0,0,0,0,6,9,5,136,174,37,0,0,0,0,0,0,0,0,0,0,0,0,0,0,0,0,0,0,0,0,0,0,79,233,198,165,107,0,0,0,0,0,0,0,0,0,0,0,0,0,0,0,0,0,0,0,0,0,0,0,161,253,253,253,168,17,0,0,0,0,0,0,0,0,0,0,0,0,0,0,0,0,0,0,0,0,99,233,252,253,253,253,253,195,21,6,0,0,0,0,0,0,0,0,0,0,0,0,0,0,0,0,0,0,134,253,253,253,230,253,253,253,253,163,10,0,0,0,0,0,0,0,0,0,0,0,0,0,0,0,0,0,32,232,248,138,31,54,54,95,210,253,82,0,0,0,0,0,0,0,0,0,0,0,0,0,0,0,0,0,0,96,24,0,0,0,0,0,80,253,247,60,0,0,0,0,0,0,0,0,0,0,0,0,0,0,0,0,0,0,0,0,0,0,0,0,28,253,253,113,0,0,0,0,0,0,0,0,0,0,0,0,0,0,0,0,0,0,0,0,0,0,0,0,28,253,253,200,0,0,0,0,0,0,0,0,0,0,0,41,135,55,0,0,0,0,0,0,0,0,0,0,28,253,253,221,0,0,0,0,0,0,0,0,0,0,0,76,253,140,17,0,0,0,0,0,0,0,0,0,55,253,253,193,0,0,0,0,0,0,0,0,0,0,0,46,241,253,222,160,104,68,0,0,0,0,0,40,183,253,253,113,0,0,0,0,0,0,0,0,0,0,0,0,7,183,253,253,253,252,249,249,163,243,249,251,253,253,253,53,0,0,0,0,0,0,0,0,0,0,0,0,0,13,110,216,253,253,253,253,253,253,253,253,253,253,105,2,0,0,0,0,0,0,0,0,0,0,0,0,0,0,0,18,58,145,245,253,253,161,253,253,149,118,7,0,0,0,0,0,0,0,0,0,0,0,0,0,0,0,0,0,0,0,0,0,0,0,0,0,0,0,0,0,0,0,0,0,0,0,0,0,0,0,0,0,0,0,0,0,0,0,0,0,0,0,0,0,0,0,0,0,0,0,0,0,0,0,0,0,0,0,0,0,0,0,0,0,0,0,0,0,0,0,0,0,0,0,0,0,0,0,0,0,0,0,0,0,0,0,0,0,0,0,0,0,0,0,0,0,0,0,0,0,0,0,0,0,0,0,0,0,0,0
2,0,0,0,0,0,0,0,0,0,0,0,0,0,0,0,0,0,0,0,0,0,0,0,0,0,0,0,0,0,0,0,0,0,0,0,0,0,0,0,0,0,0,0,0,0,0,0,0,0,0,0,0,0,0,0,0,0,0,0,0,0,0,0,0,0,0,0,0,0,0,0,0,0,0,0,0,0,0,0,0,0,0,0,0,0,0,0,0,0,0,0,0,0,0,0,0,0,0,0,0,0,0,0,0,0,0,0,0,0,0,0,0,0,0,0,0,0,0,0,0,0,0,26,154,253,253,253,255,253,253,253,129,10,0,0,0,0,0,0,0,0,0,0,0,0,0,0,0,0,82,243,253,252,252,252,253,252,252,252,253,196,63,0,0,0,0,0,0,0,0,0,0,0,0,0,0,0,197,252,253,252,252,252,253,252,252,252,253,252,168,0,0,0,0,0,0,0,0,0,0,0,0,0,0,0,59,240,253,252,164,139,28,28,28,128,253,252,243,75,0,0,0,0,0,0,0,0,0,0,0,0,0,0,0,0,0,0,0,0,0,0,0,0,192,253,253,153,0,0,0,0,0,0,0,0,0,0,0,0,0,0,0,0,0,0,0,0,0,0,0,0,66,252,252,252,0,0,0,0,0,0,0,0,0,0,0,0,0,0,0,0,0,0,0,0,0,0,0,0,29,252,252,252,0,0,0,0,0,0,0,0,0,0,0,0,0,0,0,0,0,0,0,0,0,0,0,0,29,252,252,252,0,0,0,0,0,0,0,0,0,0,0,0,0,0,0,0,0,0,0,0,0,0,0,0,104,253,253,241,0,0,0,0,0,0,0,0,0,0,0,0,32,19,0,0,0,0,0,0,0,0,0,0,253,252,252,115,0,0,0,0,0,0,0,0,0,0,29,134,229,215,159,85,0,0,0,0,0,0,0,126,253,252,224,19,0,0,0,0,0,0,0,0,0,101,234,252,253,252,252,252,163,38,0,0,0,0,126,249,253,252,118,0,0,0,0,0,0,0,0,0,0,169,253,253,239,231,253,253,254,228,104,16,16,179,253,253,251,125,0,0,0,0,0,0,0,0,0,0,19,225,252,252,38,19,171,221,253,252,252,215,216,252,252,252,181,131,169,94,0,0,0,0,0,0,0,0,154,252,252,164,0,0,0,25,216,252,252,252,253,252,252,252,154,252,224,43,0,0,0,0,0,0,0,0,253,252,252,139,0,0,0,0,91,252,252,252,253,252,252,252,253,252,168,0,0,0,0,0,0,0,0,0,242,253,253,153,29,104,141,241,254,253,253,253,254,253,253,253,254,253,106,0,0,0,0,0,0,0,0,0,116,252,252,252,253,252,252,252,253,252,233,145,84,84,122,196,197,121,19,0,0,0,0,0,0,0,0,0,7,187,252,252,253,252,252,252,168,93,37,0,0,0,0,0,0,0,0,0,0,0,0,0,0,0,0,0,0,19,116,139,253,177,103,28,0,0,0,0,0,0,0,0,0,0,0,0,0,0,0,0,0,0,0,0,0,0,0,0,0,0,0,0,0,0,0,0,0,0,0,0,0,0,0,0,0,0,0,0,0,0,0,0,0,0,0,0,0,0,0,0,0,0,0,0,0,0,0,0,0,0,0,0,0,0,0,0,0,0,0,0,0,0,0,0,0,0,0,0,0,0,0,0,0,0,0,0,0,0,0,0,0,0,0,0,0,0,0,0,0,0,0,0,0,0,0,0,0,0,0,0,0,0,0,0,0,0,0,0,0,0,0,0,0
8,0,0,0,0,0,0,0,0,0,0,0,0,0,0,0,0,0,0,0,0,0,0,0,0,0,0,0,0,0,0,0,0,0,0,0,0,0,0,0,0,0,0,0,0,0,0,0,0,0,0,0,0,0,0,0,0,0,0,0,0,0,0,0,0,0,0,0,0,0,0,0,0,0,0,0,0,0,0,0,0,0,0,0,0,0,0,0,0,0,0,0,0,0,0,0,0,0,0,0,0,0,0,0,0,0,0,0,0,0,0,0,0,0,0,0,0,0,0,0,0,0,0,0,0,0,0,0,0,0,0,0,0,0,0,0,0,0,0,0,0,0,0,0,0,0,0,0,0,0,0,0,0,0,0,0,5,113,252,116,0,0,0,0,0,0,0,0,0,0,0,0,0,0,0,0,0,0,0,0,0,0,0,26,194,254,249,73,0,0,0,0,0,0,0,0,0,0,0,0,0,0,0,0,0,0,0,0,0,0,22,236,241,180,254,138,0,0,0,0,0,0,0,0,0,0,0,0,0,0,0,0,0,0,0,0,0,4,205,241,65,151,254,133,0,0,0,0,0,0,0,0,0,0,0,0,0,0,0,0,0,0,0,0,38,192,254,38,47,254,207,15,0,0,0,0,0,0,0,0,0,0,0,0,0,0,0,0,0,0,0,2,202,254,81,0,108,254,77,0,0,0,0,0,0,0,0,0,0,0,0,0,0,0,0,0,0,0,5,179,250,80,2,15,234,209,3,0,0,0,0,0,0,0,0,0,0,0,0,0,0,0,0,0,0,0,148,254,90,0,0,80,254,119,0,0,0,0,0,0,0,0,0,0,0,0,0,0,0,0,0,0,0,49,247,168,13,0,0,203,199,6,0,0,0,0,0,0,0,0,0,0,0,0,0,0,0,0,0,0,0,116,254,22,0,0,24,255,84,0,0,0,0,0,0,0,0,0,0,0,0,0,0,0,0,0,0,0,0,106,251,108,14,0,116,239,17,0,0,0,0,0,0,0,0,0,0,0,0,0,0,0,0,0,0,0,0,0,88,232,231,200,249,243,124,103,16,0,0,0,0,0,0,0,0,0,0,0,0,0,0,0,0,0,0,0,0,20,64,185,254,138,184,203,229,57,0,0,0,0,0,0,0,0,0,0,0,0,0,0,0,0,0,0,0,0,0,83,254,0,0,2,93,239,26,0,0,0,0,0,0,0,0,0,0,0,0,0,0,0,0,0,0,0,0,190,254,0,0,0,28,254,38,0,0,0,0,0,0,0,0,0,0,0,0,0,0,0,0,0,0,0,0,208,207,0,0,0,93,221,6,0,0,0,0,0,0,0,0,0,0,0,0,0,0,0,0,0,0,0,0,208,204,0,0,0,121,166,0,0,0,0,0,0,0,0,0,0,0,0,0,0,0,0,0,0,0,0,0,208,186,0,0,94,252,128,0,0,0,0,0,0,0,0,0,0,0,0,0,0,0,0,0,0,0,0,0,152,254,62,168,234,121,11,0,0,0,0,0,0,0,0,0,0,0,0,0,0,0,0,0,0,0,0,0,5,139,255,240,59,0,0,0,0,0,0,0,0,0,0,0,0,0,0,0,0,0,0,0,0,0,0,0,0,0,0,0,0,0,0,0,0,0,0,0,0,0,0,0,0,0,0,0,0,0,0,0,0,0,0,0,0,0,0,0,0,0,0,0,0,0,0,0,0,0,0,0,0,0,0,0,0,0,0,0,0,0,0,0,0,0,0,0,0,0,0,0,0,0,0,0,0,0,0,0
5,0,0,0,0,0,0,0,0,0,0,0,0,0,0,0,0,0,0,0,0,0,0,0,0,0,0,0,0,0,0,0,0,0,0,0,0,0,0,0,0,0,0,0,0,0,0,0,0,0,0,0,0,0,0,0,0,0,0,0,0,0,0,0,0,0,0,0,0,0,0,0,0,0,0,0,0,0,0,0,0,0,0,0,0,0,0,0,0,0,0,0,0,0,0,0,0,0,0,0,0,0,0,0,0,0,0,0,0,0,0,0,0,0,0,0,0,0,0,0,0,0,0,0,0,0,0,0,0,0,0,0,0,0,0,11,48,0,0,0,0,0,0,0,0,0,0,0,0,0,0,0,0,0,0,0,0,0,0,0,0,0,81,173,254,0,0,0,0,0,0,0,0,0,0,0,0,0,0,0,0,0,0,0,0,0,0,12,97,245,252,194,72,0,0,0,0,0,0,0,0,0,0,0,0,0,0,0,0,0,0,0,14,84,182,208,254,198,79,0,0,0,0,0,0,0,0,0,0,0,0,0,0,0,0,24,27,117,213,130,236,254,251,196,73,7,0,0,0,0,0,0,0,0,0,0,0,0,0,0,0,0,0,164,254,255,254,254,243,181,74,0,0,0,0,0,0,0,0,0,0,0,0,0,0,0,0,0,0,0,0,3,183,254,230,95,26,0,0,0,0,0,0,0,0,0,0,0,0,0,0,0,0,0,0,0,0,0,0,42,254,254,215,63,53,0,0,0,0,0,0,0,0,0,0,0,0,0,0,0,0,0,0,0,0,0,0,33,253,254,254,254,248,177,54,0,0,0,0,0,0,0,0,0,0,0,0,0,0,0,0,0,0,0,0,0,65,141,99,99,201,242,230,15,0,0,0,0,0,0,0,0,0,0,0,0,0,0,0,0,0,0,0,0,0,0,0,0,0,193,254,155,0,0,0,0,0,0,0,0,0,0,0,0,0,0,0,0,0,0,0,0,0,0,0,0,7,203,254,176,0,0,0,0,0,0,0,0,0,0,0,0,0,0,0,0,0,0,0,0,0,0,0,0,79,254,254,98,0,0,0,0,0,0,0,0,0,0,0,0,0,0,0,0,0,0,0,0,0,0,0,13,245,254,212,5,0,0,0,0,0,0,0,0,0,0,0,0,0,0,0,0,0,0,0,0,0,0,17,189,254,254,88,0,0,0,0,0,0,0,0,0,0,0,0,0,0,188,191,68,15,0,0,0,0,63,194,254,254,124,2,0,0,0,0,0,0,0,0,0,0,0,0,0,0,228,254,254,227,172,142,75,172,241,254,254,171,20,0,0,0,0,0,0,0,0,0,0,0,0,0,0,0,41,221,246,254,254,254,254,254,254,223,100,1,0,0,0,0,0,0,0,0,0,0,0,0,0,0,0,0,0,0,14,94,104,197,197,197,108,0,0,0,0,0,0,0,0,0,0,0,0,0,0,0,0,0,0,0,0,0,0,0,0,0,0,0,0,0,0,0,0,0,0,0,0,0,0,0,0,0,0,0,0,0,0,0,0,0,0,0,0,0,0,0,0,0,0,0,0,0,0,0,0,0,0,0,0,0,0,0,0,0,0,0,0,0,0,0,0,0,0,0,0,0,0,0,0,0,0,0,0,0,0,0,0,0,0,0,0,0,0,0,0,0,0,0,0,0,0,0,0,0,0,0,0,0,0,0,0,0,0,0,0,0,0,0,0,0,0,0,0,0,0,0,0,0,0,0,0,0,0,0,0,0,0,0,0,0,0,0,0,0,0,0
8,0,0,0,0,0,0,0,0,0,0,0,0,0,0,0,0,0,0,0,0,0,0,0,0,0,0,0,0,0,0,0,0,0,0,0,0,0,0,0,0,0,0,0,0,0,0,0,0,0,0,0,0,0,0,0,0,0,0,0,0,0,0,0,0,0,0,0,0,0,0,0,0,0,0,0,0,0,0,0,0,0,0,0,0,0,0,0,0,0,0,0,0,0,0,0,0,0,0,0,0,0,0,0,0,0,0,0,0,0,0,0,0,0,0,0,0,0,0,0,0,0,0,0,0,0,0,0,0,0,0,0,0,0,0,0,0,0,0,0,0,0,0,0,0,0,0,0,0,0,0,0,0,0,19,153,170,254,255,203,55,0,0,0,0,0,0,0,0,0,0,0,0,0,0,0,0,0,0,0,81,138,237,253,248,206,220,253,154,0,0,0,0,0,0,0,0,0,0,0,0,0,0,0,0,0,0,47,245,253,171,54,42,0,13,192,249,65,0,0,0,0,0,0,0,0,0,0,0,0,0,0,0,0,0,206,253,185,0,0,0,0,0,138,253,160,0,0,0,0,0,0,0,0,0,0,0,0,0,0,0,0,70,254,254,136,0,0,0,0,0,139,254,136,0,0,0,0,0,0,0,0,0,0,0,0,0,0,0,0,57,249,232,6,0,0,0,0,13,193,248,56,0,0,0,0,0,0,0,0,0,0,0,0,0,0,0,0,0,188,249,107,0,0,0,9,187,253,145,0,0,0,0,0,0,0,0,0,0,0,0,0,0,0,0,0,0,72,253,253,102,0,9,184,254,185,13,0,0,0,0,0,0,0,0,0,0,0,0,0,0,0,0,0,0,0,125,254,254,169,237,254,127,9,0,0,0,0,0,0,0,0,0,0,0,0,0,0,0,0,0,0,0,0,3,140,254,253,253,151,0,0,0,0,0,0,0,0,0,0,0,0,0,0,0,0,0,0,0,0,0,0,11,165,254,253,253,186,9,0,0,0,0,0,0,0,0,0,0,0,0,0,0,0,0,0,0,0,0,0,125,253,136,135,253,253,127,0,0,0,0,0,0,0,0,0,0,0,0,0,0,0,0,0,0,0,0,130,247,151,0,0,85,235,254,82,0,0,0,0,0,0,0,0,0,0,0,0,0,0,0,0,0,0,81,251,162,0,0,0,0,167,254,207,9,0,0,0,0,0,0,0,0,0,0,0,0,0,0,0,0,0,161,236,29,0,0,0,0,17,245,253,88,0,0,0,0,0,0,0,0,0,0,0,0,0,0,0,0,0,161,253,79,0,0,0,0,0,195,253,104,0,0,0,0,0,0,0,0,0,0,0,0,0,0,0,0,0,136,254,163,0,0,0,0,26,255,241,34,0,0,0,0,0,0,0,0,0,0,0,0,0,0,0,0,0,32,224,242,138,47,5,22,189,254,106,0,0,0,0,0,0,0,0,0,0,0,0,0,0,0,0,0,0,0,42,215,253,254,211,228,253,155,4,0,0,0,0,0,0,0,0,0,0,0,0,0,0,0,0,0,0,0,0,15,160,254,253,244,128,25,0,0,0,0,0,0,0,0,0,0,0,0,0,0,0,0,0,0,0,0,0,0,0,0,0,0,0,0,0,0,0,0,0,0,0,0,0,0,0,0,0,0,0,0,0,0,0,0,0,0,0,0,0,0,0,0,0,0,0,0,0,0,0,0,0,0,0,0,0,0,0,0,0,0,0,0,0,0,0,0,0,0,0,0,0,0,0,0,0,0,0,0,0,0
9,0,0,0,0,0,0,0,0,0,0,0,0,0,0,0,0,0,0,0,0,0,0,0,0,0,0,0,0,0,0,0,0,0,0,0,0,0,0,0,0,0,0,0,0,0,0,0,0,0,0,0,0,0,0,0,0,0,0,0,0,0,0,0,0,0,0,0,0,0,0,0,0,0,0,0,0,0,0,0,0,0,0,0,0,0,0,0,0,0,0,0,0,0,0,0,0,0,0,0,0,0,0,0,0,0,0,0,0,0,0,0,0,0,0,0,0,0,0,0,0,0,0,0,0,0,0,0,0,0,0,0,0,0,0,0,0,0,0,0,0,0,0,0,0,0,0,0,0,0,0,0,0,0,0,0,0,0,0,0,0,0,0,0,0,0,0,0,0,0,0,0,0,0,0,0,0,0,0,1,54,211,200,45,0,0,0,0,0,0,0,0,0,0,0,0,0,0,0,0,0,0,0,0,0,0,0,63,253,179,233,240,56,0,0,0,0,0,0,0,0,0,0,0,0,0,0,0,0,0,0,0,0,0,18,238,157,0,27,239,180,0,0,0,0,0,0,0,0,0,0,0,0,0,0,0,0,0,0,0,0,0,86,243,33,0,0,144,191,0,0,0,0,0,0,0,0,0,0,0,0,0,0,0,0,0,0,0,0,0,143,225,0,0,0,0,0,0,0,0,0,0,0,0,0,0,0,0,0,0,0,0,0,0,0,0,0,0,184,225,0,0,0,0,0,0,23,3,0,0,0,0,0,0,0,0,0,0,0,0,0,0,0,0,0,0,100,225,0,0,0,0,0,90,248,127,0,0,0,0,0,0,0,0,0,0,0,0,0,0,0,0,0,0,22,241,93,0,0,7,95,248,254,192,0,0,0,0,0,0,0,0,0,0,0,0,0,0,0,0,0,0,0,90,248,126,93,214,247,197,254,125,0,0,0,0,0,0,0,0,0,0,0,0,0,0,0,0,0,0,0,6,84,141,199,129,77,55,254,109,0,0,0,0,0,0,0,0,0,0,0,0,0,0,0,0,0,0,0,0,0,0,0,0,0,55,254,38,0,0,0,0,0,0,0,0,0,0,0,0,0,0,0,0,0,0,0,0,0,0,0,0,0,99,254,25,0,0,0,0,0,0,0,0,0,0,0,0,0,0,0,0,0,0,0,0,0,0,0,0,0,138,254,25,0,0,0,0,0,0,0,0,0,0,0,0,0,0,0,0,0,0,0,0,0,0,0,0,0,84,254,25,0,0,0,0,0,0,0,0,0,0,0,0,0,0,0,0,0,0,0,0,0,0,0,0,0,111,254,25,0,0,0,0,0,0,0,0,0,0,0,0,0,0,0,0,0,0,0,0,0,0,0,0,0,138,254,25,0,0,0,0,0,0,0,0,0,0,0,0,0,0,0,0,0,0,0,0,0,0,0,0,0,88,254,25,0,0,0,0,0,0,0,0,0,0,0,0,0,0,0,0,0,0,0,0,0,0,0,0,0,80,254,25,0,0,0,0,0,0,0,0,0,0,0,0,0,0,0,0,0,0,0,0,0,0,0,0,0,111,198,1,0,0,0,0,0,0,0,0,0,0,0,0,0,0,0,0,0,0,0,0,0,0,0,0,0,84,168,0,0,0,0,0,0,0,0,0,0,0,0,0,0,0,0,0,0,0,0,0,0,0,0,0,0,0,0,0,0,0,0,0,0,0,0,0,0,0,0,0,0,0,0,0,0,0,0,0,0,0,0,0,0,0,0,0,0,0,0,0,0,0,0,0,0
4,0,0,0,0,0,0,0,0,0,0,0,0,0,0,0,0,0,0,0,0,0,0,0,0,0,0,0,0,0,0,0,0,0,0,0,0,0,0,0,0,0,0,0,0,0,0,0,0,0,0,0,0,0,0,0,0,0,0,0,0,0,0,0,0,0,0,0,0,0,0,0,0,0,0,0,0,0,0,0,0,0,0,0,0,0,0,0,0,0,0,0,0,0,0,0,0,0,0,0,0,0,0,0,0,0,0,0,0,0,0,0,0,0,0,0,0,0,0,0,0,0,0,0,0,0,0,0,0,0,0,0,0,0,0,0,0,0,0,0,0,0,0,0,0,0,0,0,0,0,29,10,0,0,0,0,0,226,226,0,0,0,0,0,0,0,0,0,0,0,0,0,0,0,0,0,0,26,253,159,0,0,0,0,0,225,225,0,0,0,0,0,0,0,0,0,0,0,0,0,0,0,0,0,0,200,253,158,0,0,0,0,0,225,137,0,0,0,0,0,0,0,0,0,0,0,0,0,0,0,0,0,0,225,253,84,0,0,0,0,0,225,163,0,0,0,0,0,0,0,0,0,0,0,0,0,0,0,0,0,0,226,226,0,0,0,0,0,0,226,226,0,0,0,0,0,0,0,0,0,0,0,0,0,0,0,0,0,19,231,150,0,0,0,0,0,0,225,244,56,0,0,0,0,0,0,0,0,0,0,0,0,0,0,0,0,172,252,113,0,0,0,0,0,0,225,253,171,0,0,0,0,0,0,0,0,0,0,0,0,0,0,0,51,246,252,13,0,0,0,0,0,0,225,253,196,0,0,0,0,0,0,0,0,0,0,0,0,0,0,0,120,253,190,0,0,0,0,0,0,0,226,255,241,216,41,26,0,0,0,0,0,0,0,0,0,0,0,7,187,252,65,0,0,0,26,7,57,57,231,253,215,252,252,244,169,131,7,0,0,0,0,0,0,0,0,29,252,252,103,147,197,197,222,204,252,252,252,253,252,252,252,253,252,224,19,0,0,0,0,0,0,0,0,79,252,252,252,253,252,252,252,253,252,252,252,253,252,252,252,253,177,43,0,0,0,0,0,0,0,0,0,0,101,225,225,214,138,137,113,101,0,0,226,255,84,0,0,0,0,0,0,0,0,0,0,0,0,0,0,0,0,0,0,0,0,0,0,0,0,0,225,253,84,0,0,0,0,0,0,0,0,0,0,0,0,0,0,0,0,0,0,0,0,0,0,0,0,0,225,253,122,0,0,0,0,0,0,0,0,0,0,0,0,0,0,0,0,0,0,0,0,0,0,0,0,0,225,253,196,0,0,0,0,0,0,0,0,0,0,0,0,0,0,0,0,0,0,0,0,0,0,0,0,0,226,255,184,0,0,0,0,0,0,0,0,0,0,0,0,0,0,0,0,0,0,0,0,0,0,0,0,0,225,253,109,0,0,0,0,0,0,0,0,0,0,0,0,0,0,0,0,0,0,0,0,0,0,0,0,0,225,253,196,0,0,0,0,0,0,0,0,0,0,0,0,0,0,0,0,0,0,0,0,0,0,0,0,0,75,253,145,0,0,0,0,0,0,0,0,0,0,0,0,0,0,0,0,0,0,0,0,0,0,0,0,0,0,0,0,0,0,0,0,0,0,0,0,0,0,0,0,0,0,0,0,0,0,0,0,0,0,0,0,0,0,0,0,0,0,0,0,0,0,0,0,0,0,0,0,0,0,0,0,0,0,0,0,0,0,0,0,0,0,0,0,0,0,0,0,0,0,0,0,0
3,0,0,0,0,0,0,0,0,0,0,0,0,0,0,0,0,0,0,0,0,0,0,0,0,0,0,0,0,0,0,0,0,0,0,0,0,0,0,0,0,0,0,0,0,0,0,0,0,0,0,0,0,0,0,0,0,0,0,0,0,0,0,0,0,0,0,0,0,0,0,0,0,0,0,0,0,0,0,0,0,0,0,0,0,0,0,0,0,0,0,0,0,0,0,0,0,0,0,0,0,0,0,0,0,0,0,0,0,0,0,0,0,0,0,0,0,0,0,0,0,0,0,0,0,0,0,0,0,0,0,0,0,0,0,0,0,0,0,0,0,0,0,0,0,0,0,0,0,0,0,0,0,0,0,0,8,13,99,99,70,117,18,0,0,0,0,0,0,0,0,0,0,0,0,0,0,0,0,0,11,25,88,145,211,252,252,252,252,252,206,18,0,0,0,0,0,0,0,0,0,0,0,0,0,0,70,157,198,252,253,252,252,252,252,252,252,252,252,206,0,0,0,0,0,0,0,0,0,0,0,0,0,49,237,252,252,252,253,252,252,252,252,252,252,252,252,252,0,0,0,0,0,0,0,0,0,0,0,0,0,159,252,252,252,252,253,252,197,72,115,224,252,252,252,223,0,0,0,0,0,0,0,0,0,0,0,0,0,81,204,252,221,180,175,60,33,73,201,252,252,252,252,98,0,0,0,0,0,0,0,0,0,0,0,0,0,0,16,48,27,0,0,61,212,252,252,252,252,252,164,3,0,0,0,0,0,0,0,0,0,0,0,0,0,0,0,0,0,0,160,237,252,252,252,252,252,66,20,0,0,0,0,0,0,0,0,0,0,0,0,0,0,0,0,0,0,161,253,252,252,252,252,221,104,4,0,0,0,0,0,0,0,0,0,0,0,0,0,0,0,0,0,0,0,241,253,252,252,252,252,65,0,0,0,0,0,0,0,0,0,0,0,0,0,0,0,0,0,0,0,0,0,116,255,253,253,253,253,66,0,0,0,0,0,0,0,0,0,0,0,0,0,0,0,0,0,0,0,0,0,0,109,179,252,252,252,180,0,0,0,0,0,0,0,0,0,0,0,0,0,0,0,0,0,0,0,0,0,0,20,115,252,252,252,180,0,0,0,0,0,0,0,0,0,0,0,0,0,0,0,0,0,0,0,0,21,49,213,252,252,252,252,100,0,0,0,0,0,0,0,0,0,0,0,0,0,0,0,0,0,18,61,164,211,252,253,252,252,252,180,17,0,0,0,0,0,0,0,0,0,0,0,0,39,73,73,73,102,210,252,252,252,252,253,252,242,156,17,0,0,0,0,0,0,0,0,0,0,0,0,0,231,252,252,252,252,252,252,252,252,252,253,204,87,0,0,0,0,0,0,0,0,0,0,0,0,0,0,0,253,252,252,252,252,252,252,252,252,252,150,15,0,0,0,0,0,0,0,0,0,0,0,0,0,0,0,0,143,252,252,252,252,252,164,143,92,23,0,0,0,0,0,0,0,0,0,0,0,0,0,0,0,0,0,0,12,131,131,131,45,11,3,0,0,0,0,0,0,0,0,0,0,0,0,0,0,0,0,0,0,0,0,0,0,0,0,0,0,0,0,0,0,0,0,0,0,0,0,0,0,0,0,0,0,0,0,0,0,0,0,0,0,0,0,0,0,0,0,0,0,0,0,0,0,0,0,0,0,0,0,0,0,0,0,0,0,0,0,0,0,0,0,0,0,0,0,0,0,0,0,0,0,0,0,0,0,0,0,0,0,0,0,0,0
1,0,0,0,0,0,0,0,0,0,0,0,0,0,0,0,0,0,0,0,0,0,0,0,0,0,0,0,0,0,0,0,0,0,0,0,0,0,0,0,0,0,0,0,0,0,0,0,0,0,0,0,0,0,0,0,0,0,0,0,0,0,0,0,0,0,0,0,0,0,0,0,0,0,0,0,0,0,0,0,0,0,0,0,0,0,0,0,0,0,0,0,0,0,0,0,0,0,0,0,0,0,0,0,0,0,0,0,0,0,0,0,0,0,0,0,0,0,0,0,0,0,0,0,0,0,0,0,0,0,11,73,202,234,77,0,0,0,0,0,0,0,0,0,0,0,0,0,0,0,0,0,0,0,0,0,0,0,37,251,251,222,62,0,0,0,0,0,0,0,0,0,0,0,0,0,0,0,0,0,0,0,0,0,0,21,197,251,251,242,92,0,0,0,0,0,0,0,0,0,0,0,0,0,0,0,0,0,0,0,0,0,0,83,236,251,251,212,47,0,0,0,0,0,0,0,0,0,0,0,0,0,0,0,0,0,0,0,0,0,0,105,241,251,251,72,30,0,0,0,0,0,0,0,0,0,0,0,0,0,0,0,0,0,0,0,0,0,0,145,253,253,253,0,0,0,0,0,0,0,0,0,0,0,0,0,0,0,0,0,0,0,0,0,0,0,145,206,251,188,107,0,0,0,0,0,0,0,0,0,0,0,0,0,0,0,0,0,0,0,0,0,0,27,253,251,246,200,51,0,0,0,0,0,0,0,0,0,0,0,0,0,0,0,0,0,0,0,0,0,47,211,253,251,137,0,0,0,0,0,0,0,0,0,0,0,0,0,0,0,0,0,0,0,0,0,0,0,31,200,253,251,35,0,0,0,0,0,0,0,0,0,0,0,0,0,0,0,0,0,0,0,0,0,0,166,253,253,255,149,10,0,0,0,0,0,0,0,0,0,0,0,0,0,0,0,0,0,0,0,0,0,0,140,251,251,211,107,15,0,0,0,0,0,0,0,0,0,0,0,0,0,0,0,0,0,0,0,0,11,140,246,251,251,154,0,0,0,0,0,0,0,0,0,0,0,0,0,0,0,0,0,0,0,0,0,0,150,251,251,251,173,0,0,0,0,0,0,0,0,0,0,0,0,0,0,0,0,0,0,0,0,0,0,0,253,251,251,251,71,0,0,0,0,0,0,0,0,0,0,0,0,0,0,0,0,0,0,0,0,0,0,53,255,253,253,143,0,0,0,0,0,0,0,0,0,0,0,0,0,0,0,0,0,0,0,0,0,0,63,221,253,251,230,61,0,0,0,0,0,0,0,0,0,0,0,0,0,0,0,0,0,0,0,0,0,0,93,241,253,251,215,0,0,0,0,0,0,0,0,0,0,0,0,0,0,0,0,0,0,0,0,0,0,0,47,211,253,251,137,0,0,0,0,0,0,0,0,0,0,0,0,0,0,0,0,0,0,0,0,0,0,0,109,251,201,71,10,0,0,0,0,0,0,0,0,0,0,0,0,0,0,0,0,0,0,0,0,0,0,0,0,0,0,0,0,0,0,0,0,0,0,0,0,0,0,0,0,0,0,0,0,0,0,0,0,0,0,0,0,0,0,0,0,0,0,0,0,0,0,0,0,0,0,0,0,0,0,0,0,0,0,0,0,0,0,0,0,0,0,0,0,0,0,0,0,0,0,0,0,0,0,0,0,0,0,0,0,0,0,0,0,0,0,0,0,0,0,0,0,0,0,0,0,0,0,0,0,0,0,0,0,0,0,0
9,0,0,0,0,0,0,0,0,0,0,0,0,0,0,0,0,0,0,0,0,0,0,0,0,0,0,0,0,0,0,0,0,0,0,0,0,0,0,0,0,0,0,0,0,0,0,0,0,0,0,0,0,0,0,0,0,0,0,0,0,0,0,0,0,0,0,0,0,0,0,0,0,0,0,0,0,0,0,0,0,0,0,0,0,0,0,0,0,0,0,0,0,0,0,0,0,0,0,0,0,0,0,0,0,0,0,0,0,0,0,0,0,0,0,0,0,0,0,0,0,0,0,0,0,0,0,0,0,0,0,0,0,0,0,0,0,0,0,0,0,0,0,0,0,0,0,0,0,0,0,0,0,0,0,0,0,0,0,0,0,0,0,0,0,0,0,0,0,0,0,0,0,0,0,0,0,0,0,0,0,0,0,0,0,0,0,0,0,0,0,0,0,0,0,0,0,0,0,0,0,0,0,37,240,254,255,254,254,200,54,0,0,0,0,0,0,0,0,0,0,0,0,0,0,0,0,0,0,0,0,58,254,254,133,49,101,200,234,88,0,0,0,0,0,0,0,0,0,0,0,0,0,0,0,0,0,0,0,58,254,221,6,0,0,38,148,233,134,19,0,0,0,0,0,0,0,0,0,0,0,0,0,0,0,0,0,23,209,254,9,0,0,0,2,117,254,247,74,0,0,0,0,0,0,0,0,0,0,0,0,0,0,0,0,0,112,254,64,0,0,0,0,77,254,254,216,11,0,0,0,0,0,0,0,0,0,0,0,0,0,0,0,0,16,229,239,31,0,0,44,204,254,254,254,24,0,0,0,0,0,0,0,0,0,0,0,0,0,0,0,0,0,72,252,87,33,144,231,254,254,254,254,24,0,0,0,0,0,0,0,0,0,0,0,0,0,0,0,0,0,0,153,250,237,254,254,248,145,230,254,24,0,0,0,0,0,0,0,0,0,0,0,0,0,0,0,0,0,0,0,108,229,254,181,53,0,202,254,24,0,0,0,0,0,0,0,0,0,0,0,0,0,0,0,0,0,0,0,0,10,14,3,0,0,202,254,115,0,0,0,0,0,0,0,0,0,0,0,0,0,0,0,0,0,0,0,0,0,0,0,0,0,202,254,78,0,0,0,0,0,0,0,0,0,0,0,0,0,0,0,0,0,0,0,0,0,0,0,0,14,217,254,24,0,0,0,0,0,0,0,0,0,0,0,0,0,0,0,0,0,0,0,0,0,0,0,0,44,254,254,24,0,0,0,0,0,0,0,0,0,0,0,0,0,0,0,0,0,0,0,0,0,0,0,0,44,254,254,24,0,0,0,0,0,0,0,0,0,0,0,0,0,0,0,0,0,0,0,0,0,0,0,0,44,254,254,24,0,0,0,0,0,0,0,0,0,0,0,0,0,0,0,0,0,0,0,0,0,0,0,0,44,254,254,24,0,0,0,0,0,0,0,0,0,0,0,0,0,0,0,0,0,0,0,0,0,0,0,0,10,213,254,98,0,0,0,0,0,0,0,0,0,0,0,0,0,0,0,0,0,0,0,0,0,0,0,0,0,140,254,120,0,0,0,0,0,0,0,0,0,0,0,0,0,0,0,0,0,0,0,0,0,0,0,0,0,19,242,204,0,0,0,0,0,0,0,0,0,0,0,0,0,0,0,0,0,0,0,0,0,0,0,0,0,0,168,179,0,0,0,0,0,0,0,0,0,0,0,0,0,0,0,0,0,0,0,0,0,0,0,0,0,0,0,0,0,0,0,0,0,0,0,0,0
8,0,0,0,0,0,0,0,0,0,0,0,0,0,0,0,0,0,0,0,0,0,0,0,0,0,0,0,0,0,0,0,0,0,0,0,0,0,0,0,0,0,0,0,0,0,0,0,0,0,0,0,0,0,0,0,0,0,0,0,0,0,0,0,0,0,0,0,0,0,0,0,0,0,0,0,0,0,0,0,0,0,0,0,0,0,0,0,0,0,0,0,0,0,0,0,0,0,0,0,0,0,0,0,0,0,0,0,0,0,0,0,0,0,0,0,0,0,0,0,0,0,0,0,0,0,0,0,0,0,0,0,0,0,0,0,0,0,0,0,0,0,0,0,0,0,0,0,0,0,0,0,0,0,0,0,5,43,130,234,255,255,142,13,0,0,0,0,0,0,0,0,0,0,0,0,0,0,0,0,0,0,3,43,225,253,253,253,253,253,253,202,7,0,0,0,0,0,0,0,0,0,0,0,0,0,0,0,0,99,167,253,253,253,253,244,253,253,253,198,6,0,0,0,0,0,0,0,0,0,0,0,0,0,0,0,38,220,253,253,253,197,105,165,253,253,253,198,6,0,0,0,0,0,0,0,0,0,0,0,0,0,0,5,178,253,246,222,128,22,10,108,253,253,225,167,5,0,0,0,0,0,0,0,0,0,0,0,0,0,5,70,253,253,206,33,0,11,107,253,253,239,82,0,0,0,0,0,0,0,0,0,0,0,0,0,0,0,32,253,253,245,61,0,0,39,229,253,253,132,0,0,0,0,0,0,0,0,0,0,0,0,0,0,0,0,93,253,253,143,0,0,132,197,253,253,189,10,0,0,0,0,0,0,0,0,0,0,0,0,0,0,0,0,32,253,253,239,180,180,236,253,253,191,47,0,0,0,0,0,0,0,0,0,0,0,0,0,0,0,0,0,9,186,253,253,253,253,253,253,203,65,0,0,0,0,0,0,0,0,0,0,0,0,0,0,0,0,0,0,0,39,188,253,253,253,253,253,204,33,0,0,0,0,0,0,0,0,0,0,0,0,0,0,0,0,0,0,0,0,167,253,253,253,253,253,253,139,0,0,0,0,0,0,0,0,0,0,0,0,0,0,0,0,0,0,0,31,237,253,253,103,49,169,253,166,0,0,0,0,0,0,0,0,0,0,0,0,0,0,0,0,0,0,26,217,253,253,164,12,0,75,253,166,0,0,0,0,0,0,0,0,0,0,0,0,0,0,0,0,0,22,222,253,253,105,11,0,0,181,253,106,0,0,0,0,0,0,0,0,0,0,0,0,0,0,0,0,0,134,253,253,166,10,0,0,61,247,253,166,0,0,0,0,0,0,0,0,0,0,0,0,0,0,0,0,69,244,253,238,51,0,24,106,206,253,168,37,0,0,0,0,0,0,0,0,0,0,0,0,0,0,0,0,83,253,253,232,112,197,240,253,253,253,49,0,0,0,0,0,0,0,0,0,0,0,0,0,0,0,0,7,139,253,253,253,253,253,253,253,221,39,3,0,0,0,0,0,0,0,0,0,0,0,0,0,0,0,0,0,10,141,253,253,253,253,226,38,4,0,0,0,0,0,0,0,0,0,0,0,0,0,0,0,0,0,0,0,0,0,0,0,0,0,0,0,0,0,0,0,0,0,0,0,0,0,0,0,0,0,0,0,0,0,0,0,0,0,0,0,0,0,0,0,0,0,0,0,0,0,0,0,0,0,0,0,0,0,0,0,0,0,0,0,0,0,0,0,0,0,0,0,0,0,0,0,0,0,0,0,0,0,0,0,0
4,0,0,0,0,0,0,0,0,0,0,0,0,0,0,0,0,0,0,0,0,0,0,0,0,0,0,0,0,0,0,0,0,0,0,0,0,0,0,0,0,0,0,0,0,0,0,0,0,0,0,0,0,0,0,0,0,0,0,0,0,0,0,0,0,0,0,0,0,0,0,0,0,0,0,0,0,0,0,0,0,0,0,0,0,0,0,0,0,0,0,0,0,0,0,0,0,0,0,0,0,0,0,0,0,0,0,0,0,0,0,0,0,0,0,0,0,0,0,0,0,0,0,46,236,45,0,0,0,0,0,0,165,229,0,0,0,0,0,0,0,0,0,0,0,0,0,0,0,0,0,93,254,173,0,0,0,0,0,0,164,228,0,0,0,0,0,0,0,0,0,0,0,0,0,0,0,0,0,149,254,119,0,0,0,0,0,96,250,171,0,0,0,0,0,0,0,0,0,0,0,0,0,0,0,0,145,252,219,27,0,0,0,0,0,170,254,98,0,0,0,0,0,0,0,0,0,0,0,0,0,0,0,41,239,219,37,0,0,0,0,0,42,246,225,10,0,0,0,0,0,0,0,0,0,0,0,0,0,0,0,220,254,116,0,0,0,0,0,0,161,254,222,0,0,0,0,0,0,0,0,0,0,0,0,0,0,0,96,252,128,5,0,0,0,0,0,45,243,254,111,0,0,0,0,0,0,0,0,0,0,0,0,0,0,0,152,254,25,0,0,0,0,0,0,53,254,222,16,0,0,0,0,0,0,0,0,0,0,0,0,0,0,199,252,133,6,0,0,0,0,0,0,157,254,111,0,0,0,0,0,0,0,0,0,0,0,0,0,0,0,249,254,19,0,0,0,0,0,0,46,238,254,85,0,0,0,4,31,0,0,0,0,0,0,0,0,0,0,249,197,9,0,0,0,0,0,0,157,254,220,22,0,0,5,136,117,0,0,0,0,0,0,0,0,0,0,249,254,189,46,0,0,0,0,0,190,254,181,36,53,53,135,252,93,0,0,0,0,0,0,0,0,0,0,204,252,254,225,130,47,47,47,80,235,254,201,229,254,255,227,130,0,0,0,0,0,0,0,0,0,0,0,0,137,252,254,254,254,254,254,254,254,254,254,254,229,134,35,0,0,0,0,0,0,0,0,0,0,0,0,0,0,85,209,222,222,222,222,247,254,248,198,91,33,0,0,0,0,0,0,0,0,0,0,0,0,0,0,0,0,0,0,0,0,0,0,197,254,202,0,0,0,0,0,0,0,0,0,0,0,0,0,0,0,0,0,0,0,0,0,0,0,0,38,226,254,192,0,0,0,0,0,0,0,0,0,0,0,0,0,0,0,0,0,0,0,0,0,0,0,0,0,190,254,71,0,0,0,0,0,0,0,0,0,0,0,0,0,0,0,0,0,0,0,0,0,0,0,0,0,66,254,142,0,0,0,0,0,0,0,0,0,0,0,0,0,0,0,0,0,0,0,0,0,0,0,0,0,66,254,202,0,0,0,0,0,0,0,0,0,0,0,0,0,0,0,0,0,0,0,0,0,0,0,0,0,0,0,0,0,0,0,0,0,0,0,0,0,0,0,0,0,0,0,0,0,0,0,0,0,0,0,0,0,0,0,0,0,0,0,0,0,0,0,0,0,0,0,0,0,0,0,0,0,0,0,0,0,0,0,0,0,0,0,0,0,0,0,0,0,0,0,0,0,0,0,0,0,0,0,0,0,0,0,0,0,0,0,0,0,0,0,0,0,0,0,0,0,0,0,0,0,0,0
0,0,0,0,0,0,0,0,0,0,0,0,0,0,0,0,0,0,0,0,0,0,0,0,0,0,0,0,0,0,0,0,0,0,0,0,0,0,0,0,0,0,0,0,0,0,0,0,0,0,0,0,0,0,0,0,0,0,0,0,0,0,0,0,0,0,0,0,0,0,0,0,0,0,0,0,0,0,0,0,0,0,0,0,0,0,0,0,0,0,0,0,0,0,0,0,0,0,0,0,0,0,0,0,0,0,0,0,0,0,0,0,0,0,0,0,0,0,0,0,0,0,8,82,183,144,178,62,78,24,6,0,0,0,0,0,0,0,0,0,0,0,0,0,0,0,0,0,0,0,56,253,253,253,253,253,244,230,190,177,177,91,6,0,0,0,0,0,0,0,0,0,0,0,0,0,0,62,220,253,253,236,228,253,254,253,253,253,253,253,205,0,0,0,0,0,0,0,0,0,0,0,0,0,9,192,253,253,238,52,8,10,73,198,250,253,253,253,248,62,0,0,0,0,0,0,0,0,0,0,0,0,100,253,253,253,131,0,0,0,0,0,73,223,253,253,253,238,43,0,0,0,0,0,0,0,0,0,0,0,138,253,253,145,77,0,0,0,0,0,0,39,223,215,253,253,131,12,0,0,0,0,0,0,0,0,0,37,231,253,227,29,0,0,0,0,0,0,0,0,14,94,253,253,253,33,0,0,0,0,0,0,0,0,0,177,253,240,78,0,0,0,0,0,0,0,0,0,0,74,201,253,253,100,0,0,0,0,0,0,0,0,25,234,253,197,0,0,0,0,0,0,0,0,0,0,0,0,150,253,253,143,0,0,0,0,0,0,0,0,34,253,253,73,0,0,0,0,0,0,0,0,0,0,0,0,26,253,253,143,0,0,0,0,0,0,0,0,159,254,154,0,0,0,0,0,0,0,0,0,0,0,0,0,12,254,254,143,0,0,0,0,0,0,0,0,254,253,180,3,0,0,0,0,0,0,0,0,0,0,0,0,12,253,253,143,0,0,0,0,0,0,0,0,254,253,253,54,0,0,0,0,0,0,0,0,0,0,0,0,104,253,253,143,0,0,0,0,0,0,0,0,148,253,253,227,0,0,0,0,0,0,0,0,0,0,0,95,248,253,247,34,0,0,0,0,0,0,0,0,65,237,253,246,82,0,0,0,0,0,0,0,0,54,128,235,253,244,90,0,0,0,0,0,0,0,0,0,0,177,253,253,242,151,56,0,0,0,0,0,118,251,253,253,253,170,0,0,0,0,0,0,0,0,0,0,0,122,247,253,253,253,243,232,198,218,219,122,231,253,253,250,184,9,0,0,0,0,0,0,0,0,0,0,0,0,44,224,253,253,253,253,253,253,255,253,253,253,200,65,0,0,0,0,0,0,0,0,0,0,0,0,0,0,0,51,253,253,253,253,253,253,254,253,253,169,23,0,0,0,0,0,0,0,0,0,0,0,0,0,0,0,0,3,33,120,147,253,253,157,206,224,100,2,0,0,0,0,0,0,0,0,0,0,0,0,0,0,0,0,0,0,0,0,0,0,0,0,0,0,0,0,0,0,0,0,0,0,0,0,0,0,0,0,0,0,0,0,0,0,0,0,0,0,0,0,0,0,0,0,0,0,0,0,0,0,0,0,0,0,0,0,0,0,0,0,0,0,0,0,0,0,0,0,0,0,0,0,0,0,0,0,0,0,0,0,0,0,0,0,0,0,0,0,0,0,0,0,0,0,0,0,0,0,0,0,0,0,0,0,0,0,0,0,0
2,0,0,0,0,0,0,0,0,0,0,0,0,0,0,0,0,0,0,0,0,0,0,0,0,0,0,0,0,0,0,0,0,0,0,0,0,0,0,0,0,0,0,0,0,0,0,0,0,0,0,0,0,0,0,0,0,0,0,0,0,0,0,0,0,0,0,0,0,0,0,0,0,0,0,0,0,0,0,0,0,0,0,0,0,0,0,0,0,0,0,0,0,0,0,0,0,0,0,0,0,0,0,0,0,0,0,0,0,0,0,0,0,0,0,0,0,0,0,0,0,11,87,210,218,148,67,0,0,0,0,0,0,0,0,0,0,0,0,0,0,0,0,0,0,0,0,0,0,143,252,253,252,252,237,102,0,0,0,0,0,0,0,0,0,0,0,0,0,0,0,0,0,0,0,0,0,126,190,21,100,179,245,252,233,118,11,0,0,0,0,0,0,0,0,0,0,0,0,0,0,0,0,0,6,190,42,0,0,0,56,172,253,252,202,48,0,0,0,0,0,0,0,0,0,0,0,0,0,0,0,0,13,77,7,0,0,0,0,0,165,252,252,145,0,0,0,0,0,0,0,0,0,0,0,0,0,0,0,0,0,0,0,0,0,0,0,0,0,80,162,253,165,0,0,0,0,0,0,0,0,0,0,0,0,0,0,0,0,0,0,0,0,0,0,0,0,0,6,154,252,80,0,0,0,0,0,0,0,0,0,0,0,0,0,0,0,0,0,0,0,0,0,0,0,0,0,37,235,62,0,0,0,0,0,0,0,0,0,0,0,0,0,0,0,0,0,0,0,0,0,0,0,0,0,48,242,132,0,0,0,0,0,0,0,0,0,0,0,0,0,0,0,0,0,124,211,106,0,0,0,0,0,0,211,167,0,0,0,0,0,0,0,0,0,0,0,0,0,0,0,11,87,255,253,253,145,0,0,0,22,139,253,89,0,0,0,0,0,0,0,0,0,0,0,0,0,0,0,64,252,204,231,252,189,0,0,0,162,252,217,0,0,0,0,0,0,0,0,0,0,0,0,0,0,0,0,6,214,106,16,84,247,188,22,92,251,252,94,0,0,0,0,0,0,0,0,0,0,0,0,0,0,0,0,43,239,106,0,7,127,252,253,252,252,183,14,0,0,0,0,0,0,0,0,0,0,0,0,0,0,0,0,64,252,18,0,0,108,252,253,252,146,14,0,0,0,0,0,0,0,0,0,0,0,0,0,0,0,0,0,98,247,87,78,201,253,253,237,253,200,122,7,0,0,0,0,0,0,0,0,0,0,0,0,0,0,0,0,0,211,253,252,252,252,182,37,98,246,252,121,0,0,0,0,0,0,0,0,0,0,0,0,0,0,0,0,27,228,250,196,118,21,4,0,0,127,252,244,45,0,0,0,0,0,0,0,0,0,0,0,0,0,0,0,0,70,70,0,0,0,0,0,0,7,111,242,152,43,0,0,0,0,0,0,0,0,0,0,0,0,0,0,0,0,0,0,0,0,0,0,0,0,0,79,253,239,17,0,0,0,0,0,0,0,0,0,0,0,0,0,0,0,0,0,0,0,0,0,0,0,0,0,0,0,0,0,0,0,0,0,0,0,0,0,0,0,0,0,0,0,0,0,0,0,0,0,0,0,0,0,0,0,0,0,0,0,0,0,0,0,0,0,0,0,0,0,0,0,0,0,0,0,0,0,0,0,0,0,0,0,0,0,0,0,0,0,0,0,0,0,0,0,0,0,0,0,0,0,0,0,0,0,0,0,0,0,0,0,0,0,0,0,0,0
7,0,0,0,0,0,0,0,0,0,0,0,0,0,0,0,0,0,0,0,0,0,0,0,0,0,0,0,0,0,0,0,0,0,0,0,0,0,0,0,0,0,0,0,0,0,0,0,0,0,0,0,0,0,0,0,0,0,0,0,0,0,0,0,0,0,0,0,0,0,0,0,0,0,0,0,0,0,0,0,0,0,0,0,0,0,0,0,0,0,0,0,0,0,0,0,0,0,0,0,0,0,0,0,0,0,0,0,0,0,0,0,0,0,0,0,0,0,0,0,0,0,0,0,0,0,0,0,0,0,0,0,0,0,0,0,0,0,0,0,0,0,0,0,0,0,0,0,0,0,0,0,0,0,0,0,0,0,0,0,0,0,0,0,0,0,0,0,0,0,0,0,0,0,0,0,0,0,0,0,0,0,9,78,202,255,255,197,119,23,0,0,0,0,0,0,0,0,0,0,0,0,0,0,0,0,0,0,26,168,160,253,253,253,253,253,253,150,0,0,0,0,0,0,0,0,0,0,0,0,0,0,0,0,5,27,161,253,253,249,229,57,52,193,196,204,4,0,0,0,0,0,0,0,0,0,0,0,0,0,0,0,227,253,253,207,102,22,0,0,0,12,189,253,88,0,0,0,0,0,0,0,0,0,0,0,0,0,14,162,247,238,172,15,0,0,0,0,0,9,126,253,106,0,0,0,0,0,0,0,0,0,0,0,0,3,188,253,253,154,0,0,0,0,0,0,0,4,185,253,51,0,0,0,0,0,0,0,0,0,0,0,0,139,253,253,205,37,0,0,0,0,0,0,0,161,253,169,2,0,0,0,0,0,0,0,0,0,0,0,0,222,253,226,64,0,0,0,0,0,0,0,0,160,253,126,0,0,0,0,0,0,0,0,0,0,0,0,33,221,214,15,0,0,0,0,0,0,0,0,90,244,198,15,0,0,0,0,0,0,0,0,0,0,0,0,0,2,76,0,0,0,0,0,0,0,0,13,177,253,216,34,0,0,0,0,0,0,0,0,0,0,0,0,0,0,0,0,0,0,0,0,0,0,8,176,253,232,17,0,0,0,0,0,0,0,0,0,0,0,0,0,0,0,0,0,0,0,0,0,0,0,87,253,253,161,0,0,0,0,0,0,0,0,0,0,0,0,0,0,0,0,0,0,0,0,0,0,0,22,242,253,253,57,0,0,0,0,0,0,0,0,0,0,0,0,0,0,0,0,0,0,0,0,0,0,21,200,253,230,69,2,0,0,0,0,0,0,0,0,0,0,0,0,0,0,0,0,0,0,0,0,0,2,53,231,253,208,21,0,0,0,0,0,0,0,0,0,0,0,0,0,0,0,0,0,0,0,0,0,0,17,253,253,211,28,0,0,0,0,0,0,0,0,0,0,0,0,0,0,0,0,0,0,0,0,0,0,36,159,253,253,80,0,0,0,0,0,0,0,0,0,0,0,0,0,0,0,0,0,0,0,0,0,0,0,193,253,253,117,1,0,0,0,0,0,0,0,0,0,0,0,0,0,0,0,0,0,0,0,0,0,0,111,236,253,223,86,0,0,0,0,0,0,0,0,0,0,0,0,0,0,0,0,0,0,0,0,0,0,0,65,253,253,100,8,0,0,0,0,0,0,0,0,0,0,0,0,0,0,0,0,0,0,0,0,0,0,0,0,0,0,0,0,0,0,0,0,0,0,0,0,0,0,0,0,0,0,0,0,0,0,0,0,0,0,0,0,0,0,0,0,0,0,0,0,0,0,0,0,0,0,0,0,0
1,0,0,0,0,0,0,0,0,0,0,0,0,0,0,0,0,0,0,0,0,0,0,0,0,0,0,0,0,0,0,0,0,0,0,0,0,0,0,0,0,0,0,0,0,0,0,0,0,0,0,0,0,0,0,0,0,0,0,0,0,0,0,0,0,0,0,0,0,0,0,0,0,0,0,0,0,0,0,0,0,0,0,0,0,0,0,0,0,0,0,0,0,0,0,0,0,0,0,0,0,0,0,0,0,0,0,0,0,0,0,0,0,0,0,0,0,0,0,0,0,0,0,0,0,0,0,0,85,253,156,7,0,0,0,0,0,0,0,0,0,0,0,0,0,0,0,0,0,0,0,0,0,0,0,0,128,252,252,42,0,0,0,0,0,0,0,0,0,0,0,0,0,0,0,0,0,0,0,0,0,0,0,0,94,252,194,4,0,0,0,0,0,0,0,0,0,0,0,0,0,0,0,0,0,0,0,0,0,0,0,0,190,252,189,0,0,0,0,0,0,0,0,0,0,0,0,0,0,0,0,0,0,0,0,0,0,0,0,36,242,252,101,0,0,0,0,0,0,0,0,0,0,0,0,0,0,0,0,0,0,0,0,0,0,0,0,148,253,232,0,0,0,0,0,0,0,0,0,0,0,0,0,0,0,0,0,0,0,0,0,0,0,0,0,148,252,231,0,0,0,0,0,0,0,0,0,0,0,0,0,0,0,0,0,0,0,0,0,0,0,0,0,245,252,222,0,0,0,0,0,0,0,0,0,0,0,0,0,0,0,0,0,0,0,0,0,0,0,0,27,253,252,126,0,0,0,0,0,0,0,0,0,0,0,0,0,0,0,0,0,0,0,0,0,0,0,0,150,253,252,38,0,0,0,0,0,0,0,0,0,0,0,0,0,0,0,0,0,0,0,0,0,0,0,11,219,255,168,0,0,0,0,0,0,0,0,0,0,0,0,0,0,0,0,0,0,0,0,0,0,0,0,99,252,253,132,0,0,0,0,0,0,0,0,0,0,0,0,0,0,0,0,0,0,0,0,0,0,0,20,246,252,223,32,0,0,0,0,0,0,0,0,0,0,0,0,0,0,0,0,0,0,0,0,0,0,0,48,252,252,106,0,0,0,0,0,0,0,0,0,0,0,0,0,0,0,0,0,0,0,0,0,0,0,0,127,252,252,106,0,0,0,0,0,0,0,0,0,0,0,0,0,0,0,0,0,0,0,0,0,0,0,0,189,253,236,0,0,0,0,0,0,0,0,0,0,0,0,0,0,0,0,0,0,0,0,0,0,0,0,64,247,252,112,0,0,0,0,0,0,0,0,0,0,0,0,0,0,0,0,0,0,0,0,0,0,0,0,85,252,221,21,0,0,0,0,0,0,0,0,0,0,0,0,0,0,0,0,0,0,0,0,0,0,0,0,155,252,119,0,0,0,0,0,0,0,0,0,0,0,0,0,0,0,0,0,0,0,0,0,0,0,0,18,216,235,14,0,0,0,0,0,0,0,0,0,0,0,0,0,0,0,0,0,0,0,0,0,0,0,0,0,0,0,0,0,0,0,0,0,0,0,0,0,0,0,0,0,0,0,0,0,0,0,0,0,0,0,0,0,0,0,0,0,0,0,0,0,0,0,0,0,0,0,0,0,0,0,0,0,0,0,0,0,0,0,0,0,0,0,0,0,0,0,0,0,0,0,0,0,0,0,0,0,0,0,0,0,0,0,0,0,0,0,0,0,0,0,0,0,0,0,0,0,0,0,0,0,0,0,0,0,0,0
3,0,0,0,0,0,0,0,0,0,0,0,0,0,0,0,0,0,0,0,0,0,0,0,0,0,0,0,0,0,0,0,0,0,0,0,0,0,0,0,0,0,0,0,0,0,0,0,0,0,0,0,0,0,0,0,0,0,0,0,0,0,0,0,0,0,0,0,0,0,0,0,0,0,0,0,0,0,0,0,0,0,0,0,0,0,0,0,0,0,0,0,0,0,0,0,0,0,0,0,0,0,0,0,0,0,0,0,0,0,0,0,0,0,0,0,0,0,0,0,0,0,0,0,64,128,255,255,255,255,255,64,0,0,0,0,0,0,0,0,0,0,0,0,0,0,0,0,0,0,0,0,255,255,128,128,128,255,255,255,64,0,0,0,0,0,0,0,0,0,0,0,0,0,0,0,0,0,0,0,0,0,0,0,0,0,255,255,64,0,0,0,0,0,0,0,0,0,0,0,0,0,0,0,0,0,0,0,0,0,0,0,0,128,255,191,0,0,0,0,0,0,0,0,0,0,0,0,0,0,0,0,0,0,0,0,0,0,0,0,128,255,191,0,0,0,0,0,0,0,0,0,0,0,0,0,0,0,0,0,0,0,0,0,0,0,0,191,255,128,0,0,0,0,0,0,0,0,0,0,0,0,0,0,0,0,0,0,0,0,0,0,0,0,191,255,0,0,0,0,0,0,0,0,0,0,0,0,0,0,0,0,0,0,0,0,0,0,0,0,0,128,255,128,0,0,0,0,0,0,0,0,0,0,0,0,0,0,0,0,0,0,0,0,0,0,0,0,0,255,255,255,0,0,0,0,0,0,0,0,0,0,0,0,0,0,0,0,0,0,0,0,0,0,0,0,0,128,255,255,191,0,0,0,0,0,0,0,0,0,0,0,0,0,0,0,0,0,0,0,0,0,0,0,0,0,128,255,255,191,0,0,0,0,0,0,0,0,0,0,0,0,0,0,0,0,0,0,0,0,0,0,0,0,0,191,255,255,191,0,0,0,0,0,0,0,0,0,0,0,0,0,0,0,0,0,0,0,0,0,0,0,0,0,191,255,255,64,0,0,0,0,0,0,0,0,0,0,0,0,0,0,0,0,0,0,0,0,0,0,0,0,0,191,255,255,0,0,0,0,0,0,0,0,0,0,0,0,0,0,0,0,0,0,0,0,0,0,0,0,0,128,255,191,0,0,0,0,0,0,0,0,0,0,0,0,0,0,0,0,0,0,0,0,0,0,0,0,0,191,255,64,0,0,0,0,0,0,0,0,0,0,0,0,0,0,0,0,0,0,0,0,0,0,0,128,255,255,191,0,0,0,0,0,0,0,0,0,0,0,0,0,0,64,64,0,0,0,0,0,0,64,255,255,255,128,0,0,0,0,0,0,0,0,0,0,0,0,0,0,0,191,255,255,191,191,191,255,255,255,255,128,0,0,0,0,0,0,0,0,0,0,0,0,0,0,0,0,0,0,64,191,255,255,255,255,255,128,0,0,0,0,0,0,0,0,0,0,0,0,0,0,0,0,0,0,0,0,0,0,0,0,0,0,0,0,0,0,0,0,0,0,0,0,0,0,0,0,0,0,0,0,0,0,0,0,0,0,0,0,0,0,0,0,0,0,0,0,0,0,0,0,0,0,0,0,0,0,0,0,0,0,0,0,0,0,0,0,0,0,0,0,0,0,0,0,0,0,0,0,0,0,0,0,0,0,0,0,0,0,0,0,0,0,0,0,0,0,0,0,0,0,0,0,0,0,0,0,0,0,0,0,0,0,0
6,0,0,0,0,0,0,0,0,0,0,0,0,0,0,0,0,0,0,0,0,0,0,0,0,0,0,0,0,0,0,0,0,0,0,0,0,0,0,0,0,0,0,0,0,0,0,0,0,0,0,0,0,0,0,0,0,0,0,0,0,0,0,0,0,0,0,0,0,0,0,47,231,255,158,0,0,0,0,0,0,0,0,0,0,0,0,0,0,0,0,0,0,0,0,0,0,2,118,235,253,254,106,0,0,0,0,0,0,0,0,0,0,0,0,0,0,0,0,0,0,0,0,0,0,88,253,253,253,116,12,0,0,0,0,0,0,0,0,0,0,0,0,0,0,0,0,0,0,0,0,0,47,228,253,247,101,0,0,0,0,0,0,0,0,0,0,0,0,0,0,0,0,0,0,0,0,0,0,0,194,253,253,213,0,0,0,0,0,0,0,0,0,0,0,0,0,0,0,0,0,0,0,0,0,0,0,135,255,254,254,57,0,0,0,0,0,0,0,0,0,0,0,0,0,0,0,0,0,0,0,0,0,0,0,142,254,253,253,19,0,0,0,0,0,0,0,0,0,0,0,0,0,0,0,0,0,0,0,0,0,0,126,235,254,247,107,6,0,0,0,0,0,0,0,0,0,0,0,0,0,0,0,0,0,0,0,0,0,0,234,253,254,142,0,0,0,0,0,0,0,0,0,0,0,0,0,0,0,0,0,0,0,0,0,0,0,61,248,253,254,61,0,0,0,0,0,0,0,0,0,0,0,0,0,0,0,0,0,0,0,0,0,0,5,156,254,254,196,15,0,0,0,0,0,0,0,0,0,0,0,0,0,0,0,0,0,0,0,0,0,0,20,253,253,253,98,0,0,0,0,0,0,0,0,8,20,3,0,0,0,0,0,0,0,0,0,0,0,0,20,253,253,253,98,0,0,0,0,0,37,79,94,205,254,187,54,0,0,0,0,0,0,0,0,0,0,0,162,253,253,185,8,0,13,55,136,175,190,253,253,253,254,253,240,71,0,0,0,0,0,0,0,0,0,23,229,253,253,58,0,53,213,253,253,254,253,253,200,155,178,253,253,191,0,0,0,0,0,0,0,0,0,59,254,254,214,0,97,239,254,254,231,173,91,0,55,134,255,254,254,57,0,0,0,0,0,0,0,0,0,55,250,253,247,65,239,253,253,222,43,20,103,185,250,253,249,225,106,3,0,0,0,0,0,0,0,0,0,0,214,253,253,253,254,253,253,253,253,254,253,253,210,174,60,0,0,0,0,0,0,0,0,0,0,0,0,0,69,241,253,253,254,253,253,253,222,95,64,117,54,0,0,0,0,0,0,0,0,0,0,0,0,0,0,0,0,41,148,193,254,207,126,58,14,0,0,0,0,0,0,0,0,0,0,0,0,0,0,0,0,0,0,0,0,0,0,0,0,0,0,0,0,0,0,0,0,0,0,0,0,0,0,0,0,0,0,0,0,0,0,0,0,0,0,0,0,0,0,0,0,0,0,0,0,0,0,0,0,0,0,0,0,0,0,0,0,0,0,0,0,0,0,0,0,0,0,0,0,0,0,0,0,0,0,0,0,0,0,0,0,0,0,0,0,0,0,0,0,0,0,0,0,0,0,0,0,0,0,0,0,0,0,0,0,0,0,0,0,0,0,0,0,0,0,0,0,0,0,0,0,0,0,0,0,0,0,0,0,0,0,0,0,0,0,0,0,0,0,0,0,0,0,0,0,0,0,0,0,0,0,0,0,0,0,0,0,0,0,0,0,0,0,0,0
8,0,0,0,0,0,0,0,0,0,0,0,0,0,0,0,0,0,0,0,0,0,0,0,0,0,0,0,0,0,0,0,0,0,0,0,0,0,0,0,0,0,0,0,0,0,0,0,0,0,0,0,0,0,0,0,0,0,0,0,0,0,0,0,0,0,0,0,0,0,0,0,0,0,0,0,0,0,0,0,0,0,0,0,0,0,0,0,0,0,0,0,0,0,0,0,0,0,0,0,0,0,0,0,0,0,0,0,0,0,0,0,0,0,0,0,0,0,0,0,0,0,0,0,0,0,0,0,0,0,0,0,0,0,0,0,0,0,0,0,0,0,0,0,0,0,0,0,0,0,7,167,254,255,230,247,245,146,44,0,0,0,0,0,0,0,0,0,0,0,0,0,0,0,0,0,0,0,8,225,253,85,25,55,210,253,227,86,0,0,0,0,0,0,0,0,0,0,0,0,0,0,0,0,0,0,0,63,253,164,2,0,17,57,232,225,39,0,0,0,0,0,0,0,0,0,0,0,0,0,0,0,0,0,0,20,139,250,110,0,0,0,83,248,199,8,0,0,0,0,0,0,0,0,0,0,0,0,0,0,0,0,0,0,0,198,240,150,5,0,0,162,253,124,0,0,0,0,0,0,0,0,0,0,0,0,0,0,0,0,0,0,0,27,250,253,210,4,0,84,250,155,1,0,0,0,0,0,0,0,0,0,0,0,0,0,0,0,0,0,0,0,62,200,253,164,10,0,173,253,5,0,0,0,0,0,0,0,0,0,0,0,0,0,0,0,0,0,0,0,0,61,248,253,48,0,91,253,5,0,0,0,0,0,0,0,0,0,0,0,0,0,0,0,0,4,17,116,125,86,193,253,55,0,66,253,5,0,0,0,0,0,0,0,0,0,0,0,0,0,0,0,54,180,253,253,253,253,253,253,156,6,151,164,2,0,0,0,0,0,0,0,0,0,0,0,0,0,0,150,248,253,222,161,93,54,202,253,233,206,202,9,0,0,0,0,0,0,0,0,0,0,0,0,0,0,51,250,239,103,10,0,0,0,121,253,253,163,12,0,0,0,0,0,0,0,0,0,0,0,0,0,0,2,175,253,110,0,0,0,0,0,22,253,163,4,0,0,0,0,0,0,0,0,0,0,0,0,0,0,0,6,253,187,5,0,0,0,0,0,110,253,48,0,0,0,0,0,0,0,0,0,0,0,0,0,0,0,0,6,253,69,0,0,0,0,0,10,189,138,2,0,0,0,0,0,0,0,0,0,0,0,0,0,0,0,0,6,253,92,0,0,0,0,0,121,239,28,0,0,0,0,0,0,0,0,0,0,0,0,0,0,0,0,0,6,253,205,11,0,0,0,90,245,188,0,0,0,0,0,0,0,0,0,0,0,0,0,0,0,0,0,0,5,240,253,148,33,33,139,245,181,9,0,0,0,0,0,0,0,0,0,0,0,0,0,0,0,0,0,0,0,45,156,246,253,253,253,124,0,0,0,0,0,0,0,0,0,0,0,0,0,0,0,0,0,0,0,0,0,0,0,85,166,170,93,14,0,0,0,0,0,0,0,0,0,0,0,0,0,0,0,0,0,0,0,0,0,0,0,0,0,0,0,0,0,0,0,0,0,0,0,0,0,0,0,0,0,0,0,0,0,0,0,0,0,0,0,0,0,0,0,0,0,0,0,0,0,0,0,0,0,0,0,0,0,0,0,0,0,0,0,0,0,0,0,0,0,0,0,0,0,0,0,0,0,0,0,0,0,0,0,0,0,0
0,0,0,0,0,0,0,0,0,0,0,0,0,0,0,0,0,0,0,0,0,0,0,0,0,0,0,0,0,0,0,0,0,0,0,0,0,0,0,0,0,0,0,0,0,0,0,0,0,0,0,0,0,0,0,0,0,0,0,0,0,0,0,0,0,0,0,0,0,0,0,0,0,0,0,0,0,0,0,0,0,0,0,0,0,0,0,0,0,0,0,0,0,0,0,0,0,0,0,0,0,0,0,0,0,0,0,0,0,0,0,0,0,0,0,0,0,0,0,0,0,0,0,0,0,0,0,0,0,0,0,0,0,0,0,0,0,0,0,0,0,0,0,0,0,0,0,0,0,0,0,0,0,0,0,0,0,0,0,0,0,0,0,0,0,0,0,0,0,0,0,0,0,0,0,0,0,0,0,0,0,0,0,0,0,0,0,0,0,0,0,0,0,0,0,0,0,0,0,0,0,0,0,0,0,0,0,0,0,0,0,20,62,143,219,120,0,0,0,0,0,0,0,0,0,0,0,0,0,0,0,0,0,0,0,0,55,130,174,252,253,253,253,183,0,0,0,0,0,0,0,0,0,0,0,0,0,0,0,0,0,0,21,132,247,253,253,253,253,253,253,114,4,0,0,0,0,0,0,0,0,0,0,0,0,0,0,0,0,49,232,253,253,253,222,219,253,253,253,253,183,85,40,0,0,0,0,0,0,0,0,0,0,0,0,18,130,246,253,233,141,20,9,244,219,114,120,229,249,253,218,11,0,0,0,0,0,0,0,0,0,0,0,147,253,253,188,39,0,0,0,59,12,0,0,24,111,253,253,174,4,0,0,0,0,0,0,0,0,0,114,253,253,175,2,0,0,0,0,0,0,0,0,0,1,67,230,253,135,11,0,0,0,0,0,0,0,0,156,253,199,26,0,0,0,0,0,0,0,0,0,0,0,0,55,253,253,56,0,0,0,0,0,0,0,0,254,251,68,0,0,0,0,0,0,0,0,0,0,0,0,0,27,238,253,216,0,0,0,0,0,0,0,0,254,244,6,0,0,0,0,0,0,0,0,0,0,0,0,0,3,154,253,253,0,0,0,0,0,0,0,0,254,253,117,0,0,0,0,0,0,0,0,0,0,0,35,70,174,253,253,159,0,0,0,0,0,0,0,0,205,253,246,217,125,125,53,65,102,125,125,126,130,224,239,253,254,254,212,28,0,0,0,0,0,0,0,0,67,208,253,253,253,253,253,253,253,253,253,253,253,253,253,228,173,100,3,0,0,0,0,0,0,0,0,0,0,9,45,127,218,218,218,218,219,159,120,142,134,120,31,14,0,0,0,0,0,0,0,0,0,0,0,0,0,0,0,0,0,0,0,0,0,0,0,0,0,0,0,0,0,0,0,0,0,0,0,0,0,0,0,0,0,0,0,0,0,0,0,0,0,0,0,0,0,0,0,0,0,0,0,0,0,0,0,0,0,0,0,0,0,0,0,0,0,0,0,0,0,0,0,0,0,0,0,0,0,0,0,0,0,0,0,0,0,0,0,0,0,0,0,0,0,0,0,0,0,0,0,0,0,0,0,0,0,0,0,0,0,0,0,0,0,0,0,0,0,0,0,0,0,0,0,0,0,0,0,0,0,0,0,0,0,0,0,0,0,0,0,0,0,0,0,0,0,0,0,0,0,0,0,0,0,0,0,0,0,0,0,0,0,0,0,0,0,0,0,0,0,0,0,0,0,0,0,0,0,0,0,0,0,0,0,0,0,0,0,0,0,0,0,0,0,0,0
3,0,0,0,0,0,0,0,0,0,0,0,0,0,0,0,0,0,0,0,0,0,0,0,0,0,0,0,0,0,0,0,0,0,0,0,0,0,0,0,0,0,0,0,0,0,0,0,0,0,0,0,0,0,0,0,0,0,0,0,0,0,0,0,0,0,0,0,0,0,0,0,0,0,0,0,0,0,0,0,0,0,0,0,0,0,0,0,0,0,0,0,0,0,7,161,161,79,1,0,0,0,0,0,0,0,0,0,0,0,0,0,0,0,0,0,0,0,0,0,0,0,6,118,244,254,211,128,8,0,0,0,0,0,0,0,0,0,0,0,0,0,0,0,0,0,0,0,0,0,0,0,66,214,254,254,233,52,0,0,0,0,0,0,0,0,0,0,0,0,0,0,0,0,0,0,0,0,0,0,0,142,254,254,254,239,121,0,0,0,0,0,0,0,0,0,0,0,0,0,0,0,0,0,0,0,0,0,0,195,254,254,254,254,205,39,0,0,0,0,0,0,0,0,0,0,0,0,0,0,0,0,0,0,0,0,0,57,223,249,254,254,254,223,9,0,0,0,0,0,0,0,0,0,0,0,0,0,0,0,0,0,0,0,0,0,0,172,254,254,254,254,108,0,0,0,0,0,0,0,0,0,0,0,0,0,0,0,0,0,0,0,0,0,0,8,138,233,254,254,187,4,0,0,0,0,0,0,0,0,0,0,0,0,0,0,0,0,0,0,0,0,0,0,0,73,223,254,254,20,0,0,0,0,0,0,0,0,0,0,0,0,0,0,0,0,0,0,0,0,0,0,0,0,72,254,254,177,0,0,0,0,0,0,0,0,0,0,0,0,0,0,0,0,0,0,0,0,0,0,0,0,73,254,254,234,27,0,0,0,0,0,0,0,0,0,0,0,0,0,0,0,0,0,0,0,0,0,0,4,190,254,254,254,65,0,0,0,0,0,0,0,0,0,0,0,0,0,2,16,16,16,7,0,12,7,16,147,254,254,254,254,65,0,0,0,0,0,0,0,0,0,0,0,0,0,154,254,254,254,208,170,237,205,254,254,254,254,254,217,47,0,0,0,0,0,0,0,0,0,0,0,0,0,210,254,254,254,254,254,254,254,254,254,238,220,129,22,0,0,0,0,0,0,0,0,0,0,0,0,0,0,36,198,254,254,254,254,254,254,254,212,25,0,0,0,0,0,0,0,0,0,0,0,0,0,0,0,0,0,0,43,120,204,254,254,254,251,33,11,0,0,0,0,0,0,0,0,0,0,0,0,0,0,0,0,0,0,0,0,0,56,214,254,254,254,129,0,0,0,0,0,0,0,0,0,0,0,0,0,0,0,0,0,0,121,198,214,194,145,245,254,254,254,242,31,0,0,0,0,0,0,0,0,0,0,0,0,0,0,0,0,0,61,241,254,254,254,254,254,254,254,194,0,0,0,0,0,0,0,0,0,0,0,0,0,0,0,0,0,0,0,0,0,0,0,0,0,0,0,0,0,0,0,0,0,0,0,0,0,0,0,0,0,0,0,0,0,0,0,0,0,0,0,0,0,0,0,0,0,0,0,0,0,0,0,0,0,0,0,0,0,0,0,0,0,0,0,0,0,0,0,0,0,0,0,0,0,0,0,0,0,0,0,0,0,0,0,0,0,0,0,0,0,0,0,0,0,0,0,0,0,0,0,0,0,0,0,0,0,0,0,0,0,0,0,0,0,0,0,0,0,0,0,0,0,0,0,0,0,0,0,0,0,0,0,0,0,0,0,0,0,0,0,0
3,0,0,0,0,0,0,0,0,0,0,0,0,0,0,0,0,0,0,0,0,0,0,0,0,0,0,0,0,0,0,0,0,0,0,0,0,0,0,0,0,0,0,0,0,0,0,0,0,0,0,0,0,0,0,0,0,0,0,0,0,0,0,0,0,0,0,0,0,0,0,0,0,0,0,0,0,0,0,0,0,0,0,0,0,0,0,0,0,0,0,0,0,0,0,0,0,0,0,0,0,0,0,0,0,0,0,0,0,0,0,0,0,0,0,0,0,0,0,0,0,0,0,0,0,0,0,0,0,0,0,0,0,0,0,0,0,0,0,0,0,0,0,0,0,0,0,0,0,0,0,0,0,0,0,0,0,0,0,0,0,0,0,0,0,0,0,0,0,0,0,0,0,0,0,0,0,0,0,0,37,112,228,255,254,254,208,47,0,0,0,0,0,0,0,0,0,0,0,0,0,0,0,0,0,0,0,0,179,253,253,254,253,253,253,247,0,0,0,0,0,0,0,0,0,0,0,0,0,0,0,0,0,0,0,0,217,198,94,36,36,157,253,253,0,0,0,0,0,0,0,0,0,0,0,0,0,0,0,0,0,0,0,0,169,226,134,0,50,245,253,175,0,0,0,0,0,0,0,0,0,0,0,0,0,0,0,0,0,0,0,0,0,134,253,27,216,253,207,21,0,0,0,0,0,0,0,0,0,0,0,0,0,0,0,0,0,0,0,0,0,32,202,255,254,204,20,0,0,0,0,0,0,0,0,0,0,0,0,0,0,0,0,0,0,0,62,145,190,243,253,238,128,9,0,0,0,0,0,0,0,0,0,0,0,0,0,0,0,0,0,0,0,0,150,253,253,253,253,191,16,0,0,0,0,0,0,0,0,0,0,0,0,0,0,0,0,0,0,0,0,0,16,54,54,131,248,254,202,22,0,0,0,0,0,0,0,0,0,0,0,0,0,0,0,0,0,0,0,0,0,0,0,0,84,254,253,191,0,0,0,0,0,0,0,0,0,0,0,0,0,0,0,0,0,0,0,0,0,0,0,0,0,106,254,254,113,0,0,0,0,0,0,0,0,0,0,0,0,0,0,0,0,0,0,0,0,0,0,0,0,5,185,253,196,0,0,0,0,0,0,0,0,0,0,0,0,0,0,0,0,0,0,0,0,0,0,0,0,0,68,253,235,0,0,0,0,0,0,0,0,0,0,0,0,0,0,0,0,0,0,0,0,0,0,0,0,0,55,253,235,0,0,0,0,0,0,0,0,0,0,0,0,0,0,0,0,0,0,0,0,0,0,0,0,0,120,253,235,0,0,0,0,0,0,0,0,0,0,0,0,0,0,0,0,0,0,0,0,0,0,0,0,73,247,254,119,0,0,0,0,0,0,0,0,0,0,0,0,0,0,0,0,0,0,0,20,0,0,0,72,247,253,199,4,0,0,0,0,0,0,0,0,0,0,0,0,0,0,0,0,0,0,46,231,36,50,166,243,254,199,31,0,0,0,0,0,0,0,0,0,0,0,0,0,0,0,0,0,0,0,85,254,233,253,253,246,119,4,0,0,0,0,0,0,0,0,0,0,0,0,0,0,0,0,0,0,0,0,0,130,194,162,124,46,0,0,0,0,0,0,0,0,0,0,0,0,0,0,0,0,0,0,0,0,0,0,0,0,0,0,0,0,0,0,0,0,0,0,0,0,0,0,0,0,0,0,0,0,0,0,0,0,0,0,0,0,0,0,0,0,0,0,0,0,0,0,0,0,0,0,0,0,0,0
3,0,0,0,0,0,0,0,0,0,0,0,0,0,0,0,0,0,0,0,0,0,0,0,0,0,0,0,0,0,0,0,0,0,0,0,0,0,0,0,0,0,0,0,0,0,0,0,0,0,0,0,0,0,0,0,0,0,0,0,0,0,0,0,0,0,0,0,0,0,0,0,0,0,0,0,0,0,0,0,0,0,0,0,0,0,0,0,0,0,0,0,0,0,0,0,0,0,0,0,0,0,0,0,0,0,0,0,0,0,0,0,0,0,0,0,0,0,0,0,0,0,0,0,0,0,0,0,0,0,0,0,0,0,0,0,0,0,0,0,0,0,0,0,0,0,0,0,0,0,8,132,137,192,110,13,0,0,0,0,0,0,0,0,0,0,0,0,0,0,0,0,0,0,0,0,0,71,197,254,254,254,254,224,111,4,0,0,0,0,0,0,0,0,0,0,0,0,0,0,0,0,0,0,74,240,254,254,224,201,213,254,254,180,4,0,0,0,0,0,0,0,0,0,0,0,0,0,0,0,0,41,238,254,254,128,29,0,16,211,254,254,5,0,0,0,0,0,0,0,0,0,0,0,0,0,0,0,0,54,254,223,60,2,0,0,0,36,180,254,143,0,0,0,0,0,0,0,0,0,0,0,0,0,0,0,0,7,118,41,0,0,0,0,0,0,56,245,248,45,0,0,0,0,0,0,0,0,0,0,0,0,0,0,0,0,0,0,0,0,0,0,0,0,3,232,254,107,0,0,0,0,0,0,0,0,0,0,0,0,0,0,0,0,0,0,0,0,0,0,0,0,107,254,254,107,0,0,0,0,0,0,0,0,0,0,0,0,0,0,0,0,0,0,0,0,0,0,58,160,240,254,253,89,0,0,0,0,0,0,0,0,0,0,0,0,0,0,0,0,0,0,0,0,0,0,150,254,255,254,159,0,0,0,0,0,0,0,0,0,0,0,0,0,0,0,0,0,0,0,0,0,0,0,42,237,254,254,215,0,0,0,0,0,0,0,0,0,0,0,0,0,0,0,0,0,0,0,0,0,0,0,0,32,176,254,253,144,33,0,0,0,0,0,0,0,0,0,0,0,0,0,0,0,0,0,0,0,0,0,0,0,9,76,252,254,196,0,0,0,0,0,0,0,0,0,0,0,0,0,0,0,0,0,0,0,0,0,0,0,0,0,183,254,254,69,0,0,0,0,0,0,0,0,0,0,0,0,0,0,0,0,0,0,0,0,0,0,0,0,12,255,254,139,0,0,0,0,0,0,0,0,0,0,0,0,0,0,0,0,0,0,0,0,0,0,0,0,57,254,254,232,35,0,0,0,0,0,0,0,0,0,0,0,0,0,0,0,0,0,0,0,0,20,66,119,253,254,254,207,15,0,0,0,0,0,0,0,0,0,0,0,0,0,0,0,0,2,84,158,202,218,254,254,254,254,239,72,0,0,0,0,0,0,0,0,0,0,0,0,0,0,0,78,220,221,254,254,254,254,254,210,153,85,29,0,0,0,0,0,0,0,0,0,0,0,0,0,0,0,0,6,67,135,191,135,81,44,17,10,0,0,0,0,0,0,0,0,0,0,0,0,0,0,0,0,0,0,0,0,0,0,0,0,0,0,0,0,0,0,0,0,0,0,0,0,0,0,0,0,0,0,0,0,0,0,0,0,0,0,0,0,0,0,0,0,0,0,0,0,0,0,0,0,0,0,0,0,0,0,0,0,0,0,0,0,0,0,0,0,0,0,0,0,0,0,0,0,0,0,0,0,0,0,0
0,0,0,0,0,0,0,0,0,0,0,0,0,0,0,0,0,0,0,0,0,0,0,0,0,0,0,0,0,0,0,0,0,0,0,0,0,0,0,0,0,0,0,0,0,0,0,0,0,0,0,0,0,0,0,0,0,0,0,0,0,0,0,0,0,0,0,0,0,0,0,0,0,0,0,0,0,0,0,0,0,0,0,0,0,0,0,0,0,0,0,0,0,0,0,0,0,0,0,0,0,0,0,0,0,0,0,0,0,0,0,0,0,0,0,0,0,0,0,0,0,0,0,0,0,0,0,0,24,97,170,253,137,0,0,0,0,0,0,0,0,0,0,0,0,0,0,0,0,0,0,0,0,0,0,95,253,252,240,244,211,0,0,0,0,0,0,0,0,0,0,0,0,0,0,0,0,0,0,0,0,19,164,246,215,183,81,176,252,116,0,0,0,0,0,0,0,0,0,0,0,0,0,0,0,0,0,0,17,188,252,168,21,0,0,17,234,230,0,0,0,0,0,0,0,0,0,0,0,0,0,0,0,0,0,0,151,252,210,12,0,0,0,0,126,251,84,0,0,0,0,0,0,0,0,0,0,0,0,0,0,0,0,149,253,173,0,0,0,0,0,0,106,255,154,0,0,0,0,0,0,0,0,0,0,0,0,0,0,0,74,253,202,25,0,0,0,0,0,0,0,232,214,13,0,0,0,0,0,0,0,0,0,0,0,0,0,26,205,247,67,0,0,0,0,0,0,0,0,138,252,69,0,0,0,0,0,0,0,0,0,0,0,0,0,93,252,188,0,0,0,0,0,0,0,0,0,97,252,69,0,0,0,0,0,0,0,0,0,0,0,0,0,144,252,63,0,0,0,0,0,0,0,0,0,24,252,69,0,0,0,0,0,0,0,0,0,0,0,0,7,212,253,0,0,0,0,0,0,0,0,0,0,87,253,69,0,0,0,0,0,0,0,0,0,0,0,0,142,252,178,0,0,0,0,0,0,0,0,0,0,138,244,56,0,0,0,0,0,0,0,0,0,0,0,0,184,227,48,0,0,0,0,0,0,0,0,0,85,222,206,0,0,0,0,0,0,0,0,0,0,0,0,0,184,160,0,0,0,0,0,0,0,0,0,0,157,245,79,0,0,0,0,0,0,0,0,0,0,0,0,0,184,160,0,0,0,0,0,0,0,0,0,95,240,178,0,0,0,0,0,0,0,0,0,0,0,0,0,0,185,211,13,0,0,0,0,0,0,5,55,224,178,0,0,0,0,0,0,0,0,0,0,0,0,0,0,0,184,252,43,0,0,0,0,0,26,136,252,87,0,0,0,0,0,0,0,0,0,0,0,0,0,0,0,0,184,252,221,70,70,70,70,122,222,252,170,13,0,0,0,0,0,0,0,0,0,0,0,0,0,0,0,0,33,173,252,253,252,252,252,252,245,139,13,0,0,0,0,0,0,0,0,0,0,0,0,0,0,0,0,0,0,9,128,201,252,221,137,85,21,0,0,0,0,0,0,0,0,0,0,0,0,0,0,0,0,0,0,0,0,0,0,0,0,0,0,0,0,0,0,0,0,0,0,0,0,0,0,0,0,0,0,0,0,0,0,0,0,0,0,0,0,0,0,0,0,0,0,0,0,0,0,0,0,0,0,0,0,0,0,0,0,0,0,0,0,0,0,0,0,0,0,0,0,0,0,0,0,0,0,0,0,0,0,0,0,0,0,0,0,0,0,0,0,0,0,0,0,0,0,0,0,0,0,0,0,0,0,0,0,0,0,0,0
4,0,0,0,0,0,0,0,0,0,0,0,0,0,0,0,0,0,0,0,0,0,0,0,0,0,0,0,0,0,0,0,0,0,0,0,0,0,0,0,0,0,0,0,0,0,0,0,0,0,0,0,0,0,0,0,0,0,0,0,0,0,0,0,0,0,0,0,0,0,0,0,0,0,0,0,0,0,0,0,0,0,0,0,0,0,0,0,0,0,0,0,0,0,0,0,0,0,0,0,0,0,0,0,0,0,0,0,0,0,0,0,0,0,0,0,0,0,0,0,0,0,0,0,0,0,0,0,0,0,0,0,0,0,0,0,0,0,0,0,0,0,0,0,0,0,0,0,0,0,0,0,0,0,0,0,0,0,0,0,0,0,0,0,0,0,0,0,0,0,0,0,0,0,0,0,0,0,0,0,0,0,0,0,0,0,0,0,0,32,134,255,246,127,5,0,0,0,0,0,0,0,0,0,0,0,0,0,0,0,0,0,0,0,0,10,118,235,253,249,242,253,19,0,0,0,0,0,0,0,0,0,0,0,0,0,0,0,0,0,0,0,19,196,253,253,154,60,44,229,19,0,0,0,0,0,0,0,0,0,0,0,0,7,115,16,0,0,0,0,201,253,253,164,5,0,0,13,2,0,0,0,0,0,0,0,0,0,0,0,0,189,253,98,0,0,0,76,254,253,185,34,0,0,0,0,0,0,0,0,0,0,0,0,0,0,0,0,19,239,254,99,0,0,62,254,255,219,30,0,0,0,0,0,0,0,0,0,0,0,0,0,0,0,0,10,196,253,253,53,0,37,228,253,219,36,0,0,0,0,0,0,0,0,0,0,0,0,0,0,0,0,0,20,253,253,253,0,7,169,253,253,68,0,0,0,0,0,0,0,0,0,0,0,0,0,0,0,0,0,0,20,253,253,177,16,111,253,253,185,0,0,28,3,0,0,0,0,0,0,0,0,0,0,0,0,0,0,0,20,253,253,253,218,222,253,253,208,196,195,235,169,0,0,0,0,0,0,0,0,0,0,0,0,0,0,0,0,99,227,254,255,254,254,254,254,255,254,213,128,0,0,0,0,0,0,0,0,0,0,0,0,0,0,0,0,0,21,166,254,253,247,142,135,136,53,12,0,0,0,0,0,0,0,0,0,0,0,0,0,0,0,0,0,0,0,195,254,247,84,0,0,0,0,0,0,0,0,0,0,0,0,0,0,0,0,0,0,0,0,0,0,0,52,248,254,128,0,0,0,0,0,0,0,0,0,0,0,0,0,0,0,0,0,0,0,0,0,0,0,0,212,253,254,39,0,0,0,0,0,0,0,0,0,0,0,0,0,0,0,0,0,0,0,0,0,0,0,0,235,254,135,0,0,0,0,0,0,0,0,0,0,0,0,0,0,0,0,0,0,0,0,0,0,0,0,67,250,253,98,0,0,0,0,0,0,0,0,0,0,0,0,0,0,0,0,0,0,0,0,0,0,0,0,79,253,253,98,0,0,0,0,0,0,0,0,0,0,0,0,0,0,0,0,0,0,0,0,0,0,0,0,79,253,253,98,0,0,0,0,0,0,0,0,0,0,0,0,0,0,0,0,0,0,0,0,0,0,0,0,18,238,253,98,0,0,0,0,0,0,0,0,0,0,0,0,0,0,0,0,0,0,0,0,0,0,0,0,0,0,0,0,0,0,0,0,0,0,0,0,0,0,0,0,0,0,0,0,0,0,0,0,0,0,0,0,0,0,0,0,0,0,0,0,0,0,0,0,0,0,0,0,0,0,0
4,0,0,0,0,0,0,0,0,0,0,0,0,0,0,0,0,0,0,0,0,0,0,0,0,0,0,0,0,0,0,0,0,0,0,0,0,0,0,0,0,0,0,0,0,0,0,0,0,0,0,0,0,0,0,0,0,0,0,0,0,0,0,0,0,0,0,0,0,0,0,0,0,0,0,0,0,0,0,0,0,0,0,0,0,0,0,0,0,0,0,0,0,0,0,0,0,0,0,0,0,0,0,0,0,0,0,0,0,0,0,0,0,0,0,0,0,0,0,0,0,0,0,0,0,0,0,0,0,0,0,0,0,0,0,0,0,0,0,0,0,0,0,0,0,0,0,0,0,0,0,0,0,0,0,0,0,0,0,0,0,0,128,255,255,0,0,0,0,0,0,0,0,0,0,0,0,0,0,0,0,0,0,0,0,0,0,0,0,64,255,255,255,0,0,0,0,0,0,0,0,0,0,0,0,0,0,0,64,255,191,0,0,0,0,0,0,191,255,255,255,0,0,0,0,0,0,0,0,0,0,0,0,0,0,0,255,255,255,64,0,0,0,0,128,255,255,255,64,0,0,0,0,0,0,0,0,0,0,0,0,0,0,128,255,255,255,0,0,0,0,64,255,255,255,128,0,0,0,0,0,0,0,0,0,0,0,0,0,0,0,255,255,255,128,0,0,0,0,255,255,255,255,0,0,0,0,0,0,0,0,0,0,0,0,0,0,0,191,255,255,255,128,0,0,0,191,255,255,255,64,0,0,0,0,0,0,0,0,0,0,0,0,0,0,64,255,255,255,255,0,0,0,128,255,255,255,191,0,0,0,0,0,0,0,0,0,0,0,0,0,0,0,191,255,255,255,64,0,0,64,255,255,255,191,0,0,0,0,0,0,0,0,0,0,0,0,0,0,0,128,255,255,255,191,0,0,0,255,255,255,255,64,0,0,0,0,0,0,0,0,0,0,0,0,0,0,0,128,255,255,255,255,255,255,255,255,255,255,191,0,0,0,0,0,0,0,0,0,0,0,0,0,0,0,0,128,255,255,255,255,255,255,255,255,255,191,0,0,0,0,0,0,0,0,0,0,0,0,0,0,0,0,0,128,255,255,255,255,255,255,255,255,191,0,0,0,0,0,0,0,0,0,0,0,0,0,0,0,0,0,0,64,128,128,255,255,255,255,255,255,128,0,0,0,0,0,0,0,0,0,0,0,0,0,0,0,0,0,0,0,0,0,0,64,255,255,255,191,0,0,0,0,0,0,0,0,0,0,0,0,0,0,0,0,0,0,0,0,0,0,0,191,255,255,255,0,0,0,0,0,0,0,0,0,0,0,0,0,0,0,0,0,0,0,0,0,0,0,128,255,255,255,64,0,0,0,0,0,0,0,0,0,0,0,0,0,0,0,0,0,0,0,0,0,0,0,191,255,255,128,0,0,0,0,0,0,0,0,0,0,0,0,0,0,0,0,0,0,0,0,0,0,0,191,255,255,255,64,0,0,0,0,0,0,0,0,0,0,0,0,0,0,0,0,0,0,0,0,0,0,0,128,255,255,191,0,0,0,0,0,0,0,0,0,0,0,0,0,0,0,0,0,0,0,0,0,0,0,0,0,0,0,0,0,0,0,0,0,0,0,0,0,0,0,0,0,0,0,0,0,0,0,0,0,0,0,0,0,0,0,0,0,0,0,0,0,0,0,0,0,0,0,0,0,0,0,0,0,0,0,0,0,0,0,0,0,0,0,0,0,0,0,0,0,0,0,0,0,0,0,0,0,0,0
7,0,0,0,0,0,0,0,0,0,0,0,0,0,0,0,0,0,0,0,0,0,0,0,0,0,0,0,0,0,0,0,0,0,0,0,0,0,0,0,0,0,0,0,0,0,0,0,0,0,0,0,0,0,0,0,0,0,0,0,0,0,0,0,0,0,0,0,0,0,0,0,0,0,0,0,0,0,0,0,0,0,0,0,0,0,0,0,0,0,0,0,0,0,0,0,0,0,0,0,0,0,0,0,0,0,0,0,0,0,0,0,0,0,0,0,0,0,0,0,0,0,0,0,0,0,0,0,0,0,0,0,0,0,0,0,0,0,0,0,0,0,0,0,0,0,0,0,0,0,0,0,0,0,0,0,0,0,0,0,0,0,0,0,0,0,0,0,0,0,0,0,0,0,0,0,0,0,0,0,0,0,0,0,0,0,0,0,0,0,0,0,0,0,0,0,0,0,0,0,0,0,0,0,0,0,0,176,253,143,101,0,0,101,113,128,253,255,90,0,0,0,0,0,0,0,0,0,0,0,0,0,0,0,48,253,252,252,249,225,226,249,252,252,252,253,195,19,0,0,0,0,0,0,0,0,0,0,0,0,0,23,227,253,252,252,252,252,253,252,252,252,252,253,252,55,0,0,0,0,0,0,0,0,0,0,0,0,7,131,252,253,252,230,227,252,225,223,246,252,252,253,242,49,0,0,0,0,0,0,0,0,0,0,0,0,57,252,252,253,252,55,13,112,0,0,197,252,252,253,167,0,0,0,0,0,0,0,0,0,0,0,0,0,198,253,253,255,253,56,0,0,0,0,198,253,253,255,106,0,0,0,0,0,0,0,0,0,0,0,0,0,197,252,252,253,252,55,0,0,0,123,246,252,252,152,3,0,0,0,0,0,0,0,0,0,0,0,0,0,165,252,252,253,154,12,0,0,89,246,252,252,252,140,0,0,0,0,0,0,0,0,0,0,0,0,0,0,19,99,223,162,9,0,0,0,128,252,252,252,236,47,0,0,0,0,0,0,0,0,0,0,0,0,0,0,0,0,0,0,0,0,0,0,253,252,252,236,50,0,0,0,0,0,0,0,0,0,0,0,0,0,0,0,0,0,0,0,0,0,13,191,255,253,253,225,0,0,0,0,0,0,0,0,0,0,0,0,0,0,0,0,0,0,0,0,0,0,154,252,253,252,233,71,0,0,0,0,0,0,0,0,0,0,0,0,0,0,0,0,0,0,0,0,0,76,234,252,253,252,86,0,0,0,0,0,0,0,0,0,0,0,0,0,0,0,0,0,0,0,0,0,0,197,252,252,253,252,55,0,0,0,0,0,0,0,0,0,0,0,0,0,0,0,0,0,0,0,0,0,0,197,252,252,253,204,25,0,0,0,0,0,0,0,0,0,0,0,0,0,0,0,0,0,0,0,0,0,147,253,253,253,255,106,0,0,0,0,0,0,0,0,0,0,0,0,0,0,0,0,0,0,0,0,0,101,249,252,252,252,152,3,0,0,0,0,0,0,0,0,0,0,0,0,0,0,0,0,0,0,0,0,0,113,252,252,252,252,110,0,0,0,0,0,0,0,0,0,0,0,0,0,0,0,0,0,0,0,0,0,0,101,249,252,252,252,0,0,0,0,0,0,0,0,0,0,0,0,0,0,0,0,0,0,0,0,0,0,0,0,146,252,252,173,0,0,0,0,0,0,0,0,0,0,0,0,0,0,0,0,0,0,0,0,0,0,0,0,0,0,0,0,0,0,0,0,0,0,0,0,0,0,0,0,0
9,0,0,0,0,0,0,0,0,0,0,0,0,0,0,0,0,0,0,0,0,0,0,0,0,0,0,0,0,0,0,0,0,0,0,0,0,0,0,0,0,0,0,0,0,0,0,0,0,0,0,0,0,0,0,0,0,0,0,0,0,0,0,0,0,0,0,0,0,0,0,0,0,0,0,0,0,0,0,0,0,0,0,0,0,0,0,0,0,0,0,0,0,0,0,0,0,0,0,0,0,0,0,0,0,0,0,0,0,0,0,0,0,0,0,0,0,0,0,0,0,0,0,0,0,0,0,0,0,0,0,0,0,0,0,0,0,0,0,0,0,0,0,0,0,0,0,0,0,0,0,0,0,0,0,0,0,0,0,0,0,0,0,0,0,0,0,0,0,0,0,0,0,0,0,0,0,0,0,169,168,169,56,0,0,0,0,0,0,0,0,0,0,0,0,0,0,0,0,0,0,0,0,0,0,29,197,255,253,255,253,0,0,0,0,0,0,0,0,0,0,0,0,0,0,0,0,0,0,0,0,0,0,197,251,253,251,253,138,0,0,0,0,0,0,0,0,0,0,0,0,0,0,0,0,0,0,0,0,0,57,255,253,255,196,0,0,0,0,0,0,0,0,0,0,0,0,0,0,0,0,0,0,0,0,0,0,57,224,253,251,196,28,0,0,114,114,114,0,0,0,0,0,0,0,0,0,0,0,0,0,0,0,0,0,86,253,255,253,0,0,86,197,254,253,254,253,0,0,0,0,0,0,0,0,0,0,0,0,0,0,0,0,85,251,253,138,0,0,253,251,253,251,253,251,0,0,0,0,0,0,0,0,0,0,0,0,0,0,0,0,255,253,254,84,85,197,254,253,226,168,254,253,254,139,0,0,0,0,0,0,0,0,0,0,0,0,0,0,253,251,253,196,253,251,253,251,56,0,139,251,253,251,114,0,0,0,0,0,0,0,0,0,0,0,0,0,255,253,254,253,254,253,226,168,0,0,0,114,254,253,254,139,0,0,0,0,0,0,0,0,0,0,0,0,253,251,253,251,253,251,56,0,0,0,0,0,253,251,253,251,0,0,0,0,0,0,0,0,0,0,0,0,255,253,254,253,114,0,0,0,0,0,0,0,57,225,254,253,57,0,0,0,0,0,0,0,0,0,0,0,84,196,253,138,0,0,0,0,0,0,0,0,0,168,253,251,225,56,0,0,0,0,0,0,0,0,0,0,0,0,0,0,0,0,0,0,0,0,0,0,0,0,254,253,254,139,0,0,0,0,0,0,0,0,0,0,0,0,0,0,0,0,0,0,0,0,0,0,0,0,139,251,253,251,0,0,0,0,0,0,0,0,0,0,0,0,0,0,0,0,0,0,0,0,0,0,0,0,0,114,254,253,198,28,0,0,0,0,0,0,0,0,0,0,0,0,0,0,0,0,0,0,0,0,0,0,0,0,139,251,253,196,0,0,0,0,0,0,0,0,0,0,0,0,0,0,0,0,0,0,0,0,0,0,0,0,0,114,169,56,0,0,0,0,0,0,0,0,0,0,0,0,0,0,0,0,0,0,0,0,0,0,0,0,0,0,0,0,0,0,0,0,0,0,0,0,0,0,0,0,0,0,0,0,0,0,0,0,0,0,0,0,0,0,0,0,0,0,0,0,0,0,0,0,0,0,0,0,0,0,0,0,0,0,0,0,0,0,0,0,0,0,0,0,0,0,0,0,0,0,0,0,0,0,0,0,0,0,0,0,0,0,0,0,0,0,0,0,0,0,0,0,0,0
6,0,0,0,0,0,0,0,0,0,0,0,0,0,0,0,0,0,0,0,0,0,0,0,0,0,0,0,0,0,0,0,0,0,0,0,0,0,0,0,0,0,0,0,0,0,0,0,0,0,0,0,0,0,0,0,0,0,0,0,0,0,0,0,0,0,0,0,0,0,5,123,225,96,0,0,0,0,0,0,0,0,0,0,0,0,0,0,0,0,0,0,0,0,0,0,2,96,218,252,211,86,0,0,0,0,0,0,0,0,0,0,0,0,0,0,0,0,0,0,0,0,0,27,160,254,217,87,0,0,0,0,0,0,0,0,0,0,0,0,0,0,0,0,0,0,0,0,0,0,27,214,254,217,33,0,0,0,0,0,0,0,0,0,0,0,0,0,0,0,0,0,0,0,0,0,0,3,162,254,216,34,0,0,0,0,0,0,0,0,0,0,0,0,0,0,0,0,0,0,0,0,0,0,0,38,254,235,34,0,0,0,0,0,0,0,0,0,0,0,0,0,0,0,0,0,0,0,0,0,0,0,9,217,250,125,0,0,0,0,0,0,0,0,0,0,0,0,0,0,0,0,0,0,0,0,0,0,0,0,13,254,144,0,0,0,0,0,0,0,0,0,0,0,0,0,0,0,0,0,0,0,0,0,0,0,0,0,102,254,105,0,0,0,0,0,0,0,0,0,0,0,0,0,0,0,0,0,0,0,0,0,0,0,0,5,223,250,80,0,0,0,0,0,0,0,0,0,0,0,0,0,0,0,0,0,0,0,0,0,0,0,0,40,254,236,0,0,0,0,0,0,0,0,0,0,0,0,0,0,0,0,0,0,0,0,0,0,0,0,0,131,254,199,0,0,0,0,0,0,0,0,0,0,0,0,0,0,0,0,0,0,0,0,0,0,0,0,0,131,254,218,34,0,0,0,0,0,60,82,82,16,71,206,206,93,6,0,0,0,0,0,0,0,0,0,0,89,254,254,147,0,0,16,113,212,243,254,254,49,88,222,210,246,215,53,0,0,0,0,0,0,0,0,0,1,109,254,251,203,113,224,254,254,186,128,37,7,13,23,18,85,248,238,51,0,0,0,0,0,0,0,0,0,2,108,254,254,254,254,235,67,8,0,0,0,0,0,0,0,84,250,130,0,0,0,0,0,0,0,0,0,0,2,108,255,254,254,164,31,0,0,0,0,0,0,0,0,47,248,130,0,0,0,0,0,0,0,0,0,0,0,2,95,159,254,254,242,145,113,113,77,0,42,113,164,245,254,130,0,0,0,0,0,0,0,0,0,0,0,0,0,2,94,217,254,254,254,254,251,243,247,254,254,254,141,9,0,0,0,0,0,0,0,0,0,0,0,0,0,0,0,4,94,130,130,166,254,254,255,205,78,6,1,0,0,0,0,0,0,0,0,0,0,0,0,0,0,0,0,0,0,0,0,0,0,0,0,0,0,0,0,0,0,0,0,0,0,0,0,0,0,0,0,0,0,0,0,0,0,0,0,0,0,0,0,0,0,0,0,0,0,0,0,0,0,0,0,0,0,0,0,0,0,0,0,0,0,0,0,0,0,0,0,0,0,0,0,0,0,0,0,0,0,0,0,0,0,0,0,0,0,0,0,0,0,0,0,0,0,0,0,0,0,0,0,0,0,0,0,0,0,0,0,0,0,0,0,0,0,0,0,0,0,0,0,0,0,0,0,0,0,0,0,0,0,0,0,0,0,0,0,0,0,0,0,0,0,0,0,0,0,0,0,0,0,0,0,0,0,0,0,0,0,0
4,0,0,0,0,0,0,0,0,0,0,0,0,0,0,0,0,0,0,0,0,0,0,0,0,0,0,0,0,0,0,0,0,0,0,0,0,0,0,0,0,0,0,0,0,0,0,0,0,0,0,0,0,0,0,0,0,0,0,0,0,0,0,0,0,0,0,0,0,0,0,0,0,0,0,0,0,0,0,0,0,0,0,0,0,0,0,0,0,0,0,0,0,0,0,0,0,0,0,0,0,0,0,0,0,0,0,0,0,0,0,0,0,0,0,0,0,0,0,0,0,0,0,0,0,0,0,0,0,0,0,0,0,0,0,0,0,0,0,0,0,0,0,0,0,0,0,0,0,0,0,0,0,0,0,0,62,254,71,0,0,0,62,132,10,0,0,0,0,0,0,0,0,0,0,0,0,0,0,0,0,0,0,62,203,233,50,0,0,41,223,213,10,0,0,0,0,0,0,0,0,0,0,0,0,0,0,0,0,11,213,254,233,82,0,0,41,173,253,62,0,0,0,0,0,0,0,0,0,0,0,0,0,0,0,0,0,132,252,253,151,0,0,0,162,253,171,61,41,0,0,0,0,0,0,0,0,0,0,0,0,0,0,0,41,214,253,183,20,0,0,92,233,224,20,0,0,0,0,0,0,0,0,0,0,0,0,0,0,0,0,21,183,253,212,40,0,0,0,233,252,122,0,0,0,0,0,0,0,0,0,0,0,0,0,0,0,0,0,92,253,203,20,0,0,11,132,254,131,0,0,0,0,0,0,0,0,0,0,0,0,0,0,0,0,0,41,253,252,61,0,0,0,72,232,233,71,0,0,0,0,0,0,0,0,0,0,0,0,0,0,0,0,21,183,254,131,0,0,0,41,214,253,102,0,0,0,0,0,0,0,0,0,0,0,0,0,0,0,0,0,82,243,233,30,0,0,0,82,253,171,20,0,0,0,0,0,0,0,0,0,0,0,0,0,0,0,0,0,113,253,183,20,0,0,72,253,244,40,0,0,62,20,0,0,0,0,0,0,0,0,0,0,0,0,0,0,51,232,243,203,123,41,193,252,182,20,21,102,122,0,0,0,0,0,0,0,0,0,0,0,0,0,0,0,0,82,203,243,254,253,254,253,254,253,254,233,82,0,0,0,0,0,0,0,0,0,0,0,0,0,0,0,0,0,0,81,213,252,253,252,253,171,91,30,0,0,0,0,0,0,0,0,0,0,0,0,0,0,0,0,0,0,0,0,214,253,203,20,0,0,0,0,0,0,0,0,0,0,0,0,0,0,0,0,0,0,0,0,0,0,0,41,253,212,61,0,0,0,0,0,0,0,0,0,0,0,0,0,0,0,0,0,0,0,0,0,0,0,0,123,255,151,0,0,0,0,0,0,0,0,0,0,0,0,0,0,0,0,0,0,0,0,0,0,0,0,21,223,233,50,0,0,0,0,0,0,0,0,0,0,0,0,0,0,0,0,0,0,0,0,0,0,0,0,72,253,82,0,0,0,0,0,0,0,0,0,0,0,0,0,0,0,0,0,0,0,0,0,0,0,0,0,112,252,41,0,0,0,0,0,0,0,0,0,0,0,0,0,0,0,0,0,0,0,0,0,0,0,0,0,0,0,0,0,0,0,0,0,0,0,0,0,0,0,0,0,0,0,0,0,0,0,0,0,0,0,0,0,0,0,0,0,0,0,0,0,0,0,0,0,0,0,0,0,0,0,0,0,0,0,0,0,0,0,0,0,0,0,0,0,0,0,0,0,0,0,0,0,0,0,0,0,0,0
1,0,0,0,0,0,0,0,0,0,0,0,0,0,0,0,0,0,0,0,0,0,0,0,0,0,0,0,0,0,0,0,0,0,0,0,0,0,0,0,0,0,0,0,0,0,0,0,0,0,0,0,0,0,0,0,0,0,0,0,0,0,0,0,0,0,0,0,0,0,0,0,0,0,0,0,0,0,0,0,0,0,0,0,0,0,0,0,0,0,0,0,0,0,0,0,0,0,0,0,0,0,0,0,0,0,0,0,0,0,0,0,0,0,0,0,0,0,0,0,0,0,0,0,0,0,0,0,0,0,0,0,0,0,0,0,0,0,0,0,0,0,0,0,0,0,0,0,0,0,0,0,0,0,0,51,255,117,0,0,0,0,0,0,0,0,0,0,0,0,0,0,0,0,0,0,0,0,0,0,0,0,0,94,253,150,0,0,0,0,0,0,0,0,0,0,0,0,0,0,0,0,0,0,0,0,0,0,0,0,0,149,250,33,0,0,0,0,0,0,0,0,0,0,0,0,0,0,0,0,0,0,0,0,0,0,0,0,0,157,249,0,0,0,0,0,0,0,0,0,0,0,0,0,0,0,0,0,0,0,0,0,0,0,0,0,0,181,248,0,0,0,0,0,0,0,0,0,0,0,0,0,0,0,0,0,0,0,0,0,0,0,0,0,0,149,237,0,0,0,0,0,0,0,0,0,0,0,0,0,0,0,0,0,0,0,0,0,0,0,0,0,70,186,148,0,0,0,0,0,0,0,0,0,0,0,0,0,0,0,0,0,0,0,0,0,0,0,0,0,111,253,148,0,0,0,0,0,0,0,0,0,0,0,0,0,0,0,0,0,0,0,0,0,0,0,0,0,195,253,112,0,0,0,0,0,0,0,0,0,0,0,0,0,0,0,0,0,0,0,0,0,0,0,0,0,194,253,49,0,0,0,0,0,0,0,0,0,0,0,0,0,0,0,0,0,0,0,0,0,0,0,0,0,194,233,29,0,0,0,0,0,0,0,0,0,0,0,0,0,0,0,0,0,0,0,0,0,0,0,0,0,195,203,0,0,0,0,0,0,0,0,0,0,0,0,0,0,0,0,0,0,0,0,0,0,0,0,0,0,194,203,0,0,0,0,0,0,0,0,0,0,0,0,0,0,0,0,0,0,0,0,0,0,0,0,0,0,194,203,0,0,0,0,0,0,0,0,0,0,0,0,0,0,0,0,0,0,0,0,0,0,0,0,0,0,195,204,0,0,0,0,0,0,0,0,0,0,0,0,0,0,0,0,0,0,0,0,0,0,0,0,0,0,194,203,0,0,0,0,0,0,0,0,0,0,0,0,0,0,0,0,0,0,0,0,0,0,0,0,0,0,141,204,0,0,0,0,0,0,0,0,0,0,0,0,0,0,0,0,0,0,0,0,0,0,0,0,0,0,130,203,0,0,0,0,0,0,0,0,0,0,0,0,0,0,0,0,0,0,0,0,0,0,0,0,0,0,195,204,0,0,0,0,0,0,0,0,0,0,0,0,0,0,0,0,0,0,0,0,0,0,0,0,0,0,117,203,0,0,0,0,0,0,0,0,0,0,0,0,0,0,0,0,0,0,0,0,0,0,0,0,0,0,0,0,0,0,0,0,0,0,0,0,0,0,0,0,0,0,0,0,0,0,0,0,0,0,0,0,0,0,0,0,0,0,0,0,0,0,0,0,0,0,0,0,0,0,0,0,0,0,0,0,0,0,0,0,0,0,0,0,0,0,0,0,0,0,0,0,0,0,0,0,0
2,0,0,0,0,0,0,0,0,0,0,0,0,0,0,0,0,0,0,0,0,0,0,0,0,0,0,0,0,0,0,0,0,0,0,0,0,0,0,0,0,0,0,0,0,0,0,0,0,0,0,0,0,0,0,0,0,0,0,0,0,0,0,0,0,0,0,0,0,0,0,0,0,0,0,0,0,0,0,0,0,0,0,0,0,0,0,0,0,0,0,0,0,0,0,0,0,0,0,0,0,0,0,0,0,0,0,0,0,0,0,0,0,0,0,0,0,0,0,0,0,0,12,139,254,254,254,241,67,6,0,0,0,0,0,0,0,0,0,0,0,0,0,0,0,0,0,0,0,44,180,253,253,253,253,254,253,73,0,0,0,0,0,0,0,0,0,0,0,0,0,0,0,0,0,0,0,166,253,253,192,72,92,211,253,236,52,0,0,0,0,0,0,0,0,0,0,0,0,0,0,0,0,0,80,250,253,185,4,0,0,84,247,253,132,8,0,0,0,0,0,0,0,0,0,0,0,0,0,0,0,0,133,253,253,108,0,0,0,0,91,244,253,112,0,0,0,0,0,0,0,0,0,0,0,0,0,0,0,0,171,253,253,195,0,0,0,0,0,210,253,217,19,0,0,0,0,0,0,0,0,0,0,0,0,0,0,0,243,222,94,21,0,0,0,0,0,109,253,253,55,0,0,0,0,0,0,0,0,0,0,0,0,0,0,0,95,35,0,0,0,0,0,0,0,83,252,253,74,0,0,0,0,0,0,0,0,0,0,0,0,0,0,0,0,0,0,0,0,0,0,0,0,0,161,253,192,7,0,0,0,0,0,0,0,0,0,0,0,0,0,0,0,0,0,0,0,0,0,0,0,0,85,253,253,22,0,0,0,0,0,0,0,0,0,0,0,0,0,0,0,0,0,0,0,0,0,0,0,0,23,255,254,85,0,0,0,0,0,0,0,0,0,0,0,0,0,0,0,0,0,32,67,148,177,67,21,0,23,253,253,131,0,0,0,0,0,0,0,0,0,0,0,0,0,0,0,0,35,222,253,253,253,254,223,80,66,253,253,131,0,0,0,0,0,0,0,0,0,0,0,0,0,0,0,5,151,253,220,121,121,235,253,206,147,253,253,74,0,0,0,0,0,0,0,0,0,0,0,0,0,0,0,56,253,246,35,0,0,12,203,253,253,253,234,17,0,0,0,0,0,0,0,0,0,0,0,0,0,0,0,56,253,251,78,0,0,0,138,253,253,253,127,0,0,0,0,0,0,0,0,0,0,0,0,0,0,0,0,29,222,253,221,89,2,0,72,253,253,253,55,0,0,0,0,0,0,0,0,0,0,0,0,0,0,0,0,0,74,250,253,253,167,155,224,253,250,185,22,0,0,0,0,0,0,0,0,0,0,0,0,0,0,0,0,0,0,65,223,253,253,254,253,253,163,0,0,0,0,0,0,0,0,0,0,0,0,0,0,0,0,0,0,0,0,0,40,143,191,192,143,100,2,0,0,0,0,0,0,0,0,0,0,0,0,0,0,0,0,0,0,0,0,0,0,0,0,0,0,0,0,0,0,0,0,0,0,0,0,0,0,0,0,0,0,0,0,0,0,0,0,0,0,0,0,0,0,0,0,0,0,0,0,0,0,0,0,0,0,0,0,0,0,0,0,0,0,0,0,0,0,0,0,0,0,0,0,0,0,0,0,0,0,0,0,0,0,0,0,0,0,0,0,0,0,0,0,0,0,0,0,0,0,0,0,0,0,0,0,0,0,0,0,0,0
2,0,0,0,0,0,0,0,0,0,0,0,0,0,0,0,0,0,0,0,0,0,0,0,0,0,0,0,0,0,0,0,0,0,0,0,0,0,0,0,0,0,0,0,0,0,0,0,0,0,0,0,0,0,0,0,0,0,0,0,0,0,0,0,0,0,0,0,0,0,0,0,0,0,0,0,0,0,0,0,0,0,0,0,0,0,0,0,0,0,0,0,0,0,0,0,0,0,0,0,0,0,0,0,0,0,0,0,0,0,0,0,0,0,0,0,0,0,0,0,0,0,0,0,0,0,0,0,0,0,0,0,0,0,0,0,0,0,0,0,0,0,0,0,0,0,0,0,0,0,0,0,0,0,0,0,28,110,254,254,156,101,227,255,0,0,0,0,0,0,0,0,0,0,0,0,0,0,0,0,0,0,5,47,104,253,253,253,253,253,253,253,0,0,0,0,0,0,0,0,0,0,0,0,0,0,0,0,0,0,24,253,253,253,253,253,253,253,253,253,0,0,0,0,0,0,0,0,0,0,0,0,0,0,0,0,0,85,201,253,253,253,253,253,253,253,253,253,0,0,0,0,0,0,0,0,0,0,0,0,0,0,0,0,101,248,253,253,253,227,232,253,253,253,245,121,0,0,0,0,0,0,0,0,0,0,0,0,0,0,0,0,131,253,253,253,215,38,116,253,253,253,115,0,0,0,0,0,0,0,0,0,0,0,0,0,0,0,0,0,8,181,245,168,28,6,162,253,250,168,30,0,0,0,0,0,0,0,0,0,0,0,0,0,0,0,0,0,0,21,62,0,51,189,253,253,132,0,0,0,0,0,0,0,0,0,0,0,0,0,0,0,0,0,0,0,0,0,0,0,149,253,253,253,92,0,0,0,0,0,0,0,0,0,0,0,0,0,0,0,0,0,0,0,0,0,8,152,250,253,218,45,8,0,0,0,0,0,0,0,0,0,0,0,0,0,0,0,0,0,0,0,0,8,138,253,253,252,125,0,0,0,0,0,0,0,0,0,0,0,0,0,0,0,0,0,0,0,42,124,124,163,253,253,253,162,0,0,0,0,0,0,0,0,0,0,0,0,0,0,0,0,41,194,130,85,71,234,253,253,253,253,149,10,0,0,0,0,0,0,0,0,0,0,0,0,0,0,7,110,55,53,3,101,169,231,253,253,253,170,10,0,0,0,0,0,0,0,0,0,0,0,0,0,0,0,171,253,173,116,136,253,253,253,253,253,253,186,14,0,0,0,0,0,0,0,0,0,0,0,0,0,0,0,124,253,253,253,253,253,253,253,221,210,253,253,161,0,0,0,0,0,0,0,0,0,0,0,0,0,0,0,37,219,253,253,253,249,245,132,44,28,200,253,186,3,0,0,0,0,0,0,0,0,0,0,0,0,0,0,0,134,190,145,145,66,0,0,0,0,24,253,253,156,109,109,105,0,0,0,0,0,0,0,0,0,0,0,0,9,19,0,0,0,0,0,0,0,19,199,247,253,253,253,212,0,0,0,0,0,0,0,0,0,0,0,0,0,0,0,0,0,0,0,0,0,0,0,88,99,99,99,36,0,0,0,0,0,0,0,0,0,0,0,0,0,0,0,0,0,0,0,0,0,0,0,0,0,0,0,0,0,0,0,0,0,0,0,0,0,0,0,0,0,0,0,0,0,0,0,0,0,0,0,0,0,0,0,0,0,0,0,0,0,0,0,0,0,0,0,0,0,0,0,0,0,0,0,0,0,0,0,0,0,0,0,0,0,0,0,0,0,0,0,0
3,0,0,0,0,0,0,0,0,0,0,0,0,0,0,0,0,0,0,0,0,0,0,0,0,0,0,0,0,0,0,0,0,0,0,0,0,0,0,0,0,0,0,0,0,0,0,0,0,0,0,0,0,0,0,0,0,0,0,0,0,0,0,0,0,0,0,0,0,0,0,0,0,0,0,0,0,0,0,0,0,0,0,0,0,0,0,0,0,0,0,0,0,0,0,0,0,0,0,0,0,0,0,0,0,0,0,0,0,0,0,0,0,0,0,0,0,0,0,0,0,0,0,0,0,0,0,0,0,0,0,0,0,0,0,0,0,0,0,0,0,0,0,0,0,0,0,0,0,0,61,148,201,253,253,254,253,209,183,60,0,0,0,0,0,0,0,0,0,0,0,0,0,0,0,0,0,0,253,252,252,252,252,204,231,252,252,252,80,0,0,0,0,0,0,0,0,0,0,0,0,0,0,0,0,0,100,240,178,56,21,9,16,136,252,252,53,0,0,0,0,0,0,0,0,0,0,0,0,0,0,0,0,0,0,35,0,0,0,0,0,153,252,182,0,0,0,0,0,0,0,0,0,0,0,0,0,0,0,0,0,0,0,0,0,0,0,0,116,249,252,59,0,0,0,0,0,0,0,0,0,0,0,0,0,0,0,0,0,0,0,0,0,0,0,43,227,250,158,0,0,0,0,0,0,0,0,0,0,0,0,0,0,0,0,0,0,0,0,0,0,0,116,227,252,196,0,0,0,0,0,0,0,0,0,0,0,0,0,0,0,0,0,0,0,0,0,0,11,119,249,253,201,63,0,0,0,0,0,0,0,0,0,0,0,0,0,0,0,0,0,0,0,0,11,143,211,252,252,216,47,0,0,0,0,0,0,0,0,0,0,0,0,0,0,0,0,0,0,0,0,0,43,252,252,252,252,212,106,9,0,0,0,0,0,0,0,0,0,0,0,0,0,0,0,0,0,0,0,0,18,217,253,253,253,255,253,253,227,42,0,0,0,0,0,0,0,0,0,0,0,0,0,0,0,0,0,0,0,48,63,89,168,253,252,252,252,182,0,0,0,0,0,0,0,0,0,0,0,0,0,0,0,0,0,0,0,0,0,0,0,21,21,136,252,252,0,0,0,0,0,0,0,0,0,0,0,0,0,0,0,0,0,0,0,0,0,0,0,0,0,127,252,226,0,0,0,0,0,0,0,0,0,0,0,0,0,0,0,0,0,0,0,0,0,0,0,0,0,215,226,86,0,0,0,0,0,0,0,0,0,0,0,0,0,0,0,0,0,0,0,0,0,0,0,61,227,253,172,0,0,0,0,0,0,0,0,0,0,0,0,0,0,0,0,0,0,36,71,0,0,22,85,253,252,201,21,0,0,0,0,0,0,0,0,0,0,0,0,0,0,0,0,0,0,203,250,153,135,237,252,250,231,72,0,0,0,0,0,0,0,0,0,0,0,0,0,0,0,0,0,0,0,158,253,252,252,252,226,70,0,0,0,0,0,0,0,0,0,0,0,0,0,0,0,0,0,0,0,0,0,0,60,226,199,121,24,0,0,0,0,0,0,0,0,0,0,0,0,0,0,0,0,0,0,0,0,0,0,0,0,0,0,0,0,0,0,0,0,0,0,0,0,0,0,0,0,0,0,0,0,0,0,0,0,0,0,0,0,0,0,0,0,0,0,0,0,0,0,0,0,0,0,0,0,0,0,0,0,0,0,0,0,0,0,0,0,0,0,0,0,0,0,0,0,0,0,0,0,0,0,0,0,0,0
7,0,0,0,0,0,0,0,0,0,0,0,0,0,0,0,0,0,0,0,0,0,0,0,0,0,0,0,0,0,0,0,0,0,0,0,0,0,0,0,0,0,0,0,0,0,0,0,0,0,0,0,0,0,0,0,0,0,0,0,0,0,0,0,0,0,0,0,0,0,0,0,0,0,0,0,0,0,0,0,0,0,0,0,0,0,0,0,0,0,0,0,0,0,0,0,0,0,0,0,0,0,0,0,0,0,0,0,0,0,0,0,0,0,0,0,0,0,0,0,0,0,0,0,0,0,0,0,0,0,0,0,0,0,0,0,0,0,0,0,0,0,0,0,0,0,0,0,0,0,0,0,0,0,0,0,0,0,0,0,0,0,0,0,0,0,0,0,0,0,0,0,0,0,0,0,0,0,0,0,0,0,0,0,0,0,0,0,0,0,0,0,0,0,0,0,0,0,0,0,0,0,0,16,37,0,0,0,0,0,0,0,0,0,0,0,0,0,0,0,0,0,0,0,0,0,0,0,0,0,0,147,214,0,0,0,0,0,0,0,0,0,0,0,63,55,0,0,0,0,0,0,0,0,0,0,0,0,27,238,162,0,0,0,0,0,0,0,0,0,0,27,216,158,0,0,0,0,0,0,0,0,0,0,0,16,163,254,98,0,0,0,0,0,0,0,0,0,0,189,254,127,0,0,0,0,0,0,0,0,0,0,16,194,253,253,247,236,131,47,0,0,0,0,0,0,136,254,253,127,0,0,0,0,0,0,0,0,0,0,150,253,234,107,68,185,250,248,178,62,63,43,115,198,243,241,225,31,0,0,0,0,0,0,0,0,0,0,228,249,85,0,0,0,70,157,235,241,254,242,235,196,112,163,198,0,0,0,0,0,0,0,0,0,0,0,105,63,0,0,0,0,0,0,0,26,72,31,0,0,0,163,133,0,0,0,0,0,0,0,0,0,0,0,0,0,0,0,0,0,0,0,0,0,0,0,0,0,0,255,140,0,0,0,0,0,0,0,0,0,0,0,0,0,0,0,0,0,0,0,17,170,55,55,8,0,0,254,128,0,0,0,0,0,0,0,0,0,0,0,0,0,0,0,0,0,0,0,10,191,228,253,222,217,217,254,245,217,217,217,0,0,0,0,0,0,0,0,0,0,0,0,0,0,0,0,0,0,16,54,131,150,241,254,190,176,144,144,0,0,0,0,0,0,0,0,0,0,0,0,0,0,0,0,0,0,0,0,0,0,91,254,108,0,0,0,0,0,0,0,0,0,0,0,0,0,0,0,0,0,0,0,0,0,0,0,0,0,66,255,50,0,0,0,0,0,0,0,0,0,0,0,0,0,0,0,0,0,0,0,0,0,0,0,0,0,0,199,14,0,0,0,0,0,0,0,0,0,0,0,0,0,0,0,0,0,0,0,0,0,0,0,0,0,0,0,0,0,0,0,0,0,0,0,0,0,0,0,0,0,0,0,0,0,0,0,0,0,0,0,0,0,0,0,0,0,0,0,0,0,0,0,0,0,0,0,0,0,0,0,0,0,0,0,0,0,0,0,0,0,0,0,0,0,0,0,0,0,0,0,0,0,0,0,0,0,0,0,0,0,0,0,0,0,0,0,0,0,0,0,0,0,0,0,0,0,0,0,0,0,0,0,0,0,0,0,0,0,0,0,0,0,0,0,0,0,0,0,0,0,0,0,0,0,0,0,0,0,0,0,0,0,0,0,0,0,0,0,0,0,0,0,0,0,0,0,0,0,0,0,0,0,0,0,0
1,0,0,0,0,0,0,0,0,0,0,0,0,0,0,0,0,0,0,0,0,0,0,0,0,0,0,0,0,0,0,0,0,0,0,0,0,0,0,0,0,0,0,0,0,0,0,0,0,0,0,0,0,0,0,0,0,0,0,0,0,0,0,0,0,0,0,0,0,0,0,0,0,0,0,0,0,0,0,0,0,0,0,0,0,0,0,0,0,0,0,0,0,0,0,0,0,0,0,0,0,0,0,0,0,0,0,0,0,0,0,0,0,0,0,0,0,0,0,0,0,0,0,0,0,0,0,0,0,0,0,0,0,0,0,0,0,0,0,0,0,0,0,0,0,0,0,0,0,0,0,0,0,0,0,0,0,0,128,254,254,0,0,0,0,0,0,0,0,0,0,0,0,0,0,0,0,0,0,0,0,0,0,0,0,0,207,253,253,0,0,0,0,0,0,0,0,0,0,0,0,0,0,0,0,0,0,0,0,0,0,0,0,131,252,253,147,0,0,0,0,0,0,0,0,0,0,0,0,0,0,0,0,0,0,0,0,0,0,0,0,191,253,211,14,0,0,0,0,0,0,0,0,0,0,0,0,0,0,0,0,0,0,0,0,0,0,0,18,217,253,190,0,0,0,0,0,0,0,0,0,0,0,0,0,0,0,0,0,0,0,0,0,0,0,0,211,254,251,71,0,0,0,0,0,0,0,0,0,0,0,0,0,0,0,0,0,0,0,0,0,0,0,81,254,253,197,0,0,0,0,0,0,0,0,0,0,0,0,0,0,0,0,0,0,0,0,0,0,0,33,224,254,253,74,0,0,0,0,0,0,0,0,0,0,0,0,0,0,0,0,0,0,0,0,0,0,0,64,253,255,197,7,0,0,0,0,0,0,0,0,0,0,0,0,0,0,0,0,0,0,0,0,0,0,0,109,253,254,81,0,0,0,0,0,0,0,0,0,0,0,0,0,0,0,0,0,0,0,0,0,0,0,13,219,254,231,27,0,0,0,0,0,0,0,0,0,0,0,0,0,0,0,0,0,0,0,0,0,0,0,102,253,253,176,0,0,0,0,0,0,0,0,0,0,0,0,0,0,0,0,0,0,0,0,0,0,0,0,128,253,253,98,0,0,0,0,0,0,0,0,0,0,0,0,0,0,0,0,0,0,0,0,0,0,0,0,198,253,253,0,0,0,0,0,0,0,0,0,0,0,0,0,0,0,0,0,0,0,0,0,0,0,0,36,242,253,165,0,0,0,0,0,0,0,0,0,0,0,0,0,0,0,0,0,0,0,0,0,0,0,0,147,254,254,87,0,0,0,0,0,0,0,0,0,0,0,0,0,0,0,0,0,0,0,0,0,0,0,0,191,253,205,11,0,0,0,0,0,0,0,0,0,0,0,0,0,0,0,0,0,0,0,0,0,0,0,40,248,253,181,0,0,0,0,0,0,0,0,0,0,0,0,0,0,0,0,0,0,0,0,0,0,0,0,184,253,253,84,0,0,0,0,0,0,0,0,0,0,0,0,0,0,0,0,0,0,0,0,0,0,0,0,166,253,191,14,0,0,0,0,0,0,0,0,0,0,0,0,0,0,0,0,0,0,0,0,0,0,0,0,0,0,0,0,0,0,0,0,0,0,0,0,0,0,0,0,0,0,0,0,0,0,0,0,0,0,0,0,0,0,0,0,0,0,0,0,0,0,0,0,0,0,0,0,0,0,0,0,0,0,0,0,0,0,0,0,0,0,0,0,0,0,0,0,0,0,0,0,0,0,0,0,0,0
6,0,0,0,0,0,0,0,0,0,0,0,0,0,0,0,0,0,0,0,0,0,0,0,0,0,0,0,0,0,0,0,0,0,0,0,0,0,0,0,0,0,0,0,0,0,0,0,0,0,0,0,0,0,0,0,0,0,0,0,0,0,0,0,0,0,0,0,0,0,0,0,0,0,0,0,0,0,0,0,0,0,0,0,0,0,0,0,0,0,0,0,0,0,0,0,0,0,0,0,0,0,23,211,255,242,54,0,0,0,0,0,0,0,0,0,0,0,0,0,0,0,0,0,0,0,0,31,215,248,249,253,161,5,0,0,0,0,0,0,0,0,0,0,0,0,0,0,0,0,0,0,0,35,148,244,253,253,176,55,5,0,0,0,0,0,0,0,0,0,0,0,0,0,0,0,0,0,0,0,0,199,253,253,229,123,6,0,0,0,0,0,0,0,0,0,0,0,0,0,0,0,0,0,0,0,0,0,128,249,253,177,53,0,0,0,0,0,0,0,0,0,0,0,0,0,0,0,0,0,0,0,0,0,0,128,249,253,143,8,0,0,0,0,0,0,0,0,0,0,0,0,0,0,0,0,0,0,0,0,0,0,84,249,253,143,8,0,0,0,0,0,0,0,0,0,0,0,0,0,0,0,0,0,0,0,0,0,0,0,205,253,253,45,0,0,0,0,0,0,0,0,0,0,0,0,0,0,0,0,0,0,0,0,0,0,0,30,235,253,148,9,0,0,0,15,72,72,72,65,0,0,0,0,0,0,0,0,0,0,0,0,0,0,0,138,253,230,29,0,0,17,66,171,253,253,253,247,114,0,0,0,0,0,0,0,0,0,0,0,0,0,26,239,253,162,0,0,54,206,253,253,253,214,202,253,234,0,0,0,0,0,0,0,0,0,0,0,0,0,112,253,253,162,0,84,203,253,241,174,71,24,128,253,207,0,0,0,0,0,0,0,0,0,0,0,0,0,112,253,253,162,16,217,253,184,60,0,0,51,226,248,85,0,0,0,0,0,0,0,0,0,0,0,0,0,94,250,253,162,106,253,205,19,0,0,0,169,253,207,0,0,0,0,0,0,0,0,0,0,0,0,0,0,0,235,253,221,240,253,164,0,0,7,124,223,232,35,0,0,0,0,0,0,0,0,0,0,0,0,0,0,0,143,251,253,253,253,65,7,124,176,253,253,140,0,0,0,0,0,0,0,0,0,0,0,0,0,0,0,0,0,211,251,253,253,224,177,253,253,250,146,37,0,0,0,0,0,0,0,0,0,0,0,0,0,0,0,0,0,0,143,251,253,253,253,253,217,91,0,0,0,0,0,0,0,0,0,0,0,0,0,0,0,0,0,0,0,0,0,99,224,252,253,223,35,0,0,0,0,0,0,0,0,0,0,0,0,0,0,0,0,0,0,0,0,0,0,0,0,99,156,155,35,0,0,0,0,0,0,0,0,0,0,0,0,0,0,0,0,0,0,0,0,0,0,0,0,0,0,0,0,0,0,0,0,0,0,0,0,0,0,0,0,0,0,0,0,0,0,0,0,0,0,0,0,0,0,0,0,0,0,0,0,0,0,0,0,0,0,0,0,0,0,0,0,0,0,0,0,0,0,0,0,0,0,0,0,0,0,0,0,0,0,0,0,0,0,0,0,0,0,0,0,0,0,0,0,0,0,0,0,0,0,0,0,0,0,0,0,0,0,0,0,0,0,0,0,0,0,0,0,0,0,0,0,0,0,0,0,0,0,0,0,0,0,0,0,0,0,0,0,0,0,0
8,0,0,0,0,0,0,0,0,0,0,0,0,0,0,0,0,0,0,0,0,0,0,0,0,0,0,0,0,0,0,0,0,0,0,0,0,0,0,0,0,0,0,0,0,0,0,0,0,0,0,0,0,0,0,0,0,0,0,0,0,0,0,0,0,0,0,0,0,0,0,0,0,0,0,0,0,0,0,0,0,0,0,0,0,0,0,0,0,0,0,0,0,0,0,0,0,0,0,0,0,0,0,0,0,0,0,0,0,0,0,0,0,0,0,0,0,0,0,0,0,0,0,0,0,0,0,0,0,0,0,0,0,0,0,0,0,0,0,0,0,0,0,0,0,0,0,0,0,0,0,0,0,0,0,0,0,0,0,0,0,0,0,0,0,157,255,146,0,0,0,0,0,0,0,0,0,0,0,0,0,0,48,76,76,76,116,184,184,142,36,0,31,250,232,56,0,0,0,0,0,0,0,0,0,0,5,6,41,119,241,253,253,253,253,253,252,248,213,34,217,188,55,0,0,0,0,0,0,0,0,0,7,76,241,253,253,253,227,173,148,102,102,102,79,17,245,253,128,2,0,0,0,0,0,0,0,0,0,0,10,201,253,240,172,122,25,0,0,0,0,0,20,147,253,198,29,0,0,0,0,0,0,0,0,0,0,0,0,184,249,26,0,0,0,0,0,0,0,15,150,203,31,9,0,0,0,0,0,0,0,0,0,0,0,0,0,184,253,169,0,0,0,0,0,0,79,202,179,19,0,0,0,0,0,0,0,0,0,0,0,0,0,0,0,76,243,243,160,9,0,0,6,110,241,112,0,0,0,0,0,0,0,0,0,0,0,0,0,0,0,0,0,0,116,240,253,230,79,79,179,250,67,2,0,0,0,0,0,0,0,0,0,0,0,0,0,0,0,0,0,0,0,35,217,253,253,253,250,111,0,0,0,0,0,0,0,0,0,0,0,0,0,0,0,0,0,0,0,0,0,0,18,233,253,253,243,34,0,0,0,0,0,0,0,0,0,0,0,0,0,0,0,0,0,0,0,0,0,0,52,241,219,160,252,220,28,0,0,0,0,0,0,0,0,0,0,0,0,0,0,0,0,0,0,0,0,55,232,149,33,0,161,253,146,4,0,0,0,0,0,0,0,0,0,0,0,0,0,0,0,0,0,0,134,234,146,5,0,0,37,253,253,57,0,0,0,0,0,0,0,0,0,0,0,0,0,0,0,0,0,131,252,212,3,0,0,0,28,253,253,66,0,0,0,0,0,0,0,0,0,0,0,0,0,0,0,0,10,202,252,111,0,0,0,23,204,253,163,5,0,0,0,0,0,0,0,0,0,0,0,0,0,0,0,0,128,253,158,0,0,0,20,201,253,231,32,0,0,0,0,0,0,0,0,0,0,0,0,0,0,0,0,0,146,221,20,6,19,84,209,242,161,4,0,0,0,0,0,0,0,0,0,0,0,0,0,0,0,0,0,0,117,253,188,191,221,253,219,50,0,0,0,0,0,0,0,0,0,0,0,0,0,0,0,0,0,0,0,0,6,116,194,253,172,145,72,0,0,0,0,0,0,0,0,0,0,0,0,0,0,0,0,0,0,0,0,0,0,0,0,0,0,0,0,0,0,0,0,0,0,0,0,0,0,0,0,0,0,0,0,0,0,0,0,0,0,0,0,0,0,0,0,0,0,0,0,0,0,0,0,0,0,0,0,0,0,0,0,0,0,0,0,0,0,0,0,0,0,0,0,0,0,0,0,0,0,0,0,0,0,0,0,0,0
8,0,0,0,0,0,0,0,0,0,0,0,0,0,0,0,0,0,0,0,0,0,0,0,0,0,0,0,0,0,0,0,0,0,0,0,0,0,0,0,0,0,0,0,0,0,0,0,0,0,0,0,0,0,0,0,0,0,0,0,0,0,0,0,0,0,0,0,0,0,0,0,0,0,0,0,0,0,0,0,0,0,0,0,0,0,0,0,0,0,0,0,0,0,0,0,0,0,0,0,0,0,0,0,0,0,0,0,0,0,0,0,0,0,0,0,0,0,0,0,0,0,0,0,0,0,0,0,0,0,0,0,0,0,0,0,0,0,0,0,0,0,0,0,0,0,0,0,0,0,0,0,0,0,0,12,134,203,254,254,78,0,0,0,0,0,0,0,0,0,0,0,0,0,0,0,0,0,0,0,9,25,134,249,254,253,253,253,181,0,0,0,0,0,0,0,0,0,0,0,0,0,0,0,0,0,0,63,189,253,253,253,254,253,248,217,62,0,0,18,18,0,0,0,0,0,0,0,0,0,0,0,0,0,41,234,253,253,253,253,206,135,72,0,0,14,147,210,136,0,0,0,0,0,0,0,0,0,0,0,0,0,61,253,253,253,146,72,0,0,0,12,90,202,253,253,144,0,0,0,0,0,0,0,0,0,0,0,0,0,15,208,253,253,58,0,0,0,63,205,253,253,253,253,110,0,0,0,0,0,0,0,0,0,0,0,0,0,0,96,253,253,144,0,86,154,235,253,253,253,184,65,5,0,0,0,0,0,0,0,0,0,0,0,0,0,0,45,235,253,238,218,254,253,253,253,184,122,7,0,0,0,0,0,0,0,0,0,0,0,0,0,0,0,0,0,97,253,253,253,254,253,238,122,7,0,0,0,0,0,0,0,0,0,0,0,0,0,0,0,0,0,0,128,246,253,253,253,249,121,10,0,0,0,0,0,0,0,0,0,0,0,0,0,0,0,0,0,2,36,220,254,254,254,254,254,244,6,0,0,0,0,0,0,0,0,0,0,0,0,0,0,0,0,0,0,49,253,253,253,253,186,170,253,254,109,0,0,0,0,0,0,0,0,0,0,0,0,0,0,0,0,0,0,157,253,253,243,119,14,42,246,254,126,0,0,0,0,0,0,0,0,0,0,0,0,0,0,0,0,0,5,176,253,242,89,0,0,0,161,254,245,65,0,0,0,0,0,0,0,0,0,0,0,0,0,0,0,0,25,253,253,164,0,0,0,0,122,254,247,73,0,0,0,0,0,0,0,0,0,0,0,0,0,0,0,0,118,253,253,72,0,0,0,0,122,254,229,0,0,0,0,0,0,0,0,0,0,0,0,0,0,0,0,0,47,253,253,132,61,0,0,78,223,254,229,0,0,0,0,0,0,0,0,0,0,0,0,0,0,0,0,0,15,217,253,253,243,218,218,250,253,254,125,0,0,0,0,0,0,0,0,0,0,0,0,0,0,0,0,0,0,48,253,253,253,253,253,253,253,249,62,0,0,0,0,0,0,0,0,0,0,0,0,0,0,0,0,0,0,2,11,99,167,253,253,201,132,11,0,0,0,0,0,0,0,0,0,0,0,0,0,0,0,0,0,0,0,0,0,0,0,0,0,0,0,0,0,0,0,0,0,0,0,0,0,0,0,0,0,0,0,0,0,0,0,0,0,0,0,0,0,0,0,0,0,0,0,0,0,0,0,0,0,0,0,0,0,0,0,0,0,0,0,0,0,0,0,0,0,0,0,0,0,0,0,0,0,0,0,0,0,0,0,0
2,0,0,0,0,0,0,0,0,0,0,0,0,0,0,0,0,0,0,0,0,0,0,0,0,0,0,0,0,0,0,0,0,0,0,0,0,0,0,0,0,0,0,0,0,0,0,0,0,0,0,0,0,0,0,0,0,0,0,0,0,0,0,0,0,0,0,0,0,0,0,0,0,0,0,0,0,0,0,0,0,0,0,0,0,0,0,0,0,0,0,0,0,0,0,0,0,0,0,0,0,0,0,0,0,0,0,0,0,0,0,0,0,0,0,0,0,0,0,0,0,0,0,0,0,0,0,0,0,0,0,0,0,0,0,0,0,0,0,0,0,0,0,0,0,0,0,0,0,0,0,0,73,197,217,217,218,217,114,73,0,0,0,0,0,0,0,0,0,0,0,0,0,0,0,0,0,0,0,0,253,252,252,252,253,252,252,252,182,57,11,0,0,0,0,0,0,0,0,0,0,0,0,0,0,0,0,0,253,252,252,252,253,252,252,252,253,252,71,0,0,0,0,0,0,0,0,0,0,0,0,0,0,0,0,0,0,0,0,0,0,0,119,252,253,252,133,0,0,0,0,0,0,0,0,0,0,0,0,0,0,0,0,0,0,0,0,0,0,0,37,252,253,252,215,0,0,0,0,0,0,0,0,0,0,0,0,0,0,0,0,0,0,0,0,0,0,0,37,252,253,252,215,0,0,0,0,0,0,0,0,0,0,0,0,0,0,0,0,0,0,0,0,0,0,0,120,252,253,252,132,0,0,0,0,0,0,0,0,0,0,0,0,0,0,0,0,0,0,0,0,0,0,0,182,253,255,253,72,0,0,0,0,0,0,0,0,0,0,0,0,0,0,0,0,0,0,0,0,0,0,21,201,252,253,189,10,0,0,0,0,0,0,0,0,0,0,0,0,0,0,11,37,37,0,0,0,0,16,181,252,252,237,71,0,0,0,0,0,0,0,0,0,0,0,0,0,1,144,175,252,252,145,144,144,144,191,252,252,252,144,0,0,0,0,0,0,0,0,0,0,0,0,32,212,253,253,253,253,253,255,253,253,253,255,253,253,253,84,0,0,0,0,0,0,0,0,0,0,0,32,207,252,252,220,242,252,252,253,252,252,252,253,252,252,252,156,10,0,0,0,0,0,0,0,0,0,0,109,252,252,252,159,139,252,252,253,252,252,231,217,215,241,252,253,190,72,0,0,0,0,0,0,0,0,0,191,252,252,252,252,252,252,252,253,128,108,46,0,0,181,252,253,252,132,0,0,0,0,0,0,0,0,0,255,253,253,253,253,222,144,144,0,0,0,0,0,0,21,207,255,253,232,47,0,0,0,0,0,0,0,0,35,35,119,35,35,25,0,0,0,0,0,0,0,0,0,20,253,252,252,190,0,0,0,0,0,0,0,0,0,0,0,0,0,0,0,0,0,0,0,0,0,0,0,0,72,195,215,92,0,0,0,0,0,0,0,0,0,0,0,0,0,0,0,0,0,0,0,0,0,0,0,0,0,0,0,0,0,0,0,0,0,0,0,0,0,0,0,0,0,0,0,0,0,0,0,0,0,0,0,0,0,0,0,0,0,0,0,0,0,0,0,0,0,0,0,0,0,0,0,0,0,0,0,0,0,0,0,0,0,0,0,0,0,0,0,0,0,0,0,0,0,0,0,0,0,0,0,0,0,0,0,0,0,0,0,0,0,0,0,0,0,0,0,0,0,0,0,0,0,0,0,0,0,0,0,0,0,0,0,0,0,0,0,0,0,0,0,0,0,0,0,0,0
9,0,0,0,0,0,0,0,0,0,0,0,0,0,0,0,0,0,0,0,0,0,0,0,0,0,0,0,0,0,0,0,0,0,0,0,0,0,0,0,0,0,0,0,0,0,0,0,0,0,0,0,0,0,0,0,0,0,0,0,0,0,0,0,0,0,0,0,0,0,0,0,0,0,0,0,0,0,0,0,0,0,0,0,0,0,0,0,0,0,0,0,0,0,0,0,0,0,0,0,0,0,0,0,0,0,0,0,0,0,0,0,0,0,0,0,0,0,0,0,0,0,0,0,0,0,0,0,0,0,0,0,0,0,0,0,0,0,0,0,0,0,0,0,0,0,0,0,0,0,0,0,0,0,0,0,0,0,0,0,0,0,0,0,0,0,0,0,0,0,0,0,0,0,0,0,0,0,0,0,0,0,0,0,0,0,0,0,0,0,0,0,0,0,0,0,0,0,0,0,0,0,0,0,0,0,0,19,149,231,254,254,254,122,0,0,0,0,0,0,0,0,0,0,0,0,0,0,0,0,0,0,0,3,73,224,253,250,224,185,246,245,41,0,0,0,0,0,0,0,0,0,0,0,0,0,0,0,0,0,0,101,253,253,176,56,0,0,45,244,201,34,0,0,0,0,0,0,0,0,0,0,0,0,0,0,0,0,65,243,239,62,2,0,0,0,0,214,253,215,0,0,0,0,0,0,0,0,0,0,0,0,0,0,0,0,188,231,80,0,0,0,0,0,0,214,253,236,22,0,0,0,0,0,0,0,0,0,0,0,0,0,0,8,224,178,0,0,0,0,0,0,55,250,253,253,74,0,0,0,0,0,0,0,0,0,0,0,0,0,0,40,240,178,0,0,0,0,0,0,60,253,253,253,74,0,0,0,0,0,0,0,0,0,0,0,0,0,0,30,235,190,4,0,0,0,0,1,169,253,253,253,74,0,0,0,0,0,0,0,0,0,0,0,0,0,0,0,182,253,188,64,0,0,0,82,253,253,253,254,74,0,0,0,0,0,0,0,0,0,0,0,0,0,0,0,58,238,253,252,234,149,169,251,253,245,104,236,74,0,0,0,0,0,0,0,0,0,0,0,0,0,0,0,0,64,200,250,253,253,253,249,186,62,0,224,116,0,0,0,0,0,0,0,0,0,0,0,0,0,0,0,0,0,0,32,94,94,94,19,0,0,0,224,224,12,0,0,0,0,0,0,0,0,0,0,0,0,0,0,0,0,0,0,0,0,0,0,0,0,0,140,253,65,0,0,0,0,0,0,0,0,0,0,0,0,0,0,0,0,0,0,0,0,0,0,0,0,0,125,253,120,0,0,0,0,0,0,0,0,0,0,0,0,0,0,0,0,0,0,0,0,0,0,0,0,0,37,253,120,0,0,0,0,0,0,0,0,0,0,0,0,0,0,0,0,0,0,0,0,0,0,0,0,0,26,253,189,0,0,0,0,0,0,0,0,0,0,0,0,0,0,0,0,0,0,0,0,0,0,0,0,0,12,214,223,9,0,0,0,0,0,0,0,0,0,0,0,0,0,0,0,0,0,0,0,0,0,0,0,0,0,179,254,64,0,0,0,0,0,0,0,0,0,0,0,0,0,0,0,0,0,0,0,0,0,0,0,0,0,123,254,64,0,0,0,0,0,0,0,0,0,0,0,0,0,0,0,0,0,0,0,0,0,0,0,0,0,80,187,14,0,0,0,0,0,0,0,0,0,0,0,0,0,0,0,0,0,0,0,0,0,0,0,0,0,0,0,0,0,0,0,0,0,0
9,0,0,0,0,0,0,0,0,0,0,0,0,0,0,0,0,0,0,0,0,0,0,0,0,0,0,0,0,0,0,0,0,0,0,0,0,0,0,0,0,0,0,0,0,0,0,0,0,0,0,0,0,0,0,0,0,0,0,0,0,0,0,0,0,0,0,0,0,0,0,0,0,0,0,0,0,0,0,0,0,0,0,0,0,0,0,0,0,0,0,0,0,0,0,0,0,0,0,0,0,0,0,0,0,0,0,0,0,0,0,0,0,0,0,0,0,0,0,0,0,0,0,0,0,0,0,0,0,0,0,0,0,0,0,0,0,0,0,0,0,0,0,0,0,0,0,0,0,0,0,0,0,19,170,255,255,154,6,0,0,0,0,0,0,0,0,0,0,0,0,0,0,0,0,0,0,0,0,1,82,216,254,254,254,254,177,0,0,0,0,0,0,0,0,0,0,0,0,0,0,0,0,0,0,0,0,105,254,254,254,254,254,254,252,68,0,0,0,0,0,0,0,0,0,0,0,0,0,0,0,0,0,0,38,236,254,254,254,254,254,254,254,152,0,0,0,0,0,0,0,0,0,0,0,0,0,0,0,0,0,15,193,254,254,254,254,254,254,254,254,223,0,0,0,0,0,0,0,0,0,0,0,0,0,0,0,0,0,135,254,254,254,254,254,254,254,254,254,246,37,0,0,0,0,0,0,0,0,0,0,0,0,0,0,0,0,168,254,254,254,254,254,254,254,254,254,254,87,0,0,0,0,0,0,0,0,0,0,0,0,0,0,0,0,222,254,254,254,254,254,254,254,254,254,254,135,0,0,0,0,0,0,0,0,0,0,0,0,0,0,0,0,222,254,254,254,254,254,254,254,254,254,254,121,0,0,0,0,0,0,0,0,0,0,0,0,0,0,0,0,158,254,254,254,254,254,254,254,254,254,254,140,0,0,0,0,0,0,0,0,0,0,0,0,0,0,0,0,42,227,254,254,254,254,254,254,254,254,254,140,0,0,0,0,0,0,0,0,0,0,0,0,0,0,0,0,0,40,109,165,189,240,254,254,254,254,249,80,0,0,0,0,0,0,0,0,0,0,0,0,0,0,0,0,0,0,0,0,0,64,242,254,254,254,209,0,0,0,0,0,0,0,0,0,0,0,0,0,0,0,0,0,0,0,0,0,0,71,253,254,254,254,150,0,0,0,0,0,0,0,0,0,0,0,0,0,0,0,0,0,0,0,0,0,25,223,254,254,254,248,21,0,0,0,0,0,0,0,0,0,0,0,0,0,0,0,0,0,0,0,0,18,218,254,254,254,254,210,0,0,0,0,0,0,0,0,0,0,0,0,0,0,0,0,0,0,0,0,0,162,254,254,254,254,254,60,0,0,0,0,0,0,0,0,0,0,0,0,0,0,0,0,0,0,0,0,0,178,254,254,254,254,237,3,0,0,0,0,0,0,0,0,0,0,0,0,0,0,0,0,0,0,0,0,2,198,254,254,254,254,155,0,0,0,0,0,0,0,0,0,0,0,0,0,0,0,0,0,0,0,0,0,1,125,173,173,241,254,45,0,0,0,0,0,0,0,0,0,0,0,0,0,0,0,0,0,0,0,0,0,0,0,0,0,0,0,0,0,0,0,0,0,0,0,0,0,0,0,0,0,0,0,0,0,0,0,0,0,0,0,0,0,0,0,0,0,0,0,0,0,0,0,0,0,0,0,0,0,0,0,0,0,0,0,0,0,0,0,0,0,0,0,0,0,0,0,0,0,0,0,0,0,0,0
8,0,0,0,0,0,0,0,0,0,0,0,0,0,0,0,0,0,0,0,0,0,0,0,0,0,0,0,0,0,0,0,0,0,0,0,0,0,0,0,0,0,0,0,0,0,0,0,0,0,0,0,0,0,0,0,0,0,0,0,0,0,0,0,0,0,0,0,0,0,0,0,0,0,0,0,0,0,0,0,0,0,0,0,0,0,0,0,0,0,0,0,0,0,0,0,0,0,0,0,0,0,0,0,0,0,0,0,0,0,0,0,0,0,0,0,0,0,0,0,0,0,0,0,0,0,0,0,0,0,0,0,0,0,0,0,0,0,0,0,0,0,0,0,0,0,0,0,0,0,17,79,151,166,166,166,166,255,66,0,0,0,0,63,47,0,0,0,0,0,0,0,0,0,0,0,0,17,199,253,253,245,183,183,231,254,41,0,0,0,71,233,208,0,0,0,0,0,0,0,0,0,0,0,0,47,247,197,32,15,0,0,12,131,28,0,0,78,235,237,31,0,0,0,0,0,0,0,0,0,0,0,0,0,227,148,0,0,0,0,0,0,9,0,48,229,253,129,0,0,0,0,0,0,0,0,0,0,0,0,0,0,212,247,38,0,0,0,0,0,13,146,237,230,95,7,0,0,0,0,0,0,0,0,0,0,0,0,0,0,42,236,205,50,0,0,0,24,186,253,173,33,0,0,0,0,0,0,0,0,0,0,0,0,0,0,0,0,0,91,233,247,67,0,79,236,245,154,6,0,0,0,0,0,0,0,0,0,0,0,0,0,0,0,0,0,0,0,63,225,249,192,234,242,80,0,0,0,0,0,0,0,0,0,0,0,0,0,0,0,0,0,0,0,0,0,0,57,253,253,253,27,0,0,0,0,0,0,0,0,0,0,0,0,0,0,0,0,0,0,0,0,0,0,43,219,253,192,253,175,3,0,0,0,0,0,0,0,0,0,0,0,0,0,0,0,0,0,0,0,0,57,239,245,103,0,91,227,175,33,0,0,0,0,0,0,0,0,0,0,0,0,0,0,0,0,0,0,33,237,207,25,0,0,0,91,251,175,8,0,0,0,0,0,0,0,0,0,0,0,0,0,0,0,0,0,155,253,49,0,0,0,0,0,172,253,108,0,0,0,0,0,0,0,0,0,0,0,0,0,0,0,0,34,241,195,5,0,0,0,0,0,8,189,220,19,0,0,0,0,0,0,0,0,0,0,0,0,0,0,0,137,253,46,0,0,0,0,0,0,0,133,253,80,0,0,0,0,0,0,0,0,0,0,0,0,0,0,0,148,216,11,0,0,0,0,0,0,0,62,253,122,0,0,0,0,0,0,0,0,0,0,0,0,0,0,0,170,253,44,0,0,0,0,0,0,0,41,244,122,0,0,0,0,0,0,0,0,0,0,0,0,0,0,0,36,242,206,33,10,0,0,0,0,11,165,253,116,0,0,0,0,0,0,0,0,0,0,0,0,0,0,0,0,81,234,253,222,118,100,124,154,227,253,178,10,0,0,0,0,0,0,0,0,0,0,0,0,0,0,0,0,0,14,121,165,232,253,253,254,228,115,8,0,0,0,0,0,0,0,0,0,0,0,0,0,0,0,0,0,0,0,0,0,0,0,0,0,0,0,0,0,0,0,0,0,0,0,0,0,0,0,0,0,0,0,0,0,0,0,0,0,0,0,0,0,0,0,0,0,0,0,0,0,0,0,0,0,0,0,0,0,0,0,0,0,0,0,0,0,0,0,0,0,0,0,0,0,0,0,0,0,0,0,0
1,0,0,0,0,0,0,0,0,0,0,0,0,0,0,0,0,0,0,0,0,0,0,0,0,0,0,0,0,0,0,0,0,0,0,0,0,0,0,0,0,0,0,0,0,0,0,0,0,0,0,0,0,0,0,0,0,0,0,0,0,0,0,0,0,0,0,0,0,0,0,0,0,0,0,0,0,0,0,0,0,0,0,0,0,0,0,0,0,0,0,0,0,0,0,0,0,0,0,0,0,0,0,0,0,0,0,0,0,0,0,0,0,0,0,0,0,0,0,0,0,0,0,0,0,0,0,0,0,0,0,0,0,0,0,0,0,0,0,0,0,0,0,0,0,0,0,0,0,0,0,0,91,253,183,0,0,0,0,0,0,0,0,0,0,0,0,0,0,0,0,0,0,0,0,0,0,0,0,0,160,252,252,128,0,0,0,0,0,0,0,0,0,0,0,0,0,0,0,0,0,0,0,0,0,0,0,0,160,252,252,178,5,0,0,0,0,0,0,0,0,0,0,0,0,0,0,0,0,0,0,0,0,0,0,0,48,252,252,253,55,0,0,0,0,0,0,0,0,0,0,0,0,0,0,0,0,0,0,0,0,0,0,0,6,168,252,253,145,0,0,0,0,0,0,0,0,0,0,0,0,0,0,0,0,0,0,0,0,0,0,0,0,146,252,253,145,0,0,0,0,0,0,0,0,0,0,0,0,0,0,0,0,0,0,0,0,0,0,0,0,126,252,253,145,0,0,0,0,0,0,0,0,0,0,0,0,0,0,0,0,0,0,0,0,0,0,0,0,14,252,253,145,0,0,0,0,0,0,0,0,0,0,0,0,0,0,0,0,0,0,0,0,0,0,0,0,14,252,253,145,0,0,0,0,0,0,0,0,0,0,0,0,0,0,0,0,0,0,0,0,0,0,0,0,14,252,253,145,0,0,0,0,0,0,0,0,0,0,0,0,0,0,0,0,0,0,0,0,0,0,0,0,14,253,255,253,26,0,0,0,0,0,0,0,0,0,0,0,0,0,0,0,0,0,0,0,0,0,0,0,14,252,253,252,26,0,0,0,0,0,0,0,0,0,0,0,0,0,0,0,0,0,0,0,0,0,0,0,14,252,253,252,26,0,0,0,0,0,0,0,0,0,0,0,0,0,0,0,0,0,0,0,0,0,0,0,10,214,253,252,26,0,0,0,0,0,0,0,0,0,0,0,0,0,0,0,0,0,0,0,0,0,0,0,0,133,253,252,26,0,0,0,0,0,0,0,0,0,0,0,0,0,0,0,0,0,0,0,0,0,0,0,0,133,253,252,26,0,0,0,0,0,0,0,0,0,0,0,0,0,0,0,0,0,0,0,0,0,0,0,0,133,253,252,26,0,0,0,0,0,0,0,0,0,0,0,0,0,0,0,0,0,0,0,0,0,0,0,0,133,253,252,26,0,0,0,0,0,0,0,0,0,0,0,0,0,0,0,0,0,0,0,0,0,0,0,0,56,253,246,25,0,0,0,0,0,0,0,0,0,0,0,0,0,0,0,0,0,0,0,0,0,0,0,0,0,183,75,0,0,0,0,0,0,0,0,0,0,0,0,0,0,0,0,0,0,0,0,0,0,0,0,0,0,0,0,0,0,0,0,0,0,0,0,0,0,0,0,0,0,0,0,0,0,0,0,0,0,0,0,0,0,0,0,0,0,0,0,0,0,0,0,0,0,0,0,0,0,0,0,0,0,0,0,0,0,0,0,0,0,0,0,0,0,0,0,0,0,0,0,0,0,0,0
5,0,0,0,0,0,0,0,0,0,0,0,0,0,0,0,0,0,0,0,0,0,0,0,0,0,0,0,0,0,0,0,0,0,0,0,0,0,0,0,0,0,0,0,0,0,0,0,0,0,0,0,0,0,0,0,0,0,0,0,0,0,0,0,0,0,0,0,0,0,0,0,0,0,0,0,0,0,0,0,0,0,0,0,0,0,0,0,0,0,0,0,0,0,0,0,0,0,0,0,0,0,0,0,0,0,0,0,0,0,0,0,0,0,0,0,0,0,0,0,0,0,0,0,0,0,0,0,0,0,0,8,13,100,133,174,254,88,0,0,0,0,0,0,0,0,0,0,0,0,0,0,0,0,21,134,145,146,145,212,253,253,253,245,183,62,0,0,0,0,0,0,0,0,0,0,0,0,7,37,9,53,240,253,253,254,253,253,253,198,96,64,0,0,0,0,0,0,0,0,0,0,0,0,0,0,49,253,60,69,247,253,207,200,84,84,84,24,0,0,0,0,0,0,0,0,0,0,0,0,0,0,0,0,135,253,60,0,62,72,4,0,0,0,0,0,0,0,0,0,0,0,0,0,0,0,0,0,0,0,0,28,234,253,60,0,0,0,0,0,0,0,0,0,0,0,0,0,0,0,0,0,0,0,0,0,0,0,0,37,253,253,60,0,0,0,0,0,0,0,0,0,0,0,0,0,0,0,0,0,0,0,0,0,0,0,0,37,253,253,133,19,0,0,0,0,0,0,0,0,0,0,0,0,0,0,0,0,0,0,0,0,0,0,0,4,126,253,253,235,230,121,110,110,47,0,0,0,0,0,0,0,0,0,0,0,0,0,0,0,0,0,0,0,26,161,253,253,253,253,253,254,235,46,0,0,0,0,0,0,0,0,0,0,0,0,0,0,0,0,0,0,0,0,0,41,122,173,242,244,254,254,148,0,0,0,0,0,0,0,0,0,0,0,0,0,0,0,0,0,0,0,0,0,0,0,0,6,180,253,205,0,0,0,0,0,0,0,0,0,0,0,0,0,0,0,0,23,13,0,0,0,0,0,0,0,10,194,205,0,0,0,0,0,0,0,0,0,0,0,0,0,0,0,40,222,84,0,0,0,0,0,0,0,5,176,205,0,0,0,0,0,0,0,0,0,0,0,0,0,0,9,223,198,24,0,0,0,0,0,0,3,137,253,205,0,0,0,0,0,0,0,0,0,0,0,0,0,0,13,253,130,0,0,0,0,0,0,35,139,253,253,170,0,0,0,0,0,0,0,0,0,0,0,0,0,0,13,253,246,109,0,0,0,0,37,165,254,253,183,16,0,0,0,0,0,0,0,0,0,0,0,0,0,0,13,253,253,247,189,98,98,143,233,253,254,186,14,0,0,0,0,0,0,0,0,0,0,0,0,0,0,0,2,104,253,253,253,253,253,253,253,253,139,10,0,0,0,0,0,0,0,0,0,0,0,0,0,0,0,0,0,2,104,253,253,253,253,253,143,75,0,0,0,0,0,0,0,0,0,0,0,0,0,0,0,0,0,0,0,0,0,0,0,0,0,0,0,0,0,0,0,0,0,0,0,0,0,0,0,0,0,0,0,0,0,0,0,0,0,0,0,0,0,0,0,0,0,0,0,0,0,0,0,0,0,0,0,0,0,0,0,0,0,0,0,0,0,0,0,0,0,0,0,0,0,0,0,0,0,0,0,0,0,0,0,0,0,0,0,0,0,0,0,0,0,0,0,0,0,0,0,0,0,0,0,0,0,0,0,0,0,0,0,0
0,0,0,0,0,0,0,0,0,0,0,0,0,0,0,0,0,0,0,0,0,0,0,0,0,0,0,0,0,0,0,0,0,0,0,0,0,0,0,0,0,0,0,0,0,0,0,0,0,0,0,0,0,0,0,0,0,0,0,0,0,0,0,0,0,0,0,0,0,0,0,0,0,0,0,0,0,0,0,0,0,0,0,0,0,0,0,0,0,0,0,0,0,0,0,0,0,0,0,0,0,0,0,0,0,0,0,0,0,0,0,0,0,0,0,0,0,0,0,0,0,0,0,0,0,0,0,0,0,0,0,0,0,0,0,0,0,0,0,0,0,0,0,0,0,0,0,0,0,0,0,0,13,105,157,253,253,255,253,253,182,12,0,0,0,0,0,0,0,0,0,0,0,0,0,0,0,4,60,191,213,252,252,252,252,253,252,252,252,213,96,0,0,0,0,0,0,0,0,0,0,0,0,0,0,24,252,252,252,252,252,240,148,89,124,246,252,252,241,85,1,0,0,0,0,0,0,0,0,0,0,0,29,205,252,252,252,252,209,31,0,0,0,87,189,252,252,252,14,0,0,0,0,0,0,0,0,0,0,0,104,252,252,252,252,172,23,0,0,0,0,0,14,73,230,252,172,18,0,0,0,0,0,0,0,0,0,0,208,252,252,252,252,252,120,0,0,0,0,0,0,0,161,252,252,164,0,0,0,0,0,0,0,0,0,0,208,252,252,252,236,118,76,0,0,0,0,0,0,0,14,189,252,231,55,0,0,0,0,0,0,0,0,0,208,252,252,252,82,0,0,0,0,0,0,0,0,0,0,87,247,252,155,0,0,0,0,0,0,0,0,0,208,252,252,252,74,0,0,0,0,0,0,0,0,0,0,0,238,252,252,0,0,0,0,0,0,0,0,0,208,252,252,252,161,0,0,0,0,0,0,0,0,0,0,0,238,252,252,0,0,0,0,0,0,0,0,106,253,253,253,253,235,49,0,0,0,0,0,0,0,0,0,0,240,253,191,0,0,0,0,0,0,0,0,139,252,252,223,210,252,149,39,0,0,0,0,0,0,0,0,32,241,241,79,0,0,0,0,0,0,0,0,253,252,242,47,27,106,237,152,0,0,0,0,0,0,0,29,210,252,207,0,0,0,0,0,0,0,0,0,253,252,237,0,0,0,0,0,0,0,0,0,0,0,36,213,252,252,136,0,0,0,0,0,0,0,0,0,253,252,237,0,0,0,0,0,0,0,0,0,5,75,215,252,252,225,41,0,0,0,0,0,0,0,0,0,235,252,238,30,4,0,0,0,0,0,31,66,183,252,252,248,222,56,0,0,0,0,0,0,0,0,0,0,105,252,252,252,147,134,134,134,134,134,253,252,252,252,252,142,0,0,0,0,0,0,0,0,0,0,0,0,6,211,252,252,252,252,252,252,252,252,253,252,252,209,31,4,0,0,0,0,0,0,0,0,0,0,0,0,0,49,155,207,246,252,252,252,252,252,234,171,59,31,0,0,0,0,0,0,0,0,0,0,0,0,0,0,0,0,0,0,92,103,103,103,103,103,61,0,0,0,0,0,0,0,0,0,0,0,0,0,0,0,0,0,0,0,0,0,0,0,0,0,0,0,0,0,0,0,0,0,0,0,0,0,0,0,0,0,0,0,0,0,0,0,0,0,0,0,0,0,0,0,0,0,0,0,0,0,0,0,0,0,0,0,0,0,0,0,0,0,0,0,0,0,0,0,0,0,0,0,0,0,0,0,0,0,0,0,0,0,0,0
1,0,0,0,0,0,0,0,0,0,0,0,0,0,0,0,0,0,0,0,0,0,0,0,0,0,0,0,0,0,0,0,0,0,0,0,0,0,0,0,0,0,0,0,0,0,0,0,0,0,0,0,0,0,0,0,0,0,0,0,0,0,0,0,0,0,0,0,0,0,0,0,0,0,0,0,0,0,0,0,0,0,0,0,0,0,0,0,0,0,0,0,0,0,0,0,0,0,0,0,0,0,0,0,0,0,0,0,0,0,0,0,0,0,0,0,0,0,0,0,0,0,0,0,0,0,0,0,0,0,0,0,0,0,0,0,0,0,0,0,0,0,0,0,0,0,0,0,0,0,0,0,0,0,0,0,0,47,253,253,137,0,0,0,0,0,0,0,0,0,0,0,0,0,0,0,0,0,0,0,0,0,0,0,0,68,252,214,113,0,0,0,0,0,0,0,0,0,0,0,0,0,0,0,0,0,0,0,0,0,0,0,17,228,252,45,0,0,0,0,0,0,0,0,0,0,0,0,0,0,0,0,0,0,0,0,0,0,0,0,118,252,195,9,0,0,0,0,0,0,0,0,0,0,0,0,0,0,0,0,0,0,0,0,0,0,0,0,138,252,79,0,0,0,0,0,0,0,0,0,0,0,0,0,0,0,0,0,0,0,0,0,0,0,0,11,255,207,0,0,0,0,0,0,0,0,0,0,0,0,0,0,0,0,0,0,0,0,0,0,0,0,0,136,253,185,0,0,0,0,0,0,0,0,0,0,0,0,0,0,0,0,0,0,0,0,0,0,0,0,0,230,247,67,0,0,0,0,0,0,0,0,0,0,0,0,0,0,0,0,0,0,0,0,0,0,0,0,76,248,135,0,0,0,0,0,0,0,0,0,0,0,0,0,0,0,0,0,0,0,0,0,0,0,0,64,238,252,63,0,0,0,0,0,0,0,0,0,0,0,0,0,0,0,0,0,0,0,0,0,0,0,5,138,253,180,0,0,0,0,0,0,0,0,0,0,0,0,0,0,0,0,0,0,0,0,0,0,0,0,68,252,252,22,0,0,0,0,0,0,0,0,0,0,0,0,0,0,0,0,0,0,0,0,0,0,0,0,161,252,227,16,0,0,0,0,0,0,0,0,0,0,0,0,0,0,0,0,0,0,0,0,0,0,0,0,161,227,50,0,0,0,0,0,0,0,0,0,0,0,0,0,0,0,0,0,0,0,0,0,0,0,0,22,244,183,0,0,0,0,0,0,0,0,0,0,0,0,0,0,0,0,0,0,0,0,0,0,0,0,0,149,253,122,0,0,0,0,0,0,0,0,0,0,0,0,0,0,0,0,0,0,0,0,0,0,0,0,0,253,244,56,0,0,0,0,0,0,0,0,0,0,0,0,0,0,0,0,0,0,0,0,0,0,0,0,0,253,174,0,0,0,0,0,0,0,0,0,0,0,0,0,0,0,0,0,0,0,0,0,0,0,0,0,0,253,92,0,0,0,0,0,0,0,0,0,0,0,0,0,0,0,0,0,0,0,0,0,0,0,0,0,0,253,92,0,0,0,0,0,0,0,0,0,0,0,0,0,0,0,0,0,0,0,0,0,0,0,0,0,0,0,0,0,0,0,0,0,0,0,0,0,0,0,0,0,0,0,0,0,0,0,0,0,0,0,0,0,0,0,0,0,0,0,0,0,0,0,0,0,0,0,0,0,0,0,0,0,0,0,0,0,0,0,0,0,0,0,0,0,0,0,0,0,0,0,0,0,0,0,0,0,0,0,0
8,0,0,0,0,0,0,0,0,0,0,0,0,0,0,0,0,0,0,0,0,0,0,0,0,0,0,0,0,0,0,0,0,0,0,0,0,0,0,0,0,0,0,0,0,0,0,0,0,0,0,0,0,0,0,0,0,0,0,0,0,0,0,0,0,0,0,0,0,0,0,0,0,0,0,0,0,0,0,0,0,0,0,0,0,0,0,0,0,0,0,0,0,0,0,0,0,0,0,0,0,0,0,0,0,0,0,0,0,0,0,0,0,0,0,0,0,0,0,0,0,0,0,0,0,0,0,0,0,0,0,0,0,0,0,0,0,0,0,0,0,0,0,0,0,0,0,0,0,0,0,0,0,0,0,97,228,255,202,49,0,0,0,0,0,0,0,0,0,0,0,0,0,0,0,0,0,0,0,0,0,12,210,249,214,199,198,204,51,0,0,0,0,0,0,0,0,0,0,0,0,0,0,0,0,0,0,0,11,213,253,185,36,0,0,109,75,37,14,0,0,0,0,0,0,0,0,0,0,0,0,0,0,0,0,0,183,253,179,12,0,0,0,23,203,246,149,0,0,0,0,0,0,0,0,0,0,0,0,0,0,0,0,33,254,233,23,0,0,0,0,159,246,72,0,0,0,0,0,0,0,0,0,0,0,0,0,0,0,0,0,118,255,140,0,0,0,0,114,254,144,0,0,0,0,0,0,0,0,0,0,0,0,0,0,0,0,0,0,181,254,108,0,0,0,94,239,212,30,0,0,0,0,0,0,0,0,0,0,0,0,0,0,0,0,0,0,104,254,161,6,0,59,241,245,76,0,0,0,0,0,0,0,0,0,0,0,0,0,0,0,0,0,0,0,20,247,253,148,25,212,248,87,0,0,0,0,0,0,0,0,0,0,0,0,0,0,0,0,0,0,0,0,0,73,247,253,253,253,117,0,0,0,0,0,0,0,0,0,0,0,0,0,0,0,0,0,0,0,0,0,0,0,53,231,254,254,92,0,0,0,0,0,0,0,0,0,0,0,0,0,0,0,0,0,0,0,0,0,0,0,12,225,253,253,216,10,0,0,0,0,0,0,0,0,0,0,0,0,0,0,0,0,0,0,0,0,0,0,178,253,121,217,254,96,0,0,0,0,0,0,0,0,0,0,0,0,0,0,0,0,0,0,0,0,0,38,243,231,31,142,254,108,0,0,0,0,0,0,0,0,0,0,0,0,0,0,0,0,0,0,0,0,0,195,253,62,0,124,254,108,0,0,0,0,0,0,0,0,0,0,0,0,0,0,0,0,0,0,0,0,27,255,254,36,0,182,255,109,0,0,0,0,0,0,0,0,0,0,0,0,0,0,0,0,0,0,0,0,91,254,202,3,37,248,254,56,0,0,0,0,0,0,0,0,0,0,0,0,0,0,0,0,0,0,0,0,91,254,198,45,213,253,133,3,0,0,0,0,0,0,0,0,0,0,0,0,0,0,0,0,0,0,0,0,52,254,241,245,253,175,0,0,0,0,0,0,0,0,0,0,0,0,0,0,0,0,0,0,0,0,0,0,0,156,253,253,142,21,0,0,0,0,0,0,0,0,0,0,0,0,0,0,0,0,0,0,0,0,0,0,0,0,0,0,0,0,0,0,0,0,0,0,0,0,0,0,0,0,0,0,0,0,0,0,0,0,0,0,0,0,0,0,0,0,0,0,0,0,0,0,0,0,0,0,0,0,0,0,0,0,0,0,0,0,0,0,0,0,0,0,0,0,0,0,0,0,0,0,0,0,0,0,0,0
3,0,0,0,0,0,0,0,0,0,0,0,0,0,0,0,0,0,0,0,0,0,0,0,0,0,0,0,0,0,0,0,0,0,0,0,0,0,0,0,0,0,0,0,0,0,0,0,0,0,0,0,0,0,0,0,0,0,0,0,0,0,0,0,0,0,0,0,0,0,0,0,0,0,0,0,0,0,0,0,0,0,0,0,0,0,0,0,0,0,0,0,0,0,0,0,0,0,0,0,0,0,0,0,0,0,0,0,0,0,0,0,0,0,0,0,0,0,0,0,0,0,0,0,0,0,0,0,0,0,0,0,0,0,0,0,0,0,0,0,0,0,0,0,0,0,0,0,0,0,0,0,0,0,0,0,0,0,0,0,0,0,0,0,0,0,0,0,0,0,0,0,0,0,128,255,191,128,128,128,128,128,128,128,128,0,0,0,0,0,0,0,0,0,0,0,0,0,0,0,0,0,128,255,255,255,255,255,255,255,255,255,255,255,64,0,0,0,0,0,0,0,0,0,0,0,0,0,0,0,0,0,128,191,255,191,255,255,255,255,255,255,255,64,0,0,0,0,0,0,0,0,0,0,0,0,0,0,0,0,0,0,0,0,0,0,0,128,255,255,255,191,0,0,0,0,0,0,0,0,0,0,0,0,0,0,0,0,0,0,0,0,0,0,128,191,255,255,255,128,0,0,0,0,0,0,0,0,0,0,0,0,0,0,0,0,0,0,0,0,0,191,255,255,255,255,64,0,0,0,0,0,0,0,0,0,0,0,0,0,0,0,0,0,0,0,0,128,191,255,255,255,191,0,0,0,0,0,0,0,0,0,0,0,0,0,0,0,0,0,0,0,0,0,64,255,255,255,128,64,0,0,0,0,0,0,0,0,0,0,0,0,0,0,0,0,0,0,0,0,0,0,255,255,255,255,128,64,0,0,0,0,0,0,0,0,0,0,0,0,0,0,0,0,0,0,0,0,0,0,191,255,255,255,255,255,191,64,0,0,0,0,0,0,0,0,0,0,0,0,0,0,0,0,0,0,0,0,0,64,191,255,255,255,255,255,191,0,0,0,0,0,0,0,0,0,0,0,0,0,0,0,0,0,0,0,0,0,0,0,64,191,255,255,255,191,0,0,0,0,0,0,0,0,0,0,0,0,0,0,0,0,0,0,0,0,0,0,0,0,0,191,255,255,64,0,0,0,0,0,0,0,0,0,0,0,0,0,0,0,0,0,0,0,0,0,0,0,0,0,128,255,255,0,0,0,0,0,0,0,0,0,0,0,0,0,0,0,0,0,0,0,0,0,0,0,0,0,128,255,255,64,0,0,0,0,0,0,0,0,0,0,0,0,0,0,0,0,0,0,0,64,191,64,0,0,0,255,255,128,0,0,0,0,0,0,0,0,0,0,0,0,0,0,0,0,0,0,0,128,255,191,128,0,0,255,255,128,0,0,0,0,0,0,0,0,0,0,0,0,0,0,0,0,0,0,0,64,255,255,255,255,255,255,255,128,0,0,0,0,0,0,0,0,0,0,0,0,0,0,0,0,0,0,0,0,0,128,255,255,255,255,255,128,0,0,0,0,0,0,0,0,0,0,0,0,0,0,0,0,0,0,0,0,0,0,0,128,255,255,191,64,0,0,0,0,0,0,0,0,0,0,0,0,0,0,0,0,0,0,0,0,0,0,0,0,0,0,0,0,0,0,0,0,0,0,0,0,0,0,0,0,0,0,0,0,0,0,0,0,0,0,0,0,0,0,0,0,0,0,0,0,0,0,0
8,0,0,0,0,0,0,0,0,0,0,0,0,0,0,0,0,0,0,0,0,0,0,0,0,0,0,0,0,0,0,0,0,0,0,0,0,0,0,0,0,0,0,0,0,0,0,0,0,0,0,0,0,0,0,0,0,0,0,0,0,0,0,0,0,0,0,0,0,0,0,0,0,0,0,0,0,0,0,0,0,0,0,0,0,0,0,0,0,0,0,0,0,0,0,0,0,0,0,0,0,0,0,0,0,0,0,0,0,0,0,0,0,0,0,0,0,0,0,0,0,0,0,0,0,0,0,0,0,0,0,0,0,0,0,0,0,0,0,0,0,0,0,0,0,0,0,0,0,0,0,0,0,26,92,166,253,253,141,141,53,16,0,0,0,0,0,0,0,0,0,0,0,0,0,0,0,0,0,0,82,243,253,252,252,252,253,252,252,215,101,0,0,0,0,0,0,0,0,0,0,0,0,0,0,0,0,19,215,252,253,252,252,252,253,252,252,252,225,0,0,0,0,0,0,0,0,0,0,0,0,0,0,0,13,194,252,252,178,28,28,28,40,165,252,252,250,75,0,0,0,0,0,0,0,0,0,0,0,0,10,29,13,163,113,63,0,0,0,0,0,7,204,253,226,0,0,0,0,0,0,0,0,0,0,0,0,0,160,252,157,19,0,0,0,0,0,0,19,187,252,252,150,0,0,0,0,0,0,0,0,0,0,0,0,0,81,243,253,215,110,10,0,0,0,38,204,252,252,164,25,0,0,0,0,0,0,0,0,0,0,0,0,0,0,125,253,252,252,178,0,0,89,225,253,252,127,15,0,0,0,0,0,0,0,0,0,0,0,0,0,0,0,0,76,244,253,253,179,54,229,253,214,88,0,0,0,0,0,0,0,0,0,0,0,0,0,0,0,0,0,0,0,56,190,252,253,252,252,177,0,0,0,0,0,0,0,0,0,0,0,0,0,0,0,0,0,0,0,0,0,0,19,143,253,252,252,90,0,0,0,0,0,0,0,0,0,0,0,0,0,0,0,0,0,0,0,0,0,0,0,113,253,252,252,139,0,0,0,0,0,0,0,0,0,0,0,0,0,0,0,0,0,0,0,0,0,0,10,179,255,253,253,253,63,0,0,0,0,0,0,0,0,0,0,0,0,0,0,0,0,0,0,0,0,0,160,252,234,122,252,252,138,0,0,0,0,0,0,0,0,0,0,0,0,0,0,0,0,0,0,0,0,19,215,252,187,13,209,252,187,0,0,0,0,0,0,0,0,0,0,0,0,0,0,0,0,0,0,0,0,107,252,252,113,0,197,252,113,0,0,0,0,0,0,0,0,0,0,0,0,0,0,0,0,0,0,0,4,179,253,253,0,7,204,253,51,0,0,0,0,0,0,0,0,0,0,0,0,0,0,0,0,0,0,0,22,234,252,252,108,150,252,227,0,0,0,0,0,0,0,0,0,0,0,0,0,0,0,0,0,0,0,0,0,63,234,252,253,252,252,139,0,0,0,0,0,0,0,0,0,0,0,0,0,0,0,0,0,0,0,0,0,0,147,252,253,252,127,15,0,0,0,0,0,0,0,0,0,0,0,0,0,0,0,0,0,0,0,0,0,0,0,0,0,0,0,0,0,0,0,0,0,0,0,0,0,0,0,0,0,0,0,0,0,0,0,0,0,0,0,0,0,0,0,0,0,0,0,0,0,0,0,0,0,0,0,0,0,0,0,0,0,0,0,0,0,0,0,0,0,0,0,0,0,0,0,0,0,0,0,0,0,0,0
3,0,0,0,0,0,0,0,0,0,0,0,0,0,0,0,0,0,0,0,0,0,0,0,0,0,0,0,0,0,0,0,0,0,0,0,0,0,0,0,0,0,0,0,0,0,0,0,0,0,0,0,0,0,0,0,0,0,0,0,0,0,0,0,0,0,0,0,0,0,0,0,0,0,0,0,0,0,0,0,0,0,0,0,0,0,0,0,0,0,0,0,0,0,0,0,0,0,0,0,0,0,0,0,0,0,0,0,0,0,0,0,0,0,0,0,0,0,0,89,128,174,114,191,113,113,113,0,0,0,0,0,0,0,0,0,0,0,0,0,0,0,0,0,0,0,76,246,252,252,253,252,252,252,252,226,149,0,0,0,0,0,0,0,0,0,0,0,0,0,0,0,0,0,19,165,233,252,253,252,252,252,252,253,233,43,0,0,0,0,0,0,0,0,0,0,0,0,0,0,0,0,0,0,56,84,84,84,84,103,252,253,195,19,0,0,0,0,0,0,0,0,0,0,0,0,0,0,0,0,0,0,0,0,0,0,0,107,252,253,167,0,0,0,0,0,0,0,0,0,0,0,0,0,0,0,0,0,0,0,0,0,0,101,144,253,253,255,106,0,0,0,0,0,0,0,0,0,0,0,0,0,0,0,0,0,0,0,0,0,226,249,252,252,252,253,27,0,0,0,0,0,0,0,0,0,0,0,0,0,0,0,0,0,0,0,0,0,222,252,252,252,252,253,59,0,0,0,0,0,0,0,0,0,0,0,0,0,0,0,0,0,0,0,0,0,38,130,230,252,252,253,177,22,0,0,0,0,0,0,0,0,0,0,0,0,0,0,0,0,0,0,0,0,0,0,25,112,112,253,252,227,47,0,0,0,0,0,0,0,0,0,0,0,0,0,0,0,0,0,0,0,0,0,0,0,0,63,241,253,253,253,63,0,0,0,0,0,0,0,0,0,0,0,0,0,0,0,0,0,0,0,0,0,0,0,24,136,224,252,241,149,0,0,0,0,0,0,0,0,0,0,0,0,0,0,0,0,0,0,0,0,0,0,0,0,131,227,253,233,75,0,0,0,0,0,0,0,0,0,0,0,0,0,0,16,16,0,0,0,0,0,0,0,0,47,237,252,233,56,0,0,0,0,0,0,0,0,0,0,0,0,0,140,203,94,0,0,0,0,0,0,0,0,113,252,252,84,0,0,0,0,0,0,0,0,0,0,0,0,29,253,255,206,113,38,0,0,0,0,0,0,176,253,253,84,0,0,0,0,0,0,0,0,0,0,0,0,3,152,253,252,252,234,225,85,57,67,85,163,253,252,233,56,0,0,0,0,0,0,0,0,0,0,0,0,0,31,222,252,252,252,252,253,233,240,252,252,253,233,152,0,0,0,0,0,0,0,0,0,0,0,0,0,0,0,38,130,230,252,252,253,252,252,252,252,253,151,0,0,0,0,0,0,0,0,0,0,0,0,0,0,0,0,0,0,25,112,112,253,173,252,157,112,112,12,0,0,0,0,0,0,0,0,0,0,0,0,0,0,0,0,0,0,0,0,0,0,0,0,0,0,0,0,0,0,0,0,0,0,0,0,0,0,0,0,0,0,0,0,0,0,0,0,0,0,0,0,0,0,0,0,0,0,0,0,0,0,0,0,0,0,0,0,0,0,0,0,0,0,0,0,0,0,0,0,0,0,0,0,0,0,0,0,0,0,0,0,0,0,0,0,0,0,0,0,0,0,0,0,0,0,0,0,0,0,0,0,0,0,0,0,0,0,0
7,0,0,0,0,0,0,0,0,0,0,0,0,0,0,0,0,0,0,0,0,0,0,0,0,0,0,0,0,0,0,0,0,0,0,0,0,0,0,0,0,0,0,0,0,0,0,0,0,0,0,0,0,0,0,0,0,0,0,0,0,0,0,0,0,0,0,0,0,0,0,0,0,0,0,0,0,0,0,0,0,0,0,0,0,0,0,0,0,0,0,0,0,0,0,0,0,0,0,0,0,0,0,0,0,0,0,0,0,0,0,0,0,0,0,0,0,0,0,0,0,0,0,0,0,0,0,0,0,0,0,0,0,0,0,0,0,0,0,0,0,0,0,0,0,0,0,0,0,0,0,0,0,0,0,0,0,0,0,0,0,0,0,0,0,0,0,0,0,0,0,0,0,0,0,0,0,0,0,0,0,0,0,0,0,0,0,0,0,0,0,0,0,0,0,0,0,0,0,0,0,0,0,0,0,0,0,0,0,0,0,13,99,158,242,181,7,0,0,0,0,0,0,0,0,0,0,0,0,0,0,0,0,0,0,0,4,76,159,231,254,253,253,253,91,0,0,0,0,0,0,0,0,0,0,0,0,0,0,0,0,0,0,79,194,253,253,253,254,226,244,253,156,0,0,0,0,0,0,0,0,0,0,0,0,0,0,25,109,168,234,252,254,253,253,229,116,11,142,253,109,0,0,0,0,0,0,0,0,0,0,0,0,0,0,235,255,254,254,254,247,174,115,6,0,0,215,254,73,0,0,0,0,0,0,0,0,0,0,0,0,0,0,222,254,235,147,88,36,0,0,0,0,19,232,253,0,0,0,0,0,0,0,0,0,0,0,0,0,0,0,24,39,21,0,0,0,0,0,0,0,100,253,253,0,0,0,0,0,0,0,0,0,0,0,0,0,0,0,0,0,0,0,0,0,0,0,0,0,195,253,181,0,0,0,0,0,0,0,0,0,0,0,0,0,0,0,0,0,0,0,0,0,0,0,0,14,236,254,68,0,0,0,0,0,0,0,0,0,0,0,0,0,0,0,0,0,0,0,0,0,0,0,0,117,253,244,16,0,0,0,0,0,0,0,0,0,0,0,0,0,0,0,0,0,0,0,0,0,0,0,0,194,253,152,0,0,0,0,0,0,0,0,0,0,0,0,0,0,0,0,0,0,0,0,0,0,0,0,73,254,253,69,0,0,0,0,0,0,0,0,0,0,0,0,0,0,0,0,0,0,0,0,0,0,0,0,156,255,221,12,0,0,0,0,0,0,0,0,0,0,0,0,0,0,0,0,0,0,0,0,0,0,0,0,192,254,125,0,0,0,0,0,0,0,0,0,0,0,0,0,0,0,0,0,0,0,0,0,0,0,0,50,250,249,45,0,0,0,0,0,0,0,0,0,0,0,0,0,0,0,0,0,0,0,0,0,0,0,0,131,253,210,0,0,0,0,0,0,0,0,0,0,0,0,0,0,0,0,0,0,0,0,0,0,0,0,0,167,254,103,0,0,0,0,0,0,0,0,0,0,0,0,0,0,0,0,0,0,0,0,0,0,0,0,0,215,253,18,0,0,0,0,0,0,0,0,0,0,0,0,0,0,0,0,0,0,0,0,0,0,0,0,25,238,253,215,98,0,0,0,0,0,0,0,0,0,0,0,0,0,0,0,0,0,0,0,0,0,0,0,0,166,229,92,5,0,0,0,0,0,0,0,0,0,0,0,0,0,0,0,0,0,0,0,0,0,0,0,0,0,0,0,0,0,0,0,0,0,0,0,0,0,0,0
7,0,0,0,0,0,0,0,0,0,0,0,0,0,0,0,0,0,0,0,0,0,0,0,0,0,0,0,0,0,0,0,0,0,0,0,0,0,0,0,0,0,0,0,0,0,0,0,0,0,0,0,0,0,0,0,0,0,0,0,0,0,0,0,0,0,0,0,0,0,0,0,0,0,0,0,0,0,0,0,0,0,0,0,0,0,0,0,0,0,0,0,0,0,0,0,0,0,0,0,0,0,0,0,0,0,0,0,0,0,0,0,0,0,0,0,0,0,0,0,0,0,0,0,0,0,0,0,0,0,0,0,0,0,0,0,0,0,0,0,0,0,0,0,0,0,0,0,0,0,0,0,0,0,0,0,0,0,0,0,0,0,0,0,0,0,0,0,0,0,0,0,0,0,0,0,47,198,169,169,169,124,83,83,83,17,9,48,0,0,0,0,0,0,0,0,0,0,0,0,0,0,0,0,25,141,248,254,254,254,254,254,254,252,251,253,204,0,0,0,0,0,0,0,0,0,0,0,0,0,0,0,0,0,8,8,26,95,95,125,135,181,188,254,183,0,0,0,0,0,0,0,0,0,0,0,0,0,0,0,0,0,0,0,0,0,0,0,0,0,109,254,128,0,0,0,0,0,0,0,0,0,0,0,0,0,0,0,0,0,0,0,0,0,0,0,0,19,226,219,26,0,0,0,0,0,0,0,0,0,0,0,0,0,0,0,0,0,0,0,0,0,0,0,0,111,254,97,0,0,0,0,0,0,0,0,0,0,0,0,0,0,0,0,0,0,0,0,0,0,0,0,8,206,240,27,0,0,0,0,0,0,0,0,0,0,0,0,0,0,0,0,0,0,0,0,0,0,0,0,112,254,152,0,0,0,0,0,0,0,0,0,0,0,0,0,0,0,0,0,0,0,0,0,0,0,0,0,167,249,57,0,0,0,0,0,0,0,0,0,0,0,0,0,0,0,0,0,0,0,0,0,0,0,0,35,232,209,0,0,0,0,0,0,0,0,0,0,0,0,0,0,0,0,0,0,0,0,0,0,0,0,0,126,254,137,0,0,0,0,0,0,0,0,0,0,0,0,0,0,0,0,0,0,0,0,0,0,0,0,6,202,238,43,0,0,0,0,0,0,0,0,0,0,0,0,0,0,0,0,0,0,0,0,0,0,0,0,54,254,150,0,0,0,0,0,0,0,0,0,0,0,0,0,0,0,0,0,0,0,0,0,0,0,0,0,130,254,133,0,0,0,0,0,0,0,0,0,0,0,0,0,0,0,0,0,0,0,0,0,0,0,0,0,196,238,48,0,0,0,0,0,0,0,0,0,0,0,0,0,0,0,0,0,0,0,0,0,0,0,0,72,245,151,0,0,0,0,0,0,0,0,0,0,0,0,0,0,0,0,0,0,0,0,0,0,0,0,0,134,254,66,18,54,0,0,0,0,0,0,0,0,0,0,0,0,0,0,0,0,0,0,0,0,0,0,0,134,254,93,187,57,0,0,0,0,0,0,0,0,0,0,0,0,0,0,0,0,0,0,0,0,0,0,0,134,254,254,158,0,0,0,0,0,0,0,0,0,0,0,0,0,0,0,0,0,0,0,0,0,0,0,0,89,242,198,15,0,0,0,0,0,0,0,0,0,0,0,0,0,0,0,0,0,0,0,0,0,0,0,0,0,0,0,0,0,0,0,0,0,0,0,0,0,0,0,0,0,0,0,0,0,0,0,0,0,0,0,0,0,0,0,0,0,0,0,0,0,0,0,0,0,0,0,0
6,0,0,0,0,0,0,0,0,0,0,0,0,0,0,0,0,0,0,0,0,0,0,0,0,0,0,0,0,0,0,0,0,0,0,0,0,0,0,0,0,0,0,0,0,0,0,0,0,0,0,0,0,0,0,0,0,0,0,0,0,0,0,0,0,0,0,0,4,150,253,87,0,0,0,0,0,0,0,0,0,0,0,0,0,0,0,0,0,0,0,0,0,0,0,0,73,252,252,143,0,0,0,0,0,0,0,0,0,0,0,0,0,0,0,0,0,0,0,0,0,0,0,0,73,252,252,143,0,0,0,0,0,0,0,0,0,0,0,0,0,0,0,0,0,0,0,0,0,0,0,0,73,252,252,143,0,0,0,0,0,0,0,0,0,0,0,0,0,0,0,0,0,0,0,0,0,0,0,0,159,252,252,115,0,0,0,0,0,0,0,0,0,0,0,0,0,0,0,0,0,0,0,0,0,0,0,47,238,252,224,17,0,0,0,0,0,0,0,0,0,0,0,0,0,0,0,0,0,0,0,0,0,0,0,158,252,252,58,0,0,0,0,0,0,0,0,0,0,0,0,0,0,0,0,0,0,0,0,0,0,0,0,181,252,252,36,0,0,0,0,0,0,0,0,0,0,0,0,0,0,0,0,0,0,0,0,0,0,0,0,181,252,252,36,0,0,0,0,0,0,0,0,0,0,0,0,0,0,0,0,0,0,0,0,0,0,0,0,181,252,171,2,0,0,0,0,0,0,0,0,0,0,0,0,0,0,0,0,0,0,0,0,0,0,0,26,219,253,213,29,65,132,255,253,253,253,167,32,0,0,0,0,0,0,0,0,0,0,0,0,0,0,0,49,252,252,252,252,252,252,253,252,252,252,252,128,0,0,0,0,0,0,0,0,0,0,0,0,0,0,0,49,252,252,252,252,252,252,217,146,96,200,252,180,0,0,0,0,0,0,0,0,0,0,0,0,0,0,0,49,252,252,252,252,179,84,0,0,7,185,252,180,0,0,0,0,0,0,0,0,0,0,0,0,0,0,0,37,235,252,252,229,110,0,0,0,37,252,252,180,0,0,0,0,0,0,0,0,0,0,0,0,0,0,0,0,181,252,252,99,0,0,0,42,156,252,252,145,0,0,0,0,0,0,0,0,0,0,0,0,0,0,0,0,121,232,252,234,96,45,51,232,252,252,252,60,0,0,0,0,0,0,0,0,0,0,0,0,0,0,0,0,0,90,252,252,252,235,237,252,252,252,200,9,0,0,0,0,0,0,0,0,0,0,0,0,0,0,0,0,0,7,157,252,252,252,253,252,252,156,18,0,0,0,0,0,0,0,0,0,0,0,0,0,0,0,0,0,0,0,4,58,183,252,253,183,57,4,0,0,0,0,0,0,0,0,0,0,0,0,0,0,0,0,0,0,0,0,0,0,0,0,0,0,0,0,0,0,0,0,0,0,0,0,0,0,0,0,0,0,0,0,0,0,0,0,0,0,0,0,0,0,0,0,0,0,0,0,0,0,0,0,0,0,0,0,0,0,0,0,0,0,0,0,0,0,0,0,0,0,0,0,0,0,0,0,0,0,0,0,0,0,0,0,0,0,0,0,0,0,0,0,0,0,0,0,0,0,0,0,0,0,0,0,0,0,0,0,0,0,0,0,0,0,0,0,0,0,0,0,0,0,0,0,0,0,0,0,0,0,0,0,0,0,0,0,0,0,0,0,0,0,0,0,0,0,0,0,0,0,0,0,0,0,0,0,0,0,0,0,0,0,0,0
7,0,0,0,0,0,0,0,0,0,0,0,0,0,0,0,0,0,0,0,0,0,0,0,0,0,0,0,0,0,0,0,0,0,0,0,0,0,0,0,0,0,0,0,0,0,0,0,0,0,0,0,0,0,0,0,0,0,0,0,0,0,0,0,0,0,0,0,0,0,0,0,0,0,0,0,0,0,0,0,0,0,0,0,0,0,0,0,0,0,0,0,0,0,0,0,0,0,0,0,0,0,0,0,0,0,0,0,0,0,0,0,0,0,0,0,0,0,0,0,0,0,0,0,0,0,0,0,0,0,0,0,0,0,0,0,0,0,0,0,0,0,0,0,0,0,0,0,0,0,0,0,0,0,0,0,0,0,0,0,0,0,0,0,0,0,0,0,0,0,0,0,0,0,0,0,0,0,0,0,0,0,0,0,0,0,0,0,0,0,0,0,0,0,0,0,0,0,0,0,0,0,0,0,0,0,0,0,0,0,0,0,0,0,9,128,149,253,137,5,0,0,0,0,0,0,0,0,0,0,0,0,0,0,0,0,0,17,47,47,47,78,194,252,253,252,252,45,0,0,0,0,0,0,0,0,0,0,0,0,0,32,70,142,184,209,252,253,252,252,252,252,253,252,252,45,0,0,0,0,0,0,0,0,0,0,0,0,76,218,253,252,252,252,252,253,252,252,218,244,253,252,227,29,0,0,0,0,0,0,0,0,0,0,0,85,228,252,253,252,252,210,137,137,117,22,14,178,253,252,130,0,0,0,0,0,0,0,0,0,0,0,5,191,253,253,255,253,205,116,11,0,0,0,9,233,255,253,69,0,0,0,0,0,0,0,0,0,0,0,47,252,252,252,253,202,25,0,0,0,0,0,166,252,253,223,25,0,0,0,0,0,0,0,0,0,0,0,78,252,252,221,173,25,0,0,0,0,0,51,220,252,215,98,0,0,0,0,0,0,0,0,0,0,0,0,29,129,119,25,0,0,0,0,0,0,17,156,252,252,126,0,0,0,0,0,0,0,0,0,0,0,0,0,0,0,0,0,0,0,0,0,0,0,99,252,252,200,53,0,0,0,0,0,0,0,0,0,0,0,0,0,0,0,0,0,0,0,0,0,0,13,212,253,253,148,0,0,0,0,0,0,0,0,0,0,0,0,0,0,0,0,0,0,0,0,0,0,0,97,252,252,235,102,0,0,0,0,0,0,0,0,0,0,0,0,0,0,0,0,0,0,0,0,0,0,116,222,252,233,64,0,0,0,0,0,0,0,0,0,0,0,0,0,0,0,0,0,0,0,0,0,0,76,248,253,252,89,0,0,0,0,0,0,0,0,0,0,0,0,0,0,0,0,0,0,0,0,0,0,32,218,252,253,106,6,0,0,0,0,0,0,0,0,0,0,0,0,0,0,0,0,0,0,0,0,0,0,185,253,253,116,0,0,0,0,0,0,0,0,0,0,0,0,0,0,0,0,0,0,0,0,0,0,0,9,197,252,252,95,0,0,0,0,0,0,0,0,0,0,0,0,0,0,0,0,0,0,0,0,0,0,0,78,252,252,221,0,0,0,0,0,0,0,0,0,0,0,0,0,0,0,0,0,0,0,0,0,0,0,11,203,252,252,85,0,0,0,0,0,0,0,0,0,0,0,0,0,0,0,0,0,0,0,0,0,0,0,0,88,221,168,12,0,0,0,0,0,0,0,0,0,0,0,0,0,0,0,0,0,0,0,0,0,0,0,0,0,0,0,0,0,0,0,0,0,0,0,0,0,0,0,0,0,0
3,0,0,0,0,0,0,0,0,0,0,0,0,0,0,0,0,0,0,0,0,0,0,0,0,0,0,0,0,0,0,0,0,0,0,0,0,0,0,0,0,0,0,0,0,0,0,0,0,0,0,0,0,0,0,0,0,0,0,0,0,0,0,0,0,0,0,0,0,0,0,0,0,0,0,0,0,0,0,0,0,0,0,0,0,0,0,0,0,0,0,0,0,0,0,0,0,0,0,0,0,0,0,0,0,0,0,0,0,0,0,0,0,0,0,0,0,0,0,0,0,0,41,152,152,254,253,254,253,193,112,21,0,0,0,0,0,0,0,0,0,0,0,0,0,0,0,0,0,82,243,253,252,253,252,253,252,253,252,203,20,0,0,0,0,0,0,0,0,0,0,0,0,0,0,0,0,152,253,163,102,0,0,0,82,132,253,254,50,0,0,0,0,0,0,0,0,0,0,0,0,0,0,0,0,152,252,102,0,0,0,0,0,51,252,253,50,0,0,0,0,0,0,0,0,0,0,0,0,0,0,0,0,0,82,41,0,0,0,0,82,214,253,244,40,0,0,0,0,0,0,0,0,0,0,0,0,0,0,0,0,0,0,0,0,0,0,163,243,253,212,40,0,0,0,0,0,0,0,0,0,0,0,0,0,0,0,0,0,0,0,11,51,152,233,254,253,123,0,0,0,0,0,0,0,0,0,0,0,0,0,0,0,0,0,0,0,0,0,173,252,253,252,253,171,0,0,0,0,0,0,0,0,0,0,0,0,0,0,0,0,0,0,0,0,0,82,254,253,254,253,254,253,234,152,21,0,0,0,0,0,0,0,0,0,0,0,0,0,0,0,0,0,0,0,50,50,151,192,253,252,253,252,223,122,0,0,0,0,0,0,0,0,0,0,0,0,0,0,0,0,0,0,0,0,0,0,0,41,123,203,254,253,173,10,0,0,0,0,0,0,0,0,0,0,0,0,0,0,0,0,0,0,0,0,0,0,0,0,112,232,253,131,0,0,0,0,0,0,0,0,0,0,0,0,0,0,0,0,0,0,0,0,0,0,0,0,0,123,234,172,21,0,0,0,0,0,0,0,0,0,0,0,0,0,0,0,0,0,0,0,0,0,0,0,0,0,152,252,102,0,0,0,0,0,0,0,0,0,0,123,82,0,0,0,0,0,0,0,0,0,0,0,0,21,214,253,41,0,0,0,0,0,0,0,0,0,0,203,223,20,0,0,0,0,0,0,0,0,0,0,0,102,253,252,0,0,0,0,0,0,0,0,0,0,0,163,254,213,132,31,0,0,0,0,0,0,0,0,31,173,255,172,0,0,0,0,0,0,0,0,0,0,0,0,172,252,253,232,142,20,0,0,0,0,102,142,233,252,213,10,0,0,0,0,0,0,0,0,0,0,0,0,0,41,123,223,254,253,254,253,254,253,254,253,254,233,41,0,0,0,0,0,0,0,0,0,0,0,0,0,0,0,0,20,151,151,253,252,253,252,253,171,50,30,0,0,0,0,0,0,0,0,0,0,0,0,0,0,0,0,0,0,0,0,0,0,0,0,0,0,0,0,0,0,0,0,0,0,0,0,0,0,0,0,0,0,0,0,0,0,0,0,0,0,0,0,0,0,0,0,0,0,0,0,0,0,0,0,0,0,0,0,0,0,0,0,0,0,0,0,0,0,0,0,0,0,0,0,0,0,0,0,0,0,0,0,0,0,0,0,0,0,0,0,0,0,0,0,0,0,0,0,0,0,0,0,0,0,0,0,0,0,0,0
4,0,0,0,0,0,0,0,0,0,0,0,0,0,0,0,0,0,0,0,0,0,0,0,0,0,0,0,0,0,0,0,0,0,0,0,0,0,0,0,0,0,0,0,0,0,0,0,0,0,0,0,0,0,0,0,0,0,0,0,0,0,0,0,0,0,0,0,0,0,0,0,0,0,0,0,0,0,0,0,0,0,0,0,0,0,0,0,0,0,0,0,0,0,0,0,0,0,0,0,0,0,0,0,0,0,0,0,0,0,0,0,0,0,0,0,0,0,0,0,0,0,0,0,0,0,0,0,0,0,0,0,0,0,0,0,0,0,0,0,0,0,0,0,0,0,0,0,0,0,32,191,27,0,0,0,0,0,0,0,0,0,0,0,0,0,0,0,0,0,0,0,0,0,0,0,0,0,56,252,131,0,0,0,0,0,0,0,0,0,0,0,0,0,0,0,0,0,0,0,0,0,0,0,0,9,181,252,88,0,0,0,0,0,0,0,0,0,0,0,0,0,0,0,0,0,0,0,0,0,0,0,0,23,252,252,21,0,0,0,0,6,23,1,0,0,0,0,0,0,0,0,0,0,0,0,0,0,0,0,0,95,252,233,17,0,0,0,8,155,252,83,0,0,0,0,0,0,0,0,0,0,0,0,0,0,0,0,0,219,252,126,0,0,0,0,120,252,218,31,0,0,0,0,0,0,0,0,0,0,0,0,0,0,0,0,92,251,252,55,0,0,0,0,244,220,32,0,0,0,0,0,0,0,0,0,0,0,0,0,0,0,0,0,100,252,252,55,0,0,0,0,253,186,0,0,0,0,0,0,0,0,0,0,0,0,0,0,0,0,0,0,100,252,252,201,187,121,78,126,253,206,78,10,78,116,131,0,0,0,0,0,0,0,0,0,0,0,0,0,13,195,252,252,252,252,252,252,253,252,252,224,252,214,88,0,0,0,0,0,0,0,0,0,0,0,0,0,0,0,25,111,111,129,220,235,255,253,226,220,148,72,0,0,0,0,0,0,0,0,0,0,0,0,0,0,0,0,0,0,0,0,0,34,253,252,44,0,0,0,0,0,0,0,0,0,0,0,0,0,0,0,0,0,0,0,0,0,0,0,0,0,253,252,44,0,0,0,0,0,0,0,0,0,0,0,0,0,0,0,0,0,0,0,0,0,0,0,0,0,196,252,110,1,0,0,0,0,0,0,0,0,0,0,0,0,0,0,0,0,0,0,0,0,0,0,0,0,120,252,252,10,0,0,0,0,0,0,0,0,0,0,0,0,0,0,0,0,0,0,0,0,0,0,0,0,22,226,252,49,0,0,0,0,0,0,0,0,0,0,0,0,0,0,0,0,0,0,0,0,0,0,0,0,0,124,252,222,4,0,0,0,0,0,0,0,0,0,0,0,0,0,0,0,0,0,0,0,0,0,0,0,0,55,245,252,88,0,0,0,0,0,0,0,0,0,0,0,0,0,0,0,0,0,0,0,0,0,0,0,0,0,98,249,210,139,98,0,0,0,0,0,0,0,0,0,0,0,0,0,0,0,0,0,0,0,0,0,0,0,0,99,252,214,26,0,0,0,0,0,0,0,0,0,0,0,0,0,0,0,0,0,0,0,0,0,0,0,0,0,0,0,0,0,0,0,0,0,0,0,0,0,0,0,0,0,0,0,0,0,0,0,0,0,0,0,0,0,0,0,0,0,0,0,0,0,0,0,0,0,0,0,0,0,0,0,0,0,0,0,0,0,0,0,0,0,0,0,0,0,0,0,0,0,0
0,0,0,0,0,0,0,0,0,0,0,0,0,0,0,0,0,0,0,0,0,0,0,0,0,0,0,0,0,0,0,0,0,0,0,0,0,0,0,0,0,0,0,0,0,0,0,0,0,0,0,0,0,0,0,0,0,0,0,0,0,0,0,0,0,0,0,0,0,0,0,0,0,0,0,0,0,0,0,0,0,0,0,0,0,0,0,0,0,0,0,0,0,0,0,0,0,0,0,0,0,0,0,0,0,0,0,0,0,0,0,0,0,0,0,0,0,0,0,0,0,0,0,0,0,0,0,0,0,0,0,0,0,0,0,0,0,0,0,0,0,0,0,0,0,0,0,0,0,0,0,0,0,36,190,237,54,0,0,0,0,0,0,0,0,0,0,0,0,0,0,0,0,0,0,0,0,0,0,10,106,237,254,254,154,0,0,0,0,0,0,0,0,0,0,0,0,0,0,0,0,0,0,0,0,0,9,147,254,254,254,254,251,188,49,0,0,0,0,0,0,0,0,0,0,0,0,0,0,0,0,0,0,0,177,254,200,108,215,254,207,236,252,210,75,0,0,0,0,0,0,0,0,0,0,0,0,0,0,0,0,96,249,213,19,0,13,129,25,26,180,240,216,66,0,0,0,0,0,0,0,0,0,0,0,0,0,0,0,187,254,99,0,0,0,0,0,0,0,74,254,229,20,0,0,0,0,0,0,0,0,0,0,0,0,0,109,254,174,3,0,0,0,0,0,0,0,1,116,254,170,0,0,0,0,0,0,0,0,0,0,0,0,0,188,254,134,0,0,0,0,0,0,0,0,0,13,228,250,7,0,0,0,0,0,0,0,0,0,0,0,0,188,254,67,0,0,0,0,0,0,0,0,0,0,68,254,122,0,0,0,0,0,0,0,0,0,0,0,0,188,254,38,0,0,0,0,0,0,0,0,0,0,39,254,187,0,0,0,0,0,0,0,0,0,0,0,0,188,254,38,0,0,0,0,0,0,0,0,0,0,39,254,187,0,0,0,0,0,0,0,0,0,0,0,0,188,254,38,0,0,0,0,0,0,0,0,0,0,39,254,187,0,0,0,0,0,0,0,0,0,0,0,0,188,254,55,0,0,0,0,0,0,0,0,0,0,39,254,187,0,0,0,0,0,0,0,0,0,0,0,0,112,254,134,0,0,0,0,0,0,0,0,0,0,39,254,147,0,0,0,0,0,0,0,0,0,0,0,0,66,253,205,21,0,0,0,0,0,0,0,0,0,39,253,66,0,0,0,0,0,0,0,0,0,0,0,0,0,163,255,123,0,0,0,0,0,0,0,0,11,144,235,0,0,0,0,0,0,0,0,0,0,0,0,0,0,57,240,235,47,0,0,0,0,0,0,4,75,237,56,0,0,0,0,0,0,0,0,0,0,0,0,0,0,0,155,254,236,121,68,4,4,68,157,232,205,52,0,0,0,0,0,0,0,0,0,0,0,0,0,0,0,0,14,29,178,249,254,228,228,254,254,224,53,0,0,0,0,0,0,0,0,0,0,0,0,0,0,0,0,0,0,0,0,52,62,117,200,189,106,13,0,0,0,0,0,0,0,0,0,0,0,0,0,0,0,0,0,0,0,0,0,0,0,0,0,0,0,0,0,0,0,0,0,0,0,0,0,0,0,0,0,0,0,0,0,0,0,0,0,0,0,0,0,0,0,0,0,0,0,0,0,0,0,0,0,0,0,0,0,0,0,0,0,0,0,0,0,0,0,0,0,0,0,0,0,0,0,0,0,0,0,0,0
1,0,0,0,0,0,0,0,0,0,0,0,0,0,0,0,0,0,0,0,0,0,0,0,0,0,0,0,0,0,0,0,0,0,0,0,0,0,0,0,0,0,0,0,0,0,0,0,0,0,0,0,0,0,0,0,0,0,0,0,0,0,0,0,0,0,0,0,0,0,0,0,0,0,0,0,0,0,0,0,0,0,0,0,0,0,0,0,0,0,0,0,0,0,0,0,0,0,0,0,0,0,0,0,0,0,0,0,0,0,0,0,0,0,0,0,0,0,0,0,0,0,0,0,0,0,0,0,0,0,0,0,0,0,0,0,0,0,0,0,0,0,0,0,0,0,0,0,0,0,0,0,0,79,254,189,0,0,0,0,0,0,0,0,0,0,0,0,0,0,0,0,0,0,0,0,0,0,0,0,0,79,253,252,63,0,0,0,0,0,0,0,0,0,0,0,0,0,0,0,0,0,0,0,0,0,0,0,0,79,253,253,122,0,0,0,0,0,0,0,0,0,0,0,0,0,0,0,0,0,0,0,0,0,0,0,0,79,253,253,194,0,0,0,0,0,0,0,0,0,0,0,0,0,0,0,0,0,0,0,0,0,0,0,0,79,253,253,194,0,0,0,0,0,0,0,0,0,0,0,0,0,0,0,0,0,0,0,0,0,0,0,0,10,209,253,194,0,0,0,0,0,0,0,0,0,0,0,0,0,0,0,0,0,0,0,0,0,0,0,0,27,219,253,194,0,0,0,0,0,0,0,0,0,0,0,0,0,0,0,0,0,0,0,0,0,0,0,0,55,237,253,194,0,0,0,0,0,0,0,0,0,0,0,0,0,0,0,0,0,0,0,0,0,0,0,0,0,135,253,241,57,0,0,0,0,0,0,0,0,0,0,0,0,0,0,0,0,0,0,0,0,0,0,0,0,102,253,253,105,0,0,0,0,0,0,0,0,0,0,0,0,0,0,0,0,0,0,0,0,0,0,0,0,72,253,253,201,0,0,0,0,0,0,0,0,0,0,0,0,0,0,0,0,0,0,0,0,0,0,0,0,72,253,253,108,0,0,0,0,0,0,0,0,0,0,0,0,0,0,0,0,0,0,0,0,0,0,0,0,72,253,253,71,0,0,0,0,0,0,0,0,0,0,0,0,0,0,0,0,0,0,0,0,0,0,0,0,72,253,253,91,0,0,0,0,0,0,0,0,0,0,0,0,0,0,0,0,0,0,0,0,0,0,0,0,26,216,253,201,0,0,0,0,0,0,0,0,0,0,0,0,0,0,0,0,0,0,0,0,0,0,0,0,0,196,253,201,0,0,0,0,0,0,0,0,0,0,0,0,0,0,0,0,0,0,0,0,0,0,0,0,0,196,253,201,0,0,0,0,0,0,0,0,0,0,0,0,0,0,0,0,0,0,0,0,0,0,0,0,0,196,253,201,0,0,0,0,0,0,0,0,0,0,0,0,0,0,0,0,0,0,0,0,0,0,0,0,0,192,253,202,2,0,0,0,0,0,0,0,0,0,0,0,0,0,0,0,0,0,0,0,0,0,0,0,0,32,220,159,38,0,0,0,0,0,0,0,0,0,0,0,0,0,0,0,0,0,0,0,0,0,0,0,0,0,0,0,0,0,0,0,0,0,0,0,0,0,0,0,0,0,0,0,0,0,0,0,0,0,0,0,0,0,0,0,0,0,0,0,0,0,0,0,0,0,0,0,0,0,0,0,0,0,0,0,0,0,0,0,0,0,0,0,0,0,0,0,0,0,0,0,0,0,0
7,0,0,0,0,0,0,0,0,0,0,0,0,0,0,0,0,0,0,0,0,0,0,0,0,0,0,0,0,0,0,0,0,0,0,0,0,0,0,0,0,0,0,0,0,0,0,0,0,0,0,0,0,0,0,0,0,0,0,0,0,0,0,0,0,0,0,0,0,0,0,0,0,0,0,0,0,0,0,0,0,0,0,0,0,0,0,0,0,0,0,0,0,0,0,0,0,0,0,0,0,0,0,0,0,0,0,0,0,0,0,0,0,0,0,0,0,0,0,0,0,0,0,0,0,0,0,0,0,0,0,0,0,0,0,0,0,0,0,0,0,0,0,0,0,0,0,0,0,0,0,0,0,0,0,0,0,0,0,0,0,0,0,0,0,0,0,0,0,0,0,0,0,0,0,0,0,0,181,223,6,0,0,0,0,0,0,0,0,0,0,0,0,0,0,0,0,0,0,0,0,0,0,0,0,0,144,254,9,0,0,0,0,0,0,0,0,0,0,0,0,0,0,0,0,0,0,0,0,0,0,0,0,0,217,254,151,0,0,0,0,0,0,0,0,0,0,0,0,0,0,0,0,0,0,0,0,0,0,0,0,0,217,254,254,163,58,4,0,0,32,58,149,139,0,0,0,0,0,0,0,0,0,0,0,0,0,0,0,28,235,254,240,241,254,219,217,217,238,254,254,207,0,0,0,0,0,0,0,0,0,0,0,0,0,0,0,58,254,225,33,33,139,168,168,168,116,147,254,120,0,0,0,0,0,0,0,0,0,0,0,0,0,0,0,58,254,168,0,0,0,0,0,0,0,107,254,27,0,0,0,0,0,0,0,0,0,0,0,0,0,0,0,54,252,168,0,0,0,0,0,0,20,210,194,4,0,0,0,0,0,0,0,0,0,0,0,0,0,0,0,19,229,168,0,0,0,0,0,0,44,254,182,0,0,0,0,0,0,0,0,0,0,0,0,0,0,0,0,4,219,168,0,0,0,0,0,0,134,254,128,0,0,0,0,0,0,0,0,0,0,0,0,0,0,0,0,0,87,95,0,0,0,0,0,0,140,254,86,0,0,0,0,0,0,0,0,0,0,0,0,0,0,0,0,0,0,0,0,0,0,0,0,0,140,248,28,0,0,0,0,0,0,0,0,0,0,0,0,0,0,0,0,0,0,0,0,0,0,0,0,0,193,192,0,0,0,0,0,0,0,0,0,0,0,0,0,0,0,0,0,0,0,0,0,0,0,0,0,66,251,148,0,0,0,0,0,0,0,0,0,0,0,0,0,0,0,0,0,0,0,0,0,0,0,0,0,173,254,85,0,0,0,0,0,0,0,0,0,0,0,0,0,0,0,0,0,0,0,0,0,0,0,0,0,173,238,33,0,0,0,0,0,0,0,0,0,0,0,0,0,0,0,0,0,0,0,0,0,0,0,0,8,206,221,12,0,0,0,0,0,0,0,0,0,0,0,0,0,0,0,0,0,0,0,0,0,0,0,0,112,254,124,0,0,0,0,0,0,0,0,0,0,0,0,0,0,0,0,0,0,0,0,0,0,0,0,0,160,186,3,0,0,0,0,0,0,0,0,0,0,0,0,0,0,0,0,0,0,0,0,0,0,0,0,19,225,105,0,0,0,0,0,0,0,0,0,0,0,0,0,0,0,0,0,0,0,0,0,0,0,0,0,0,0,0,0,0,0,0,0,0,0,0,0,0,0,0,0,0,0,0,0,0,0,0,0,0,0,0,0,0,0,0,0,0,0,0,0,0,0,0,0,0,0
2,0,0,0,0,0,0,0,0,0,0,0,0,0,0,0,0,0,0,0,0,0,0,0,0,0,0,0,0,0,0,0,0,0,0,0,0,0,0,0,0,0,0,0,0,0,0,0,0,0,0,0,0,0,0,0,0,0,0,0,0,0,0,0,0,0,0,0,0,0,0,0,0,0,0,0,0,0,0,0,0,0,0,0,0,0,0,0,0,0,0,0,0,0,0,0,0,0,11,92,254,253,254,213,41,0,0,0,0,0,0,0,0,0,0,0,0,0,0,0,0,0,0,0,0,41,213,252,253,252,253,252,223,61,0,0,0,0,0,0,0,0,0,0,0,0,0,0,0,0,0,0,51,233,254,253,254,213,234,253,254,213,0,0,0,0,0,0,0,0,0,0,0,0,0,0,0,0,0,41,233,252,253,252,131,10,51,232,253,252,0,0,0,0,0,0,0,0,0,0,0,0,0,0,0,0,72,233,254,253,244,162,0,0,0,203,254,253,0,0,0,0,0,0,0,0,0,0,0,0,0,0,0,41,253,252,253,212,81,0,0,0,0,203,253,252,0,0,0,0,0,0,0,0,0,0,0,0,0,0,0,102,254,253,163,20,0,0,0,0,113,253,254,233,0,0,0,0,0,0,0,0,0,0,0,0,0,0,0,20,131,50,20,0,0,0,0,0,193,252,253,111,0,0,0,0,0,0,0,0,0,0,0,0,0,0,0,0,0,0,0,0,0,0,0,82,254,253,203,0,0,0,0,0,0,0,0,0,0,0,0,0,0,0,0,0,0,0,0,0,0,0,21,223,253,252,81,0,0,0,0,0,0,0,0,0,0,0,0,0,0,0,0,0,0,0,0,0,0,0,214,253,254,151,0,0,0,0,0,0,0,0,0,0,0,0,0,0,0,0,0,0,0,0,0,0,41,203,253,252,253,70,0,0,0,0,0,0,0,0,0,0,0,0,0,0,0,0,0,21,173,253,254,131,92,253,254,172,82,0,0,0,0,0,0,0,0,0,0,0,0,0,0,0,0,0,41,223,253,252,253,252,253,252,233,30,0,0,0,0,0,0,0,0,0,0,0,0,0,0,0,0,0,21,214,253,254,253,254,253,254,253,41,0,0,0,0,0,0,0,113,30,0,0,0,0,0,0,0,0,21,162,253,252,131,131,253,252,253,252,183,20,0,0,0,0,0,123,253,131,0,0,0,0,0,0,0,0,113,253,254,233,113,233,254,253,254,253,254,253,193,152,132,51,173,253,255,131,0,0,0,0,0,0,0,0,193,252,253,232,253,252,253,130,131,252,253,252,253,252,253,252,253,252,233,30,0,0,0,0,0,0,0,0,234,253,254,253,254,213,41,0,0,82,163,243,254,253,254,253,255,213,41,0,0,0,0,0,0,0,0,0,152,252,253,212,50,10,0,0,0,0,0,40,50,50,71,70,50,10,0,0,0,0,0,0,0,0,0,0,0,0,0,0,0,0,0,0,0,0,0,0,0,0,0,0,0,0,0,0,0,0,0,0,0,0,0,0,0,0,0,0,0,0,0,0,0,0,0,0,0,0,0,0,0,0,0,0,0,0,0,0,0,0,0,0,0,0,0,0,0,0,0,0,0,0,0,0,0,0,0,0,0,0,0,0,0,0,0,0,0,0,0,0,0,0,0,0,0,0,0,0,0,0,0,0,0,0,0,0,0,0,0,0,0,0,0,0,0,0,0,0,0,0,0,0,0,0,0,0,0,0,0,0,0,0,0,0,0,0,0,0,0,0,0
2,0,0,0,0,0,0,0,0,0,0,0,0,0,0,0,0,0,0,0,0,0,0,0,0,0,0,0,0,0,0,0,0,0,0,0,0,0,0,0,0,0,0,0,0,0,0,0,0,0,0,0,0,0,0,0,0,0,0,0,0,0,0,0,0,0,0,0,0,0,0,0,0,0,0,0,0,0,0,0,0,0,0,0,0,0,0,0,0,0,0,0,0,0,0,0,0,0,0,0,0,0,0,0,0,0,0,0,0,0,0,0,0,0,0,0,0,0,0,0,0,0,0,0,0,0,0,0,0,0,0,0,0,0,0,0,0,0,0,0,0,0,0,0,0,0,0,0,0,141,255,253,253,237,191,255,253,253,237,50,0,0,0,0,0,0,0,0,0,0,0,0,0,0,0,0,0,140,253,252,252,252,252,253,252,252,252,112,0,0,0,0,0,0,0,0,0,0,0,0,0,0,0,0,0,31,119,195,195,195,195,56,103,208,252,221,0,0,0,0,0,0,0,0,0,0,0,0,0,0,0,0,0,0,0,0,0,0,0,0,0,57,252,252,0,0,0,0,0,0,0,0,0,0,0,0,0,0,0,0,0,0,0,0,0,0,0,0,0,57,252,252,0,0,0,0,0,0,0,0,0,0,0,0,0,0,0,0,0,0,0,0,0,0,0,0,0,120,253,253,0,0,0,0,0,0,0,0,0,0,0,0,0,0,0,0,0,0,0,0,0,0,0,0,29,215,252,252,0,0,0,0,0,0,0,0,0,0,0,0,0,0,0,0,0,0,0,0,0,0,0,0,85,252,252,141,0,0,0,0,0,0,0,0,0,0,0,0,0,0,0,0,0,0,0,0,0,0,0,13,181,252,233,37,0,0,0,0,0,0,0,0,0,0,0,0,0,0,0,0,0,0,0,0,0,0,0,191,252,252,145,0,0,0,0,0,0,0,0,0,0,0,0,0,0,0,0,0,0,0,0,0,0,0,63,255,253,228,47,0,0,0,0,0,0,0,0,0,0,0,0,0,0,0,0,0,0,0,0,0,0,26,240,253,223,130,0,0,0,0,0,0,0,0,0,0,0,0,0,0,0,0,0,0,0,0,0,0,13,156,252,253,136,0,0,0,0,0,0,0,0,0,0,0,0,0,0,0,0,0,0,0,0,0,0,10,156,252,252,162,9,0,0,0,0,0,0,0,0,0,0,0,0,0,0,0,0,0,0,0,0,0,0,85,252,252,252,0,0,0,0,0,0,0,0,0,0,0,0,0,0,0,0,0,0,0,0,0,0,0,51,238,253,253,253,0,0,0,0,0,0,0,0,0,0,0,0,0,0,0,0,0,0,0,0,0,0,0,238,252,252,252,173,85,85,85,38,85,48,0,0,0,0,0,0,0,0,0,0,0,0,0,0,0,0,0,222,252,252,252,252,253,252,252,221,252,110,0,0,0,0,0,0,0,0,0,0,0,0,0,0,0,0,0,101,233,252,252,252,253,226,223,129,84,0,0,0,0,0,0,0,0,0,0,0,0,0,0,0,0,0,0,0,38,112,189,112,112,12,0,0,0,0,0,0,0,0,0,0,0,0,0,0,0,0,0,0,0,0,0,0,0,0,0,0,0,0,0,0,0,0,0,0,0,0,0,0,0,0,0,0,0,0,0,0,0,0,0,0,0,0,0,0,0,0,0,0,0,0,0,0,0,0,0,0,0,0,0,0,0,0,0,0,0,0,0,0,0,0,0,0,0,0,0,0,0,0,0,0,0,0,0,0,0,0
0,0,0,0,0,0,0,0,0,0,0,0,0,0,0,0,0,0,0,0,0,0,0,0,0,0,0,0,0,0,0,0,0,0,0,0,0,0,0,0,0,0,0,0,0,0,0,0,0,0,0,0,0,0,0,0,0,0,0,0,0,0,0,0,0,0,0,0,0,0,0,0,0,0,0,0,0,0,0,0,0,0,0,0,0,0,0,0,0,0,0,0,0,0,0,0,0,0,0,0,0,0,0,0,0,0,0,0,0,0,0,0,0,0,0,0,0,0,0,0,0,0,0,0,0,0,0,10,128,255,253,128,4,0,0,0,0,0,0,0,0,0,0,0,0,0,0,0,0,0,0,0,0,0,38,197,252,253,252,252,53,0,0,0,0,0,0,0,0,0,0,0,0,0,0,0,0,0,0,0,0,60,209,252,252,253,252,252,228,38,0,0,0,0,0,0,0,0,0,0,0,0,0,0,0,0,0,0,0,191,252,252,252,253,252,252,252,163,0,0,0,0,0,0,0,0,0,0,0,0,0,0,0,0,0,0,176,254,253,253,241,151,0,38,238,254,146,0,0,0,0,0,0,0,0,0,0,0,0,0,0,0,0,82,243,253,252,233,59,0,0,0,200,253,196,0,0,0,0,0,0,0,0,0,0,0,0,0,0,0,45,240,252,253,208,37,0,0,0,0,113,253,196,0,0,0,0,0,0,0,0,0,0,0,0,0,0,0,157,252,252,190,59,0,0,0,0,0,113,253,196,0,0,0,0,0,0,0,0,0,0,0,0,0,0,92,253,253,241,0,0,0,0,0,0,0,176,254,197,0,0,0,0,0,0,0,0,0,0,0,0,0,0,166,252,252,65,0,0,0,0,0,0,0,225,253,121,0,0,0,0,0,0,0,0,0,0,0,0,0,76,253,252,186,6,0,0,0,0,0,0,29,234,244,56,0,0,0,0,0,0,0,0,0,0,0,0,0,225,253,227,43,0,0,0,0,0,0,26,210,252,175,0,0,0,0,0,0,0,0,0,0,0,0,0,48,241,254,184,0,0,0,0,0,0,4,128,253,253,101,0,0,0,0,0,0,0,0,0,0,0,0,0,160,252,253,84,0,0,0,0,0,0,128,252,252,151,0,0,0,0,0,0,0,0,0,0,0,0,0,0,197,252,231,19,0,0,0,0,0,76,253,233,130,6,0,0,0,0,0,0,0,0,0,0,0,0,0,0,197,252,225,0,0,0,0,0,126,249,253,145,0,0,0,0,0,0,0,0,0,0,0,0,0,0,0,0,135,253,254,97,0,26,92,216,253,253,163,0,0,0,0,0,0,0,0,0,0,0,0,0,0,0,0,0,66,246,253,234,169,243,253,252,252,202,88,0,0,0,0,0,0,0,0,0,0,0,0,0,0,0,0,0,0,187,253,252,252,252,253,233,130,6,0,0,0,0,0,0,0,0,0,0,0,0,0,0,0,0,0,0,0,13,140,215,252,252,253,145,0,0,0,0,0,0,0,0,0,0,0,0,0,0,0,0,0,0,0,0,0,0,0,0,0,0,0,0,0,0,0,0,0,0,0,0,0,0,0,0,0,0,0,0,0,0,0,0,0,0,0,0,0,0,0,0,0,0,0,0,0,0,0,0,0,0,0,0,0,0,0,0,0,0,0,0,0,0,0,0,0,0,0,0,0,0,0,0,0,0,0,0,0,0,0,0,0,0,0,0,0,0,0,0,0,0,0,0,0,0,0,0,0,0,0,0,0,0,0,0,0,0,0,0,0,0
1,0,0,0,0,0,0,0,0,0,0,0,0,0,0,0,0,0,0,0,0,0,0,0,0,0,0,0,0,0,0,0,0,0,0,0,0,0,0,0,0,0,0,0,0,0,0,0,0,0,0,0,0,0,0,0,0,0,0,0,0,0,0,0,0,0,0,0,0,0,0,0,0,0,0,0,0,0,0,0,0,0,0,0,0,0,0,0,0,0,0,0,0,0,0,0,0,0,0,0,0,0,0,0,0,0,0,0,0,0,0,0,0,0,0,0,0,0,0,0,0,0,0,0,0,0,0,0,0,0,0,0,0,0,0,0,0,0,0,0,0,0,0,0,0,0,0,0,0,0,0,0,0,0,0,0,0,0,0,29,226,170,0,0,0,0,0,0,0,0,0,0,0,0,0,0,0,0,0,0,0,0,0,0,0,0,0,141,255,170,0,0,0,0,0,0,0,0,0,0,0,0,0,0,0,0,0,0,0,0,0,0,0,0,86,255,255,57,0,0,0,0,0,0,0,0,0,0,0,0,0,0,0,0,0,0,0,0,0,0,0,0,198,255,141,0,0,0,0,0,0,0,0,0,0,0,0,0,0,0,0,0,0,0,0,0,0,0,0,86,255,226,0,0,0,0,0,0,0,0,0,0,0,0,0,0,0,0,0,0,0,0,0,0,0,0,29,226,255,141,0,0,0,0,0,0,0,0,0,0,0,0,0,0,0,0,0,0,0,0,0,0,0,0,114,255,198,0,0,0,0,0,0,0,0,0,0,0,0,0,0,0,0,0,0,0,0,0,0,0,0,86,255,255,57,0,0,0,0,0,0,0,0,0,0,0,0,0,0,0,0,0,0,0,0,0,0,0,29,226,255,141,0,0,0,0,0,0,0,0,0,0,0,0,0,0,0,0,0,0,0,0,0,0,0,0,114,255,226,29,0,0,0,0,0,0,0,0,0,0,0,0,0,0,0,0,0,0,0,0,0,0,0,57,255,255,86,0,0,0,0,0,0,0,0,0,0,0,0,0,0,0,0,0,0,0,0,0,0,0,0,170,255,170,0,0,0,0,0,0,0,0,0,0,0,0,0,0,0,0,0,0,0,0,0,0,0,0,57,255,226,57,0,0,0,0,0,0,0,0,0,0,0,0,0,0,0,0,0,0,0,0,0,0,0,0,198,255,170,0,0,0,0,0,0,0,0,0,0,0,0,0,0,0,0,0,0,0,0,0,0,0,0,86,255,226,29,0,0,0,0,0,0,0,0,0,0,0,0,0,0,0,0,0,0,0,0,0,0,0,0,141,255,170,0,0,0,0,0,0,0,0,0,0,0,0,0,0,0,0,0,0,0,0,0,0,0,0,29,226,255,29,0,0,0,0,0,0,0,0,0,0,0,0,0,0,0,0,0,0,0,0,0,0,0,0,114,255,170,0,0,0,0,0,0,0,0,0,0,0,0,0,0,0,0,0,0,0,0,0,0,0,0,0,170,255,141,0,0,0,0,0,0,0,0,0,0,0,0,0,0,0,0,0,0,0,0,0,0,0,0,0,226,255,86,0,0,0,0,0,0,0,0,0,0,0,0,0,0,0,0,0,0,0,0,0,0,0,0,0,0,0,0,0,0,0,0,0,0,0,0,0,0,0,0,0,0,0,0,0,0,0,0,0,0,0,0,0,0,0,0,0,0,0,0,0,0,0,0,0,0,0,0,0,0,0,0,0,0,0,0,0,0,0,0,0,0,0,0,0,0,0,0,0,0,0,0,0,0,0,0,0,0,0,0
2,0,0,0,0,0,0,0,0,0,0,0,0,0,0,0,0,0,0,0,0,0,0,0,0,0,0,0,0,0,0,0,0,0,0,0,0,0,0,0,0,0,0,0,0,0,0,0,0,0,0,0,0,0,0,0,0,0,0,0,0,0,0,0,0,0,0,0,0,0,0,0,0,0,0,0,0,0,0,0,0,0,0,0,0,0,0,0,0,0,0,0,0,0,0,0,0,0,0,0,0,0,0,0,0,0,0,0,0,0,0,0,0,0,0,0,0,0,0,0,0,0,0,0,0,73,115,217,217,42,0,0,0,0,0,0,0,0,0,0,0,0,0,0,0,0,0,0,0,0,32,140,181,253,252,252,252,222,25,0,0,0,0,0,0,0,0,0,0,0,0,0,0,0,0,0,0,1,217,252,252,253,252,252,252,253,35,0,0,0,0,0,0,0,0,0,0,0,0,0,0,0,0,0,1,170,252,252,189,0,0,181,252,253,179,0,0,0,0,0,0,0,0,0,0,0,0,0,0,0,0,0,1,98,179,76,15,0,0,181,252,253,55,0,0,0,0,0,0,0,0,0,0,0,0,0,0,0,0,0,0,0,0,0,0,0,0,181,252,253,35,0,0,0,0,0,0,0,0,0,0,0,0,0,0,0,0,0,0,0,0,0,0,0,42,221,252,191,15,0,0,0,0,0,0,0,0,0,0,0,0,0,0,0,0,0,0,0,0,0,0,0,73,253,253,145,0,0,0,0,0,0,0,0,0,0,0,0,0,0,0,0,0,0,0,0,0,0,0,32,207,252,252,20,0,0,0,0,0,0,0,0,0,0,0,0,0,0,0,0,0,0,0,0,0,0,0,109,252,252,252,0,0,0,0,0,156,160,37,0,0,0,0,0,0,0,0,0,0,0,0,0,0,0,0,109,252,252,252,0,0,0,0,63,237,252,252,0,0,0,0,0,0,0,0,0,0,0,0,0,0,0,0,171,253,237,62,0,0,0,0,110,253,253,253,0,0,0,0,0,0,0,0,0,0,0,0,0,21,94,217,253,252,215,0,0,0,0,42,233,252,241,97,0,0,0,0,0,0,0,0,0,0,0,21,99,201,252,252,253,252,241,98,37,78,181,221,253,252,195,0,0,0,0,0,0,0,0,0,0,42,144,206,252,252,252,252,253,252,252,252,253,252,252,252,253,252,71,0,0,0,0,0,0,0,0,0,171,253,253,253,253,253,253,253,255,253,253,253,255,253,253,253,145,20,0,0,0,0,0,0,0,0,0,0,253,252,252,252,252,148,35,35,35,35,138,179,180,138,35,35,0,0,0,0,0,0,0,0,0,0,0,0,133,215,215,215,153,10,0,0,0,0,0,0,0,0,0,0,0,0,0,0,0,0,0,0,0,0,0,0,0,0,0,0,0,0,0,0,0,0,0,0,0,0,0,0,0,0,0,0,0,0,0,0,0,0,0,0,0,0,0,0,0,0,0,0,0,0,0,0,0,0,0,0,0,0,0,0,0,0,0,0,0,0,0,0,0,0,0,0,0,0,0,0,0,0,0,0,0,0,0,0,0,0,0,0,0,0,0,0,0,0,0,0,0,0,0,0,0,0,0,0,0,0,0,0,0,0,0,0,0,0,0,0,0,0,0,0,0,0,0,0,0,0,0,0,0,0,0,0,0,0,0,0,0,0,0,0,0,0,0,0,0,0,0,0,0,0,0,0,0,0,0,0,0,0,0,0,0,0,0,0,0,0,0,0,0,0,0,0,0,0,0,0
8,0,0,0,0,0,0,0,0,0,0,0,0,0,0,0,0,0,0,0,0,0,0,0,0,0,0,0,0,0,0,0,0,0,0,0,0,0,0,0,0,0,0,0,0,0,0,0,0,0,0,0,0,0,0,0,0,0,0,0,0,0,0,0,0,0,0,0,0,0,0,0,0,0,0,0,0,0,0,0,0,0,0,0,0,0,0,0,0,0,0,0,0,0,0,0,0,0,0,0,0,0,0,0,0,0,0,0,0,0,0,0,0,0,0,0,0,0,0,0,0,0,0,0,0,0,0,0,0,0,0,0,0,0,0,0,0,0,0,0,0,0,0,0,0,0,0,0,0,0,0,0,8,79,255,180,136,45,12,0,0,0,0,0,0,0,0,0,0,0,0,0,0,0,0,0,0,0,0,0,178,253,253,253,253,253,216,102,34,0,0,0,0,0,0,0,0,0,0,0,0,0,0,0,0,0,0,19,231,253,253,253,253,253,253,253,249,97,0,0,0,0,0,0,0,0,0,0,0,0,0,0,0,0,0,177,253,253,247,108,92,182,209,253,253,246,66,0,0,0,0,0,0,0,0,0,0,0,0,0,0,0,0,165,253,253,230,0,0,0,51,243,253,253,88,0,0,0,0,0,0,0,0,0,0,0,0,0,0,0,0,52,241,253,251,84,0,0,144,253,253,241,51,0,0,0,0,0,0,0,0,0,0,0,0,0,0,0,0,0,110,250,253,152,4,133,252,253,253,163,0,0,0,0,0,0,0,0,0,0,0,0,0,0,0,0,0,0,0,114,253,253,201,253,253,253,230,0,0,0,0,0,0,0,0,0,0,0,0,0,0,0,0,0,0,0,0,6,253,253,253,253,253,235,48,0,0,0,0,0,0,0,0,0,0,0,0,0,0,0,0,0,0,0,0,6,253,253,253,253,231,53,0,0,0,0,0,0,0,0,0,0,0,0,0,0,0,0,0,0,0,0,0,78,253,253,253,253,68,0,0,0,0,0,0,0,0,0,0,0,0,0,0,0,0,0,0,0,0,0,90,252,253,253,253,144,7,0,0,0,0,0,0,0,0,0,0,0,0,0,0,0,0,0,0,0,0,93,227,253,253,253,253,166,0,0,0,0,0,0,0,0,0,0,0,0,0,0,0,0,0,0,0,0,0,207,253,253,253,253,253,176,0,0,0,0,0,0,0,0,0,0,0,0,0,0,0,0,0,0,0,0,0,207,253,253,226,185,253,221,24,0,0,0,0,0,0,0,0,0,0,0,0,0,0,0,0,0,0,0,0,207,253,249,39,120,253,253,41,0,0,0,0,0,0,0,0,0,0,0,0,0,0,0,0,0,0,0,0,207,253,247,7,184,253,253,41,0,0,0,0,0,0,0,0,0,0,0,0,0,0,0,0,0,0,0,0,85,244,252,206,253,253,228,28,0,0,0,0,0,0,0,0,0,0,0,0,0,0,0,0,0,0,0,0,0,178,253,253,253,253,176,0,0,0,0,0,0,0,0,0,0,0,0,0,0,0,0,0,0,0,0,0,0,57,137,253,253,226,39,0,0,0,0,0,0,0,0,0,0,0,0,0,0,0,0,0,0,0,0,0,0,0,0,0,0,0,0,0,0,0,0,0,0,0,0,0,0,0,0,0,0,0,0,0,0,0,0,0,0,0,0,0,0,0,0,0,0,0,0,0,0,0,0,0,0,0,0,0,0,0,0,0,0,0,0,0,0,0,0,0,0,0,0,0,0,0,0,0,0,0,0,0,0,0
0,0,0,0,0,0,0,0,0,0,0,0,0,0,0,0,0,0,0,0,0,0,0,0,0,0,0,0,0,0,0,0,0,0,0,0,0,0,0,0,0,0,0,0,0,0,0,0,0,0,0,0,0,0,0,0,0,0,0,0,0,0,0,0,0,0,0,0,0,0,0,0,0,0,0,0,0,0,0,0,0,0,0,0,0,0,0,0,0,0,0,0,0,0,0,0,0,0,0,0,0,0,0,0,0,0,0,0,0,0,0,0,0,0,0,0,0,0,0,0,0,0,0,0,0,41,113,152,152,233,254,213,152,51,0,0,0,0,0,0,0,0,0,0,0,0,0,0,0,0,0,0,102,223,253,252,253,252,253,252,253,232,82,0,0,0,0,0,0,0,0,0,0,0,0,0,0,0,11,173,254,253,254,233,102,102,102,102,163,243,234,30,0,0,0,0,0,0,0,0,0,0,0,0,0,0,173,252,253,252,131,30,0,0,0,0,0,122,253,131,0,0,0,0,0,0,0,0,0,0,0,0,0,82,254,253,224,81,0,0,0,0,0,0,0,41,255,253,0,0,0,0,0,0,0,0,0,0,0,0,21,223,253,252,20,0,0,0,0,0,0,0,0,0,213,252,0,0,0,0,0,0,0,0,0,0,0,0,152,253,254,172,0,0,0,0,0,0,0,0,0,0,92,253,0,0,0,0,0,0,0,0,0,0,0,0,152,252,233,30,0,0,0,0,0,0,0,0,0,0,51,252,0,0,0,0,0,0,0,0,0,0,0,0,152,253,203,0,0,0,0,0,0,0,0,0,0,0,52,253,0,0,0,0,0,0,0,0,0,0,0,0,152,252,203,0,0,0,0,0,0,0,0,0,0,0,51,252,82,0,0,0,0,0,0,0,0,0,0,0,152,253,214,10,0,0,0,0,0,0,0,0,0,0,52,253,102,0,0,0,0,0,0,0,0,0,0,0,152,252,253,172,0,0,0,0,0,0,0,0,0,0,51,252,102,0,0,0,0,0,0,0,0,0,0,21,254,253,254,253,152,152,21,0,0,0,0,0,0,0,153,253,0,0,0,0,0,0,0,0,0,0,0,142,253,252,112,232,253,252,223,162,82,0,0,0,0,0,233,252,0,0,0,0,0,0,0,0,0,0,0,183,254,172,0,0,102,183,203,203,183,61,0,0,0,123,254,233,0,0,0,0,0,0,0,0,0,0,0,102,253,252,123,0,0,0,0,0,0,0,0,0,21,223,253,111,0,0,0,0,0,0,0,0,0,0,0,0,234,253,255,172,52,10,0,0,0,0,0,41,173,253,203,0,0,0,0,0,0,0,0,0,0,0,0,0,92,192,253,252,253,212,203,162,102,102,203,243,253,252,81,0,0,0,0,0,0,0,0,0,0,0,0,0,0,0,82,243,254,253,254,253,254,253,254,253,203,122,0,0,0,0,0,0,0,0,0,0,0,0,0,0,0,0,0,40,112,151,172,212,253,212,50,50,0,0,0,0,0,0,0,0,0,0,0,0,0,0,0,0,0,0,0,0,0,0,0,0,0,0,0,0,0,0,0,0,0,0,0,0,0,0,0,0,0,0,0,0,0,0,0,0,0,0,0,0,0,0,0,0,0,0,0,0,0,0,0,0,0,0,0,0,0,0,0,0,0,0,0,0,0,0,0,0,0,0,0,0,0,0,0,0,0,0,0,0,0,0,0,0,0,0,0,0,0,0,0,0,0,0,0,0,0,0,0,0,0,0,0,0,0,0,0,0,0
0,0,0,0,0,0,0,0,0,0,0,0,0,0,0,0,0,0,0,0,0,0,0,0,0,0,0,0,0,0,0,0,0,0,0,0,0,0,0,0,0,0,0,0,0,0,0,0,0,0,0,0,0,0,0,0,0,0,0,0,0,0,0,0,0,0,0,0,0,0,0,0,0,0,0,0,0,0,0,0,0,0,0,0,0,0,0,0,0,0,0,0,0,0,0,0,0,0,0,0,0,0,0,0,0,0,0,0,0,0,0,0,0,0,0,0,0,0,0,0,0,0,0,18,181,106,91,143,255,254,124,0,0,0,0,0,0,0,0,0,0,0,0,0,0,0,0,0,0,3,97,195,253,253,253,253,253,253,246,107,4,0,0,0,0,0,0,0,0,0,0,0,0,0,0,0,0,103,253,253,253,253,253,218,146,188,253,253,48,0,0,0,0,0,0,0,0,0,0,0,0,0,0,0,84,241,253,246,129,205,119,38,0,22,203,253,181,16,0,0,0,0,0,0,0,0,0,0,0,0,0,0,107,253,253,203,0,0,0,0,0,0,110,253,253,122,0,0,0,0,0,0,0,0,0,0,0,0,0,46,230,253,229,58,0,0,0,0,0,0,20,226,253,232,27,0,0,0,0,0,0,0,0,0,0,0,50,220,253,253,129,0,0,0,0,0,0,0,0,52,227,253,123,0,0,0,0,0,0,0,0,0,0,0,91,253,253,244,97,0,0,0,0,0,0,0,0,0,205,253,248,96,0,0,0,0,0,0,0,0,0,0,91,253,253,220,0,0,0,0,0,0,0,0,0,0,105,253,253,196,10,0,0,0,0,0,0,0,0,0,91,253,253,220,0,0,0,0,0,0,0,0,0,0,2,134,253,253,69,0,0,0,0,0,0,0,0,0,91,253,253,220,0,0,0,0,0,0,0,0,0,0,0,42,232,253,179,0,0,0,0,0,0,0,0,0,91,253,253,220,0,0,0,0,0,0,0,0,0,0,0,0,222,253,179,0,0,0,0,0,0,0,0,0,23,199,253,223,13,0,0,0,0,0,0,0,0,0,0,0,222,253,179,0,0,0,0,0,0,0,0,0,0,107,253,253,129,0,0,0,0,0,0,0,0,0,0,0,222,253,179,0,0,0,0,0,0,0,0,0,0,4,134,253,230,67,19,0,0,0,0,0,0,0,0,107,247,253,152,0,0,0,0,0,0,0,0,0,0,0,107,253,253,253,186,131,51,0,0,0,0,0,107,194,253,253,15,0,0,0,0,0,0,0,0,0,0,0,14,166,253,253,253,253,234,62,56,0,43,58,216,253,253,253,15,0,0,0,0,0,0,0,0,0,0,0,0,14,177,253,253,253,253,253,249,148,226,253,253,253,253,166,7,0,0,0,0,0,0,0,0,0,0,0,0,0,8,47,179,246,253,253,253,253,253,253,253,214,36,7,0,0,0,0,0,0,0,0,0,0,0,0,0,0,0,0,0,81,89,249,253,253,253,253,120,43,0,0,0,0,0,0,0,0,0,0,0,0,0,0,0,0,0,0,0,0,0,0,0,0,0,0,0,0,0,0,0,0,0,0,0,0,0,0,0,0,0,0,0,0,0,0,0,0,0,0,0,0,0,0,0,0,0,0,0,0,0,0,0,0,0,0,0,0,0,0,0,0,0,0,0,0,0,0,0,0,0,0,0,0,0,0,0,0,0,0,0,0,0,0,0,0,0,0,0,0,0,0,0,0,0,0,0,0,0,0,0,0,0,0,0,0,0,0,0
5,0,0,0,0,0,0,0,0,0,0,0,0,0,0,0,0,0,0,0,0,0,0,0,0,0,0,0,0,0,0,0,0,0,0,0,0,0,0,0,0,0,0,0,0,0,0,0,0,0,0,0,0,0,0,0,0,0,0,0,0,0,0,0,0,0,0,0,0,0,0,0,0,0,0,0,0,0,0,0,0,0,0,0,0,0,0,0,0,0,0,0,0,0,0,0,0,0,0,0,0,0,0,0,0,0,0,0,0,0,0,0,0,0,0,0,0,0,0,0,0,0,0,0,0,0,135,253,253,255,253,133,0,0,0,0,0,0,0,0,0,0,0,0,0,0,0,0,0,0,0,0,0,218,247,252,252,253,252,247,217,42,0,0,0,0,0,0,0,0,0,0,0,0,0,0,0,0,0,6,120,253,252,252,252,253,252,252,252,222,25,0,0,0,0,0,0,0,0,0,0,0,0,0,0,0,1,120,252,253,252,252,252,253,252,252,252,253,35,0,0,0,0,0,0,0,0,0,0,0,0,0,0,0,134,252,252,253,252,236,143,144,143,205,143,144,20,0,0,0,0,0,0,0,0,0,0,0,0,0,1,134,247,252,252,253,252,215,0,0,0,20,0,0,0,0,0,0,0,0,0,0,0,0,0,0,0,0,1,252,252,252,252,253,241,102,0,0,0,0,0,0,0,0,0,0,0,0,0,0,0,0,0,0,0,0,84,252,252,252,252,253,97,0,0,0,0,0,0,0,0,0,0,0,0,0,0,0,0,0,0,0,0,0,145,253,253,253,253,255,98,0,0,0,0,0,0,0,0,0,0,0,0,0,0,0,0,0,0,0,0,0,20,252,252,252,252,253,242,196,31,0,0,0,0,0,0,0,0,0,0,0,0,0,0,0,0,0,0,0,1,133,247,252,252,253,252,252,211,182,25,0,0,0,0,0,0,0,0,0,0,0,0,0,0,0,0,0,0,0,93,211,252,253,252,252,252,253,159,41,0,0,0,0,0,0,0,0,0,0,0,0,0,0,0,0,0,0,0,0,0,192,253,253,253,255,253,232,47,0,0,0,0,0,0,0,0,0,0,0,0,0,0,0,0,0,0,0,0,15,77,231,252,253,252,252,232,0,0,0,0,0,0,0,0,0,0,0,0,0,0,0,0,0,0,0,0,0,0,51,175,253,252,252,252,105,0,0,0,0,0,0,0,0,0,0,0,0,0,0,0,0,0,0,0,0,0,0,62,253,252,252,252,144,0,0,0,0,0,0,0,0,0,0,0,0,0,37,253,253,128,109,109,110,109,109,191,255,253,253,253,84,0,0,0,0,0,0,0,0,0,0,0,0,0,26,221,252,252,252,252,253,252,252,252,253,252,252,252,0,0,0,0,0,0,0,0,0,0,0,0,0,0,0,41,231,252,252,252,253,252,252,252,253,252,205,71,0,0,0,0,0,0,0,0,0,0,0,0,0,0,0,0,47,108,211,252,253,252,252,252,253,128,31,0,0,0,0,0,0,0,0,0,0,0,0,0,0,0,0,0,0,0,0,0,0,0,0,0,0,0,0,0,0,0,0,0,0,0,0,0,0,0,0,0,0,0,0,0,0,0,0,0,0,0,0,0,0,0,0,0,0,0,0,0,0,0,0,0,0,0,0,0,0,0,0,0,0,0,0,0,0,0,0,0,0,0,0,0,0,0,0,0,0,0,0,0,0,0,0,0,0,0,0,0,0,0,0,0,0,0,0,0,0,0,0,0,0,0,0,0,0,0,0,0
3,0,0,0,0,0,0,0,0,0,0,0,0,0,0,0,0,0,0,0,0,0,0,0,0,0,0,0,0,0,0,0,0,0,0,0,0,0,0,0,0,0,0,0,0,0,0,0,0,0,0,0,0,0,0,0,0,0,0,0,0,0,0,0,0,0,0,0,0,0,0,0,0,0,0,0,0,0,0,0,0,0,0,0,0,0,0,0,0,0,0,0,0,0,0,0,0,0,0,0,0,0,0,0,0,0,0,0,0,0,0,0,0,0,0,0,0,0,0,0,0,0,0,0,0,0,0,0,0,0,0,0,0,0,0,0,0,0,0,0,0,0,0,0,0,0,0,0,0,0,0,0,0,0,0,0,0,0,0,0,0,0,0,0,0,0,0,0,0,0,0,0,0,0,0,0,0,0,0,0,0,11,82,159,254,120,2,0,0,0,0,0,0,0,0,0,0,0,0,0,0,0,0,0,0,0,0,0,61,200,253,254,253,253,40,0,0,0,0,0,0,0,0,0,0,0,0,0,0,0,0,0,0,0,35,153,237,253,253,254,253,253,121,0,0,0,0,0,0,0,0,0,0,0,0,0,0,0,0,0,2,95,223,253,253,247,183,138,253,253,15,0,0,0,0,0,0,0,0,0,0,0,0,0,0,0,0,0,120,253,253,251,198,90,0,58,253,232,8,0,0,0,0,0,0,0,0,0,0,0,0,0,0,0,0,35,247,253,184,52,0,0,0,144,253,116,47,89,89,8,0,0,0,0,0,0,0,0,0,0,0,0,0,9,244,251,157,0,0,0,5,245,253,187,243,253,253,128,0,0,0,0,0,0,0,0,0,0,0,0,0,0,95,78,0,0,0,14,184,254,253,253,253,253,253,242,0,0,0,0,0,0,0,0,0,0,0,0,0,0,0,0,0,0,0,159,253,254,253,223,119,107,253,242,0,0,0,0,0,0,0,0,0,0,0,0,0,0,0,0,0,0,88,245,253,254,176,39,0,56,253,242,0,0,0,0,0,0,0,0,0,0,0,0,0,0,0,0,0,26,254,254,240,145,0,0,0,167,254,243,0,0,0,0,0,0,0,0,0,0,0,0,0,0,0,0,24,204,253,233,106,0,0,0,6,189,253,165,0,0,0,0,0,0,0,0,0,0,0,0,0,0,0,0,89,253,253,132,0,0,0,0,115,253,253,40,0,0,0,0,0,0,0,0,0,0,0,0,0,0,0,0,43,217,121,32,0,0,0,9,192,253,246,20,0,0,0,0,0,0,0,0,0,0,0,0,0,0,0,0,0,0,0,0,0,0,0,172,253,217,57,0,0,0,0,0,0,0,0,0,0,0,0,0,0,0,0,0,0,0,0,0,0,12,118,244,253,159,0,0,0,0,0,0,0,0,0,0,0,0,0,0,0,0,0,0,0,0,0,0,5,139,253,253,128,8,0,0,0,0,0,0,0,0,0,0,0,0,0,0,0,0,0,0,0,0,0,14,184,255,253,173,4,0,0,0,0,0,0,0,0,0,0,0,0,0,0,0,0,0,0,0,0,0,0,112,253,244,147,12,0,0,0,0,0,0,0,0,0,0,0,0,0,0,0,0,0,0,0,0,0,0,0,140,253,173,0,0,0,0,0,0,0,0,0,0,0,0,0,0,0,0,0,0,0,0,0,0,0,0,0,0,0,0,0,0,0,0,0,0,0,0,0,0,0,0,0,0,0,0,0,0,0,0,0,0,0,0,0,0,0,0,0,0,0,0,0,0,0,0,0,0,0,0,0
7,0,0,0,0,0,0,0,0,0,0,0,0,0,0,0,0,0,0,0,0,0,0,0,0,0,0,0,0,0,0,0,0,0,0,0,0,0,0,0,0,0,0,0,0,0,0,0,0,0,0,0,0,0,0,0,0,0,0,0,0,0,0,0,0,0,0,0,0,0,0,0,0,0,0,0,0,0,0,0,0,0,0,0,0,0,0,0,0,0,0,0,0,0,0,0,0,0,0,0,0,0,0,0,0,0,0,0,0,0,0,0,0,0,0,0,0,0,0,0,0,0,0,0,0,0,0,0,0,0,0,0,0,0,0,0,0,0,0,0,0,0,0,0,0,0,0,0,0,0,0,0,0,0,0,0,0,0,0,0,0,0,0,0,0,0,0,0,0,0,0,0,0,0,0,0,0,0,0,0,0,0,0,0,0,0,0,0,0,0,0,0,0,0,0,0,0,0,0,0,0,0,0,113,255,202,174,174,174,174,174,250,254,248,71,0,0,0,0,0,0,0,0,0,0,0,0,0,0,0,0,17,117,174,205,248,234,229,209,148,152,254,140,0,0,0,0,0,0,0,0,0,0,0,0,0,0,0,0,0,0,0,0,42,12,0,0,0,46,254,140,0,0,0,0,0,0,0,0,0,0,0,0,0,0,0,0,0,0,0,0,0,0,0,0,0,130,254,126,0,0,0,0,0,0,0,0,0,0,0,0,0,0,0,0,0,0,0,0,0,0,0,0,0,240,236,8,0,0,0,0,0,0,0,0,0,0,0,0,0,0,0,0,0,0,0,0,0,0,0,0,0,250,210,0,0,0,0,0,0,0,0,0,0,0,0,0,0,0,0,0,0,0,0,0,0,0,0,0,25,251,126,0,0,0,0,0,0,0,0,0,0,0,0,0,0,0,0,0,0,0,0,0,0,0,0,0,30,252,124,0,0,0,0,0,0,0,0,0,0,0,0,0,0,0,0,0,0,0,0,0,0,0,0,0,103,253,65,0,0,0,0,0,0,0,0,0,0,0,0,0,0,0,0,0,0,0,0,0,0,0,0,0,180,246,0,0,0,0,0,0,0,0,0,0,0,0,0,0,0,0,0,0,0,0,0,0,0,0,0,0,238,203,0,0,0,0,0,0,0,0,0,0,0,0,0,0,0,0,0,0,0,0,0,0,0,0,0,0,238,165,0,0,0,0,0,0,0,0,0,0,0,0,0,0,0,0,0,0,0,0,0,0,0,0,0,20,243,165,0,0,0,0,0,0,0,0,0,0,0,0,0,0,0,0,0,0,0,0,0,0,0,0,0,68,254,57,0,0,0,0,0,0,0,0,0,0,0,0,0,0,0,0,0,0,0,0,0,0,0,0,0,145,254,4,0,0,0,0,0,0,0,0,0,0,0,0,0,0,0,0,0,0,0,0,0,0,0,0,0,145,254,4,0,0,0,0,0,0,0,0,0,0,0,0,0,0,0,0,0,0,0,0,0,0,0,0,0,211,254,4,0,0,0,0,0,0,0,0,0,0,0,0,0,0,0,0,0,0,0,0,0,0,0,0,0,226,254,22,0,0,0,0,0,0,0,0,0,0,0,0,0,0,0,0,0,0,0,0,0,0,0,0,0,226,254,37,0,0,0,0,0,0,0,0,0,0,0,0,0,0,0,0,0,0,0,0,0,0,0,0,0,124,153,2,0,0,0,0,0,0,0,0,0,0,0,0,0,0,0,0,0,0,0,0,0,0,0,0,0,0,0,0,0,0,0,0,0,0,0,0,0,0,0,0
3,0,0,0,0,0,0,0,0,0,0,0,0,0,0,0,0,0,0,0,0,0,0,0,0,0,0,0,0,0,0,0,0,0,0,0,0,0,0,0,0,0,0,0,0,0,0,0,0,0,0,0,0,0,0,0,0,0,0,0,0,0,0,0,0,0,0,0,0,0,0,0,0,0,0,0,0,0,0,0,0,0,0,0,0,0,0,0,0,0,0,0,0,0,0,0,0,0,0,0,0,0,0,0,0,0,0,0,0,0,0,0,0,0,0,0,0,0,0,0,0,0,0,0,0,0,0,0,0,0,0,0,0,0,0,0,0,0,0,0,0,0,0,0,0,0,0,0,0,0,0,0,0,0,0,0,0,0,0,0,0,0,0,0,0,0,0,0,0,0,0,0,0,0,0,0,0,0,0,0,0,0,0,0,0,0,0,0,0,0,0,0,0,0,0,0,0,0,0,0,0,0,8,63,49,54,96,158,158,226,255,254,254,254,214,158,158,158,133,55,0,0,0,0,0,0,0,0,0,0,102,254,246,249,254,254,254,254,254,254,254,254,254,254,254,254,254,249,102,0,0,0,0,0,0,0,0,0,8,170,254,254,254,254,254,254,254,254,254,254,254,254,254,254,254,254,124,0,0,0,0,0,0,0,0,0,0,2,4,41,41,41,4,4,114,243,254,254,254,254,254,252,196,62,1,0,0,0,0,0,0,0,0,0,0,0,0,0,0,0,0,0,0,31,104,254,254,254,235,95,0,0,0,0,0,0,0,0,0,0,0,0,0,0,0,0,0,0,0,0,0,5,173,254,254,229,70,0,0,0,0,0,0,0,0,0,0,0,0,0,0,0,0,0,0,0,0,0,11,173,254,254,168,7,0,0,0,0,0,0,0,0,0,0,0,0,0,0,0,0,0,0,0,0,0,0,92,254,254,174,9,0,0,0,0,0,0,0,0,0,0,0,0,0,0,0,0,0,0,0,0,0,0,0,77,254,254,115,0,0,0,0,0,0,0,0,0,0,0,0,0,0,0,0,0,0,0,0,0,0,0,0,21,209,254,115,0,0,0,0,0,0,0,0,0,0,0,0,0,0,0,0,0,0,0,0,0,0,0,0,0,68,249,228,163,15,2,0,0,0,0,0,0,0,0,0,0,0,0,0,0,0,0,0,0,0,0,0,0,0,56,146,254,254,165,18,0,0,0,0,0,0,0,0,0,0,0,0,0,0,0,0,0,0,0,0,0,0,0,4,117,254,254,146,0,0,0,0,0,0,0,0,0,0,0,0,0,0,0,0,0,0,0,0,0,0,0,59,204,254,238,53,0,0,0,0,0,0,0,0,0,0,0,0,0,0,0,0,0,0,0,0,0,5,45,208,254,233,118,0,0,0,0,0,0,0,0,0,0,0,0,0,0,0,0,0,0,0,0,0,55,214,245,254,234,49,0,0,0,0,0,0,0,0,0,0,0,0,0,0,0,0,0,0,2,62,144,197,251,254,250,143,34,0,0,0,0,0,0,0,0,0,0,0,0,0,0,68,68,42,68,113,194,254,254,254,190,109,29,0,0,0,0,0,0,0,0,0,0,0,0,0,0,0,0,193,254,243,254,254,254,247,169,28,2,0,0,0,0,0,0,0,0,0,0,0,0,0,0,0,0,0,0,16,62,132,194,157,157,53,0,0,0,0,0,0,0,0,0,0,0,0,0,0,0,0,0,0,0,0,0,0,0,0,0,0,0,0,0,0,0,0,0,0,0,0,0,0,0,0,0,0,0,0,0
0,0,0,0,0,0,0,0,0,0,0,0,0,0,0,0,0,0,0,0,0,0,0,0,0,0,0,0,0,0,0,0,0,0,0,0,0,0,0,0,0,0,0,0,0,0,0,0,0,0,0,0,0,0,0,0,0,0,0,0,0,0,0,0,0,0,0,0,0,0,0,0,0,0,0,0,0,0,0,0,0,0,0,0,0,0,0,0,0,0,0,0,0,0,0,0,0,0,0,0,0,0,0,0,0,0,0,0,0,0,0,0,0,0,0,0,0,0,0,0,0,0,0,0,0,0,0,0,0,0,0,0,0,0,0,0,0,0,0,0,0,0,0,0,0,0,0,0,0,0,0,0,0,29,114,198,255,226,86,0,0,0,0,0,0,0,0,0,0,0,0,0,0,0,0,0,0,0,0,0,29,226,255,255,255,255,198,0,0,0,0,0,0,0,0,0,0,0,0,0,0,0,0,0,0,0,0,57,226,255,226,86,0,29,255,114,0,0,0,0,0,0,0,0,0,0,0,0,0,0,0,0,0,0,0,141,255,255,86,0,0,0,198,170,0,0,0,0,0,0,0,0,0,0,0,0,0,0,0,0,0,0,57,255,170,57,0,0,0,0,114,170,0,0,0,0,0,0,0,0,0,0,0,0,0,0,0,0,0,0,86,255,29,0,0,0,0,0,86,198,0,0,0,0,0,0,0,0,0,0,0,0,0,0,0,0,0,0,141,170,0,0,0,0,0,0,86,255,0,0,0,0,0,0,0,0,0,0,0,0,0,0,0,0,0,0,198,141,0,0,0,0,0,0,86,255,0,0,0,0,0,0,0,0,0,0,0,0,0,0,0,0,0,29,255,141,0,0,0,0,0,0,86,255,86,0,0,0,0,0,0,0,0,0,0,0,0,0,0,0,0,86,255,114,0,0,0,0,0,0,57,255,57,0,0,0,0,0,0,0,0,0,0,0,0,0,0,0,0,0,255,86,0,0,0,0,0,0,86,255,29,0,0,0,0,0,0,0,0,0,0,0,0,0,0,0,0,0,198,114,0,0,0,0,0,0,86,255,86,0,0,0,0,0,0,0,0,0,0,0,0,0,0,0,0,0,170,170,0,0,0,0,0,0,86,255,57,0,0,0,0,0,0,0,0,0,0,0,0,0,0,0,0,0,141,170,0,0,0,0,0,0,86,255,0,0,0,0,0,0,0,0,0,0,0,0,0,0,0,0,0,0,86,255,29,0,0,0,0,0,114,226,0,0,0,0,0,0,0,0,0,0,0,0,0,0,0,0,0,0,0,198,141,0,0,0,0,0,226,170,0,0,0,0,0,0,0,0,0,0,0,0,0,0,0,0,0,0,0,57,226,57,0,0,0,57,255,198,0,0,0,0,0,0,0,0,0,0,0,0,0,0,0,0,0,0,0,0,86,255,141,0,0,86,255,226,0,0,0,0,0,0,0,0,0,0,0,0,0,0,0,0,0,0,0,0,0,114,255,255,170,226,255,29,0,0,0,0,0,0,0,0,0,0,0,0,0,0,0,0,0,0,0,0,0,0,57,170,170,255,114,0,0,0,0,0,0,0,0,0,0,0,0,0,0,0,0,0,0,0,0,0,0,0,0,0,0,0,0,0,0,0,0,0,0,0,0,0,0,0,0,0,0,0,0,0,0,0,0,0,0,0,0,0,0,0,0,0,0,0,0,0,0,0,0,0,0,0,0,0,0,0,0,0,0,0,0,0,0,0,0,0,0,0,0,0,0,0,0,0,0,0,0,0,0
8,0,0,0,0,0,0,0,0,0,0,0,0,0,0,0,0,0,0,0,0,0,0,0,0,0,0,0,0,0,0,0,0,0,0,0,0,0,0,0,0,0,0,0,0,0,0,0,0,0,0,0,0,0,0,0,0,0,0,0,0,0,0,0,0,0,0,0,0,0,0,0,0,0,0,0,0,0,0,0,0,0,0,0,0,0,0,0,0,0,0,0,0,0,0,0,0,0,0,0,0,0,0,0,0,0,0,0,0,0,0,0,0,0,0,0,0,0,0,0,0,0,0,0,0,0,0,0,0,0,0,0,0,0,0,0,0,0,0,0,0,0,0,0,0,0,0,0,0,0,0,0,0,0,103,125,157,254,254,255,234,125,125,51,0,0,0,0,0,0,0,0,0,0,0,0,0,0,0,46,118,228,252,253,253,253,253,253,253,253,253,240,51,0,0,0,0,0,0,0,0,0,0,0,0,0,104,233,253,253,253,253,253,253,253,253,253,253,253,253,110,0,0,0,0,0,0,0,0,0,0,0,0,104,252,253,253,253,221,113,120,119,19,19,19,49,253,245,65,0,0,0,0,0,0,0,0,0,0,0,0,112,253,253,253,220,41,0,0,0,0,0,66,185,253,117,0,0,0,0,0,0,0,0,0,0,0,0,0,112,253,253,253,102,0,0,0,0,19,92,200,253,244,67,0,0,0,0,0,0,0,0,0,0,0,0,0,74,203,253,253,240,108,18,0,64,187,253,253,225,35,0,0,0,0,0,0,0,0,0,0,0,0,0,0,0,19,192,253,253,253,218,209,242,253,253,180,39,0,0,0,0,0,0,0,0,0,0,0,0,0,0,0,0,0,20,51,162,241,253,253,253,253,180,17,0,0,0,0,0,0,0,0,0,0,0,0,0,0,0,0,0,0,0,0,22,220,253,253,253,253,178,0,0,0,0,0,0,0,0,0,0,0,0,0,0,0,0,0,0,0,0,0,116,253,253,253,253,253,207,0,0,0,0,0,0,0,0,0,0,0,0,0,0,0,0,0,0,0,0,67,243,253,201,85,220,253,207,0,0,0,0,0,0,0,0,0,0,0,0,0,0,0,0,0,0,0,0,116,253,175,56,89,253,253,207,0,0,0,0,0,0,0,0,0,0,0,0,0,0,0,0,0,0,17,157,243,176,15,49,234,253,245,109,0,0,0,0,0,0,0,0,0,0,0,0,0,0,0,0,0,15,191,253,241,34,0,89,253,253,201,0,0,0,0,0,0,0,0,0,0,0,0,0,0,0,0,0,0,112,253,253,162,0,63,234,253,253,187,0,0,0,0,0,0,0,0,0,0,0,0,0,0,0,0,0,0,112,253,253,169,20,212,253,253,208,29,0,0,0,0,0,0,0,0,0,0,0,0,0,0,0,0,0,0,112,253,253,253,253,253,253,253,65,0,0,0,0,0,0,0,0,0,0,0,0,0,0,0,0,0,0,0,109,253,253,253,253,253,253,218,30,0,0,0,0,0,0,0,0,0,0,0,0,0,0,0,0,0,0,0,0,115,240,206,166,253,216,92,0,0,0,0,0,0,0,0,0,0,0,0,0,0,0,0,0,0,0,0,0,0,0,0,0,0,0,0,0,0,0,0,0,0,0,0,0,0,0,0,0,0,0,0,0,0,0,0,0,0,0,0,0,0,0,0,0,0,0,0,0,0,0,0,0,0,0,0,0,0,0,0,0,0,0,0,0,0,0,0,0,0,0,0,0,0,0,0,0,0,0,0,0,0,0,0
2,0,0,0,0,0,0,0,0,0,0,0,0,0,0,0,0,0,0,0,0,0,0,0,0,0,0,0,0,0,0,0,0,0,0,0,0,0,0,0,0,0,0,0,0,0,0,0,0,0,0,0,0,0,0,0,0,0,0,0,0,0,0,0,0,0,0,0,0,0,0,0,0,0,0,0,0,0,0,0,0,0,0,0,0,0,0,0,0,0,0,0,0,0,0,0,0,0,0,11,51,214,253,254,253,163,0,0,0,0,0,0,0,0,0,0,0,0,0,0,0,0,0,0,0,0,82,173,252,253,252,253,252,243,81,0,0,0,0,0,0,0,0,0,0,0,0,0,0,0,0,0,41,173,253,254,253,254,172,102,223,254,253,0,0,0,0,0,0,0,0,0,0,0,0,0,0,0,0,123,243,253,252,253,252,131,10,0,122,253,252,0,0,0,0,0,0,0,0,0,0,0,0,0,0,0,123,254,253,254,233,123,0,0,0,0,102,254,253,0,0,0,0,0,0,0,0,0,0,0,0,0,0,0,162,253,252,131,30,0,0,0,0,0,102,253,252,0,0,0,0,0,0,0,0,0,0,0,0,0,0,0,41,102,20,0,0,0,0,0,0,0,163,254,253,0,0,0,0,0,0,0,0,0,0,0,0,0,0,0,0,0,0,0,0,0,0,0,0,82,243,253,171,0,0,0,0,0,0,0,0,0,0,0,0,0,0,0,0,0,0,0,0,0,0,0,0,173,253,224,20,0,0,0,0,0,0,0,0,0,0,0,0,0,0,0,0,0,0,0,0,0,0,0,163,253,252,122,0,0,0,0,0,0,0,0,0,0,0,0,0,0,0,0,0,0,0,0,0,0,0,132,253,254,192,0,0,0,0,0,0,0,0,0,0,0,0,0,0,0,0,0,0,0,82,102,102,102,102,253,252,233,50,0,0,0,0,0,0,0,0,0,0,0,0,0,0,0,0,11,132,254,253,254,253,254,253,254,253,173,31,0,0,0,0,0,0,0,0,0,0,0,0,0,0,0,82,173,252,253,252,253,252,253,252,253,252,253,232,123,0,0,0,0,0,0,0,0,0,0,0,0,41,214,253,244,203,102,122,214,253,254,233,214,253,254,253,254,172,0,0,0,0,0,0,0,0,0,0,21,223,253,252,81,0,21,203,253,252,172,30,10,131,213,252,253,252,123,0,0,0,0,0,0,0,0,0,113,253,254,151,31,92,254,253,254,172,0,0,0,0,0,41,234,253,255,50,0,0,0,0,0,0,0,0,152,252,253,232,233,252,253,212,91,10,0,0,0,0,0,0,71,252,253,50,0,0,0,0,0,0,0,0,92,253,254,253,254,233,82,0,0,0,0,0,0,0,0,0,52,253,255,50,0,0,0,0,0,0,0,0,10,131,253,212,131,30,0,0,0,0,0,0,0,0,0,0,10,172,233,30,0,0,0,0,0,0,0,0,0,0,0,0,0,0,0,0,0,0,0,0,0,0,0,0,0,0,0,0,0,0,0,0,0,0,0,0,0,0,0,0,0,0,0,0,0,0,0,0,0,0,0,0,0,0,0,0,0,0,0,0,0,0,0,0,0,0,0,0,0,0,0,0,0,0,0,0,0,0,0,0,0,0,0,0,0,0,0,0,0,0,0,0,0,0,0,0,0,0,0,0,0,0,0,0,0,0,0,0,0,0,0,0,0,0,0,0,0,0,0,0,0,0,0,0,0,0,0,0,0,0,0,0,0,0,0,0,0,0,0,0,0,0,0,0
2,0,0,0,0,0,0,0,0,0,0,0,0,0,0,0,0,0,0,0,0,0,0,0,0,0,0,0,0,0,0,0,0,0,0,0,0,0,0,0,0,0,0,0,0,0,0,0,0,0,0,0,0,0,0,0,0,0,0,0,0,0,0,0,0,0,0,0,0,0,0,0,0,0,0,0,0,0,0,0,0,0,0,0,0,0,0,0,0,0,0,0,0,0,0,0,0,0,0,0,0,0,0,0,0,0,0,0,0,0,0,0,0,0,0,0,0,0,0,0,0,0,0,0,5,174,254,140,254,254,254,138,3,0,0,0,0,0,0,0,0,0,0,0,0,0,0,0,0,0,0,9,170,253,253,254,253,253,253,253,136,5,0,0,0,0,0,0,0,0,0,0,0,0,0,0,0,0,0,160,253,253,253,254,253,253,253,253,253,135,6,0,0,0,0,0,0,0,0,0,0,0,0,0,0,0,49,238,253,253,253,206,205,212,253,253,253,253,36,0,0,0,0,0,0,0,0,0,0,0,0,0,0,0,73,253,253,227,134,0,0,11,95,236,253,253,36,0,0,0,0,0,0,0,0,0,0,0,0,0,0,0,73,253,191,45,0,0,0,0,0,182,253,253,36,0,0,0,0,0,0,0,0,0,0,0,0,0,0,0,14,48,7,0,0,0,0,0,0,141,253,253,36,0,0,0,0,0,0,0,0,0,0,0,0,0,0,0,0,0,0,0,0,0,0,0,0,165,253,253,36,0,0,0,0,0,0,0,0,0,0,0,0,0,0,0,0,0,0,0,0,0,0,0,0,182,253,253,36,0,0,0,0,0,0,0,0,0,0,0,0,0,0,0,0,0,0,0,0,0,0,0,105,250,253,213,19,0,0,0,0,0,0,0,0,0,0,0,0,0,0,0,4,13,13,13,7,0,0,43,254,254,251,104,0,0,0,0,0,0,0,0,0,0,0,0,0,0,0,47,176,253,253,253,202,25,95,212,253,253,169,0,0,0,0,0,0,0,0,0,0,0,0,0,0,0,31,226,253,253,253,253,253,254,253,253,253,245,51,0,0,0,0,0,0,0,0,0,0,0,0,0,0,0,129,253,253,253,253,253,253,254,253,253,253,134,0,0,0,0,0,0,0,0,0,0,0,0,0,0,0,27,230,253,253,253,253,253,253,254,253,253,253,236,72,0,0,0,0,0,0,0,0,0,0,0,0,0,0,37,253,253,253,253,253,253,253,254,253,253,253,253,180,0,0,0,0,0,0,0,0,0,0,0,0,0,0,78,253,253,253,253,253,253,253,169,111,168,185,233,121,0,0,0,0,0,0,0,0,0,0,0,0,0,0,157,253,253,253,253,253,211,99,0,0,0,7,27,0,0,0,0,0,0,0,0,0,0,0,0,0,0,0,157,253,253,253,253,159,25,0,0,0,0,0,0,0,0,0,0,0,0,0,0,0,0,0,0,0,0,0,42,253,253,160,34,2,0,0,0,0,0,0,0,0,0,0,0,0,0,0,0,0,0,0,0,0,0,0,0,0,0,0,0,0,0,0,0,0,0,0,0,0,0,0,0,0,0,0,0,0,0,0,0,0,0,0,0,0,0,0,0,0,0,0,0,0,0,0,0,0,0,0,0,0,0,0,0,0,0,0,0,0,0,0,0,0,0,0,0,0,0,0,0,0,0,0,0,0,0,0,0,0,0,0,0,0,0,0,0,0,0,0,0,0,0,0,0,0,0,0,0,0,0,0,0,0,0,0,0,0,0,0,0,0
1,0,0,0,0,0,0,0,0,0,0,0,0,0,0,0,0,0,0,0,0,0,0,0,0,0,0,0,0,0,0,0,0,0,0,0,0,0,0,0,0,0,0,0,0,0,0,0,0,0,0,0,0,0,0,0,0,0,0,0,0,0,0,0,0,0,0,0,0,0,0,0,0,0,0,0,0,0,0,0,0,0,0,0,0,0,0,0,0,0,0,0,0,0,0,0,0,0,0,0,0,0,0,0,0,0,0,0,0,0,0,0,0,0,0,0,0,0,0,0,0,0,0,0,0,0,0,0,0,0,0,0,0,0,0,0,0,0,0,0,0,0,0,0,0,0,0,0,0,0,0,0,0,0,148,192,14,0,0,0,0,0,0,0,0,0,0,0,0,0,0,0,0,0,0,0,0,0,0,0,0,0,60,214,151,0,0,0,0,0,0,0,0,0,0,0,0,0,0,0,0,0,0,0,0,0,0,0,0,0,0,134,223,0,0,0,0,0,0,0,0,0,0,0,0,0,0,0,0,0,0,0,0,0,0,0,0,0,0,134,223,0,0,0,0,0,0,0,0,0,0,0,0,0,0,0,0,0,0,0,0,0,0,0,0,0,0,134,223,0,0,0,0,0,0,0,0,0,0,0,0,0,0,0,0,0,0,0,0,0,0,0,0,0,0,134,223,0,0,0,0,0,0,0,0,0,0,0,0,0,0,0,0,0,0,0,0,0,0,0,0,0,0,134,245,40,0,0,0,0,0,0,0,0,0,0,0,0,0,0,0,0,0,0,0,0,0,0,0,0,0,134,254,58,0,0,0,0,0,0,0,0,0,0,0,0,0,0,0,0,0,0,0,0,0,0,0,0,0,134,247,45,0,0,0,0,0,0,0,0,0,0,0,0,0,0,0,0,0,0,0,0,0,0,0,0,0,134,223,0,0,0,0,0,0,0,0,0,0,0,0,0,0,0,0,0,0,0,0,0,0,0,0,0,0,134,223,0,0,0,0,0,0,0,0,0,0,0,0,0,0,0,0,0,0,0,0,0,0,0,0,0,0,204,154,0,0,0,0,0,0,0,0,0,0,0,0,0,0,0,0,0,0,0,0,0,0,0,0,0,0,224,133,0,0,0,0,0,0,0,0,0,0,0,0,0,0,0,0,0,0,0,0,0,0,0,0,0,0,224,133,0,0,0,0,0,0,0,0,0,0,0,0,0,0,0,0,0,0,0,0,0,0,0,0,0,0,224,133,0,0,0,0,0,0,0,0,0,0,0,0,0,0,0,0,0,0,0,0,0,0,0,0,0,13,230,133,0,0,0,0,0,0,0,0,0,0,0,0,0,0,0,0,0,0,0,0,0,0,0,0,0,59,255,57,0,0,0,0,0,0,0,0,0,0,0,0,0,0,0,0,0,0,0,0,0,0,0,0,0,100,239,29,0,0,0,0,0,0,0,0,0,0,0,0,0,0,0,0,0,0,0,0,0,0,0,0,0,112,255,108,0,0,0,0,0,0,0,0,0,0,0,0,0,0,0,0,0,0,0,0,0,0,0,0,0,38,244,44,0,0,0,0,0,0,0,0,0,0,0,0,0,0,0,0,0,0,0,0,0,0,0,0,0,0,0,0,0,0,0,0,0,0,0,0,0,0,0,0,0,0,0,0,0,0,0,0,0,0,0,0,0,0,0,0,0,0,0,0,0,0,0,0,0,0,0,0,0,0,0,0,0,0,0,0,0,0,0,0,0,0,0,0,0,0,0,0,0,0,0,0,0,0,0,0
4,0,0,0,0,0,0,0,0,0,0,0,0,0,0,0,0,0,0,0,0,0,0,0,0,0,0,0,0,0,0,0,0,0,0,0,0,0,0,0,0,0,0,0,0,0,0,0,0,0,0,0,0,0,0,0,0,0,0,0,0,0,0,0,0,0,0,0,0,0,0,0,0,0,0,0,0,0,0,0,0,0,0,0,0,0,0,0,0,0,0,0,0,0,0,0,0,0,0,0,0,0,0,0,0,0,0,0,0,0,0,0,0,0,0,0,0,0,0,0,0,0,0,0,0,0,0,0,0,0,0,0,0,0,0,0,0,0,0,0,0,0,0,0,0,0,0,0,0,0,0,0,0,0,0,0,0,162,48,0,0,0,0,0,0,0,0,0,0,0,0,0,0,0,0,0,0,0,0,0,0,0,0,0,17,245,131,0,0,0,0,0,0,0,0,0,0,0,0,0,0,0,0,11,182,51,0,0,0,0,0,0,84,254,244,46,0,0,0,0,0,0,0,0,0,0,0,0,0,0,0,57,253,184,0,0,0,0,0,0,0,254,253,137,0,0,0,0,0,0,0,0,0,0,0,0,0,0,0,24,254,185,0,0,0,0,0,0,119,255,254,138,0,0,0,0,0,0,0,0,0,0,0,0,0,0,0,57,253,184,0,0,0,0,0,0,184,254,253,54,0,0,0,0,0,0,0,0,0,0,0,0,0,0,0,13,213,216,19,0,0,0,0,0,184,254,206,9,0,0,0,0,0,0,0,0,0,0,0,0,0,0,0,0,93,254,148,0,0,0,0,85,234,254,115,0,0,0,0,0,0,0,0,0,0,0,0,0,0,0,0,0,34,229,237,161,161,128,212,254,254,254,23,0,0,0,0,0,0,0,0,0,0,0,0,0,0,0,0,0,0,99,215,253,253,254,244,206,240,254,40,0,0,0,0,0,0,0,0,0,0,0,0,0,0,0,0,0,0,0,9,46,46,46,38,0,142,254,115,0,0,0,0,0,0,0,0,0,0,0,0,0,0,0,0,0,0,0,0,0,0,0,0,0,93,254,115,0,0,0,0,0,0,0,0,0,0,0,0,0,0,0,0,0,0,0,0,0,0,0,0,0,0,254,173,0,0,0,0,0,0,0,0,0,0,0,0,0,0,0,0,0,0,0,0,0,0,0,0,0,0,237,215,9,0,0,0,0,0,0,0,0,0,0,0,0,0,0,0,0,0,0,0,0,0,0,0,0,0,161,253,46,0,0,0,0,0,0,0,0,0,0,0,0,0,0,0,0,0,0,0,0,0,0,0,0,0,161,253,46,0,0,0,0,0,0,0,0,0,0,0,0,0,0,0,0,0,0,0,0,0,0,0,0,0,104,254,138,0,70,40,0,0,0,0,0,0,0,0,0,0,0,0,0,0,0,0,0,0,0,0,0,0,70,253,154,68,245,98,0,0,0,0,0,0,0,0,0,0,0,0,0,0,0,0,0,0,0,0,0,0,13,192,249,240,214,13,0,0,0,0,0,0,0,0,0,0,0,0,0,0,0,0,0,0,0,0,0,0,0,89,228,128,25,0,0,0,0,0,0,0,0,0,0,0,0,0,0,0,0,0,0,0,0,0,0,0,0,0,0,0,0,0,0,0,0,0,0,0,0,0,0,0,0,0,0,0,0,0,0,0,0,0,0,0,0,0,0,0,0,0,0,0,0,0,0,0,0,0,0,0,0,0,0,0,0,0,0,0,0,0,0,0,0,0,0,0,0,0,0,0,0,0,0,0
0,0,0,0,0,0,0,0,0,0,0,0,0,0,0,0,0,0,0,0,0,0,0,0,0,0,0,0,0,0,0,0,0,0,0,0,0,0,0,0,0,0,0,0,0,0,0,0,0,0,0,0,0,0,0,0,0,0,0,0,0,0,0,0,0,0,0,0,0,0,0,0,0,0,0,0,0,0,0,0,0,0,0,0,0,0,0,0,0,0,0,0,0,0,0,0,0,0,0,0,0,0,0,0,0,0,0,0,0,0,0,0,0,0,0,0,0,0,0,0,0,0,0,0,61,80,139,89,0,0,0,0,0,0,0,0,0,0,0,0,0,0,0,0,0,0,0,0,0,0,10,120,252,254,254,52,0,0,0,0,0,0,0,0,0,0,0,0,0,0,0,0,0,0,0,0,0,48,224,254,254,254,254,249,237,164,28,0,0,0,0,0,0,0,0,0,0,0,0,0,0,0,0,0,0,211,254,254,254,254,254,254,254,254,240,107,9,0,0,0,0,0,0,0,0,0,0,0,0,0,0,0,107,249,254,254,178,35,35,62,123,184,254,254,195,0,0,0,0,0,0,0,0,0,0,0,0,0,0,64,249,254,241,189,11,0,0,0,0,11,62,176,242,128,0,0,0,0,0,0,0,0,0,0,0,0,0,149,254,194,49,29,0,0,0,0,0,0,0,0,102,239,37,0,0,0,0,0,0,0,0,0,0,0,0,185,250,84,0,0,0,0,0,0,0,0,0,0,33,250,154,0,0,0,0,0,0,0,0,0,0,0,27,243,167,0,0,0,0,0,0,0,0,0,0,0,0,199,236,0,0,0,0,0,0,0,0,0,0,0,71,254,114,0,0,0,0,0,0,0,0,0,0,0,0,115,242,25,0,0,0,0,0,0,0,0,0,0,158,254,57,0,0,0,0,0,0,0,0,0,0,0,0,57,255,157,0,0,0,0,0,0,0,0,0,0,158,254,26,0,0,0,0,0,0,0,0,0,0,0,0,112,254,157,0,0,0,0,0,0,0,0,0,0,90,250,78,0,0,0,0,0,0,0,0,0,0,0,0,115,254,106,0,0,0,0,0,0,0,0,0,0,0,188,173,8,0,0,0,0,0,0,0,0,0,0,8,204,254,70,0,0,0,0,0,0,0,0,0,0,0,72,240,126,0,0,0,0,0,0,0,0,0,0,36,254,244,34,0,0,0,0,0,0,0,0,0,0,0,0,143,246,96,8,0,0,0,0,0,0,0,0,121,254,236,0,0,0,0,0,0,0,0,0,0,0,0,0,11,178,254,173,76,0,0,0,0,0,6,88,245,254,157,0,0,0,0,0,0,0,0,0,0,0,0,0,0,11,178,254,249,159,106,79,73,106,166,254,254,227,15,0,0,0,0,0,0,0,0,0,0,0,0,0,0,0,10,119,248,254,254,254,254,254,254,252,190,39,0,0,0,0,0,0,0,0,0,0,0,0,0,0,0,0,0,0,33,142,166,166,220,254,205,77,0,0,0,0,0,0,0,0,0,0,0,0,0,0,0,0,0,0,0,0,0,0,0,0,0,0,0,0,0,0,0,0,0,0,0,0,0,0,0,0,0,0,0,0,0,0,0,0,0,0,0,0,0,0,0,0,0,0,0,0,0,0,0,0,0,0,0,0,0,0,0,0,0,0,0,0,0,0,0,0,0,0,0,0,0,0,0,0,0,0,0,0,0,0,0,0,0,0,0,0,0,0,0,0,0,0,0,0,0,0,0,0,0,0,0,0,0,0,0,0,0
7,0,0,0,0,0,0,0,0,0,0,0,0,0,0,0,0,0,0,0,0,0,0,0,0,0,0,0,0,0,0,0,0,0,0,0,0,0,0,0,0,0,0,0,0,0,0,0,0,0,0,0,0,0,0,0,0,0,0,0,0,0,0,0,0,0,0,0,0,0,0,0,0,0,0,0,0,0,0,0,0,0,0,0,0,0,0,0,0,0,0,0,0,0,0,0,0,0,0,0,0,0,0,0,0,0,0,0,0,0,0,0,0,0,0,0,0,0,0,0,0,0,0,0,0,0,0,0,0,0,0,0,0,0,0,0,0,0,0,0,0,0,0,0,0,0,0,0,0,0,0,0,0,0,0,0,0,0,0,0,0,0,0,0,0,0,0,0,0,0,0,0,0,0,0,0,0,0,0,0,0,0,0,0,0,0,0,0,0,0,0,0,0,0,0,0,0,0,0,0,0,0,0,0,0,0,0,0,0,0,0,0,0,0,0,0,0,0,0,0,0,0,0,0,0,0,0,0,0,0,0,0,0,0,0,0,0,0,0,0,0,0,0,0,0,0,0,0,0,0,0,0,0,0,0,0,0,27,100,100,100,100,100,100,26,0,0,0,0,0,0,0,0,0,0,0,0,0,0,0,0,0,0,0,100,246,253,253,253,253,253,253,246,147,23,23,4,0,0,0,0,0,0,0,0,0,0,0,0,0,0,0,182,253,253,253,253,253,253,253,253,253,255,253,181,166,94,12,0,0,0,0,0,0,0,0,0,0,0,0,31,131,165,165,165,165,165,165,192,253,204,165,165,250,253,211,146,35,0,0,0,0,0,0,0,0,0,0,0,0,0,0,0,0,0,0,78,249,58,0,0,21,94,219,252,241,117,2,0,0,0,0,0,0,0,0,0,0,0,0,0,0,0,0,31,56,0,0,0,0,0,0,98,253,253,100,0,0,0,0,0,0,0,0,0,0,0,0,0,0,0,0,0,0,0,0,0,0,0,0,3,146,253,176,0,0,0,0,0,0,0,0,0,0,0,0,0,0,0,0,0,0,0,0,0,0,0,0,0,93,253,157,0,0,0,0,0,0,0,0,0,0,0,0,0,0,0,0,0,0,0,0,0,0,0,0,7,211,255,143,0,0,0,0,0,0,0,0,0,0,0,0,0,0,0,0,0,0,0,0,0,0,0,0,89,253,253,114,0,0,0,0,0,0,0,0,0,0,0,0,0,0,0,0,0,0,0,0,0,0,0,118,231,253,145,6,0,0,0,0,0,0,0,0,0,0,0,0,0,0,0,0,0,0,0,0,0,2,71,251,252,212,32,0,0,0,0,0,0,0,0,0,0,0,0,0,0,0,0,0,0,0,0,0,46,169,253,234,141,0,0,0,0,0,0,0,0,0,0,0,0,0,0,0,0,0,0,0,0,0,0,92,244,253,234,60,0,0,0,0,0,0,0,0,0,0,0,0,0,0,0,0,0,0,0,0,0,0,0,122,242,136,55,0,0,0,0,0,0,0,0,0,0,0,0,0,0,0,0,0,0,0,0,0,0,0,0,0,0,0,0,0,0,0,0,0,0,0,0,0,0,0,0,0,0,0,0,0,0,0,0,0,0,0,0,0,0,0,0,0,0,0,0,0,0,0,0,0,0,0,0,0,0,0,0,0,0,0,0,0,0,0,0,0,0,0,0,0,0,0,0,0,0,0,0,0,0,0,0,0,0,0,0,0,0,0,0,0,0,0,0,0,0,0,0,0,0,0,0,0,0,0,0,0,0
3,0,0,0,0,0,0,0,0,0,0,0,0,0,0,0,0,0,0,0,0,0,0,0,0,0,0,0,0,0,0,0,0,0,0,0,0,0,0,0,0,0,0,0,0,0,0,0,0,0,0,0,0,0,0,0,0,0,0,0,0,0,0,0,0,0,0,0,0,0,0,0,0,0,0,0,0,0,0,0,0,0,0,0,0,0,0,0,0,0,0,0,0,0,0,0,0,0,0,0,0,0,0,0,0,0,0,0,0,0,0,0,0,0,0,0,0,0,0,0,0,6,39,63,47,226,255,218,254,254,251,114,0,0,0,0,0,0,0,0,0,0,0,0,0,0,0,0,0,72,241,254,241,254,254,254,254,254,254,244,155,18,0,0,0,0,0,0,0,0,0,0,0,0,0,0,0,86,254,254,254,254,254,254,254,254,254,254,254,152,0,0,0,0,0,0,0,0,0,0,0,0,0,0,0,10,101,156,244,213,87,108,223,254,254,254,254,131,0,0,0,0,0,0,0,0,0,0,0,0,0,0,0,0,0,0,32,12,51,232,254,254,254,254,175,9,0,0,0,0,0,0,0,0,0,0,0,0,0,0,0,0,0,0,0,92,223,254,254,254,254,169,34,0,0,0,0,0,0,0,0,0,0,0,0,0,0,0,0,0,0,0,88,222,254,254,254,254,171,36,0,0,0,0,0,0,0,0,0,0,0,0,0,0,0,0,0,0,0,131,246,254,254,254,254,227,29,0,0,0,0,0,0,0,0,0,0,0,0,0,0,0,0,0,0,0,0,245,254,254,254,254,200,66,0,0,0,0,0,0,0,0,0,0,0,0,0,0,0,0,0,0,0,0,0,245,254,254,254,254,249,245,240,176,144,106,0,0,0,0,0,0,0,0,0,0,0,0,0,0,0,0,0,158,251,254,254,254,254,254,254,254,254,253,181,60,0,0,0,0,0,0,0,0,0,0,0,0,0,0,0,0,112,177,220,254,254,254,254,254,254,254,254,220,0,0,0,0,0,0,0,0,0,0,0,0,0,0,0,0,0,0,11,19,48,99,95,206,254,254,254,220,0,0,0,0,0,0,0,0,0,3,83,7,0,0,0,0,0,0,0,0,0,0,5,171,254,254,254,180,0,0,0,0,0,0,0,0,0,63,254,223,30,0,0,0,0,0,0,0,0,40,147,254,254,254,234,53,0,0,0,0,0,0,0,0,0,63,254,254,218,53,24,16,33,39,32,74,200,243,254,254,254,254,172,0,0,0,0,0,0,0,0,0,0,63,254,254,254,254,232,220,244,254,243,243,254,254,254,254,253,209,21,0,0,0,0,0,0,0,0,0,0,63,254,254,254,254,254,254,254,254,254,254,254,254,254,254,153,0,0,0,0,0,0,0,0,0,0,0,0,7,112,158,253,254,254,254,254,254,254,254,254,222,180,97,14,0,0,0,0,0,0,0,0,0,0,0,0,0,0,0,177,172,190,254,210,188,217,248,93,5,0,0,0,0,0,0,0,0,0,0,0,0,0,0,0,0,0,0,0,0,0,0,0,0,0,0,0,0,0,0,0,0,0,0,0,0,0,0,0,0,0,0,0,0,0,0,0,0,0,0,0,0,0,0,0,0,0,0,0,0,0,0,0,0,0,0,0,0,0,0,0,0,0,0,0,0,0,0,0,0,0,0,0,0,0,0,0,0,0,0,0,0,0,0,0,0,0,0,0,0,0,0,0,0,0,0,0,0,0,0,0,0,0,0,0,0,0,0,0,0,0,0,0
1,0,0,0,0,0,0,0,0,0,0,0,0,0,0,0,0,0,0,0,0,0,0,0,0,0,0,0,0,0,0,0,0,0,0,0,0,0,0,0,0,0,0,0,0,0,0,0,0,0,0,0,0,0,0,0,0,0,0,0,0,0,0,0,0,0,0,0,0,0,0,0,0,0,0,0,0,0,0,0,0,0,0,0,0,0,0,0,0,0,0,0,0,0,0,0,0,0,0,0,0,0,0,0,0,0,0,0,0,0,0,0,0,0,0,0,0,0,0,0,0,0,0,0,0,0,138,240,225,13,0,0,0,0,0,0,0,0,0,0,0,0,0,0,0,0,0,0,0,0,0,0,0,0,205,254,254,37,0,0,0,0,0,0,0,0,0,0,0,0,0,0,0,0,0,0,0,0,0,0,0,0,150,254,254,37,0,0,0,0,0,0,0,0,0,0,0,0,0,0,0,0,0,0,0,0,0,0,0,0,205,254,254,71,0,0,0,0,0,0,0,0,0,0,0,0,0,0,0,0,0,0,0,0,0,0,0,0,205,254,254,121,0,0,0,0,0,0,0,0,0,0,0,0,0,0,0,0,0,0,0,0,0,0,0,0,169,254,254,121,0,0,0,0,0,0,0,0,0,0,0,0,0,0,0,0,0,0,0,0,0,0,0,0,186,254,254,185,0,0,0,0,0,0,0,0,0,0,0,0,0,0,0,0,0,0,0,0,0,0,0,0,205,254,254,193,0,0,0,0,0,0,0,0,0,0,0,0,0,0,0,0,0,0,0,0,0,0,0,0,205,254,254,109,0,0,0,0,0,0,0,0,0,0,0,0,0,0,0,0,0,0,0,0,0,0,0,0,205,254,254,37,0,0,0,0,0,0,0,0,0,0,0,0,0,0,0,0,0,0,0,0,0,0,0,0,205,254,254,37,0,0,0,0,0,0,0,0,0,0,0,0,0,0,0,0,0,0,0,0,0,0,0,0,205,254,254,37,0,0,0,0,0,0,0,0,0,0,0,0,0,0,0,0,0,0,0,0,0,0,0,0,205,254,254,37,0,0,0,0,0,0,0,0,0,0,0,0,0,0,0,0,0,0,0,0,0,0,0,19,233,254,254,37,0,0,0,0,0,0,0,0,0,0,0,0,0,0,0,0,0,0,0,0,0,0,0,34,254,254,254,37,0,0,0,0,0,0,0,0,0,0,0,0,0,0,0,0,0,0,0,0,0,0,0,34,254,254,254,37,0,0,0,0,0,0,0,0,0,0,0,0,0,0,0,0,0,0,0,0,0,0,0,34,254,255,254,84,0,0,0,0,0,0,0,0,0,0,0,0,0,0,0,0,0,0,0,0,0,0,0,34,254,254,254,204,0,0,0,0,0,0,0,0,0,0,0,0,0,0,0,0,0,0,0,0,0,0,0,34,254,254,254,125,0,0,0,0,0,0,0,0,0,0,0,0,0,0,0,0,0,0,0,0,0,0,0,34,254,254,254,37,0,0,0,0,0,0,0,0,0,0,0,0,0,0,0,0,0,0,0,0,0,0,0,0,0,0,0,0,0,0,0,0,0,0,0,0,0,0,0,0,0,0,0,0,0,0,0,0,0,0,0,0,0,0,0,0,0,0,0,0,0,0,0,0,0,0,0,0,0,0,0,0,0,0,0,0,0,0,0,0,0,0,0,0,0,0,0,0,0,0,0,0,0,0,0,0,0,0,0,0,0,0,0,0,0,0,0,0,0,0,0,0,0,0,0,0,0,0,0,0,0,0,0
0,0,0,0,0,0,0,0,0,0,0,0,0,0,0,0,0,0,0,0,0,0,0,0,0,0,0,0,0,0,0,0,0,0,0,0,0,0,0,0,0,0,0,0,0,0,0,0,0,0,0,0,0,0,0,0,0,0,0,0,0,0,0,0,0,0,0,0,0,0,0,0,0,0,0,0,0,0,0,0,0,0,0,0,0,0,0,0,0,0,0,0,0,0,0,0,0,0,0,0,0,0,0,0,0,0,0,0,0,0,0,0,0,0,0,0,0,0,0,0,0,0,0,0,0,0,128,255,255,255,128,0,0,0,0,0,0,0,0,0,0,0,0,0,0,0,0,0,0,0,0,0,0,0,128,255,255,255,255,255,191,64,0,0,0,0,0,0,0,0,0,0,0,0,0,0,0,0,0,0,0,128,255,255,255,255,255,255,255,255,128,0,0,0,0,0,0,0,0,0,0,0,0,0,0,0,0,0,128,255,255,255,255,255,255,255,255,255,255,128,0,0,0,0,0,0,0,0,0,0,0,0,0,0,0,128,255,255,255,191,0,64,128,191,255,255,255,255,64,0,0,0,0,0,0,0,0,0,0,0,0,0,64,255,255,255,191,0,0,0,0,0,64,255,255,255,128,0,0,0,0,0,0,0,0,0,0,0,0,0,255,255,255,255,0,0,0,0,0,0,0,191,255,255,191,0,0,0,0,0,0,0,0,0,0,0,64,255,255,255,255,191,191,128,0,0,0,0,128,255,255,255,255,0,0,0,0,0,0,0,0,0,0,0,128,255,255,255,255,0,0,0,0,0,0,0,128,255,255,255,255,0,0,0,0,0,0,0,0,0,0,0,128,255,255,255,128,0,0,0,0,0,0,0,128,255,255,255,128,0,0,0,0,0,0,0,0,0,0,0,255,255,255,191,0,0,0,0,0,0,0,0,255,255,255,128,0,0,0,0,0,0,0,0,0,0,0,64,255,255,255,64,0,0,0,0,0,0,0,64,255,255,255,128,0,0,0,0,0,0,0,0,0,0,0,255,255,255,191,0,0,0,0,0,0,0,0,255,255,255,191,0,0,0,0,0,0,0,0,0,0,0,0,255,255,255,0,0,0,0,0,0,0,64,191,255,255,255,0,0,0,0,0,0,0,0,0,0,0,0,64,255,255,255,0,0,0,0,0,0,0,191,255,255,191,64,0,0,0,0,0,0,0,0,0,0,0,0,0,255,255,255,0,0,0,0,0,64,255,255,255,255,64,0,0,0,0,0,0,0,0,0,0,0,0,0,0,255,255,255,64,0,0,128,191,255,255,255,191,64,0,0,0,0,0,0,0,0,0,0,0,0,0,0,0,255,255,255,255,255,255,255,255,255,255,191,64,0,0,0,0,0,0,0,0,0,0,0,0,0,0,0,0,64,255,255,255,255,255,255,255,255,128,0,0,0,0,0,0,0,0,0,0,0,0,0,0,0,0,0,0,0,64,255,255,255,255,255,128,64,0,0,0,0,0,0,0,0,0,0,0,0,0,0,0,0,0,0,0,0,0,0,0,0,0,0,0,0,0,0,0,0,0,0,0,0,0,0,0,0,0,0,0,0,0,0,0,0,0,0,0,0,0,0,0,0,0,0,0,0,0,0,0,0,0,0,0,0,0,0,0,0,0,0,0,0,0,0,0,0,0,0,0,0,0,0,0,0,0,0,0,0,0,0,0,0,0,0,0,0,0,0,0,0,0,0,0,0,0,0,0,0,0,0,0,0,0,0,0,0,0,0,0,0,0
4,0,0,0,0,0,0,0,0,0,0,0,0,0,0,0,0,0,0,0,0,0,0,0,0,0,0,0,0,0,0,0,0,0,0,0,0,0,0,0,0,0,0,0,0,0,0,0,0,0,0,0,0,0,0,0,0,0,0,0,0,0,0,0,0,0,0,0,0,0,0,0,0,0,0,0,0,0,0,0,0,0,0,0,0,0,0,0,0,0,0,0,0,0,0,0,0,0,0,0,0,0,0,0,0,0,0,0,0,0,0,0,0,0,0,0,0,0,0,0,0,0,0,0,0,0,0,0,0,0,0,0,0,0,0,0,0,0,0,0,0,0,0,0,0,0,0,0,0,0,0,0,0,0,0,0,0,0,0,0,0,0,0,0,0,0,0,0,0,0,0,0,0,0,0,0,0,0,0,0,0,0,0,0,0,0,0,0,0,0,0,0,0,0,0,0,0,0,0,0,0,0,0,0,0,0,0,0,0,0,0,0,0,0,0,0,0,0,4,29,0,0,0,0,0,0,0,0,0,0,0,0,0,0,0,0,0,0,0,0,0,0,0,0,0,13,154,229,0,0,0,0,0,0,0,0,92,4,0,0,0,0,0,0,0,0,26,0,0,0,0,0,4,167,208,7,0,0,0,0,0,0,0,0,254,117,0,0,0,0,0,0,0,64,201,0,0,0,0,0,105,254,38,0,0,0,0,0,0,0,0,0,148,141,0,0,0,0,0,0,23,230,76,0,0,0,0,19,230,135,0,0,0,0,0,0,0,0,0,0,160,141,0,0,0,0,0,0,198,153,0,0,0,0,0,145,223,16,0,0,0,0,0,0,0,0,0,0,0,0,0,0,0,0,0,151,233,25,0,0,0,0,48,255,89,0,0,0,0,0,0,0,0,0,0,0,0,0,0,0,0,0,19,245,95,0,0,0,0,0,173,191,0,0,0,0,0,0,0,0,0,0,0,0,0,0,0,0,0,0,86,254,26,0,0,0,0,51,252,63,0,0,0,0,0,0,0,0,0,0,0,0,0,0,0,0,0,0,73,254,182,170,127,114,114,214,239,114,120,132,38,0,0,0,0,0,0,0,0,0,0,0,0,0,0,0,0,89,170,182,214,176,236,248,170,144,114,63,0,0,0,0,0,0,0,0,0,0,0,0,0,0,0,0,0,0,0,0,0,13,236,97,0,0,0,0,0,0,0,0,0,0,0,0,0,0,0,0,0,0,0,0,0,0,0,0,0,145,208,0,0,0,0,0,0,0,0,0,0,0,0,0,0,0,0,0,0,0,0,0,0,0,0,0,0,220,107,0,0,0,0,0,0,0,0,0,0,0,0,0,0,0,0,0,0,0,0,0,0,0,0,0,0,176,83,0,0,0,0,0,0,0,0,0,0,0,0,0,0,0,0,0,0,0,0,0,0,0,0,0,0,13,7,0,0,0,0,0,0,0,0,0,0,0,0,0,0,0,0,0,0,0,0,0,0,0,0,0,0,0,0,0,0,0,0,0,0,0,0,0,0,0,0,0,0,0,0,0,0,0,0,0,0,0,0,0,0,0,0,0,0,0,0,0,0,0,0,0,0,0,0,0,0,0,0,0,0,0,0,0,0,0,0,0,0,0,0,0,0,0,0,0,0,0,0,0,0,0,0,0,0,0,0,0,0,0,0,0,0,0,0,0,0,0,0,0,0,0,0,0,0,0,0,0,0,0,0,0,0,0,0,0,0,0,0,0,0,0,0,0,0,0,0,0,0,0,0,0,0,0,0,0,0,0,0
4,0,0,0,0,0,0,0,0,0,0,0,0,0,0,0,0,0,0,0,0,0,0,0,0,0,0,0,0,0,0,0,0,0,0,0,0,0,0,0,0,0,0,0,0,0,0,0,0,0,0,0,0,0,0,0,0,0,0,0,0,0,0,0,0,0,0,0,0,0,0,0,0,0,0,0,0,0,0,0,0,0,0,0,0,0,0,0,0,0,0,0,0,0,0,0,0,0,0,0,0,0,0,0,0,0,0,0,0,0,0,0,0,0,0,0,0,0,0,0,0,0,0,0,0,0,0,0,0,0,0,0,0,0,0,0,0,0,0,0,0,0,0,0,0,0,0,0,0,0,0,0,93,81,0,0,0,6,175,45,0,0,0,0,0,0,0,0,0,0,0,0,0,0,0,0,0,0,0,30,242,191,0,0,0,91,237,19,0,0,0,0,0,0,0,0,0,0,0,0,0,0,0,0,0,0,0,68,254,115,0,0,0,151,163,0,0,0,0,0,0,0,0,0,0,0,0,0,0,0,0,0,0,0,0,90,254,78,0,0,0,183,227,0,0,0,0,0,0,0,0,0,0,0,0,0,0,0,0,0,0,0,6,213,254,33,0,0,0,254,155,0,0,0,0,0,0,0,0,0,0,0,0,0,0,0,0,0,0,0,33,254,196,6,0,0,0,254,139,0,0,0,0,0,0,0,0,0,0,0,0,0,0,0,0,0,0,0,79,254,78,0,0,0,46,253,57,0,0,0,0,0,0,0,0,0,0,0,0,0,0,0,0,0,0,0,163,254,41,0,0,0,104,246,0,0,0,0,0,0,0,0,0,0,0,0,0,0,0,0,0,0,0,0,197,254,241,166,156,156,219,251,156,96,75,63,0,0,0,0,0,0,0,0,0,0,0,0,0,0,0,0,91,254,254,254,254,254,254,255,254,254,254,252,246,164,0,0,0,0,0,0,0,0,0,0,0,0,0,0,11,83,83,83,83,109,252,218,83,83,83,83,99,101,0,0,0,0,0,0,0,0,0,0,0,0,0,0,0,0,0,0,0,75,254,109,0,0,0,0,0,0,0,0,0,0,0,0,0,0,0,0,0,0,0,0,0,0,0,0,0,75,254,83,0,0,0,0,0,0,0,0,0,0,0,0,0,0,0,0,0,0,0,0,0,0,0,0,0,75,254,83,0,0,0,0,0,0,0,0,0,0,0,0,0,0,0,0,0,0,0,0,0,0,0,0,0,75,254,135,0,0,0,0,0,0,0,0,0,0,0,0,0,0,0,0,0,0,0,0,0,0,0,0,0,143,254,246,0,0,0,0,0,0,0,0,0,0,0,0,0,0,0,0,0,0,0,0,0,0,0,0,0,156,254,228,0,0,0,0,0,0,0,0,0,0,0,0,0,0,0,0,0,0,0,0,0,0,0,0,0,156,254,164,0,0,0,0,0,0,0,0,0,0,0,0,0,0,0,0,0,0,0,0,0,0,0,0,0,182,254,164,0,0,0,0,0,0,0,0,0,0,0,0,0,0,0,0,0,0,0,0,0,0,0,0,0,156,254,137,0,0,0,0,0,0,0,0,0,0,0,0,0,0,0,0,0,0,0,0,0,0,0,0,0,0,0,0,0,0,0,0,0,0,0,0,0,0,0,0,0,0,0,0,0,0,0,0,0,0,0,0,0,0,0,0,0,0,0,0,0,0,0,0,0,0,0,0,0,0,0,0,0,0,0,0,0,0,0,0,0,0,0,0,0,0,0,0,0,0,0,0,0,0,0
3,0,0,0,0,0,0,0,0,0,0,0,0,0,0,0,0,0,0,0,0,0,0,0,0,0,0,0,0,0,0,0,0,0,0,0,0,0,0,0,0,0,0,0,0,0,0,0,0,0,0,0,0,0,0,0,0,0,0,0,0,0,0,0,0,0,0,0,0,0,0,0,0,0,0,0,0,0,0,0,0,0,0,0,0,0,0,0,0,0,0,0,0,0,0,0,0,0,0,0,0,0,0,0,0,0,0,0,0,0,0,0,0,0,0,0,0,0,0,0,0,0,0,0,0,0,0,0,0,0,0,0,0,0,0,0,0,0,0,0,0,0,0,0,0,25,201,253,253,235,105,6,0,0,0,0,0,0,0,0,0,0,0,0,0,0,0,0,0,0,0,0,0,60,252,252,252,252,252,211,208,121,36,0,0,0,0,0,0,0,0,0,0,0,0,0,0,0,0,0,0,57,237,237,237,238,252,252,252,252,217,37,0,0,0,0,0,0,0,0,0,0,0,0,0,0,0,0,0,0,0,0,0,16,132,132,153,252,253,220,42,0,0,0,0,0,0,0,0,0,0,0,0,0,0,0,0,0,0,0,0,0,0,0,6,117,209,252,220,0,0,0,0,0,0,0,0,0,0,0,0,0,0,0,0,0,0,0,0,0,0,0,0,0,123,252,237,0,0,0,0,0,0,0,0,0,0,0,0,0,0,0,0,0,0,0,0,0,0,0,0,80,253,252,237,0,0,0,0,0,0,0,0,0,0,0,0,0,0,0,0,0,0,0,0,0,0,137,238,246,253,230,65,0,0,0,0,0,0,0,0,0,0,0,0,0,0,0,0,0,0,0,0,0,0,238,252,252,253,105,0,0,0,0,0,0,0,0,0,0,0,0,0,0,0,0,0,0,0,0,0,0,80,246,252,252,253,227,149,79,0,0,0,0,0,0,0,0,0,0,0,0,0,0,0,0,0,0,0,0,0,240,253,253,255,253,253,253,209,93,0,0,0,0,0,0,0,0,0,0,0,0,0,0,0,0,0,0,0,41,44,44,193,192,231,252,252,246,129,4,0,0,0,0,0,0,0,0,0,0,0,0,0,0,0,0,0,0,0,0,0,0,58,158,241,252,252,116,4,0,0,0,0,0,0,0,0,0,0,0,0,0,0,0,0,0,0,0,0,0,0,0,40,146,252,252,59,0,0,0,0,0,0,0,0,0,0,0,0,0,0,0,0,0,0,0,0,0,0,0,0,21,217,252,59,0,0,0,0,0,0,0,0,0,0,0,0,0,0,0,0,0,0,0,0,0,0,0,0,4,148,252,59,0,0,0,0,0,0,0,0,0,0,0,0,0,0,0,0,0,0,0,0,0,0,0,0,110,252,252,59,0,0,0,0,0,0,0,0,0,0,0,0,0,0,0,0,0,0,141,240,203,99,238,238,248,252,220,38,0,0,0,0,0,0,0,0,0,0,0,0,0,0,0,0,0,0,35,227,252,252,252,252,252,228,46,0,0,0,0,0,0,0,0,0,0,0,0,0,0,0,0,0,0,0,0,43,138,252,252,252,146,49,0,0,0,0,0,0,0,0,0,0,0,0,0,0,0,0,0,0,0,0,0,0,0,0,0,0,0,0,0,0,0,0,0,0,0,0,0,0,0,0,0,0,0,0,0,0,0,0,0,0,0,0,0,0,0,0,0,0,0,0,0,0,0,0,0,0,0,0,0,0,0,0,0,0,0,0,0,0,0,0,0,0,0,0,0,0,0,0,0,0,0,0
9,0,0,0,0,0,0,0,0,0,0,0,0,0,0,0,0,0,0,0,0,0,0,0,0,0,0,0,0,0,0,0,0,0,0,0,0,0,0,0,0,0,0,0,0,0,0,0,0,0,0,0,0,0,0,0,0,0,0,0,0,0,0,0,0,0,0,0,0,0,0,0,0,0,0,0,0,0,0,0,0,0,0,0,0,0,0,0,0,0,0,0,0,0,0,0,0,0,0,0,0,0,0,0,0,0,0,0,0,0,0,0,0,0,0,0,0,0,0,0,0,0,0,0,0,0,0,0,0,0,0,0,0,0,0,0,0,0,0,0,0,0,0,0,0,0,0,0,0,0,0,0,0,0,0,0,0,0,0,0,0,0,0,0,0,0,0,0,0,0,0,0,0,0,0,0,0,0,0,0,0,11,92,214,253,82,0,0,0,0,0,0,0,0,0,0,0,0,0,0,0,0,0,0,0,0,0,0,0,92,252,253,252,223,20,0,0,0,0,0,0,0,0,0,0,0,0,0,0,0,0,0,0,0,0,0,62,254,253,82,41,234,172,0,0,0,0,0,0,0,0,0,0,0,0,0,0,0,0,0,0,0,0,0,142,233,70,0,0,152,252,0,0,0,0,0,0,0,0,0,0,0,0,0,0,0,0,0,0,0,0,113,253,183,0,0,0,82,243,123,0,0,0,0,0,0,0,0,0,0,0,0,0,0,0,0,0,0,0,193,252,61,0,0,0,0,162,203,0,0,0,0,0,0,0,0,0,0,0,0,0,0,0,0,0,0,102,254,151,0,0,0,0,11,173,163,0,0,0,0,0,0,0,0,0,0,0,0,0,0,0,0,0,0,183,253,111,0,0,0,0,132,252,203,0,0,0,0,0,0,0,0,0,0,0,0,0,0,0,0,0,0,203,254,50,0,0,11,173,254,253,142,0,0,0,0,0,0,0,0,0,0,0,0,0,0,0,0,0,0,203,253,91,102,102,213,252,253,252,102,0,0,0,0,0,0,0,0,0,0,0,0,0,0,0,0,0,0,82,234,253,254,253,244,122,214,233,0,0,0,0,0,0,0,0,0,0,0,0,0,0,0,0,0,0,0,0,30,91,151,70,40,41,253,151,0,0,0,0,0,0,0,0,0,0,0,0,0,0,0,0,0,0,0,0,0,0,0,0,0,163,254,91,0,0,0,0,0,0,0,0,0,0,0,0,0,0,0,0,0,0,0,0,0,0,0,0,0,203,253,50,0,0,0,0,0,0,0,0,0,0,0,0,0,0,0,0,0,0,0,0,0,0,0,0,51,253,142,0,0,0,0,0,0,0,0,0,0,0,0,0,0,0,0,0,0,0,0,0,0,0,0,0,132,252,102,0,0,0,0,0,0,0,0,0,0,0,0,0,0,0,0,0,0,0,0,0,0,0,0,0,214,192,0,0,0,0,0,0,0,0,0,0,0,0,0,0,0,0,0,0,0,0,0,0,0,0,0,0,253,151,0,0,0,0,0,0,0,0,0,0,0,0,0,0,0,0,0,0,0,0,0,0,0,0,0,103,255,50,0,0,0,0,0,0,0,0,0,0,0,0,0,0,0,0,0,0,0,0,0,0,0,0,0,102,233,30,0,0,0,0,0,0,0,0,0,0,0,0,0,0,0,0,0,0,0,0,0,0,0,0,0,0,0,0,0,0,0,0,0,0,0,0,0,0,0,0,0,0,0,0,0,0,0,0,0,0,0,0,0,0,0,0,0,0,0,0,0,0,0,0,0,0,0,0
5,0,0,0,0,0,0,0,0,0,0,0,0,0,0,0,0,0,0,0,0,0,0,0,0,0,0,0,0,0,0,0,0,0,0,0,0,0,0,0,0,0,0,0,0,0,0,0,0,0,0,0,0,0,0,0,0,0,0,0,0,0,0,0,0,0,0,0,0,0,0,0,0,0,0,0,0,0,0,0,0,0,0,0,0,0,0,0,0,0,0,0,0,0,0,0,0,0,0,0,0,0,0,0,0,0,0,0,0,0,0,0,0,0,0,0,0,0,0,0,0,0,0,0,0,0,0,0,0,0,0,0,0,0,0,0,0,0,0,0,0,0,0,0,0,0,0,0,0,0,0,0,0,0,0,0,0,0,0,76,113,176,253,253,237,50,0,0,0,0,0,0,0,0,0,0,0,0,0,0,0,0,57,85,86,210,225,243,252,253,252,252,252,189,0,0,0,0,0,0,0,0,0,0,0,0,0,0,19,88,234,252,253,252,252,252,252,253,252,252,245,87,0,0,0,0,0,0,0,0,0,0,0,0,0,13,181,252,252,252,253,252,252,252,252,253,226,114,74,0,0,0,0,0,0,0,0,0,0,0,0,0,0,113,252,252,252,252,253,252,252,252,252,112,12,0,0,0,0,0,0,0,0,0,0,0,0,0,0,0,0,255,253,253,178,140,79,0,0,0,0,0,0,0,0,0,0,0,0,0,0,0,0,0,0,0,0,0,0,253,252,252,139,85,86,9,0,0,0,0,0,0,0,0,0,0,0,0,0,0,0,0,0,0,0,0,0,253,252,252,252,252,253,203,197,103,25,0,0,0,0,0,0,0,0,0,0,0,0,0,0,0,0,0,0,225,249,252,252,252,253,252,252,252,128,0,0,0,0,0,0,0,0,0,0,0,0,0,0,0,0,0,0,0,146,252,252,252,253,252,252,252,252,0,0,0,0,0,0,0,0,0,0,0,0,0,0,0,0,0,0,0,0,0,0,0,63,241,253,253,253,141,0,0,0,0,0,0,0,0,0,0,0,0,0,0,0,0,0,0,0,0,0,0,147,249,252,252,252,15,0,0,0,0,0,0,0,0,0,0,0,0,0,0,0,0,0,0,0,0,38,135,253,252,252,214,118,0,0,0,0,0,0,0,0,0,0,0,0,0,0,0,0,0,0,0,10,60,224,252,253,252,230,74,0,0,0,0,0,0,0,0,0,0,0,0,0,0,0,0,0,0,0,141,178,252,252,252,253,204,25,0,0,0,0,0,0,0,0,0,0,0,0,0,0,0,0,0,0,92,253,255,253,253,253,253,141,15,0,0,0,0,0,0,0,0,0,0,0,0,0,0,0,0,0,123,225,243,252,253,252,252,195,89,0,0,0,0,0,0,0,0,0,0,0,0,0,0,0,0,0,0,120,246,252,252,252,253,233,164,19,0,0,0,0,0,0,0,0,0,0,0,0,0,0,0,0,0,0,0,237,252,252,249,223,84,56,0,0,0,0,0,0,0,0,0,0,0,0,0,0,0,0,0,0,0,0,0,50,158,252,145,0,0,0,0,0,0,0,0,0,0,0,0,0,0,0,0,0,0,0,0,0,0,0,0,0,0,0,0,0,0,0,0,0,0,0,0,0,0,0,0,0,0,0,0,0,0,0,0,0,0,0,0,0,0,0,0,0,0,0,0,0,0,0,0,0,0,0,0,0,0,0,0,0,0,0,0,0,0,0,0,0,0,0,0,0,0,0,0,0,0,0,0,0,0,0,0,0,0,0,0,0,0,0
0,0,0,0,0,0,0,0,0,0,0,0,0,0,0,0,0,0,0,0,0,0,0,0,0,0,0,0,0,0,0,0,0,0,0,0,0,0,0,0,0,0,0,0,0,0,0,0,0,0,0,0,0,0,0,0,0,0,0,0,0,0,0,0,0,0,0,0,0,0,0,0,0,0,0,0,0,0,0,0,0,0,0,0,0,0,0,0,0,0,0,0,0,0,0,0,0,0,0,10,29,255,253,253,153,26,0,0,0,0,0,0,0,0,0,0,0,0,0,0,0,0,0,0,0,0,13,172,252,197,196,215,252,244,82,0,0,0,0,0,0,0,0,0,0,0,0,0,0,0,0,0,0,0,144,252,127,0,0,19,56,216,240,81,0,0,0,0,0,0,0,0,0,0,0,0,0,0,0,0,0,13,206,177,3,0,0,0,0,28,215,168,0,0,0,0,0,0,0,0,0,0,0,0,13,41,47,0,0,29,222,25,0,0,0,0,0,0,169,253,91,0,0,0,0,0,0,0,0,0,0,19,194,253,84,0,0,29,121,0,0,0,0,0,0,0,169,252,139,0,0,0,0,0,0,0,0,0,0,172,252,106,19,0,0,19,56,0,0,0,0,0,0,0,169,252,139,0,0,0,0,0,0,0,0,0,101,246,151,0,0,0,0,0,0,0,0,0,0,0,0,0,169,252,139,0,0,0,0,0,0,0,0,4,179,244,25,0,0,0,0,0,0,0,0,0,0,0,0,0,169,253,128,0,0,0,0,0,0,0,0,29,252,168,0,0,0,0,0,0,0,0,0,0,0,0,0,0,169,252,28,0,0,0,0,0,0,0,0,66,252,168,0,0,0,0,0,0,0,0,0,0,0,0,0,60,234,186,6,0,0,0,0,0,0,0,0,141,252,168,0,0,0,0,0,0,0,0,0,0,0,0,0,241,252,168,0,0,0,0,0,0,0,0,0,141,253,168,0,0,0,0,0,0,0,0,0,0,0,0,76,254,247,50,0,0,0,0,0,0,0,0,0,141,252,168,0,0,0,0,0,0,0,0,0,0,0,82,243,253,121,0,0,0,0,0,0,0,0,0,0,141,252,168,0,0,0,0,0,0,0,0,0,0,82,240,252,156,19,0,0,0,0,0,0,0,0,0,0,141,252,168,0,0,0,0,0,0,0,0,0,126,243,252,202,0,0,0,0,0,0,0,0,0,0,0,0,76,244,216,28,0,0,0,0,0,19,117,241,254,247,100,0,0,0,0,0,0,0,0,0,0,0,0,0,0,169,252,215,57,19,45,57,169,225,252,252,222,103,0,0,0,0,0,0,0,0,0,0,0,0,0,0,0,63,234,252,253,215,240,252,253,252,224,168,25,0,0,0,0,0,0,0,0,0,0,0,0,0,0,0,0,0,59,190,253,252,252,252,140,65,19,0,0,0,0,0,0,0,0,0,0,0,0,0,0,0,0,0,0,0,0,0,0,0,0,0,0,0,0,0,0,0,0,0,0,0,0,0,0,0,0,0,0,0,0,0,0,0,0,0,0,0,0,0,0,0,0,0,0,0,0,0,0,0,0,0,0,0,0,0,0,0,0,0,0,0,0,0,0,0,0,0,0,0,0,0,0,0,0,0,0,0,0,0,0,0,0,0,0,0,0,0,0,0,0,0,0,0,0,0,0,0,0,0,0,0,0,0,0,0,0,0,0,0,0,0,0,0,0,0,0,0,0,0,0,0,0,0,0,0,0,0,0,0,0,0,0,0,0,0,0,0,0,0
6,0,0,0,0,0,0,0,0,0,0,0,0,0,0,0,0,0,0,0,0,0,0,0,0,0,0,0,0,0,0,0,0,0,0,0,0,0,0,0,0,0,0,0,0,0,0,0,0,0,0,0,0,0,0,0,0,0,0,0,0,0,0,0,0,0,0,0,0,0,0,0,0,0,0,0,0,0,0,0,0,0,0,0,0,0,0,0,0,0,0,0,0,0,0,0,0,0,0,0,6,119,245,245,16,0,0,0,0,0,0,0,0,0,0,0,0,0,0,0,0,0,0,0,0,0,0,26,158,254,254,254,225,0,0,0,0,0,0,0,0,0,0,0,0,0,0,0,0,0,0,0,0,0,54,230,254,254,206,148,231,19,0,0,0,0,0,0,0,0,0,0,0,0,0,0,0,0,0,0,0,52,231,254,233,84,6,4,87,122,0,0,0,0,0,0,0,0,0,0,0,0,0,0,0,0,0,0,5,234,254,206,33,0,0,0,30,165,0,0,0,0,0,0,0,0,0,0,0,0,0,0,0,0,0,0,57,254,237,58,0,0,0,0,4,10,0,0,0,0,0,0,0,0,0,0,0,0,0,0,0,0,0,0,183,254,154,0,0,0,0,0,0,0,0,0,0,0,0,0,0,0,0,0,0,0,0,0,0,0,0,0,244,252,86,0,0,0,0,0,0,0,0,0,0,0,0,0,0,0,0,0,0,0,0,0,0,0,0,18,246,231,0,0,0,0,0,0,0,0,0,0,0,0,0,0,0,0,0,0,0,0,0,0,0,0,0,108,254,147,0,0,0,0,0,0,0,0,0,0,0,0,0,0,0,0,0,0,0,0,0,0,0,0,0,143,250,26,0,0,0,0,0,37,0,0,0,0,0,0,0,0,0,0,0,0,0,0,0,0,0,0,0,226,249,0,0,0,29,96,203,233,200,33,0,0,0,0,0,0,0,0,0,0,0,0,0,0,0,0,82,252,196,0,0,108,239,254,254,254,254,141,0,0,0,0,0,0,0,0,0,0,0,0,0,0,0,0,150,254,69,2,107,250,206,24,5,78,254,207,0,0,0,0,0,0,0,0,0,0,0,0,0,0,0,0,208,254,12,107,254,195,0,0,135,203,255,137,0,0,0,0,0,0,0,0,0,0,0,0,0,0,0,0,208,254,17,254,254,234,166,67,180,252,193,31,0,0,0,0,0,0,0,0,0,0,0,0,0,0,0,0,208,254,189,254,254,254,254,254,254,243,0,0,0,0,0,0,0,0,0,0,0,0,0,0,0,0,0,0,114,254,254,254,254,254,254,254,217,53,0,0,0,0,0,0,0,0,0,0,0,0,0,0,0,0,0,0,13,182,254,254,254,254,224,54,20,0,0,0,0,0,0,0,0,0,0,0,0,0,0,0,0,0,0,0,0,8,78,243,61,17,12,0,0,0,0,0,0,0,0,0,0,0,0,0,0,0,0,0,0,0,0,0,0,0,0,0,0,0,0,0,0,0,0,0,0,0,0,0,0,0,0,0,0,0,0,0,0,0,0,0,0,0,0,0,0,0,0,0,0,0,0,0,0,0,0,0,0,0,0,0,0,0,0,0,0,0,0,0,0,0,0,0,0,0,0,0,0,0,0,0,0,0,0,0,0,0,0,0,0,0,0,0,0,0,0,0,0,0,0,0,0,0,0,0,0,0,0,0,0,0,0,0,0,0,0,0,0,0,0,0,0,0,0,0,0,0,0,0,0,0,0,0,0,0,0,0,0,0,0,0,0,0,0
8,0,0,0,0,0,0,0,0,0,0,0,0,0,0,0,0,0,0,0,0,0,0,0,0,0,0,0,0,0,0,0,0,0,0,0,0,0,0,0,0,0,0,0,0,0,0,0,0,0,0,0,0,0,0,0,0,0,0,0,0,0,0,0,0,0,0,0,0,0,0,0,0,0,0,0,0,0,0,0,0,0,0,0,0,0,0,0,0,0,0,0,0,0,0,0,0,0,0,0,0,0,0,0,0,0,0,0,0,0,0,0,0,0,0,0,0,0,0,0,0,0,0,0,0,0,0,0,0,0,0,0,0,0,0,0,0,0,0,0,0,0,0,0,0,0,0,0,0,0,14,67,156,156,231,255,254,186,141,36,0,0,0,0,0,0,0,0,0,0,0,0,0,0,0,0,0,53,224,253,253,234,233,234,233,233,251,238,91,0,0,0,0,0,0,0,0,0,0,0,0,0,0,0,28,235,254,179,78,6,0,0,0,0,87,235,236,95,0,0,0,0,0,0,0,0,0,0,0,0,0,0,129,253,161,3,0,0,0,0,0,0,0,90,254,135,0,0,0,0,0,0,0,0,0,0,0,0,0,0,62,253,218,15,0,0,0,0,0,0,0,76,254,135,0,0,0,0,0,0,0,0,0,0,0,0,0,0,16,195,255,163,41,0,0,14,32,0,10,209,241,68,0,0,0,0,0,0,0,0,0,0,0,0,0,0,0,15,238,253,241,214,214,224,128,7,168,253,142,0,0,0,0,0,0,0,0,0,0,0,0,0,0,0,0,0,18,166,253,253,253,183,56,199,253,154,0,0,0,0,0,0,0,0,0,0,0,0,0,0,0,0,0,0,0,118,155,140,58,129,243,253,164,27,0,0,0,0,0,0,0,0,0,0,0,0,0,0,0,0,0,0,23,229,253,253,253,254,253,192,5,0,0,0,0,0,0,0,0,0,0,0,0,0,0,0,0,0,0,0,0,83,206,254,254,255,254,254,111,14,0,0,0,0,0,0,0,0,0,0,0,0,0,0,0,0,0,0,0,17,211,253,200,99,182,253,253,185,8,0,0,0,0,0,0,0,0,0,0,0,0,0,0,0,0,0,0,185,253,195,18,0,6,108,247,253,98,0,0,0,0,0,0,0,0,0,0,0,0,0,0,0,0,0,10,220,253,102,0,0,0,0,92,253,150,0,0,0,0,0,0,0,0,0,0,0,0,0,0,0,0,0,97,253,222,12,0,0,0,0,40,253,195,0,0,0,0,0,0,0,0,0,0,0,0,0,0,0,0,0,156,254,137,0,0,0,0,0,62,254,173,0,0,0,0,0,0,0,0,0,0,0,0,0,0,0,0,0,74,253,241,24,0,0,2,50,228,253,91,0,0,0,0,0,0,0,0,0,0,0,0,0,0,0,0,0,41,241,253,196,48,49,129,253,253,192,0,0,0,0,0,0,0,0,0,0,0,0,0,0,0,0,0,0,0,147,253,253,245,246,253,240,161,27,0,0,0,0,0,0,0,0,0,0,0,0,0,0,0,0,0,0,0,5,126,155,230,254,162,40,0,0,0,0,0,0,0,0,0,0,0,0,0,0,0,0,0,0,0,0,0,0,0,0,0,0,0,0,0,0,0,0,0,0,0,0,0,0,0,0,0,0,0,0,0,0,0,0,0,0,0,0,0,0,0,0,0,0,0,0,0,0,0,0,0,0,0,0,0,0,0,0,0,0,0,0,0,0,0,0,0,0,0,0,0,0,0,0,0,0,0,0,0,0,0
5,0,0,0,0,0,0,0,0,0,0,0,0,0,0,0,0,0,0,0,0,0,0,0,0,0,0,0,0,0,0,0,0,0,0,0,0,0,0,0,0,0,0,0,0,0,0,0,0,0,0,0,0,0,0,0,0,0,0,0,0,0,0,0,0,0,0,0,0,0,0,0,0,0,0,0,0,0,0,0,0,0,0,0,0,0,0,0,0,0,0,0,0,0,0,0,0,0,0,0,0,0,0,0,0,0,0,114,255,114,0,0,0,0,0,0,0,0,0,0,0,0,0,0,0,0,0,0,0,0,0,0,0,57,198,255,226,29,0,0,0,0,0,0,0,0,0,0,0,0,0,0,0,0,0,0,0,0,0,29,198,255,255,198,29,0,0,0,0,0,0,0,0,0,0,0,0,0,0,0,0,0,0,0,0,57,170,255,255,255,114,0,0,0,0,0,0,0,0,0,0,0,0,0,0,0,0,0,0,0,0,57,198,255,255,255,114,0,0,0,0,0,0,0,0,0,0,0,0,0,0,0,0,0,0,0,0,29,198,255,255,226,86,0,0,0,0,0,0,0,0,0,0,0,0,0,0,0,0,0,0,0,0,0,29,255,255,255,170,0,0,0,0,0,0,0,0,0,0,0,0,0,0,0,0,0,0,0,0,0,0,0,141,255,255,57,0,0,0,0,0,0,0,0,0,0,0,0,0,0,0,0,0,0,0,0,0,0,0,141,255,198,0,0,0,0,0,0,0,0,0,0,0,0,0,0,0,0,0,0,0,0,0,0,0,0,114,255,255,86,86,29,0,0,0,0,0,0,0,0,0,0,0,0,0,0,0,0,0,0,0,0,0,141,255,255,255,255,255,255,170,57,0,0,0,0,0,0,0,0,0,0,0,0,0,0,0,0,0,0,29,255,255,255,226,114,86,198,255,255,141,0,0,0,0,0,0,0,0,0,0,0,0,0,0,0,0,0,170,255,255,114,0,0,0,0,57,198,255,226,0,0,0,0,0,0,0,0,0,0,0,0,0,0,0,0,86,170,57,0,0,0,0,0,0,0,255,255,0,0,0,0,0,0,0,0,0,0,0,0,0,0,0,0,0,0,0,0,0,0,0,0,0,0,255,255,0,0,0,0,0,0,0,0,0,0,0,0,0,0,0,0,0,0,0,0,0,0,0,0,0,57,255,226,0,0,0,0,0,0,0,0,0,0,0,0,0,0,0,0,0,0,0,0,0,0,0,0,0,198,255,114,0,0,0,0,0,0,0,0,0,0,0,0,0,0,57,170,86,86,114,86,86,0,0,0,86,255,255,0,0,0,0,0,0,0,0,0,0,0,0,0,0,0,226,255,255,255,255,255,255,255,170,170,255,255,86,0,0,0,0,0,0,0,0,0,0,0,0,0,0,0,0,86,86,86,86,86,114,198,255,255,255,141,0,0,0,0,0,0,0,0,0,0,0,0,0,0,0,0,0,0,0,0,0,0,0,0,0,0,0,0,0,0,0,0,0,0,0,0,0,0,0,0,0,0,0,0,0,0,0,0,0,0,0,0,0,0,0,0,0,0,0,0,0,0,0,0,0,0,0,0,0,0,0,0,0,0,0,0,0,0,0,0,0,0,0,0,0,0,0,0,0,0,0,0,0,0,0,0,0,0,0,0,0,0,0,0,0,0,0,0,0,0,0,0,0,0,0,0,0,0,0,0,0,0,0,0,0,0,0,0,0,0,0,0,0,0,0,0,0,0,0,0,0,0,0,0,0,0,0,0,0,0,0
2,0,0,0,0,0,0,0,0,0,0,0,0,0,0,0,0,0,0,0,0,0,0,0,0,0,0,0,0,0,0,0,0,0,0,0,0,0,0,0,0,0,0,0,0,0,0,0,0,0,0,0,0,0,0,0,0,0,0,0,0,0,0,0,0,0,0,0,0,0,0,0,0,0,0,0,0,0,0,0,0,0,0,0,0,0,0,0,0,0,0,0,0,0,0,0,0,0,0,0,0,0,0,0,0,0,0,0,0,0,0,0,0,0,0,0,0,0,0,0,0,0,0,0,0,0,0,0,0,0,0,0,0,0,0,0,0,0,0,0,0,0,0,0,0,0,0,0,0,0,0,0,0,64,255,255,255,255,64,0,0,0,0,0,0,0,0,0,0,0,0,0,0,0,0,0,0,0,0,64,128,255,255,255,255,255,255,191,0,0,0,0,0,0,0,0,0,0,0,0,0,0,0,0,0,0,64,255,255,255,255,255,255,255,255,255,64,0,0,0,0,0,0,0,0,0,0,0,0,0,0,0,0,128,255,255,255,255,255,255,255,255,255,255,255,0,0,0,0,0,0,0,0,0,0,0,0,0,0,0,0,255,255,255,255,255,191,64,0,255,255,255,255,0,0,0,0,0,0,0,0,0,0,0,0,0,0,0,0,255,255,255,255,191,0,0,0,255,255,255,255,0,0,0,0,0,0,0,0,0,0,0,0,0,0,0,0,64,255,191,64,0,0,0,0,255,255,255,255,0,0,0,0,0,0,0,0,0,0,0,0,0,0,0,0,0,0,0,0,0,0,0,128,255,255,255,255,0,0,0,0,0,0,0,0,0,0,0,0,0,0,0,0,0,0,0,0,0,0,0,191,255,255,255,128,0,0,0,0,0,0,0,0,0,0,0,0,0,0,0,0,0,0,0,0,0,0,128,255,255,255,255,0,0,0,0,0,0,0,0,0,0,0,0,0,0,0,0,0,0,0,0,0,0,0,191,255,255,255,128,0,0,0,0,0,0,0,0,0,0,0,0,0,0,0,0,0,0,0,0,0,0,191,255,255,255,191,0,0,0,0,0,0,0,0,0,0,0,0,0,0,0,64,128,191,128,0,0,64,191,255,255,255,255,128,0,0,0,0,0,0,0,0,0,0,0,0,0,0,0,191,255,255,255,255,255,255,255,255,255,255,255,255,255,255,255,255,191,128,64,0,0,0,0,0,0,0,0,191,255,255,255,255,255,255,255,255,255,255,255,255,255,255,255,255,255,255,255,0,0,0,0,0,0,0,0,128,255,255,255,255,255,255,255,255,255,255,255,255,255,255,255,255,255,255,255,0,0,0,0,0,0,0,0,0,64,255,255,255,255,255,255,128,128,128,128,128,128,128,128,128,128,128,0,0,0,0,0,0,0,0,0,0,0,0,128,128,128,128,0,0,0,0,0,0,0,0,0,0,0,0,0,0,0,0,0,0,0,0,0,0,0,0,0,0,0,0,0,0,0,0,0,0,0,0,0,0,0,0,0,0,0,0,0,0,0,0,0,0,0,0,0,0,0,0,0,0,0,0,0,0,0,0,0,0,0,0,0,0,0,0,0,0,0,0,0,0,0,0,0,0,0,0,0,0,0,0,0,0,0,0,0,0,0,0,0,0,0,0,0,0,0,0,0,0,0,0,0,0,0,0,0,0,0,0,0,0,0,0,0,0,0,0,0,0,0,0,0,0,0,0,0,0,0,0,0,0,0,0,0,0,0,0,0,0,0,0,0,0,0,0,0,0,0,0
4,0,0,0,0,0,0,0,0,0,0,0,0,0,0,0,0,0,0,0,0,0,0,0,0,0,0,0,0,0,0,0,0,0,0,0,0,0,0,0,0,0,0,0,0,0,0,0,0,0,0,0,0,0,0,0,0,0,0,0,0,0,0,0,0,0,0,0,0,0,0,0,0,0,0,0,0,0,0,0,0,0,0,0,0,0,0,0,0,0,0,0,0,0,0,0,0,0,0,0,0,0,0,0,0,0,0,0,0,0,0,0,0,0,0,0,0,0,0,0,0,0,0,0,0,0,0,0,0,0,0,255,150,11,0,0,0,0,0,0,0,0,0,0,0,0,0,0,0,0,0,0,0,0,0,0,0,0,105,254,253,36,0,0,0,0,0,0,0,0,0,0,0,0,0,0,0,0,54,19,0,0,0,0,0,0,181,254,253,36,0,0,0,0,0,0,0,0,0,0,0,0,0,0,0,0,216,200,4,0,0,0,0,15,238,254,229,21,0,0,0,0,0,0,0,0,0,0,0,0,0,0,0,27,242,253,54,0,0,0,0,19,253,254,198,0,0,0,0,0,0,0,0,0,0,0,0,0,0,0,0,99,254,254,54,0,0,0,0,19,254,255,199,0,0,0,0,0,0,0,0,0,0,0,0,0,0,0,0,163,253,232,23,0,0,0,0,38,253,254,146,0,0,0,0,0,0,0,0,0,0,0,0,0,0,0,0,208,253,138,0,0,0,0,0,109,253,254,108,0,0,0,0,0,0,0,0,0,0,0,0,0,0,0,46,254,253,127,0,0,0,0,0,109,253,254,108,0,0,0,0,0,0,0,0,0,0,0,0,0,0,0,181,254,233,49,0,0,0,0,0,109,253,254,108,0,0,0,0,0,0,0,0,0,0,0,0,0,0,71,254,255,140,0,0,0,0,0,0,135,254,255,50,0,0,0,0,0,0,0,0,0,0,0,0,0,21,230,253,254,191,145,145,113,55,55,35,211,253,254,37,0,0,0,0,0,0,0,0,0,0,0,0,0,32,245,253,254,253,253,253,253,254,253,240,253,253,254,108,0,0,0,0,0,0,0,0,0,0,0,0,0,0,43,54,54,54,54,93,144,144,163,237,253,253,254,69,0,0,0,0,0,0,0,0,0,0,0,0,0,0,0,0,0,0,0,0,0,0,0,37,253,253,228,12,0,0,0,0,0,0,0,0,0,0,0,0,0,0,0,0,0,0,0,0,0,0,0,37,254,254,182,0,0,0,0,0,0,0,0,0,0,0,0,0,0,0,0,0,0,0,0,0,0,0,0,37,253,253,181,0,0,0,0,0,0,0,0,0,0,0,0,0,0,0,0,0,0,0,0,0,0,0,0,37,253,253,168,0,0,0,0,0,0,0,0,0,0,0,0,0,0,0,0,0,0,0,0,0,0,0,0,69,253,253,91,0,0,0,0,0,0,0,0,0,0,0,0,0,0,0,0,0,0,0,0,0,0,0,0,37,253,220,26,0,0,0,0,0,0,0,0,0,0,0,0,0,0,0,0,0,0,0,0,0,0,0,0,0,0,0,0,0,0,0,0,0,0,0,0,0,0,0,0,0,0,0,0,0,0,0,0,0,0,0,0,0,0,0,0,0,0,0,0,0,0,0,0,0,0,0,0,0,0,0,0,0,0,0,0,0,0,0,0,0,0,0,0,0,0,0,0,0,0,0,0,0,0,0,0,0,0,0,0,0,0,0,0,0,0,0,0,0,0,0,0,0,0,0,0,0,0,0,0,0
0,0,0,0,0,0,0,0,0,0,0,0,0,0,0,0,0,0,0,0,0,0,0,0,0,0,0,0,0,0,0,0,0,0,0,0,0,0,0,0,0,0,0,0,0,0,0,0,0,0,0,0,0,0,0,0,0,0,0,0,0,0,0,0,0,0,0,0,0,0,0,0,0,0,0,0,0,0,0,0,0,0,0,0,0,0,0,0,0,0,0,0,0,0,0,0,0,0,0,0,0,0,0,0,0,0,0,0,0,0,0,0,0,0,0,0,0,0,0,0,0,0,0,0,0,0,0,0,5,46,130,237,255,91,1,0,0,0,0,0,0,0,0,0,0,0,0,0,0,0,0,0,0,0,4,46,228,253,253,253,253,253,24,0,0,0,0,0,0,0,0,0,0,0,0,0,0,0,0,0,0,5,77,253,253,253,253,253,253,253,204,16,0,0,0,0,0,0,0,0,0,0,0,0,0,0,0,0,5,136,253,253,253,245,228,177,253,253,253,135,0,0,0,0,0,0,0,0,0,0,0,0,0,0,0,42,174,253,253,253,192,67,0,37,220,253,253,207,4,0,0,0,0,0,0,0,0,0,0,0,0,0,43,222,253,253,244,122,20,0,0,0,37,238,253,253,85,0,0,0,0,0,0,0,0,0,0,0,0,6,177,253,253,222,98,0,0,0,0,0,0,147,253,253,129,0,0,0,0,0,0,0,0,0,0,0,18,183,253,253,219,59,0,0,0,0,0,0,0,106,253,253,129,0,0,0,0,0,0,0,0,0,0,5,136,253,253,222,24,0,0,0,0,0,0,0,0,106,253,253,129,0,0,0,0,0,0,0,0,0,0,111,253,253,214,98,0,0,0,0,0,0,0,0,0,106,253,253,129,0,0,0,0,0,0,0,0,0,10,227,253,245,68,0,0,0,0,0,0,0,0,0,27,206,253,253,35,0,0,0,0,0,0,0,0,5,201,253,246,97,0,0,0,0,0,0,0,0,0,0,100,253,253,161,2,0,0,0,0,0,0,0,0,7,253,253,228,0,0,0,0,0,0,0,0,0,0,0,200,253,253,135,0,0,0,0,0,0,0,0,0,49,253,253,126,0,0,0,0,0,0,0,0,0,0,181,248,253,215,29,0,0,0,0,0,0,0,0,0,130,253,253,105,0,0,0,0,0,0,0,0,30,196,248,253,253,36,0,0,0,0,0,0,0,0,0,0,82,253,253,153,0,0,0,0,0,0,0,79,209,253,253,214,42,3,0,0,0,0,0,0,0,0,0,0,7,253,253,239,93,0,0,0,0,109,230,248,253,253,214,30,0,0,0,0,0,0,0,0,0,0,0,0,4,202,253,253,251,236,236,236,236,249,253,253,253,215,29,0,0,0,0,0,0,0,0,0,0,0,0,0,0,13,202,253,253,253,253,253,253,253,253,253,158,29,0,0,0,0,0,0,0,0,0,0,0,0,0,0,0,0,3,18,144,235,150,253,253,192,159,32,1,0,0,0,0,0,0,0,0,0,0,0,0,0,0,0,0,0,0,0,0,0,0,0,0,0,0,0,0,0,0,0,0,0,0,0,0,0,0,0,0,0,0,0,0,0,0,0,0,0,0,0,0,0,0,0,0,0,0,0,0,0,0,0,0,0,0,0,0,0,0,0,0,0,0,0,0,0,0,0,0,0,0,0,0,0,0,0,0,0,0,0,0,0,0,0,0,0,0,0,0,0,0,0,0,0,0,0,0,0,0,0,0,0,0,0,0,0,0,0,0,0,0,0
0,0,0,0,0,0,0,0,0,0,0,0,0,0,0,0,0,0,0,0,0,0,0,0,0,0,0,0,0,0,0,0,0,0,0,0,0,0,0,0,0,0,0,0,0,0,0,0,0,0,0,0,0,0,0,0,0,0,0,0,0,0,0,0,0,0,0,0,0,0,0,0,0,0,0,0,0,0,0,0,0,0,0,0,0,0,0,0,0,0,0,0,0,0,0,0,0,0,0,0,0,0,0,0,0,0,0,0,0,0,0,0,0,0,0,0,0,0,0,0,0,0,0,0,0,0,0,0,0,0,0,38,226,214,88,2,0,0,0,0,0,0,0,0,0,0,0,0,0,0,0,0,0,0,0,0,0,0,5,188,253,253,253,24,0,0,0,0,0,0,0,0,0,0,0,0,0,0,0,0,0,0,0,0,0,23,136,253,253,253,253,41,0,0,0,0,0,0,0,0,0,0,0,0,0,0,0,0,0,0,0,3,49,176,253,253,253,253,253,144,0,0,0,0,0,0,0,0,0,0,0,0,0,0,0,0,0,0,30,186,253,253,253,253,224,253,253,222,8,0,0,0,0,0,0,0,0,0,0,0,0,0,0,25,73,183,222,254,253,253,204,180,60,125,253,222,8,0,0,0,0,0,0,0,0,0,0,0,0,0,0,85,253,253,253,254,204,94,16,0,0,86,253,144,0,0,0,0,0,0,0,0,0,0,0,0,0,70,98,207,253,253,207,36,15,0,0,0,0,86,253,144,0,0,0,0,0,0,0,0,0,0,0,0,97,247,253,253,211,93,13,0,0,0,0,0,0,86,253,87,0,0,0,0,0,0,0,0,0,0,0,151,250,253,253,172,7,0,0,0,0,0,0,0,0,86,253,144,0,0,0,0,0,0,0,0,0,0,31,254,255,254,118,0,0,0,0,0,0,0,0,0,39,232,254,82,0,0,0,0,0,0,0,0,0,7,207,253,253,207,26,0,0,0,0,0,0,0,0,0,142,253,253,24,0,0,0,0,0,0,0,0,0,13,253,253,223,28,0,0,0,0,0,0,0,0,0,27,202,241,217,20,0,0,0,0,0,0,0,0,0,5,101,253,124,0,0,0,0,0,0,0,0,0,56,230,253,168,0,0,0,0,0,0,0,0,0,0,0,3,137,253,84,0,0,0,0,0,0,0,0,56,230,253,253,139,0,0,0,0,0,0,0,0,0,0,0,13,253,253,190,21,0,0,0,0,0,4,38,185,253,253,163,12,0,0,0,0,0,0,0,0,0,0,0,3,126,253,253,219,206,108,86,86,45,151,231,253,253,204,12,0,0,0,0,0,0,0,0,0,0,0,0,0,4,171,253,253,253,253,253,253,236,254,253,253,165,27,0,0,0,0,0,0,0,0,0,0,0,0,0,0,0,90,217,253,253,253,253,253,253,249,132,24,8,0,0,0,0,0,0,0,0,0,0,0,0,0,0,0,0,0,31,132,225,253,149,132,75,11,0,0,0,0,0,0,0,0,0,0,0,0,0,0,0,0,0,0,0,0,0,0,0,0,0,0,0,0,0,0,0,0,0,0,0,0,0,0,0,0,0,0,0,0,0,0,0,0,0,0,0,0,0,0,0,0,0,0,0,0,0,0,0,0,0,0,0,0,0,0,0,0,0,0,0,0,0,0,0,0,0,0,0,0,0,0,0,0,0,0,0,0,0,0,0,0,0,0,0,0,0,0,0,0,0,0,0,0,0,0,0,0,0,0,0,0,0,0,0,0,0,0,0,0,0
8,0,0,0,0,0,0,0,0,0,0,0,0,0,0,0,0,0,0,0,0,0,0,0,0,0,0,0,0,0,0,0,0,0,0,0,0,0,0,0,0,0,0,0,0,0,0,0,0,0,0,0,0,0,0,0,0,0,0,0,0,0,0,0,0,0,0,0,0,0,0,0,0,0,0,0,0,0,0,0,0,0,0,0,0,0,0,0,0,0,0,0,0,0,0,0,0,0,0,0,0,0,0,0,0,0,0,0,0,0,0,0,0,0,0,0,0,0,0,0,0,0,0,0,0,0,0,0,0,0,0,0,0,0,0,0,0,0,0,0,0,0,0,0,0,0,0,0,0,0,0,4,16,155,171,214,255,209,78,1,0,0,0,0,0,0,0,0,0,0,0,0,0,0,0,0,0,0,51,236,254,254,254,252,247,254,254,115,1,0,0,0,0,0,0,0,0,0,0,0,0,0,0,0,0,15,236,254,252,146,90,61,32,178,254,254,111,0,0,0,0,0,0,0,0,0,0,0,0,0,0,0,0,54,254,242,79,0,0,0,0,33,209,254,187,0,0,0,0,0,0,0,0,0,0,0,0,0,0,0,0,138,254,197,0,0,0,0,0,23,188,254,152,0,0,0,0,0,0,0,0,0,0,0,0,0,0,0,0,117,254,237,40,0,0,0,30,194,254,247,66,0,0,0,0,0,0,0,0,0,0,0,0,0,0,0,0,12,217,254,235,69,0,6,175,254,254,144,0,0,0,0,0,0,0,0,0,0,0,0,0,0,0,0,0,0,67,224,254,246,159,141,254,254,158,6,0,0,0,0,0,0,0,0,0,0,0,0,0,0,0,0,0,0,0,30,158,178,254,254,254,158,6,0,0,0,0,0,0,0,0,0,0,0,0,0,0,0,0,0,0,0,0,6,10,93,254,254,254,74,0,0,0,0,0,0,0,0,0,0,0,0,0,0,0,0,0,0,0,0,0,0,0,53,254,254,254,214,58,0,0,0,0,0,0,0,0,0,0,0,0,0,0,0,0,0,0,0,0,0,0,165,254,170,134,254,183,0,0,0,0,0,0,0,0,0,0,0,0,0,0,0,0,0,0,0,0,0,48,247,245,43,51,254,214,8,0,0,0,0,0,0,0,0,0,0,0,0,0,0,0,0,0,0,0,7,176,254,193,0,23,235,209,6,0,0,0,0,0,0,0,0,0,0,0,0,0,0,0,0,0,0,0,30,254,244,42,0,0,221,254,52,0,0,0,0,0,0,0,0,0,0,0,0,0,0,0,0,0,0,0,52,254,216,0,0,69,251,197,10,0,0,0,0,0,0,0,0,0,0,0,0,0,0,0,0,0,0,0,90,254,193,0,52,207,254,113,0,0,0,0,0,0,0,0,0,0,0,0,0,0,0,0,0,0,0,0,11,220,208,41,221,254,238,24,0,0,0,0,0,0,0,0,0,0,0,0,0,0,0,0,0,0,0,0,0,148,254,249,254,238,55,0,0,0,0,0,0,0,0,0,0,0,0,0,0,0,0,0,0,0,0,0,0,1,111,239,184,55,0,0,0,0,0,0,0,0,0,0,0,0,0,0,0,0,0,0,0,0,0,0,0,0,0,0,0,0,0,0,0,0,0,0,0,0,0,0,0,0,0,0,0,0,0,0,0,0,0,0,0,0,0,0,0,0,0,0,0,0,0,0,0,0,0,0,0,0,0,0,0,0,0,0,0,0,0,0,0,0,0,0,0,0,0,0,0,0,0,0,0,0,0,0,0,0
2,0,0,0,0,0,0,0,0,0,0,0,0,0,0,0,0,0,0,0,0,0,0,0,0,0,0,0,0,0,0,0,0,0,0,0,0,0,0,0,0,0,0,0,0,0,0,0,0,0,0,0,0,0,0,0,0,0,0,0,0,0,0,0,0,0,0,0,0,0,0,0,0,0,0,0,0,0,0,0,0,0,0,0,0,0,0,0,0,0,0,0,0,0,0,0,0,0,0,0,0,0,0,0,0,0,0,0,0,0,0,0,0,0,0,0,0,0,0,0,0,0,0,0,0,0,0,0,0,0,0,0,0,0,0,0,0,0,0,0,0,0,0,0,0,0,0,0,34,106,114,47,105,114,80,42,0,0,0,0,0,0,0,0,0,0,0,0,0,0,0,0,0,0,0,62,240,254,244,245,253,254,253,249,207,183,95,0,0,0,0,0,0,0,0,0,0,0,0,0,0,0,0,149,253,254,253,253,253,254,253,253,253,254,240,134,0,0,0,0,0,0,0,0,0,0,0,0,0,0,0,51,151,119,184,151,151,119,184,241,254,254,254,254,220,85,0,0,0,0,0,0,0,0,0,0,0,0,0,0,0,0,0,0,0,0,0,19,23,173,232,253,253,248,88,0,0,0,0,0,0,0,0,0,0,0,0,0,0,0,0,0,0,0,0,0,0,0,42,224,253,254,211,5,0,0,0,0,0,0,0,0,0,0,0,0,0,0,0,0,0,0,0,0,0,0,0,82,253,254,253,113,0,0,0,0,0,0,0,0,0,0,0,0,0,26,0,7,70,0,0,0,0,0,0,0,185,254,254,205,0,0,0,0,0,0,0,0,0,0,26,164,230,239,214,182,253,231,146,63,13,0,0,0,184,254,253,137,0,0,0,0,0,0,0,0,0,74,190,253,253,254,253,253,253,254,253,253,220,125,11,0,184,254,253,96,0,0,0,0,0,0,0,0,0,161,253,253,253,254,168,194,228,254,253,253,253,254,215,76,209,254,219,13,0,0,0,0,0,0,0,0,0,254,254,239,59,0,0,0,0,0,119,101,235,254,254,254,254,254,207,0,0,0,0,0,0,0,0,0,0,237,253,166,13,0,0,0,0,0,0,0,50,237,253,253,253,254,73,0,0,0,0,0,0,0,0,0,0,161,253,253,186,91,24,21,0,0,0,3,57,203,253,253,253,254,111,5,0,0,0,0,0,0,0,0,0,128,253,253,253,254,253,246,184,185,184,191,253,254,253,253,253,254,253,146,0,0,0,0,0,0,0,0,0,0,85,225,254,254,254,254,254,254,254,254,254,254,254,155,185,255,254,254,254,0,0,0,0,0,0,0,0,0,0,19,56,173,206,211,253,254,244,206,139,56,23,4,42,186,236,244,128,0,0,0,0,0,0,0,0,0,0,0,0,0,0,5,46,46,38,0,0,0,0,0,0,13,46,129,13,0,0,0,0,0,0,0,0,0,0,0,0,0,0,0,0,0,0,0,0,0,0,0,0,0,0,0,0,0,0,0,0,0,0,0,0,0,0,0,0,0,0,0,0,0,0,0,0,0,0,0,0,0,0,0,0,0,0,0,0,0,0,0,0,0,0,0,0,0,0,0,0,0,0,0,0,0,0,0,0,0,0,0,0,0,0,0,0,0,0,0,0,0,0,0,0,0,0,0,0,0,0,0,0,0,0,0,0,0,0,0,0,0,0,0,0,0,0,0,0,0,0,0,0,0,0,0,0,0,0,0,0,0,0,0,0,0,0,0,0,0,0,0,0
2,0,0,0,0,0,0,0,0,0,0,0,0,0,0,0,0,0,0,0,0,0,0,0,0,0,0,0,0,0,0,0,0,0,0,0,0,0,0,0,0,0,0,0,0,0,0,0,0,0,0,0,0,0,0,0,0,0,0,0,0,0,0,0,0,0,0,0,0,0,0,0,0,0,0,0,0,0,0,0,0,0,0,0,0,0,0,0,0,0,0,0,0,0,0,0,0,0,0,0,0,0,0,0,0,0,0,0,0,0,0,0,0,0,0,0,0,0,0,0,0,0,0,0,0,0,0,0,0,0,0,0,0,0,0,0,0,0,0,0,0,0,0,0,0,0,0,0,0,0,0,0,0,0,0,0,0,0,0,0,0,0,0,0,0,0,0,0,0,0,0,0,0,0,0,0,0,0,0,0,0,0,0,0,0,0,0,0,0,0,0,0,0,0,0,0,0,0,0,0,0,0,0,0,0,0,58,200,251,157,154,87,4,0,0,0,0,0,0,0,0,0,0,0,0,0,0,0,0,0,0,0,0,0,154,243,230,235,254,254,219,133,8,0,0,0,0,0,0,0,0,0,0,0,0,0,0,0,0,0,0,0,44,38,0,15,79,168,250,254,206,47,0,0,0,0,0,0,0,0,0,0,0,0,0,0,0,0,0,0,0,0,0,0,0,0,27,227,254,197,51,0,0,0,0,0,0,0,0,0,0,0,0,0,0,0,0,0,0,0,0,0,0,0,0,41,210,254,192,0,0,0,0,0,0,0,0,0,0,0,0,0,0,0,0,0,0,0,0,0,0,0,0,0,24,242,252,61,0,0,0,0,0,0,0,0,0,0,0,0,0,0,0,0,0,0,0,11,49,49,49,49,49,166,254,191,5,0,0,0,0,0,0,0,0,0,0,0,0,0,8,121,207,207,207,217,254,254,254,254,254,254,254,254,211,205,112,112,112,0,0,0,0,0,0,0,0,20,201,254,254,254,254,254,254,254,225,254,254,254,254,254,254,254,254,254,196,0,0,0,0,0,0,0,0,116,254,222,152,70,52,95,19,19,12,60,224,254,233,88,19,19,19,19,5,0,0,0,0,0,0,0,0,192,254,111,1,0,0,0,0,7,83,245,254,253,143,0,0,0,0,0,0,0,0,0,0,0,0,0,0,45,245,254,148,145,141,169,169,229,254,254,233,151,0,0,0,0,0,0,0,0,0,0,0,0,0,0,0,0,79,244,254,254,254,254,254,227,216,174,47,0,0,0,0,0,0,0,0,0,0,0,0,0,0,0,0,0,0,43,79,153,153,61,57,18,0,0,0,0,0,0,0,0,0,0,0,0,0,0,0,0,0,0,0,0,0,0,0,0,0,0,0,0,0,0,0,0,0,0,0,0,0,0,0,0,0,0,0,0,0,0,0,0,0,0,0,0,0,0,0,0,0,0,0,0,0,0,0,0,0,0,0,0,0,0,0,0,0,0,0,0,0,0,0,0,0,0,0,0,0,0,0,0,0,0,0,0,0,0,0,0,0,0,0,0,0,0,0,0,0,0,0,0,0,0,0,0,0,0,0,0,0,0,0,0,0,0,0,0,0,0,0,0,0,0,0,0,0,0,0,0,0,0,0,0,0,0,0,0,0,0,0,0,0,0,0,0,0,0,0,0,0,0,0,0,0,0,0,0,0,0,0,0,0,0,0,0,0,0,0,0,0,0,0,0,0,0,0,0,0,0,0,0,0,0,0,0,0,0,0,0,0,0,0,0,0,0,0,0,0,0,0,0,0
0,0,0,0,0,0,0,0,0,0,0,0,0,0,0,0,0,0,0,0,0,0,0,0,0,0,0,0,0,0,0,0,0,0,0,0,0,0,0,0,0,0,0,0,0,0,0,0,0,0,0,0,0,0,0,0,0,0,0,0,0,0,0,0,0,0,0,0,0,0,0,0,0,0,0,0,0,0,0,0,0,0,0,0,0,0,0,0,0,0,0,0,0,0,0,0,0,0,0,0,0,0,0,0,0,0,0,0,0,0,0,0,0,0,0,0,0,0,0,0,0,0,0,0,0,5,94,176,255,189,106,37,0,0,0,0,0,0,0,0,0,0,0,0,0,0,0,0,0,0,0,0,37,171,254,254,254,254,254,240,193,23,0,0,0,0,0,0,0,0,0,0,0,0,0,0,0,0,0,64,226,254,254,254,254,254,254,254,254,204,21,0,0,0,0,0,0,0,0,0,0,0,0,0,0,0,104,251,254,254,254,254,232,254,254,254,254,254,210,21,0,0,0,0,0,0,0,0,0,0,0,0,0,37,234,254,254,244,103,38,24,38,38,118,245,254,254,106,3,0,0,0,0,0,0,0,0,0,0,0,0,186,254,254,183,66,0,0,0,0,0,0,100,254,254,254,28,0,0,0,0,0,0,0,0,0,0,0,74,252,254,254,85,0,0,0,0,0,0,0,3,211,254,254,48,0,0,0,0,0,0,0,0,0,0,14,217,254,254,181,2,0,0,0,0,0,0,0,0,91,254,254,204,0,0,0,0,0,0,0,0,0,0,97,254,254,254,101,0,0,0,0,0,0,0,0,0,39,254,254,231,20,0,0,0,0,0,0,0,0,0,216,254,254,140,4,0,0,0,0,0,0,0,0,0,39,254,254,254,62,0,0,0,0,0,0,0,0,0,221,254,192,40,0,0,0,0,0,0,0,0,0,0,39,254,254,254,62,0,0,0,0,0,0,0,0,43,243,254,235,26,0,0,0,0,0,0,0,0,0,0,39,254,254,254,62,0,0,0,0,0,0,0,0,29,236,254,254,38,0,0,0,0,0,0,0,0,0,0,92,254,254,222,5,0,0,0,0,0,0,0,0,50,247,254,254,38,0,0,0,0,0,0,0,0,0,0,138,254,254,216,0,0,0,0,0,0,0,0,0,22,232,254,254,65,0,0,0,0,0,0,0,0,0,48,246,254,254,61,0,0,0,0,0,0,0,0,0,0,221,254,254,188,11,0,0,0,0,0,0,0,71,205,254,254,178,3,0,0,0,0,0,0,0,0,0,0,108,252,254,254,147,4,0,0,1,5,71,153,242,252,249,172,21,0,0,0,0,0,0,0,0,0,0,0,0,137,253,254,254,235,163,163,180,254,254,254,254,156,0,0,0,0,0,0,0,0,0,0,0,0,0,0,0,0,108,249,254,254,254,254,254,254,254,169,85,10,0,0,0,0,0,0,0,0,0,0,0,0,0,0,0,0,0,99,122,250,254,254,254,133,62,5,0,0,0,0,0,0,0,0,0,0,0,0,0,0,0,0,0,0,0,0,0,0,0,0,0,0,0,0,0,0,0,0,0,0,0,0,0,0,0,0,0,0,0,0,0,0,0,0,0,0,0,0,0,0,0,0,0,0,0,0,0,0,0,0,0,0,0,0,0,0,0,0,0,0,0,0,0,0,0,0,0,0,0,0,0,0,0,0,0,0,0,0,0,0,0,0,0,0,0,0,0,0,0,0,0,0,0,0,0,0,0,0,0,0,0,0,0,0,0,0,0,0
2,0,0,0,0,0,0,0,0,0,0,0,0,0,0,0,0,0,0,0,0,0,0,0,0,0,0,0,0,0,0,0,0,0,0,0,0,0,0,0,0,0,0,0,0,0,0,0,0,0,0,0,0,0,0,0,0,0,0,0,0,0,0,0,0,0,0,0,0,0,0,0,0,0,0,0,0,0,0,0,0,0,0,0,0,0,0,0,0,0,0,0,0,0,0,0,0,0,31,115,254,255,245,101,15,0,0,0,0,0,0,0,0,0,0,0,0,0,0,0,0,0,0,0,6,47,203,253,253,253,253,253,38,0,0,0,0,0,0,0,0,0,0,0,0,0,0,0,0,0,0,0,121,253,253,253,253,253,253,253,127,0,0,0,0,0,0,0,0,0,0,0,0,0,0,0,0,0,0,139,251,253,253,253,253,253,253,253,214,34,0,0,0,0,0,0,0,0,0,0,0,0,0,0,0,0,0,239,253,253,253,253,159,114,253,253,253,92,0,0,0,0,0,0,0,0,0,0,0,0,0,0,0,0,0,239,253,253,253,240,59,70,253,253,253,92,0,0,0,0,0,0,0,0,0,0,0,0,0,0,0,0,0,239,253,253,227,59,0,47,225,253,253,237,0,0,0,0,0,0,0,0,0,0,0,0,0,0,0,0,0,65,68,68,48,0,0,0,169,253,253,245,0,0,0,0,0,0,0,0,0,0,0,0,0,0,0,0,0,0,0,0,0,0,0,37,213,253,253,245,0,0,0,0,0,0,0,0,0,0,0,0,0,0,0,0,0,0,0,0,0,0,0,70,253,253,253,198,0,0,0,0,0,0,0,0,0,0,0,0,0,0,0,0,0,0,0,0,0,0,87,198,253,253,247,83,0,0,0,0,0,0,0,0,0,0,0,0,0,0,0,0,0,0,0,0,0,87,186,253,253,253,191,0,0,0,0,0,0,0,0,0,0,0,0,0,0,0,68,70,70,70,70,70,117,244,253,253,253,253,55,0,0,0,0,0,0,0,0,0,0,0,0,0,3,105,251,253,253,253,253,253,253,253,253,253,253,253,182,165,16,13,0,0,0,0,0,0,0,0,0,0,118,253,253,253,253,253,253,253,253,253,253,253,253,253,253,253,253,199,0,0,0,0,0,0,0,0,0,86,245,253,253,253,253,253,253,253,253,253,253,253,253,253,253,253,253,245,85,0,0,0,0,0,0,0,0,101,253,253,253,253,253,253,253,253,253,253,253,253,253,253,253,253,253,218,36,0,0,0,0,0,0,0,0,101,253,253,253,253,253,253,253,253,154,145,198,253,253,253,253,253,253,133,0,0,0,0,0,0,0,0,0,101,253,253,253,253,253,235,180,45,4,0,22,45,45,45,45,45,45,8,0,0,0,0,0,0,0,0,0,40,99,188,253,135,99,66,0,0,0,0,0,0,0,0,0,0,0,0,0,0,0,0,0,0,0,0,0,0,0,0,0,0,0,0,0,0,0,0,0,0,0,0,0,0,0,0,0,0,0,0,0,0,0,0,0,0,0,0,0,0,0,0,0,0,0,0,0,0,0,0,0,0,0,0,0,0,0,0,0,0,0,0,0,0,0,0,0,0,0,0,0,0,0,0,0,0,0,0,0,0,0,0,0,0,0,0,0,0,0,0,0,0,0,0,0,0,0,0,0,0,0,0,0,0,0,0,0,0,0,0,0,0,0,0,0,0,0,0,0,0,0,0,0,0,0,0,0,0,0,0,0,0,0,0,0,0,0,0,0,0,0,0,0
4,0,0,0,0,0,0,0,0,0,0,0,0,0,0,0,0,0,0,0,0,0,0,0,0,0,0,0,0,0,0,0,0,0,0,0,0,0,0,0,0,0,0,0,0,0,0,0,0,0,0,0,0,0,0,0,0,0,0,0,0,0,0,0,0,0,0,0,0,0,0,0,0,0,0,0,0,0,0,0,0,0,0,0,0,0,0,0,0,0,0,0,0,0,0,0,0,0,0,0,0,0,0,0,0,0,0,0,0,0,0,0,0,0,0,0,0,0,0,0,0,0,0,0,0,0,0,0,0,0,0,0,0,0,0,0,0,0,0,0,0,0,0,0,0,0,0,0,0,0,0,0,0,0,0,0,0,0,0,0,0,0,0,0,0,0,0,0,0,0,0,0,0,0,0,0,0,0,0,0,0,0,0,0,0,0,0,0,0,0,0,0,0,0,0,0,0,0,0,0,0,0,0,0,0,10,209,218,15,0,0,0,0,0,0,0,0,0,0,41,97,36,0,0,0,0,0,0,0,0,0,0,0,123,253,199,3,0,0,0,0,0,0,0,0,0,55,211,253,162,0,0,0,0,0,0,0,0,0,0,0,204,253,213,12,0,0,0,0,0,0,0,0,71,211,253,210,100,0,0,0,0,0,0,0,0,0,0,88,251,253,128,0,0,0,0,0,0,0,37,115,246,253,253,184,23,0,0,0,0,0,0,0,0,0,8,205,253,177,0,0,0,0,0,61,106,195,248,253,254,253,253,229,23,0,0,0,0,0,0,0,0,0,132,224,254,133,0,5,89,209,254,255,254,254,254,254,255,249,165,83,0,0,0,0,0,0,0,0,0,5,217,253,237,89,140,217,253,253,253,254,253,253,253,253,249,103,0,0,0,0,0,0,0,0,0,0,0,156,253,253,253,253,254,253,253,253,253,205,173,253,253,253,98,0,0,0,0,0,0,0,0,0,0,0,0,216,253,253,253,253,254,234,213,124,79,8,95,253,253,185,0,0,0,0,0,0,0,0,0,0,0,0,0,216,253,253,253,177,96,31,0,0,0,23,229,253,237,36,0,0,0,0,0,0,0,0,0,0,0,0,0,61,98,68,0,0,0,0,0,0,23,217,254,235,53,0,0,0,0,0,0,0,0,0,0,0,0,0,0,0,0,0,0,0,0,0,0,0,180,254,253,167,0,0,0,0,0,0,0,0,0,0,0,0,0,0,0,0,0,0,0,0,0,0,0,58,235,254,209,24,0,0,0,0,0,0,0,0,0,0,0,0,0,0,0,0,0,0,0,0,0,0,0,189,253,254,121,0,0,0,0,0,0,0,0,0,0,0,0,0,0,0,0,0,0,0,0,0,0,8,128,248,253,133,9,0,0,0,0,0,0,0,0,0,0,0,0,0,0,0,0,0,0,0,0,0,0,20,254,254,231,38,0,0,0,0,0,0,0,0,0,0,0,0,0,0,0,0,0,0,0,0,0,0,0,140,253,253,73,0,0,0,0,0,0,0,0,0,0,0,0,0,0,0,0,0,0,0,0,0,0,0,0,147,253,253,155,0,0,0,0,0,0,0,0,0,0,0,0,0,0,0,0,0,0,0,0,0,0,0,0,69,226,253,185,0,0,0,0,0,0,0,0,0,0,0,0,0,0,0,0,0,0,0,0,0,0,0,0,0,48,140,14,0,0,0,0,0,0,0,0,0,0,0,0,0,0,0,0,0,0,0,0,0,0,0,0,0,0,0,0,0,0,0,0,0,0,0,0,0,0,0,0,0
3,0,0,0,0,0,0,0,0,0,0,0,0,0,0,0,0,0,0,0,0,0,0,0,0,0,0,0,0,0,0,0,0,0,0,0,0,0,0,0,0,0,0,0,0,0,0,0,0,0,0,0,0,0,0,0,0,0,0,0,0,0,0,0,0,0,0,0,0,0,0,0,0,0,0,0,0,0,0,0,0,0,0,0,0,0,0,0,0,0,0,0,0,0,0,0,0,0,0,0,0,0,0,0,0,0,0,0,0,0,0,0,0,0,0,0,0,0,0,0,0,0,0,0,0,0,0,0,0,0,0,0,0,0,0,0,0,0,0,0,0,0,0,0,0,0,0,0,0,0,0,0,0,0,0,0,0,0,0,0,0,0,0,0,0,0,0,0,0,0,0,0,0,0,7,105,105,123,253,253,253,253,255,253,253,182,105,105,49,0,0,0,0,0,0,0,0,0,0,0,0,0,138,252,252,252,252,252,252,252,253,252,252,252,252,252,149,4,0,0,0,0,0,0,0,0,0,0,0,0,58,158,237,247,252,252,252,252,253,252,252,252,252,252,244,13,0,0,0,0,0,0,0,0,0,0,0,0,0,0,0,95,132,132,132,132,133,231,252,252,252,252,118,0,0,0,0,0,0,0,0,0,0,0,0,0,0,0,0,0,0,0,0,0,31,221,252,252,252,225,14,0,0,0,0,0,0,0,0,0,0,0,0,0,0,0,0,0,0,0,6,30,210,252,252,252,243,108,0,0,0,0,0,0,0,0,0,0,0,0,0,0,0,0,0,0,0,48,155,252,253,252,252,252,217,39,0,0,0,0,0,0,0,0,0,0,0,0,0,0,0,0,0,11,90,235,252,252,253,252,252,252,252,242,112,0,0,0,0,0,0,0,0,0,0,0,0,0,0,0,0,30,252,252,252,252,253,252,252,252,252,252,221,37,0,0,0,0,0,0,0,0,0,0,0,0,0,0,0,30,252,252,252,252,104,103,103,103,235,252,252,162,0,0,0,0,0,0,0,0,0,0,0,0,0,0,0,18,149,149,35,0,0,0,0,0,75,253,253,163,0,0,0,0,0,0,0,0,0,0,0,0,0,0,0,0,0,0,0,0,0,0,0,0,75,252,252,162,0,0,0,0,0,0,0,0,0,0,0,0,0,0,0,0,0,0,0,0,0,0,0,0,171,252,252,162,0,0,0,0,0,0,0,0,0,0,0,0,0,0,0,0,0,0,0,0,0,0,0,0,223,252,252,162,0,0,0,0,0,0,0,0,0,0,0,0,0,0,0,0,0,0,0,0,0,0,5,145,248,252,252,162,0,0,0,0,0,0,0,0,0,0,0,0,0,0,0,0,16,30,25,0,0,25,43,252,252,252,236,56,0,0,0,0,0,0,0,0,0,0,0,0,0,0,0,16,196,252,231,55,56,231,252,252,252,252,118,0,0,0,0,0,0,0,0,0,0,0,0,0,0,0,0,30,252,252,252,244,245,252,252,252,225,144,7,0,0,0,0,0,0,0,0,0,0,0,0,0,0,0,0,25,231,252,252,252,253,252,249,207,58,0,0,0,0,0,0,0,0,0,0,0,0,0,0,0,0,0,0,0,55,244,252,252,253,216,97,0,0,0,0,0,0,0,0,0,0,0,0,0,0,0,0,0,0,0,0,0,0,0,0,0,0,0,0,0,0,0,0,0,0,0,0,0,0,0,0,0,0,0,0,0,0,0,0,0,0,0,0,0,0,0,0,0,0,0,0,0,0,0,0,0,0,0,0
4,0,0,0,0,0,0,0,0,0,0,0,0,0,0,0,0,0,0,0,0,0,0,0,0,0,0,0,0,0,0,0,0,0,0,0,0,0,0,0,0,0,0,0,0,0,0,0,0,0,0,0,0,0,0,0,0,0,0,0,0,0,0,0,0,0,0,0,0,0,0,0,0,0,0,0,0,0,0,0,0,0,0,0,0,0,0,0,0,0,0,0,0,0,0,0,0,0,0,0,0,0,0,0,0,0,0,0,0,0,0,0,0,0,0,0,0,0,0,0,0,0,0,0,0,0,0,0,0,0,0,0,0,0,0,0,0,0,0,0,0,0,0,0,0,0,0,0,0,0,0,0,0,0,0,0,0,0,3,191,184,12,0,0,0,0,0,0,0,0,0,0,0,0,0,0,0,0,0,0,0,0,0,0,0,0,108,253,165,23,0,0,0,0,0,0,0,0,0,0,0,0,0,0,0,0,0,0,0,0,0,0,0,14,218,253,53,0,0,0,0,0,0,0,0,0,0,0,0,0,0,0,0,0,0,0,0,0,0,0,0,26,234,230,13,0,0,0,0,0,0,0,0,0,0,0,0,0,0,0,0,0,0,0,0,53,224,54,0,142,253,126,0,0,0,0,0,0,0,0,0,0,0,0,0,0,0,0,0,0,0,0,0,140,253,159,5,227,241,47,0,0,0,0,0,0,0,0,0,0,0,0,0,0,0,0,0,0,0,0,60,250,253,159,66,253,84,0,0,0,0,0,0,0,0,0,0,0,0,0,0,0,0,0,0,0,0,33,184,253,148,62,212,230,23,0,0,0,0,0,0,0,0,0,0,0,0,0,0,0,0,0,0,0,0,158,253,204,6,95,254,170,0,0,0,0,0,0,0,0,0,0,0,0,0,0,0,0,0,0,0,0,70,241,253,238,188,212,254,170,21,0,0,0,0,0,0,0,0,0,0,0,0,0,0,0,0,0,0,0,166,254,254,254,254,254,255,254,250,159,36,0,0,0,0,0,0,0,0,0,0,0,0,0,0,0,0,0,221,253,240,223,253,253,254,225,253,253,220,38,0,0,0,0,0,0,0,0,0,0,0,0,0,0,0,0,31,56,37,57,253,253,199,15,56,84,202,101,0,0,0,0,0,0,0,0,0,0,0,0,0,0,0,0,0,0,0,147,253,190,32,0,0,0,0,0,0,0,0,0,0,0,0,0,0,0,0,0,0,0,0,0,0,0,0,192,253,159,0,0,0,0,0,0,0,0,0,0,0,0,0,0,0,0,0,0,0,0,0,0,0,0,7,228,251,113,0,0,0,0,0,0,0,0,0,0,0,0,0,0,0,0,0,0,0,0,0,0,0,0,85,253,224,0,0,0,0,0,0,0,0,0,0,0,0,0,0,0,0,0,0,0,0,0,0,0,0,0,106,253,168,0,0,0,0,0,0,0,0,0,0,0,0,0,0,0,0,0,0,0,0,0,0,0,0,0,178,253,86,0,0,0,0,0,0,0,0,0,0,0,0,0,0,0,0,0,0,0,0,0,0,0,0,42,171,211,10,0,0,0,0,0,0,0,0,0,0,0,0,0,0,0,0,0,0,0,0,0,0,0,0,0,0,0,0,0,0,0,0,0,0,0,0,0,0,0,0,0,0,0,0,0,0,0,0,0,0,0,0,0,0,0,0,0,0,0,0,0,0,0,0,0,0,0,0,0,0,0,0,0,0,0,0,0,0,0,0,0,0,0,0,0,0,0,0,0,0,0,0,0,0,0,0,0,0
0,0,0,0,0,0,0,0,0,0,0,0,0,0,0,0,0,0,0,0,0,0,0,0,0,0,0,0,0,0,0,0,0,0,0,0,0,0,0,0,0,0,0,0,0,0,0,0,0,0,0,0,0,0,0,0,0,0,0,0,0,0,0,0,0,0,0,0,0,0,0,0,0,0,0,0,0,0,0,0,0,0,0,0,0,0,0,0,0,0,0,0,0,0,0,0,0,0,0,0,0,0,0,0,0,0,0,0,0,0,0,0,0,0,0,0,0,0,0,0,0,0,0,0,0,0,0,60,150,254,254,254,133,55,0,0,0,0,0,0,0,0,0,0,0,0,0,0,0,0,0,0,0,0,0,254,253,253,253,253,253,233,0,0,0,0,0,0,0,0,0,0,0,0,0,0,0,0,0,0,0,0,136,254,253,253,253,253,253,247,122,0,0,0,0,0,0,0,0,0,0,0,0,0,0,0,0,0,13,40,204,254,253,253,253,253,253,253,174,0,0,0,0,0,0,0,0,0,0,0,0,0,0,0,61,99,146,253,253,254,253,253,253,253,253,253,204,45,0,0,0,0,0,0,0,0,0,0,0,0,145,156,216,253,253,253,253,254,253,253,253,253,253,253,253,200,36,0,0,0,0,0,0,0,0,0,0,14,236,253,253,253,253,253,253,254,253,253,253,253,253,253,253,253,57,0,0,0,0,0,0,0,0,0,37,200,253,253,253,253,253,253,253,254,253,253,253,253,253,253,253,253,57,0,0,0,0,0,0,0,0,32,191,253,253,253,253,253,253,253,253,254,253,253,253,253,253,253,253,253,57,0,0,0,0,0,0,0,0,59,253,253,253,253,253,253,253,253,101,58,57,193,253,253,253,253,253,253,57,0,0,0,0,0,0,0,0,60,254,254,254,254,254,204,135,0,0,0,0,0,182,218,255,254,254,254,58,0,0,0,0,0,0,0,0,59,253,253,253,253,180,20,0,0,0,0,0,0,0,99,253,253,253,189,31,0,0,0,0,0,0,0,0,59,253,253,253,253,97,0,0,0,0,0,0,0,0,99,253,253,253,116,0,0,0,0,0,0,0,0,0,59,253,253,253,253,242,69,40,18,0,0,0,0,37,123,253,253,253,243,53,0,0,0,0,0,0,0,0,59,253,253,253,253,253,253,253,168,99,99,99,99,242,253,253,253,253,199,35,0,0,0,0,0,0,0,0,59,253,253,253,253,253,253,253,253,253,255,253,253,253,253,253,253,253,116,0,0,0,0,0,0,0,0,0,9,38,174,251,253,253,253,253,253,253,254,253,253,253,253,253,253,246,107,0,0,0,0,0,0,0,0,0,0,0,0,174,253,253,253,253,253,253,254,253,253,253,253,253,246,121,0,0,0,0,0,0,0,0,0,0,0,0,0,18,116,116,232,253,253,253,254,253,253,253,199,116,107,0,0,0,0,0,0,0,0,0,0,0,0,0,0,0,0,0,49,57,57,57,254,253,253,71,35,0,0,0,0,0,0,0,0,0,0,0,0,0,0,0,0,0,0,0,0,0,0,0,0,0,0,0,0,0,0,0,0,0,0,0,0,0,0,0,0,0,0,0,0,0,0,0,0,0,0,0,0,0,0,0,0,0,0,0,0,0,0,0,0,0,0,0,0,0,0,0,0,0,0,0,0,0,0,0,0,0,0,0,0,0,0,0,0,0,0,0,0,0,0,0,0,0,0,0,0,0,0,0,0,0,0,0,0,0,0,0,0,0,0,0,0,0,0,0,0,0
0,0,0,0,0,0,0,0,0,0,0,0,0,0,0,0,0,0,0,0,0,0,0,0,0,0,0,0,0,0,0,0,0,0,0,0,0,0,0,0,0,0,0,0,0,0,0,0,0,0,0,0,0,0,0,0,0,0,0,0,0,0,0,0,0,0,0,0,0,0,0,0,0,0,0,0,0,0,0,0,0,0,0,0,0,0,0,0,0,0,0,0,0,0,0,0,0,0,0,0,0,0,0,0,0,0,0,0,0,0,0,0,0,0,0,0,0,0,0,0,0,0,39,155,253,142,0,0,0,0,0,0,0,0,0,0,0,0,0,0,0,0,0,0,0,0,0,0,0,40,223,252,252,250,226,107,107,108,107,11,0,0,0,0,0,0,0,0,0,0,0,0,0,0,0,0,40,222,252,252,252,252,252,252,252,253,252,229,184,20,0,0,0,0,0,0,0,0,0,0,0,0,0,0,107,252,252,252,252,252,252,252,252,253,252,252,252,186,64,0,0,0,0,0,0,0,0,0,0,0,0,0,212,252,252,252,252,206,101,53,53,53,109,210,252,252,213,21,0,0,0,0,0,0,0,0,0,0,0,26,242,252,252,252,212,21,0,0,0,0,0,25,195,252,252,186,20,0,0,0,0,0,0,0,0,0,0,141,252,252,176,79,63,0,0,0,0,0,0,0,26,195,252,252,114,0,0,0,0,0,0,0,0,0,0,253,252,252,39,0,0,0,0,0,0,0,0,0,0,25,210,252,242,82,0,0,0,0,0,0,0,0,0,253,252,252,39,0,0,0,0,0,0,0,0,0,0,0,110,252,252,238,0,0,0,0,0,0,0,0,0,253,252,252,39,0,0,0,0,0,0,0,0,0,0,0,54,252,252,238,0,0,0,0,0,0,0,0,0,255,253,253,39,0,0,0,0,0,0,0,0,0,0,0,0,174,253,253,120,0,0,0,0,0,0,0,0,253,252,252,39,0,0,0,0,0,0,0,0,0,0,0,0,173,252,252,119,0,0,0,0,0,0,0,0,253,252,252,89,0,0,0,0,0,0,0,0,0,0,0,20,202,252,247,75,0,0,0,0,0,0,0,0,140,252,252,197,17,0,0,0,0,0,0,0,0,0,0,54,252,252,238,0,0,0,0,0,0,0,0,0,25,242,252,252,88,0,0,0,0,0,0,0,0,0,18,176,252,252,203,0,0,0,0,0,0,0,0,0,0,212,252,252,199,43,0,0,0,0,0,0,0,17,176,252,252,246,84,0,0,0,0,0,0,0,0,0,0,90,248,252,252,235,82,15,0,0,0,39,90,198,252,252,245,120,0,0,0,0,0,0,0,0,0,0,0,0,132,248,252,252,252,193,160,160,161,247,252,252,252,218,78,0,0,0,0,0,0,0,0,0,0,0,0,0,0,131,242,252,252,252,252,252,253,252,252,248,133,84,0,0,0,0,0,0,0,0,0,0,0,0,0,0,0,0,32,119,210,252,252,252,253,252,132,82,0,0,0,0,0,0,0,0,0,0,0,0,0,0,0,0,0,0,0,0,0,0,0,0,0,0,0,0,0,0,0,0,0,0,0,0,0,0,0,0,0,0,0,0,0,0,0,0,0,0,0,0,0,0,0,0,0,0,0,0,0,0,0,0,0,0,0,0,0,0,0,0,0,0,0,0,0,0,0,0,0,0,0,0,0,0,0,0,0,0,0,0,0,0,0,0,0,0,0,0,0,0,0,0,0,0,0,0,0,0,0,0,0,0,0,0,0,0,0,0
7,0,0,0,0,0,0,0,0,0,0,0,0,0,0,0,0,0,0,0,0,0,0,0,0,0,0,0,0,0,0,0,0,0,0,0,0,0,0,0,0,0,0,0,0,0,0,0,0,0,0,0,0,0,0,0,0,0,0,0,0,0,0,0,0,0,0,0,0,0,0,0,0,0,0,0,0,0,0,0,0,0,0,0,0,0,0,0,0,0,0,0,0,0,0,0,0,0,0,0,0,0,0,0,0,0,0,0,0,0,0,0,0,0,0,0,0,0,0,0,0,0,0,0,0,0,0,0,0,0,0,0,0,0,0,0,0,0,0,0,0,0,0,0,0,0,0,0,0,0,0,0,0,0,0,0,0,0,0,0,0,0,0,0,0,0,0,0,0,0,0,0,0,0,0,0,0,0,0,0,0,0,0,0,0,0,0,0,0,0,0,0,0,0,0,0,0,0,0,0,0,0,0,0,0,0,0,0,0,0,52,81,105,130,168,252,159,159,84,0,0,0,0,0,0,0,0,0,0,0,0,0,0,0,14,29,60,105,203,242,218,254,254,254,254,254,250,11,0,0,0,0,0,0,0,0,0,0,0,0,0,70,155,254,241,243,254,254,254,192,163,130,254,254,254,91,0,0,0,0,0,0,0,0,0,0,0,0,185,254,254,254,220,197,129,83,4,2,0,25,189,255,250,2,0,0,0,0,0,0,0,0,0,0,0,0,188,240,148,65,16,0,0,0,0,0,0,116,254,254,195,0,0,0,0,0,0,0,0,0,0,0,0,0,53,29,0,0,0,0,0,0,0,0,65,240,254,241,38,0,0,0,0,0,0,0,0,0,0,0,0,0,0,0,0,0,0,0,0,0,0,37,200,254,254,139,0,0,0,0,0,0,0,0,0,0,0,0,0,0,0,0,0,0,0,0,0,0,2,180,254,254,144,4,0,0,0,0,0,0,0,0,0,0,0,0,0,0,0,0,0,0,0,0,0,102,183,254,254,177,0,0,0,0,0,0,0,0,0,0,0,0,0,0,0,0,0,0,0,0,0,0,47,244,254,254,212,65,0,0,0,0,0,0,0,0,0,0,0,0,0,0,0,0,0,0,0,0,0,20,121,254,254,250,72,0,0,0,0,0,0,0,0,0,0,0,0,0,0,0,0,0,0,0,0,0,37,241,254,254,254,112,0,0,0,0,0,0,0,0,0,0,0,0,0,0,0,0,0,0,0,0,0,15,125,254,254,254,230,37,0,0,0,0,0,0,0,0,0,0,0,0,0,0,0,0,0,0,0,0,0,87,218,254,254,253,66,0,0,0,0,0,0,0,0,0,0,0,0,0,0,0,0,0,0,0,0,0,0,150,254,254,254,79,0,0,0,0,0,0,0,0,0,0,0,0,0,0,0,0,0,0,0,0,0,0,74,248,254,252,118,2,0,0,0,0,0,0,0,0,0,0,0,0,0,0,0,0,0,0,0,0,0,0,159,222,215,195,0,0,0,0,0,0,0,0,0,0,0,0,0,0,0,0,0,0,0,0,0,0,0,0,217,254,220,16,0,0,0,0,0,0,0,0,0,0,0,0,0,0,0,0,0,0,0,0,0,0,0,0,119,254,201,0,0,0,0,0,0,0,0,0,0,0,0,0,0,0,0,0,0,0,0,0,0,0,0,0,6,200,201,0,0,0,0,0,0,0,0,0,0,0,0,0,0,0,0,0,0,0,0,0,0,0,0,0,0,0,0,0,0,0,0,0,0,0,0,0,0,0,0,0,0,0,0
7,0,0,0,0,0,0,0,0,0,0,0,0,0,0,0,0,0,0,0,0,0,0,0,0,0,0,0,0,0,0,0,0,0,0,0,0,0,0,0,0,0,0,0,0,0,0,0,0,0,0,0,0,0,0,0,0,0,0,0,0,0,0,0,0,0,0,0,0,0,0,0,0,0,0,0,0,0,0,0,0,0,0,0,0,0,0,0,0,0,0,0,0,0,0,0,0,0,0,0,0,0,0,0,0,0,0,0,0,0,0,0,0,0,0,0,0,0,0,0,0,0,0,0,0,0,0,0,0,0,0,0,0,0,0,0,0,0,0,0,0,0,0,0,0,0,0,0,0,0,0,0,0,0,0,0,0,0,0,0,0,0,0,0,0,0,0,0,0,0,0,0,0,0,0,0,0,0,0,0,0,0,0,0,0,0,0,0,0,0,0,0,0,0,0,0,0,0,0,0,0,0,0,0,0,0,0,28,59,149,194,232,148,127,156,231,255,136,0,0,0,0,0,0,0,0,0,0,0,0,0,0,0,0,118,217,253,253,253,254,251,247,253,253,254,135,0,0,0,0,0,0,0,0,0,0,0,0,0,0,0,99,254,253,253,210,174,152,72,54,78,212,254,135,0,0,0,0,0,0,0,0,0,0,0,0,0,0,37,248,254,250,146,16,0,0,0,0,37,226,254,121,0,0,0,0,0,0,0,0,0,0,0,0,0,0,115,253,254,83,0,0,0,0,0,0,212,253,171,9,0,0,0,0,0,0,0,0,0,0,0,0,0,0,31,195,76,0,0,0,0,0,5,119,254,231,76,0,0,0,0,0,0,0,0,0,0,0,0,0,0,0,0,0,0,0,0,0,0,0,28,253,253,73,0,0,0,0,0,0,0,0,0,0,0,0,0,0,0,0,0,0,0,0,0,0,0,0,147,253,195,18,0,0,0,0,0,0,0,0,0,0,0,0,0,0,0,0,0,0,0,0,0,0,0,55,250,253,26,0,0,0,0,0,0,0,0,0,0,0,0,0,0,0,0,0,0,0,0,0,0,0,0,134,245,155,12,0,0,0,0,0,0,0,0,0,0,0,0,0,0,0,0,0,0,0,0,0,0,0,61,255,241,30,0,0,0,0,0,0,0,0,0,0,0,0,0,0,0,0,0,0,0,0,0,0,0,4,147,254,188,0,0,0,0,0,0,0,0,0,0,0,0,0,0,0,0,0,0,0,0,0,0,0,0,107,253,235,57,0,0,0,0,0,0,0,0,0,0,0,0,0,0,0,0,0,0,0,0,0,0,0,0,189,253,180,0,0,0,0,0,0,0,0,0,0,0,0,0,0,0,0,0,0,0,0,0,0,0,0,99,248,215,23,0,0,0,0,0,0,0,0,0,0,0,0,0,0,0,0,0,0,0,0,0,0,0,5,194,254,155,0,0,0,0,0,0,0,0,0,0,0,0,0,0,0,0,0,0,0,0,0,0,0,0,73,253,250,68,0,0,0,0,0,0,0,0,0,0,0,0,0,0,0,0,0,0,0,0,0,0,0,19,226,253,146,0,0,0,0,0,0,0,0,0,0,0,0,0,0,0,0,0,0,0,0,0,0,0,0,59,253,253,64,0,0,0,0,0,0,0,0,0,0,0,0,0,0,0,0,0,0,0,0,0,0,0,0,36,238,154,5,0,0,0,0,0,0,0,0,0,0,0,0,0,0,0,0,0,0,0,0,0,0,0,0,0,0,0,0,0,0,0,0,0,0,0,0,0,0,0,0,0,0,0
9,0,0,0,0,0,0,0,0,0,0,0,0,0,0,0,0,0,0,0,0,0,0,0,0,0,0,0,0,0,0,0,0,0,0,0,0,0,0,0,0,0,0,0,0,0,0,0,0,0,0,0,0,0,0,0,0,0,0,0,0,0,0,0,0,0,0,0,0,0,0,0,0,0,0,0,0,0,0,0,0,0,0,0,0,0,0,0,0,0,0,0,0,0,0,0,0,0,0,0,0,0,0,0,0,0,0,0,0,0,0,0,0,0,0,0,0,0,0,0,0,0,0,0,0,0,0,0,0,0,0,0,0,0,0,0,0,0,0,0,0,0,0,0,0,0,0,0,0,0,0,0,0,0,0,0,0,0,0,0,0,0,0,0,0,0,0,0,0,0,0,0,0,0,0,0,0,0,0,0,0,0,0,0,0,0,0,0,0,0,0,0,0,0,0,0,0,0,0,0,0,0,0,0,0,0,0,39,125,125,96,90,125,144,255,174,51,0,0,0,0,0,0,0,0,0,0,0,0,0,0,0,0,150,248,250,253,253,252,252,253,253,253,253,240,51,0,0,0,0,0,0,0,0,0,0,0,0,0,46,229,252,253,253,253,225,113,12,12,100,214,253,253,110,0,0,0,0,0,0,0,0,0,0,0,0,46,233,253,215,106,19,19,14,0,0,0,0,163,253,253,231,0,0,0,0,0,0,0,0,0,0,0,0,229,253,253,45,0,0,0,0,0,0,0,16,198,253,253,123,0,0,0,0,0,0,0,0,0,0,0,0,241,253,121,4,0,0,0,0,0,0,0,5,174,253,253,110,0,0,0,0,0,0,0,0,0,0,0,0,241,253,25,0,0,0,0,0,0,0,0,34,240,253,247,74,0,0,0,0,0,0,0,0,0,0,0,0,241,253,132,0,0,0,0,0,0,0,15,172,253,253,193,0,0,0,0,0,0,0,0,0,0,0,0,0,204,253,233,89,48,0,38,0,17,166,211,253,253,253,104,0,0,0,0,0,0,0,0,0,0,0,0,0,83,248,253,253,234,196,225,196,209,253,241,198,253,253,104,0,0,0,0,0,0,0,0,0,0,0,0,0,0,114,217,253,253,253,237,194,194,167,53,40,253,253,104,0,0,0,0,0,0,0,0,0,0,0,0,0,0,0,28,71,71,71,51,0,0,0,0,40,253,253,104,0,0,0,0,0,0,0,0,0,0,0,0,0,0,0,0,0,0,0,0,0,0,0,0,40,253,253,104,0,0,0,0,0,0,0,0,0,0,0,0,0,0,0,0,0,0,0,0,0,0,0,0,13,193,253,190,0,0,0,0,0,0,0,0,0,0,0,0,0,0,0,0,0,0,0,0,0,0,0,0,0,163,253,234,0,0,0,0,0,0,0,0,0,0,0,0,0,0,0,0,0,0,0,0,0,0,0,0,0,163,253,246,68,0,0,0,0,0,0,0,0,0,0,0,0,0,0,0,0,0,0,0,0,0,0,0,0,153,253,253,110,0,0,0,0,0,0,0,0,0,0,0,0,0,0,0,0,0,0,0,0,0,0,0,0,33,253,253,110,0,0,0,0,0,0,0,0,0,0,0,0,0,0,0,0,0,0,0,0,0,0,0,0,32,251,253,180,0,0,0,0,0,0,0,0,0,0,0,0,0,0,0,0,0,0,0,0,0,0,0,0,0,90,253,173,0,0,0,0,0,0,0,0,0,0,0,0,0,0,0,0,0,0,0,0,0,0,0,0,0,0,0,0,0,0,0,0,0,0,0
1,0,0,0,0,0,0,0,0,0,0,0,0,0,0,0,0,0,0,0,0,0,0,0,0,0,0,0,0,0,0,0,0,0,0,0,0,0,0,0,0,0,0,0,0,0,0,0,0,0,0,0,0,0,0,0,0,0,0,0,0,0,0,0,0,0,0,0,0,0,0,0,0,0,0,0,0,0,0,0,0,0,0,0,0,0,0,0,0,0,0,0,0,0,0,0,0,0,0,0,0,0,0,0,0,0,0,0,0,0,0,0,0,0,0,0,0,0,0,0,0,0,0,0,0,0,0,0,0,0,0,0,0,0,0,0,0,0,0,0,0,0,0,0,0,0,0,0,0,0,0,0,0,0,0,0,255,253,150,0,0,0,0,0,0,0,0,0,0,0,0,0,0,0,0,0,0,0,0,0,0,0,11,147,253,252,249,110,0,0,0,0,0,0,0,0,0,0,0,0,0,0,0,0,0,0,0,0,0,0,54,252,253,252,252,132,0,0,0,0,0,0,0,0,0,0,0,0,0,0,0,0,0,0,0,0,0,0,193,252,253,252,252,132,0,0,0,0,0,0,0,0,0,0,0,0,0,0,0,0,0,0,0,0,0,0,193,252,253,252,247,94,0,0,0,0,0,0,0,0,0,0,0,0,0,0,0,0,0,0,0,0,0,11,200,252,253,244,121,0,0,0,0,0,0,0,0,0,0,0,0,0,0,0,0,0,0,0,0,0,0,90,252,252,253,192,0,0,0,0,0,0,0,0,0,0,0,0,0,0,0,0,0,0,0,0,0,0,0,142,252,252,253,192,0,0,0,0,0,0,0,0,0,0,0,0,0,0,0,0,0,0,0,0,0,0,0,238,252,252,253,192,0,0,0,0,0,0,0,0,0,0,0,0,0,0,0,0,0,0,0,0,0,0,80,246,252,252,253,192,0,0,0,0,0,0,0,0,0,0,0,0,0,0,0,0,0,0,0,0,0,0,134,253,253,253,255,193,0,0,0,0,0,0,0,0,0,0,0,0,0,0,0,0,0,0,0,0,0,0,134,252,252,252,253,192,0,0,0,0,0,0,0,0,0,0,0,0,0,0,0,0,0,0,0,0,0,0,134,252,252,252,253,96,0,0,0,0,0,0,0,0,0,0,0,0,0,0,0,0,0,0,0,0,0,0,134,252,252,252,204,23,0,0,0,0,0,0,0,0,0,0,0,0,0,0,0,0,0,0,0,0,0,9,169,252,252,252,105,0,0,0,0,0,0,0,0,0,0,0,0,0,0,0,0,0,0,0,0,0,0,30,252,252,252,252,89,0,0,0,0,0,0,0,0,0,0,0,0,0,0,0,0,0,0,0,0,0,0,14,189,252,252,252,0,0,0,0,0,0,0,0,0,0,0,0,0,0,0,0,0,0,0,0,0,0,0,0,134,252,252,252,0,0,0,0,0,0,0,0,0,0,0,0,0,0,0,0,0,0,0,0,0,0,0,0,134,252,252,252,0,0,0,0,0,0,0,0,0,0,0,0,0,0,0,0,0,0,0,0,0,0,0,0,55,244,252,252,0,0,0,0,0,0,0,0,0,0,0,0,0,0,0,0,0,0,0,0,0,0,0,0,0,0,0,0,0,0,0,0,0,0,0,0,0,0,0,0,0,0,0,0,0,0,0,0,0,0,0,0,0,0,0,0,0,0,0,0,0,0,0,0,0,0,0,0,0,0,0,0,0,0,0,0,0,0,0,0,0,0,0,0,0,0,0,0,0,0,0,0,0,0,0,0,0
1,0,0,0,0,0,0,0,0,0,0,0,0,0,0,0,0,0,0,0,0,0,0,0,0,0,0,0,0,0,0,0,0,0,0,0,0,0,0,0,0,0,0,0,0,0,0,0,0,0,0,0,0,0,0,0,0,0,0,0,0,0,0,0,0,0,0,0,0,0,0,0,0,0,0,0,0,0,0,0,0,0,0,0,0,0,0,0,0,0,0,0,0,0,0,0,0,0,0,0,0,0,0,0,0,0,0,0,0,0,0,0,0,0,0,0,0,0,0,0,0,0,0,161,254,254,64,0,0,0,0,0,0,0,0,0,0,0,0,0,0,0,0,0,0,0,0,0,0,0,0,93,208,253,185,6,0,0,0,0,0,0,0,0,0,0,0,0,0,0,0,0,0,0,0,0,0,0,0,0,98,253,254,132,0,0,0,0,0,0,0,0,0,0,0,0,0,0,0,0,0,0,0,0,0,0,0,0,14,253,254,237,22,0,0,0,0,0,0,0,0,0,0,0,0,0,0,0,0,0,0,0,0,0,0,0,14,253,254,253,26,0,0,0,0,0,0,0,0,0,0,0,0,0,0,0,0,0,0,0,0,0,0,0,11,228,255,253,144,9,0,0,0,0,0,0,0,0,0,0,0,0,0,0,0,0,0,0,0,0,0,0,0,113,255,253,253,39,0,0,0,0,0,0,0,0,0,0,0,0,0,0,0,0,0,0,0,0,0,0,0,0,240,253,253,125,0,0,0,0,0,0,0,0,0,0,0,0,0,0,0,0,0,0,0,0,0,0,0,0,121,253,253,173,0,0,0,0,0,0,0,0,0,0,0,0,0,0,0,0,0,0,0,0,0,0,0,0,121,253,253,173,0,0,0,0,0,0,0,0,0,0,0,0,0,0,0,0,0,0,0,0,0,0,0,0,122,254,254,174,0,0,0,0,0,0,0,0,0,0,0,0,0,0,0,0,0,0,0,0,0,0,0,0,121,253,253,173,0,0,0,0,0,0,0,0,0,0,0,0,0,0,0,0,0,0,0,0,0,0,0,0,121,253,253,202,70,0,0,0,0,0,0,0,0,0,0,0,0,0,0,0,0,0,43,0,0,0,0,0,121,253,253,253,222,35,0,0,0,0,0,0,0,0,0,0,0,0,0,0,0,0,99,0,0,0,0,0,121,253,253,253,222,35,0,0,0,0,0,0,0,0,0,0,0,0,0,0,0,0,0,0,0,0,0,0,32,244,253,253,186,0,0,0,0,0,0,0,0,0,0,0,0,0,0,0,0,0,0,0,0,0,0,0,0,241,253,253,186,0,0,0,0,0,0,0,0,0,0,0,0,0,0,0,0,0,0,0,0,0,0,0,0,241,253,253,186,0,0,0,0,0,0,0,0,0,0,0,0,0,0,0,0,0,0,0,0,0,0,0,0,157,252,253,179,0,0,0,0,0,0,0,0,0,0,0,0,0,0,0,0,0,0,0,0,0,0,0,0,0,228,211,25,0,0,0,0,0,0,0,0,0,0,0,0,0,0,0,0,0,0,0,0,0,0,0,0,0,0,0,0,0,0,0,0,0,0,0,0,0,0,0,0,0,0,0,0,0,0,0,0,0,0,0,0,0,0,0,0,0,0,0,0,0,0,0,0,0,0,0,0,0,0,0,0,0,0,0,0,0,0,0,0,0,0,0,0,0,0,0,0,0,0,0,0,0,0,0,0,0,0,0,0,0,0,0,0,0,0,0,0,0,0,0,0,0,0,0,0,0,0,0,0,0,0
3,0,0,0,0,0,0,0,0,0,0,0,0,0,0,0,0,0,0,0,0,0,0,0,0,0,0,0,0,0,0,0,0,0,0,0,0,0,0,0,0,0,0,0,0,0,0,0,0,0,0,0,0,0,0,0,0,0,0,0,0,0,0,0,0,0,0,0,0,0,0,0,0,0,0,0,0,0,0,0,0,0,0,0,0,0,0,0,0,0,0,0,0,0,0,0,0,0,0,0,0,0,0,0,0,0,0,0,0,0,0,0,0,0,0,0,0,0,0,0,0,0,0,0,0,0,0,0,0,0,0,0,0,0,0,0,0,0,0,0,0,0,0,0,0,0,0,0,0,0,63,150,176,255,254,254,128,0,0,0,0,0,0,0,0,0,0,0,0,0,0,0,0,0,0,0,0,21,236,253,253,253,253,253,212,0,0,0,0,0,0,0,0,0,0,0,0,0,0,0,0,0,0,0,0,12,143,168,114,114,199,253,212,0,0,0,0,0,0,0,0,0,0,0,0,0,0,0,0,0,0,0,0,0,0,0,0,0,156,253,212,0,0,0,0,0,0,0,0,0,0,0,0,0,0,0,0,0,0,0,0,0,0,0,0,0,156,253,106,0,0,0,0,0,0,0,0,0,0,0,0,0,0,0,0,0,0,0,0,0,0,0,0,34,224,225,3,0,0,0,0,0,0,0,0,0,0,0,0,0,0,0,0,0,0,0,0,0,0,0,4,203,253,107,0,0,0,0,0,0,0,0,0,0,0,0,0,0,0,0,0,0,0,0,0,0,0,4,152,253,177,42,80,166,166,134,32,0,0,0,0,0,0,0,0,0,0,0,0,0,0,0,0,0,2,64,253,253,245,229,253,253,253,253,216,2,0,0,0,0,0,0,0,0,0,0,0,0,0,0,0,0,73,253,253,253,253,233,201,201,229,253,249,66,0,0,0,0,0,0,0,0,0,0,0,0,0,0,0,0,73,253,189,152,51,32,0,0,53,253,192,0,0,0,0,0,0,0,0,0,0,0,0,0,0,0,0,0,2,5,2,0,0,0,0,0,150,253,129,0,0,0,0,0,0,0,0,0,0,0,0,0,0,0,0,0,0,0,0,0,0,0,0,0,239,253,51,0,0,0,0,0,0,0,0,0,0,0,0,0,0,0,0,0,0,0,0,0,0,0,6,146,253,167,2,0,0,0,0,0,0,0,0,0,0,0,0,0,0,0,0,0,0,0,0,0,0,0,148,253,212,50,0,0,0,0,0,0,0,0,0,0,0,0,0,0,0,0,0,0,0,0,0,0,5,102,253,246,24,0,0,0,0,0,0,0,0,0,0,0,0,0,0,0,0,0,0,0,0,0,0,2,148,253,242,79,0,0,0,0,0,0,0,0,0,0,0,0,0,0,0,0,0,0,0,0,0,16,115,202,253,205,74,0,0,0,0,0,0,0,0,0,0,0,0,0,0,0,0,0,0,0,19,68,161,242,253,252,132,19,0,0,0,0,0,0,0,0,0,0,0,0,0,0,0,0,0,0,0,0,168,253,253,253,228,62,0,0,0,0,0,0,0,0,0,0,0,0,0,0,0,0,0,0,0,0,0,0,0,0,0,0,0,0,0,0,0,0,0,0,0,0,0,0,0,0,0,0,0,0,0,0,0,0,0,0,0,0,0,0,0,0,0,0,0,0,0,0,0,0,0,0,0,0,0,0,0,0,0,0,0,0,0,0,0,0,0,0,0,0,0,0,0,0,0,0,0,0,0,0,0,0,0,0,0
1,0,0,0,0,0,0,0,0,0,0,0,0,0,0,0,0,0,0,0,0,0,0,0,0,0,0,0,0,0,0,0,0,0,0,0,0,0,0,0,0,0,0,0,0,0,0,0,0,0,0,0,0,0,0,0,0,0,0,0,0,0,0,0,0,0,0,0,0,0,0,0,0,0,0,0,0,0,0,0,0,0,0,0,0,0,0,0,0,0,0,0,0,0,0,0,0,0,0,0,0,0,0,0,0,0,0,0,0,0,0,0,0,0,0,0,0,0,0,0,0,0,0,0,0,0,0,0,0,0,0,0,0,0,0,0,0,0,0,0,0,0,0,0,0,0,0,0,0,0,0,0,0,0,0,0,0,0,77,255,119,0,0,0,0,0,0,0,0,0,0,0,0,0,0,0,0,0,0,0,0,0,0,0,0,7,193,253,119,0,0,0,0,0,0,0,0,0,0,0,0,0,0,0,0,0,0,0,0,0,0,0,0,71,253,251,24,0,0,0,0,0,0,0,0,0,0,0,0,0,0,0,0,0,0,0,0,0,0,0,0,148,253,156,0,0,0,0,0,0,0,0,0,0,0,0,0,0,0,0,0,0,0,0,0,0,0,0,104,250,234,60,0,0,0,0,0,0,0,0,0,0,0,0,0,0,0,0,0,0,0,0,0,0,0,0,200,253,194,0,0,0,0,0,0,0,0,0,0,0,0,0,0,0,0,0,0,0,0,0,0,0,0,34,233,253,127,0,0,0,0,0,0,0,0,0,0,0,0,0,0,0,0,0,0,0,0,0,0,0,6,168,253,237,20,0,0,0,0,0,0,0,0,0,0,0,0,0,0,0,0,0,0,0,0,0,0,0,24,253,253,126,0,0,0,0,0,0,0,0,0,0,0,0,0,0,0,0,0,0,0,0,0,0,0,0,147,253,194,6,0,0,0,0,0,0,0,0,0,0,0,0,0,0,0,0,0,0,0,0,0,0,0,69,249,253,76,0,0,0,0,0,0,0,0,0,0,0,0,0,0,0,0,0,0,0,0,0,0,0,0,142,253,226,26,0,0,0,0,0,0,0,0,0,0,0,0,0,0,0,0,0,0,0,0,0,0,0,33,234,250,107,0,0,0,0,0,0,0,0,0,0,0,0,0,0,0,0,0,0,0,0,0,0,0,0,136,253,237,0,0,0,0,0,0,0,0,0,0,0,0,0,0,0,0,0,0,0,0,0,0,0,0,0,157,253,179,0,0,0,0,0,0,0,0,0,0,0,0,0,0,0,0,0,0,0,0,0,0,0,0,8,223,231,50,0,0,0,0,0,0,0,0,0,0,0,0,0,0,0,0,0,0,0,0,0,0,0,0,102,253,167,0,0,0,0,0,0,0,0,0,0,0,0,0,0,0,0,0,0,0,0,0,0,0,0,0,226,253,107,0,0,0,0,0,0,0,0,0,0,0,0,0,0,0,0,0,0,0,0,0,0,0,0,0,227,240,43,0,0,0,0,0,0,0,0,0,0,0,0,0,0,0,0,0,0,0,0,0,0,0,0,0,227,158,0,0,0,0,0,0,0,0,0,0,0,0,0,0,0,0,0,0,0,0,0,0,0,0,0,0,0,0,0,0,0,0,0,0,0,0,0,0,0,0,0,0,0,0,0,0,0,0,0,0,0,0,0,0,0,0,0,0,0,0,0,0,0,0,0,0,0,0,0,0,0,0,0,0,0,0,0,0,0,0,0,0,0,0,0,0,0,0,0,0,0,0,0,0,0,0,0,0,0,0
0,0,0,0,0,0,0,0,0,0,0,0,0,0,0,0,0,0,0,0,0,0,0,0,0,0,0,0,0,0,0,0,0,0,0,0,0,0,0,0,0,0,0,0,0,0,0,0,0,0,0,0,0,0,0,0,0,0,0,0,0,0,0,0,0,0,0,0,0,0,0,0,0,0,0,0,0,0,0,0,0,0,0,0,0,0,0,0,0,0,0,0,0,0,0,0,0,0,0,0,0,0,0,0,0,0,0,0,0,0,0,0,0,0,0,0,0,0,0,0,0,0,0,0,0,0,0,0,25,123,139,32,0,0,0,0,0,0,0,0,0,0,0,0,0,0,0,0,0,0,0,0,0,0,22,128,227,252,252,237,146,0,0,0,0,0,0,0,0,0,0,0,0,0,0,0,0,0,0,13,57,180,237,252,253,252,252,252,252,98,0,0,0,0,0,0,0,0,0,0,0,0,0,0,0,43,152,218,252,252,252,252,253,205,194,252,252,187,43,0,0,0,0,0,0,0,0,0,0,0,0,0,150,239,252,253,252,252,252,252,129,11,4,68,191,129,108,97,0,0,0,0,0,0,0,0,0,0,0,71,250,253,253,255,253,253,253,129,0,0,0,0,0,45,191,245,67,0,0,0,0,0,0,0,0,0,0,0,111,168,168,253,252,252,169,11,0,0,0,0,0,0,111,252,237,32,0,0,0,0,0,0,0,0,0,0,0,0,150,253,252,224,7,0,0,0,0,0,0,0,78,251,252,51,0,0,0,0,0,0,0,0,0,0,0,70,239,253,231,51,0,0,0,0,0,0,0,0,0,161,252,147,0,0,0,0,0,0,0,0,0,0,18,239,252,253,124,0,0,0,0,0,0,0,0,0,0,127,252,191,0,0,0,0,0,0,0,0,0,0,145,253,253,150,0,0,0,0,0,0,0,0,0,0,0,128,253,253,0,0,0,0,0,0,0,0,0,64,247,252,252,71,0,0,0,0,0,0,0,0,0,0,29,213,252,252,0,0,0,0,0,0,0,0,0,137,252,252,103,0,0,0,0,0,0,0,0,0,0,0,137,252,252,190,0,0,0,0,0,0,0,0,55,232,252,236,31,0,0,0,0,0,0,0,0,0,54,126,232,252,252,42,0,0,0,0,0,0,0,0,148,252,244,66,0,0,0,0,0,0,0,0,54,176,246,253,252,244,121,7,0,0,0,0,0,0,0,0,166,253,232,0,0,0,0,4,43,43,148,227,253,253,253,247,176,53,0,0,0,0,0,0,0,0,0,0,174,252,238,85,85,86,85,142,252,252,253,252,252,196,168,97,0,0,0,0,0,0,0,0,0,0,0,0,139,252,252,252,252,253,252,252,252,252,232,196,73,7,0,0,0,0,0,0,0,0,0,0,0,0,0,0,14,120,221,252,252,253,252,221,189,101,0,0,0,0,0,0,0,0,0,0,0,0,0,0,0,0,0,0,0,0,21,42,42,42,42,21,0,0,0,0,0,0,0,0,0,0,0,0,0,0,0,0,0,0,0,0,0,0,0,0,0,0,0,0,0,0,0,0,0,0,0,0,0,0,0,0,0,0,0,0,0,0,0,0,0,0,0,0,0,0,0,0,0,0,0,0,0,0,0,0,0,0,0,0,0,0,0,0,0,0,0,0,0,0,0,0,0,0,0,0,0,0,0,0,0,0,0,0,0,0,0,0,0,0,0,0,0,0,0,0,0,0,0,0,0,0,0,0,0,0,0,0,0,0,0,0,0,0,0,0,0,0,0
9,0,0,0,0,0,0,0,0,0,0,0,0,0,0,0,0,0,0,0,0,0,0,0,0,0,0,0,0,0,0,0,0,0,0,0,0,0,0,0,0,0,0,0,0,0,0,0,0,0,0,0,0,0,0,0,0,0,0,0,0,0,0,0,0,0,0,0,0,0,0,0,0,0,0,0,0,0,0,0,0,0,0,0,0,0,0,0,0,0,0,0,0,0,0,0,0,0,0,0,0,0,0,0,0,0,0,0,0,0,0,0,0,0,0,0,0,0,0,0,0,0,0,0,0,0,0,0,0,0,0,0,0,0,0,0,0,0,0,0,0,0,0,0,0,0,0,0,0,0,0,0,0,0,0,0,0,0,0,0,0,0,0,0,0,0,0,0,0,0,0,0,0,0,0,0,0,0,0,0,0,0,0,14,74,254,254,140,46,0,0,0,0,0,0,0,0,0,0,0,0,0,0,0,0,0,0,0,0,0,8,149,253,253,253,253,245,123,0,0,0,0,0,0,0,0,0,0,0,0,0,0,0,0,0,0,0,13,183,254,253,253,253,253,254,201,24,0,0,0,0,0,0,0,0,0,0,0,0,0,0,0,0,0,0,92,253,254,253,253,253,253,254,182,6,0,0,0,0,0,0,0,0,0,0,0,0,0,0,0,0,0,99,226,253,254,253,253,253,253,254,135,0,0,0,0,0,0,0,0,0,0,0,0,0,0,0,0,0,0,138,254,254,255,254,254,254,254,181,15,0,0,0,0,0,0,0,0,0,0,0,0,0,0,0,0,0,8,205,253,245,211,100,223,253,245,68,0,0,0,0,0,0,0,0,0,0,0,0,0,0,0,0,0,0,0,84,159,48,0,80,253,253,126,0,0,0,0,0,0,0,0,0,0,0,0,0,0,0,0,0,0,0,0,0,0,0,32,235,253,231,65,0,0,0,0,0,0,0,0,0,0,0,0,0,0,0,0,0,0,0,0,0,0,38,209,253,253,101,0,0,0,0,0,0,0,0,0,0,0,0,0,0,0,0,0,0,0,0,0,0,10,171,255,249,135,0,0,0,0,0,0,0,0,0,0,0,0,0,0,0,0,0,0,0,0,0,0,0,85,253,254,188,30,0,0,0,0,0,0,0,0,0,0,0,0,0,0,0,0,0,0,0,0,0,0,55,217,253,231,24,0,0,0,0,0,0,0,0,0,0,0,0,0,0,0,0,0,0,0,0,0,0,19,180,253,253,169,3,0,0,0,0,0,0,0,0,0,0,0,0,0,0,0,0,0,0,0,0,0,0,154,253,253,215,0,0,0,0,0,0,0,0,0,0,0,0,0,0,0,0,0,0,0,0,0,0,0,97,239,254,229,98,0,0,0,0,0,0,0,0,0,0,0,0,0,0,0,0,0,0,0,0,0,19,95,239,253,239,122,0,0,0,0,0,0,0,0,0,0,0,0,0,0,0,0,0,0,0,0,0,25,202,253,254,216,92,0,0,0,0,0,0,0,0,0,0,0,0,0,0,0,0,0,0,0,0,0,0,36,227,253,244,78,0,0,0,0,0,0,0,0,0,0,0,0,0,0,0,0,0,0,0,0,0,0,0,0,136,253,83,0,0,0,0,0,0,0,0,0,0,0,0,0,0,0,0,0,0,0,0,0,0,0,0,0,0,0,0,0,0,0,0,0,0,0,0,0,0,0,0,0,0,0,0,0,0,0,0,0,0,0,0,0,0,0,0,0,0,0,0,0,0,0,0,0,0,0,0,0,0,0,0,0,0
3,0,0,0,0,0,0,0,0,0,0,0,0,0,0,0,0,0,0,0,0,0,0,0,0,0,0,0,0,0,0,0,0,0,0,0,0,0,0,0,0,0,0,0,0,0,0,0,0,0,0,0,0,0,0,0,0,0,0,0,0,0,0,0,0,0,0,0,0,0,0,0,0,0,0,0,0,0,0,0,0,0,0,0,0,0,0,0,0,0,0,0,0,0,0,0,0,0,0,0,0,0,0,0,0,0,0,0,0,0,0,0,0,0,0,0,0,0,0,0,0,3,97,222,253,253,255,180,107,15,0,0,0,0,0,0,0,0,0,0,0,0,0,0,0,0,0,0,0,24,252,252,252,252,253,252,252,219,15,0,0,0,0,0,0,0,0,0,0,0,0,0,0,0,0,0,0,24,252,233,89,69,131,227,252,252,137,0,0,0,0,0,0,0,0,0,0,0,0,0,0,0,0,0,0,24,252,89,0,0,0,29,196,252,252,95,0,0,0,0,0,0,0,0,0,0,0,0,0,0,0,0,0,3,22,6,0,0,0,0,80,252,252,116,0,0,0,0,0,0,0,0,0,0,0,0,0,0,0,0,0,0,0,0,0,0,0,0,32,229,253,244,50,0,0,0,0,0,0,0,0,0,0,0,0,0,0,0,0,0,0,0,0,0,0,0,0,133,252,253,164,0,0,0,0,0,0,0,0,0,0,0,0,0,0,0,0,0,0,0,0,0,0,0,0,68,246,253,206,0,0,0,0,0,0,0,0,0,0,0,0,0,0,0,0,0,0,0,0,0,93,76,26,187,248,253,206,0,0,0,0,0,0,0,0,0,0,0,0,0,0,0,0,0,0,0,0,106,253,248,236,252,252,253,153,0,0,0,0,0,0,0,0,0,0,0,0,0,0,0,0,0,0,0,0,53,233,253,253,253,243,158,0,0,0,0,0,0,0,0,0,0,0,0,0,0,0,0,0,0,0,0,0,0,9,113,240,252,211,22,0,0,0,0,0,0,0,0,0,0,0,0,0,0,0,0,0,0,0,0,0,0,0,0,82,240,252,116,0,0,0,0,0,0,0,0,0,0,0,0,0,0,0,0,0,0,0,0,0,0,0,0,0,113,252,218,34,0,0,0,0,0,0,0,0,0,0,0,0,0,0,0,0,0,0,0,0,0,0,0,0,9,232,253,92,0,0,0,0,0,0,0,0,0,0,0,0,0,0,114,76,0,0,0,0,0,0,0,0,0,231,255,207,0,0,0,0,0,0,0,0,0,0,0,0,0,45,236,158,43,30,47,47,47,22,0,0,17,234,253,206,0,0,0,0,0,0,0,0,0,0,0,0,0,51,240,252,247,228,252,252,252,216,184,184,209,252,253,123,0,0,0,0,0,0,0,0,0,0,0,0,0,0,131,244,253,252,252,252,252,253,252,252,252,252,192,17,0,0,0,0,0,0,0,0,0,0,0,0,0,0,0,21,86,137,137,137,242,253,252,252,157,137,11,0,0,0,0,0,0,0,0,0,0,0,0,0,0,0,0,0,0,0,0,0,0,0,0,0,0,0,0,0,0,0,0,0,0,0,0,0,0,0,0,0,0,0,0,0,0,0,0,0,0,0,0,0,0,0,0,0,0,0,0,0,0,0,0,0,0,0,0,0,0,0,0,0,0,0,0,0,0,0,0,0,0,0,0,0,0,0,0,0,0,0,0,0,0,0,0,0,0,0,0,0,0,0,0,0,0,0,0,0,0,0,0,0,0,0,0,0,0,0,0,0
9,0,0,0,0,0,0,0,0,0,0,0,0,0,0,0,0,0,0,0,0,0,0,0,0,0,0,0,0,0,0,0,0,0,0,0,0,0,0,0,0,0,0,0,0,0,0,0,0,0,0,0,0,0,0,0,0,0,0,0,0,0,0,0,0,0,0,0,0,0,0,0,0,0,0,0,0,0,0,0,0,0,0,0,0,0,0,0,0,0,0,0,0,0,0,0,0,0,0,0,0,0,0,0,0,0,0,0,0,0,0,0,0,0,0,0,0,0,0,0,0,0,0,0,0,0,0,0,0,0,0,0,0,0,0,0,0,0,0,0,0,0,0,0,0,0,0,0,0,0,0,0,0,0,0,0,0,0,0,0,0,0,0,0,0,0,0,0,0,0,0,0,0,0,0,0,0,0,0,0,0,0,85,211,255,244,159,20,0,0,0,0,0,0,0,0,0,0,0,0,0,0,0,0,0,0,0,0,16,139,253,254,227,254,254,200,0,0,0,0,0,0,0,0,0,0,0,0,0,0,0,0,0,0,0,17,139,254,201,52,6,19,219,232,0,0,0,0,0,0,0,0,0,0,0,0,0,0,0,0,0,0,0,132,254,201,19,0,0,0,198,253,61,0,0,0,0,0,0,0,0,0,0,0,0,0,0,0,0,0,79,252,183,8,0,0,0,0,147,254,166,0,0,0,0,0,0,0,0,0,0,0,0,0,0,0,0,38,208,240,30,0,0,0,0,0,132,254,236,0,0,0,0,0,0,0,0,0,0,0,0,0,0,0,0,84,254,149,0,0,0,0,0,47,248,254,236,0,0,0,0,0,0,0,0,0,0,0,0,0,0,0,0,168,221,22,0,0,0,0,37,220,254,249,101,0,0,0,0,0,0,0,0,0,0,0,0,0,0,0,0,221,204,5,0,0,9,104,236,254,254,216,0,0,0,0,0,0,0,0,0,0,0,0,0,0,0,0,0,136,254,152,44,89,209,254,221,228,232,22,0,0,0,0,0,0,0,0,0,0,0,0,0,0,0,0,0,33,188,254,254,246,200,116,65,245,228,0,0,0,0,0,0,0,0,0,0,0,0,0,0,0,0,0,0,0,12,66,133,79,0,0,162,254,145,0,0,0,0,0,0,0,0,0,0,0,0,0,0,0,0,0,0,0,0,0,0,0,0,32,244,229,12,0,0,0,0,0,0,0,0,0,0,0,0,0,0,0,0,0,0,0,0,0,0,0,5,149,254,147,0,0,0,0,0,0,0,0,0,0,0,0,0,0,0,0,0,0,0,0,0,0,0,0,80,254,220,12,0,0,0,0,0,0,0,0,0,0,0,0,0,0,0,0,0,0,0,0,0,0,0,42,222,238,50,0,0,0,0,0,0,0,0,0,0,0,0,0,0,0,0,0,0,0,0,0,0,0,3,169,254,177,0,0,0,0,0,0,0,0,0,0,0,0,0,0,0,0,0,0,0,0,0,0,0,2,89,254,220,13,0,0,0,0,0,0,0,0,0,0,0,0,0,0,0,0,0,0,0,0,0,0,0,57,254,237,51,0,0,0,0,0,0,0,0,0,0,0,0,0,0,0,0,0,0,0,0,0,0,0,0,57,236,107,0,0,0,0,0,0,0,0,0,0,0,0,0,0,0,0,0,0,0,0,0,0,0,0,0,0,0,0,0,0,0,0,0,0,0,0,0,0,0,0,0,0,0,0,0,0,0,0,0,0,0,0,0,0,0,0,0,0,0,0,0,0,0,0,0,0,0,0,0,0,0
1,0,0,0,0,0,0,0,0,0,0,0,0,0,0,0,0,0,0,0,0,0,0,0,0,0,0,0,0,0,0,0,0,0,0,0,0,0,0,0,0,0,0,0,0,0,0,0,0,0,0,0,0,0,0,0,0,0,0,0,0,0,0,0,0,0,0,0,0,0,0,0,0,0,0,0,0,0,0,0,0,0,0,0,0,0,0,0,0,0,0,0,0,0,0,0,0,0,0,0,0,0,0,0,0,0,0,0,0,0,0,0,0,0,0,0,0,0,0,0,0,0,0,0,0,0,0,0,0,0,0,0,0,0,0,0,0,0,0,0,0,0,0,0,0,0,0,0,0,0,0,0,0,0,0,29,241,106,0,0,0,0,0,0,0,0,0,0,0,0,0,0,0,0,0,0,0,0,0,0,0,0,0,100,229,17,0,0,0,0,0,0,0,0,0,0,0,0,0,0,0,0,0,0,0,0,0,0,0,0,0,184,161,0,0,0,0,0,0,0,0,0,0,0,0,0,0,0,0,0,0,0,0,0,0,0,0,0,46,253,106,0,0,0,0,0,0,0,0,0,0,0,0,0,0,0,0,0,0,0,0,0,0,0,0,0,48,243,32,0,0,0,0,0,0,0,0,0,0,0,0,0,0,0,0,0,0,0,0,0,0,0,0,0,48,211,0,0,0,0,0,0,0,0,0,0,0,0,0,0,0,0,0,0,0,0,0,0,0,0,0,0,48,211,0,0,0,0,0,0,0,0,0,0,0,0,0,0,0,0,0,0,0,0,0,0,0,0,0,0,48,211,0,0,0,0,0,0,0,0,0,0,0,0,0,0,0,0,0,0,0,0,0,0,0,0,0,0,48,211,0,0,0,0,0,0,0,0,0,0,0,0,0,0,0,0,0,0,0,0,0,0,0,0,0,0,48,211,0,0,0,0,0,0,0,0,0,0,0,0,0,0,0,0,0,0,0,0,0,0,0,0,0,0,48,211,0,0,0,0,0,0,0,0,0,0,0,0,0,0,0,0,0,0,0,0,0,0,0,0,0,0,48,211,0,0,0,0,0,0,0,0,0,0,0,0,0,0,0,0,0,0,0,0,0,0,0,0,0,0,118,211,0,0,0,0,0,0,0,0,0,0,0,0,0,0,0,0,0,0,0,0,0,0,0,0,0,0,67,211,0,0,0,0,0,0,0,0,0,0,0,0,0,0,0,0,0,0,0,0,0,0,0,0,0,0,48,211,0,0,0,0,0,0,0,0,0,0,0,0,0,0,0,0,0,0,0,0,0,0,0,0,0,0,48,229,18,0,0,0,0,0,0,0,0,0,0,0,0,0,0,0,0,0,0,0,0,0,0,0,0,0,48,255,77,0,0,0,0,0,0,0,0,0,0,0,0,0,0,0,0,0,0,0,0,0,0,0,0,0,30,240,132,0,0,0,0,0,0,0,0,0,0,0,0,0,0,0,0,0,0,0,0,0,0,0,0,0,0,154,229,17,0,0,0,0,0,0,0,0,0,0,0,0,0,0,0,0,0,0,0,0,0,0,0,0,0,14,137,77,0,0,0,0,0,0,0,0,0,0,0,0,0,0,0,0,0,0,0,0,0,0,0,0,0,0,0,0,0,0,0,0,0,0,0,0,0,0,0,0,0,0,0,0,0,0,0,0,0,0,0,0,0,0,0,0,0,0,0,0,0,0,0,0,0,0,0,0,0,0,0,0,0,0,0,0,0,0,0,0,0,0,0,0,0,0,0,0,0,0,0,0,0,0,0
7,0,0,0,0,0,0,0,0,0,0,0,0,0,0,0,0,0,0,0,0,0,0,0,0,0,0,0,0,0,0,0,0,0,0,0,0,0,0,0,0,0,0,0,0,0,0,0,0,0,0,0,0,0,0,0,0,0,0,0,0,0,0,0,0,0,0,0,0,0,0,0,0,0,0,0,0,0,0,0,0,0,0,0,0,0,0,0,0,0,0,0,0,0,0,0,0,0,0,0,0,0,0,0,0,0,0,0,0,0,0,0,0,0,0,0,0,0,0,0,0,0,0,0,0,0,0,0,0,0,0,0,0,0,0,0,0,0,0,0,0,0,0,0,0,0,0,0,0,0,0,0,0,0,0,0,0,0,0,0,0,0,0,0,0,0,0,0,0,0,0,0,0,0,0,0,0,0,191,255,136,0,0,0,0,0,0,0,0,0,0,0,0,0,0,0,0,0,0,0,0,0,0,0,1,40,240,253,247,133,51,50,11,11,77,111,79,5,0,0,0,0,0,0,0,0,0,0,0,0,0,0,46,253,253,253,253,253,253,253,253,253,253,253,253,192,17,0,0,0,0,0,0,0,0,0,0,0,0,31,222,253,253,239,237,254,253,253,254,253,253,238,253,254,150,0,0,0,0,0,0,0,0,0,0,0,0,133,253,253,134,22,13,79,79,79,79,79,79,35,253,254,163,0,0,0,0,0,0,0,0,0,0,0,61,245,253,253,24,0,0,0,0,0,0,0,0,37,253,253,234,8,0,0,0,0,0,0,0,0,0,0,38,253,247,139,7,0,0,0,0,0,0,0,0,126,253,254,163,0,0,0,0,0,0,0,0,0,0,0,1,40,27,0,0,0,0,0,0,0,0,0,0,140,253,253,163,0,0,0,0,0,0,0,0,0,0,0,0,0,0,0,0,0,0,0,0,0,0,0,130,247,253,240,64,0,0,0,0,0,0,0,0,0,0,0,0,0,0,0,0,0,0,0,0,0,0,132,252,253,253,140,0,0,0,0,0,0,0,0,0,0,0,0,0,0,0,0,0,0,0,0,0,1,92,246,253,253,187,4,0,0,0,0,0,0,0,0,0,0,0,0,0,0,0,0,0,0,0,0,32,161,254,253,253,214,28,0,0,0,0,0,0,0,0,0,0,0,0,0,0,0,0,0,0,0,0,44,181,253,253,253,172,32,0,0,0,0,0,0,0,0,0,0,0,0,0,0,0,0,0,0,0,0,27,201,253,253,253,106,0,0,0,0,0,0,0,0,0,0,0,0,0,0,0,0,0,0,0,0,0,0,138,254,253,241,106,5,0,0,0,0,0,0,0,0,0,0,0,0,0,0,0,0,0,0,0,0,0,131,249,253,238,103,0,0,0,0,0,0,0,0,0,0,0,0,0,0,0,0,0,0,0,0,0,0,16,221,253,254,150,0,0,0,0,0,0,0,0,0,0,0,0,0,0,0,0,0,0,0,0,0,0,0,105,253,253,220,28,0,0,0,0,0,0,0,0,0,0,0,0,0,0,0,0,0,0,0,0,0,0,0,73,254,253,102,0,0,0,0,0,0,0,0,0,0,0,0,0,0,0,0,0,0,0,0,0,0,0,0,7,199,238,36,0,0,0,0,0,0,0,0,0,0,0,0,0,0,0,0,0,0,0,0,0,0,0,0,0,0,0,0,0,0,0,0,0,0,0,0,0,0,0,0,0,0,0,0,0,0,0,0,0,0,0,0,0,0,0,0,0,0,0,0,0,0,0,0,0,0,0,0,0,0,0
9,0,0,0,0,0,0,0,0,0,0,0,0,0,0,0,0,0,0,0,0,0,0,0,0,0,0,0,0,0,0,0,0,0,0,0,0,0,0,0,0,0,0,0,0,0,0,0,0,0,0,0,0,0,0,0,0,0,0,0,0,0,0,0,0,0,0,0,0,0,0,0,0,0,0,0,0,0,0,0,0,0,0,0,0,0,0,0,0,0,0,0,0,0,0,0,0,0,0,0,0,0,0,0,0,0,0,0,0,0,0,0,0,0,0,0,0,0,0,0,0,0,0,0,0,0,0,0,0,0,0,0,0,0,0,0,0,0,0,0,0,0,0,0,0,0,0,0,0,0,0,0,0,0,0,0,0,0,0,0,0,0,0,0,0,0,0,0,0,0,0,0,0,0,0,0,0,0,0,0,0,0,0,2,7,104,130,234,255,255,142,9,0,0,0,0,0,0,0,0,0,0,0,0,0,0,0,0,0,0,31,165,253,253,253,253,253,253,253,29,1,0,0,0,0,0,0,0,0,0,0,0,0,0,0,0,13,105,167,253,253,248,235,131,111,236,253,190,5,0,0,0,0,0,0,0,0,0,0,0,0,0,0,96,218,253,253,247,195,74,0,0,0,211,253,152,2,0,0,0,0,0,0,0,0,0,0,0,0,4,108,218,253,247,134,75,0,0,0,0,12,179,253,253,27,0,0,0,0,0,0,0,0,0,0,0,12,170,253,253,232,86,0,0,0,0,0,0,94,253,253,253,152,1,0,0,0,0,0,0,0,0,0,3,120,253,253,226,128,27,0,0,0,0,0,58,199,253,253,234,92,2,0,0,0,0,0,0,0,0,0,98,253,253,232,29,0,0,0,0,0,15,90,201,253,253,253,57,0,0,0,0,0,0,0,0,0,0,5,219,253,253,168,56,56,45,40,87,180,201,253,253,253,231,85,6,0,0,0,0,0,0,0,0,0,0,5,194,253,253,253,253,253,240,234,253,253,253,253,253,253,63,0,0,0,0,0,0,0,0,0,0,0,0,0,3,131,225,253,253,253,253,253,253,253,253,253,230,79,8,0,0,0,0,0,0,0,0,0,0,0,0,0,0,0,33,55,55,77,230,253,253,253,253,190,36,0,0,0,0,0,0,0,0,0,0,0,0,0,0,0,0,0,0,0,0,0,114,253,253,253,229,57,0,0,0,0,0,0,0,0,0,0,0,0,0,0,0,0,0,0,0,0,0,79,240,253,253,230,57,0,0,0,0,0,0,0,0,0,0,0,0,0,0,0,0,0,0,0,0,0,78,241,253,253,154,27,0,0,0,0,0,0,0,0,0,0,0,0,0,0,0,0,0,0,0,0,0,13,197,253,253,155,8,0,0,0,0,0,0,0,0,0,0,0,0,0,0,0,0,0,0,0,0,0,11,184,253,253,156,7,0,0,0,0,0,0,0,0,0,0,0,0,0,0,0,0,0,0,0,0,0,0,25,253,253,253,80,0,0,0,0,0,0,0,0,0,0,0,0,0,0,0,0,0,0,0,0,0,0,10,194,253,253,151,4,0,0,0,0,0,0,0,0,0,0,0,0,0,0,0,0,0,0,0,0,0,0,0,28,253,156,5,0,0,0,0,0,0,0,0,0,0,0,0,0,0,0,0,0,0,0,0,0,0,0,0,0,0,0,0,0,0,0,0,0,0,0,0,0,0,0,0,0,0,0,0,0,0,0,0,0,0,0,0,0,0,0,0,0,0,0,0,0,0,0,0,0,0,0,0,0,0,0,0
9,0,0,0,0,0,0,0,0,0,0,0,0,0,0,0,0,0,0,0,0,0,0,0,0,0,0,0,0,0,0,0,0,0,0,0,0,0,0,0,0,0,0,0,0,0,0,0,0,0,0,0,0,0,0,0,0,0,0,0,0,0,0,0,0,0,0,0,0,0,0,0,0,0,0,0,0,0,0,0,0,0,0,0,0,0,0,0,0,0,0,0,0,0,0,0,0,0,0,0,0,0,0,0,0,0,0,0,0,0,0,0,0,0,0,0,0,0,0,0,0,0,0,0,0,0,0,0,0,0,0,0,0,0,0,0,0,0,0,0,0,0,0,0,0,0,0,0,0,0,0,0,0,0,0,0,0,0,0,0,0,0,0,0,0,0,0,0,0,0,0,0,0,0,0,119,255,254,254,211,92,28,0,0,0,0,0,0,0,0,0,0,0,0,0,0,0,0,0,0,0,0,46,239,254,200,128,172,234,217,84,10,0,0,0,0,0,0,0,0,0,0,0,0,0,0,0,0,0,0,92,254,236,19,0,0,22,122,237,179,42,0,54,87,0,0,0,0,0,0,0,0,0,0,0,0,0,0,92,254,229,0,0,0,0,0,46,183,235,76,166,253,56,0,0,0,0,0,0,0,0,0,0,0,0,0,49,252,229,0,0,0,0,0,0,12,107,234,208,254,138,0,0,0,0,0,0,0,0,0,0,0,0,0,0,250,229,0,0,0,0,0,0,0,0,74,254,254,152,0,0,0,0,0,0,0,0,0,0,0,0,0,0,137,229,0,0,0,0,0,0,0,0,45,236,254,209,0,0,0,0,0,0,0,0,0,0,0,0,0,0,58,250,104,0,0,0,0,0,0,0,0,168,254,249,0,0,0,0,0,0,0,0,0,0,0,0,0,0,18,196,195,3,0,0,0,0,0,0,7,228,254,181,0,0,0,0,0,0,0,0,0,0,0,0,0,0,0,25,240,82,0,0,0,0,0,0,28,254,254,152,0,0,0,0,0,0,0,0,0,0,0,0,0,0,0,0,100,243,40,0,0,0,0,3,150,254,254,117,0,0,0,0,0,0,0,0,0,0,0,0,0,0,0,0,0,187,210,24,0,0,0,102,254,254,254,152,0,0,0,0,0,0,0,0,0,0,0,0,0,0,0,0,0,24,197,210,139,139,205,252,252,223,254,205,0,0,0,0,0,0,0,0,0,0,0,0,0,0,0,0,0,0,4,150,246,254,254,252,162,73,254,212,0,0,0,0,0,0,0,0,0,0,0,0,0,0,0,0,0,0,0,0,17,123,86,72,0,73,254,185,0,0,0,0,0,0,0,0,0,0,0,0,0,0,0,0,0,0,0,0,0,0,0,0,0,73,254,189,0,0,0,0,0,0,0,0,0,0,0,0,0,0,0,0,0,0,0,0,0,0,0,0,0,73,254,152,0,0,0,0,0,0,0,0,0,0,0,0,0,0,0,0,0,0,0,0,0,0,0,0,0,134,254,152,0,0,0,0,0,0,0,0,0,0,0,0,0,0,0,0,0,0,0,0,0,0,0,0,0,120,254,152,0,0,0,0,0,0,0,0,0,0,0,0,0,0,0,0,0,0,0,0,0,0,0,0,0,45,245,81,0,0,0,0,0,0,0,0,0,0,0,0,0,0,0,0,0,0,0,0,0,0,0,0,0,0,0,0,0,0,0,0,0,0,0,0,0,0,0,0,0,0,0,0,0,0,0,0,0,0,0,0,0,0,0,0,0,0,0,0,0,0,0,0
9,0,0,0,0,0,0,0,0,0,0,0,0,0,0,0,0,0,0,0,0,0,0,0,0,0,0,0,0,0,0,0,0,0,0,0,0,0,0,0,0,0,0,0,0,0,0,0,0,0,0,0,0,0,0,0,0,0,0,0,0,0,0,0,0,0,0,0,0,0,0,0,0,0,0,0,0,0,0,0,0,0,0,0,0,0,0,0,0,0,0,0,0,0,0,0,0,0,0,0,0,0,0,0,0,0,0,0,0,0,0,0,0,0,0,0,0,0,0,0,0,0,0,0,0,0,0,0,0,0,0,0,0,0,0,0,0,0,0,0,0,0,0,0,0,0,0,0,0,0,0,0,0,0,0,0,0,0,0,0,0,0,0,0,0,0,0,0,0,0,0,0,0,0,0,0,0,0,0,0,0,32,171,255,254,155,5,0,0,0,0,0,0,0,0,0,0,0,0,0,0,0,0,0,0,0,0,0,7,221,237,136,91,107,10,0,0,0,0,0,0,0,0,0,0,0,0,0,0,0,0,0,0,0,0,7,169,240,40,0,0,0,0,0,0,0,0,0,0,0,0,0,0,0,0,0,0,0,0,0,0,0,32,183,240,31,0,0,0,0,105,234,0,0,0,0,0,0,0,0,0,0,0,0,0,0,0,0,0,0,97,245,70,0,0,0,0,99,248,253,0,0,0,0,0,0,0,0,0,0,0,0,0,0,0,0,0,61,255,151,0,0,0,0,103,254,254,254,0,0,0,0,0,0,0,0,0,0,0,0,0,0,0,0,0,98,254,91,0,19,95,211,182,74,238,207,0,0,0,0,0,0,0,0,0,0,0,0,0,0,0,0,0,30,223,247,175,247,222,98,0,79,253,126,0,0,0,0,0,0,0,0,0,0,0,0,0,0,0,0,0,0,35,117,117,64,12,0,4,142,231,27,0,0,0,0,0,0,0,0,0,0,0,0,0,0,0,0,0,0,0,0,0,0,0,0,58,253,213,0,0,0,0,0,0,0,0,0,0,0,0,0,0,0,0,0,0,0,0,0,0,0,0,0,118,254,95,0,0,0,0,0,0,0,0,0,0,0,0,0,0,0,0,0,0,0,0,0,0,0,0,0,200,216,10,0,0,0,0,0,0,0,0,0,0,0,0,0,0,0,0,0,0,0,0,0,0,0,0,19,226,174,0,0,0,0,0,0,0,0,0,0,0,0,0,0,0,0,0,0,0,0,0,0,0,0,0,112,253,123,0,0,0,0,0,0,0,0,0,0,0,0,0,0,0,0,0,0,0,0,0,0,0,0,0,156,245,48,0,0,0,0,0,0,0,0,0,0,0,0,0,0,0,0,0,0,0,0,0,0,0,0,0,255,174,0,0,0,0,0,0,0,0,0,0,0,0,0,0,0,0,0,0,0,0,0,0,0,0,0,0,254,135,0,0,0,0,0,0,0,0,0,0,0,0,0,0,0,0,0,0,0,0,0,0,0,0,0,0,254,135,0,0,0,0,0,0,0,0,0,0,0,0,0,0,0,0,0,0,0,0,0,0,0,0,0,0,238,135,0,0,0,0,0,0,0,0,0,0,0,0,0,0,0,0,0,0,0,0,0,0,0,0,0,0,156,211,0,0,0,0,0,0,0,0,0,0,0,0,0,0,0,0,0,0,0,0,0,0,0,0,0,0,0,0,0,0,0,0,0,0,0,0,0,0,0,0,0,0,0,0,0,0,0,0,0,0,0,0,0,0,0,0,0,0,0,0,0,0,0,0,0,0,0,0
2,0,0,0,0,0,0,0,0,0,0,0,0,0,0,0,0,0,0,0,0,0,0,0,0,0,0,0,0,0,0,0,0,0,0,0,0,0,0,0,0,0,0,0,0,0,0,0,0,0,0,0,0,0,0,0,0,0,0,0,0,0,0,0,0,0,0,0,0,0,0,0,0,0,0,0,0,0,0,0,0,0,0,0,0,0,0,0,0,0,0,0,0,0,0,0,0,0,76,163,63,0,0,0,0,0,0,0,0,0,0,0,0,0,0,0,0,0,0,0,0,0,0,0,0,0,0,0,0,0,0,0,0,0,0,0,0,0,0,0,0,0,0,0,0,0,0,0,0,0,0,0,0,0,0,0,0,0,0,0,0,0,0,0,0,0,0,0,0,0,0,0,0,0,0,0,0,0,0,126,225,226,225,225,125,0,0,0,0,0,0,0,0,0,0,0,0,0,0,0,0,0,0,0,0,0,120,253,253,255,253,253,253,242,116,7,0,0,0,0,0,0,0,0,0,0,0,0,0,0,0,0,0,0,169,252,252,253,252,252,252,253,252,130,0,0,0,0,0,0,0,0,0,0,0,0,0,0,0,0,0,0,169,252,252,253,252,252,252,253,252,234,22,0,0,0,0,0,0,0,0,0,0,0,0,0,0,0,0,0,19,116,139,140,139,139,240,253,252,252,178,0,0,0,0,0,0,0,0,0,0,0,0,0,0,0,0,0,0,0,0,0,0,0,0,254,253,253,190,0,0,0,0,0,0,0,0,0,0,0,0,0,0,0,0,0,0,0,0,0,0,0,76,253,252,252,115,0,0,0,0,0,0,0,0,0,0,0,0,0,0,0,0,0,0,0,0,0,0,104,222,253,252,224,19,0,0,0,0,0,0,0,0,0,0,0,0,0,0,0,0,0,0,0,0,114,188,246,252,253,252,168,0,0,0,0,0,0,0,0,0,0,0,0,0,0,0,0,0,0,0,60,191,254,253,253,253,254,253,178,16,0,0,0,0,0,0,0,0,0,0,0,0,0,0,0,0,7,131,234,252,253,252,252,252,253,252,252,215,51,0,0,0,0,0,0,0,0,0,0,0,0,0,0,76,204,252,252,252,253,252,252,252,253,252,252,252,247,66,0,0,0,0,0,0,0,0,0,0,0,0,126,249,253,252,252,252,253,252,164,139,140,215,252,252,253,184,0,0,0,0,0,0,0,0,0,0,0,70,253,253,254,253,253,228,101,0,0,0,0,26,160,253,254,253,56,0,0,0,0,0,0,0,0,0,0,144,252,252,253,240,158,9,0,0,0,0,0,0,85,252,253,252,56,0,0,0,0,0,0,0,0,0,0,38,196,214,168,81,0,0,0,0,0,0,0,0,19,193,253,208,13,0,0,0,0,0,0,0,0,0,0,0,10,15,0,0,0,0,0,0,0,0,0,0,0,63,253,96,0,0,0,0,0,0,0,0,0,0,0,0,0,0,0,0,0,0,0,0,0,0,0,0,0,0,0,0,0,0,0,0,0,0,0,0,0,0,0,0,0,0,0,0,0,0,0,0,0,0,0,0,0,0,0,0,0,0,0,0,0,0,0,0,0,0,0,0,0,0,0,0,0,0,0,0,0,0,0,0,0,0,0,0,0,0,0,0,0,0,0,0,0,0,0,0,0,0,0,0,0,0,0,0,0,0,0,0,0,0,0,0,0,0,0,0,0,0,0,0,0,0,0,0,0,0,0,0,0,0,0,0,0,0,0,0,0,0,0,0,0,0,0,0,0,0
4,0,0,0,0,0,0,0,0,0,0,0,0,0,0,0,0,0,0,0,0,0,0,0,0,0,0,0,0,0,0,0,0,0,0,0,0,0,0,0,0,0,0,0,0,0,0,0,0,0,0,0,0,0,0,0,0,0,0,0,0,0,0,0,0,0,0,0,0,0,0,0,0,0,0,0,0,0,0,0,0,0,0,0,0,0,0,0,0,0,0,0,0,0,0,0,0,0,0,0,0,0,0,0,0,0,0,0,0,0,0,0,0,0,0,0,0,0,0,0,0,0,0,0,0,0,0,0,0,0,0,0,0,0,0,0,0,0,0,0,0,0,0,0,0,0,0,0,0,3,139,253,207,18,0,0,0,0,0,0,0,0,0,0,0,0,0,0,0,0,0,0,0,0,0,0,0,129,252,252,252,143,0,0,0,0,0,0,0,0,0,0,0,0,0,0,0,0,0,0,0,0,0,0,7,191,252,252,252,143,0,0,0,0,0,0,0,0,0,0,0,0,0,0,0,0,0,0,0,0,0,0,129,252,252,252,210,59,0,0,0,0,0,0,49,169,24,0,0,0,0,0,0,0,0,0,0,0,0,27,229,252,252,252,36,0,0,0,0,0,0,15,173,252,122,0,0,0,0,0,0,0,0,0,0,0,0,37,252,252,252,187,9,0,0,0,0,0,0,152,252,252,122,0,0,0,0,0,0,0,0,0,0,0,0,77,252,252,228,54,0,0,0,0,0,0,17,205,252,252,36,0,0,0,0,0,0,0,0,0,0,0,0,157,252,252,180,0,0,0,0,0,0,0,49,252,252,252,36,0,0,0,0,0,0,0,0,0,0,0,0,157,252,252,245,95,0,0,0,0,0,0,158,252,252,216,20,0,0,0,0,0,0,0,0,0,0,0,0,100,252,252,252,248,241,241,183,122,121,138,248,252,252,167,0,0,0,0,0,0,0,0,0,0,0,0,0,18,204,253,253,253,253,253,253,255,253,253,253,253,253,213,19,0,0,0,0,0,0,0,0,0,0,0,0,0,21,194,246,252,252,252,252,253,252,252,252,252,252,244,32,0,0,0,0,0,0,0,0,0,0,0,0,0,0,0,74,96,141,216,216,217,237,252,252,252,242,87,0,0,0,0,0,0,0,0,0,0,0,0,0,0,0,0,0,0,0,0,0,0,145,252,252,252,100,0,0,0,0,0,0,0,0,0,0,0,0,0,0,0,0,0,0,0,0,0,0,0,145,252,252,252,89,0,0,0,0,0,0,0,0,0,0,0,0,0,0,0,0,0,0,0,0,0,0,0,145,252,252,252,200,14,0,0,0,0,0,0,0,0,0,0,0,0,0,0,0,0,0,0,0,0,0,0,145,252,252,252,252,88,0,0,0,0,0,0,0,0,0,0,0,0,0,0,0,0,0,0,0,0,0,0,145,252,252,252,252,167,0,0,0,0,0,0,0,0,0,0,0,0,0,0,0,0,0,0,0,0,0,0,145,252,252,252,252,116,0,0,0,0,0,0,0,0,0,0,0,0,0,0,0,0,0,0,0,0,0,0,18,189,131,131,98,3,0,0,0,0,0,0,0,0,0,0,0,0,0,0,0,0,0,0,0,0,0,0,0,0,0,0,0,0,0,0,0,0,0,0,0,0,0,0,0,0,0,0,0,0,0,0,0,0,0,0,0,0,0,0,0,0,0,0,0,0,0,0,0,0,0,0,0,0,0,0,0,0,0,0,0,0,0,0,0,0,0,0,0,0,0,0,0,0,0,0,0
4,0,0,0,0,0,0,0,0,0,0,0,0,0,0,0,0,0,0,0,0,0,0,0,0,0,0,0,0,0,0,0,0,0,0,0,0,0,0,0,0,0,0,0,0,0,0,0,0,0,0,0,0,0,0,0,0,0,0,0,0,0,0,0,0,0,0,0,0,0,0,0,0,0,0,0,0,0,0,0,0,0,0,0,0,0,0,0,0,0,0,0,0,0,0,0,0,0,0,0,0,0,0,0,0,0,0,0,0,0,0,0,0,0,0,0,0,0,0,0,0,0,0,0,0,0,0,0,0,0,0,0,0,0,20,204,246,121,0,0,0,0,0,0,0,0,0,0,0,0,0,0,0,0,0,0,0,0,0,0,0,0,167,252,252,252,0,0,0,0,0,0,0,0,0,0,0,0,0,0,156,226,149,45,0,0,0,0,0,49,244,252,252,252,0,0,0,0,0,0,0,0,0,0,0,0,0,17,198,252,252,119,0,0,0,0,0,166,252,252,248,102,0,0,0,0,0,0,0,0,0,0,0,0,0,159,252,252,252,119,0,0,0,0,158,238,252,252,203,0,0,0,0,0,0,0,0,0,0,0,0,0,50,235,252,252,242,31,0,0,0,88,238,252,252,204,28,0,0,0,0,0,0,0,0,0,0,0,0,43,186,252,252,233,75,0,0,0,134,240,252,252,224,29,0,0,0,0,0,0,0,0,0,0,0,0,10,139,233,252,252,211,0,0,0,12,180,252,252,246,120,0,0,0,0,0,0,0,0,0,0,0,0,6,102,252,252,252,221,39,0,0,0,184,252,252,252,191,0,0,0,0,0,0,0,0,0,0,0,0,0,107,252,252,252,252,79,0,0,0,134,246,252,252,217,31,0,0,0,0,0,0,0,0,0,0,0,0,0,170,253,253,253,136,0,0,7,190,255,253,253,253,218,121,211,168,51,0,0,0,0,0,0,0,0,0,241,251,252,252,252,144,198,240,240,252,253,252,252,252,252,252,252,252,238,51,0,0,0,0,0,0,0,0,253,252,252,252,252,252,252,252,252,252,253,252,252,252,252,252,252,252,197,75,0,0,0,0,0,0,0,0,253,252,252,252,252,252,252,252,252,252,253,176,172,172,67,39,39,39,17,0,0,0,0,0,0,0,0,0,116,220,220,220,238,252,252,252,252,252,186,9,0,0,0,0,0,0,0,0,0,0,0,0,0,0,0,0,0,35,35,35,102,252,252,252,252,153,0,0,0,0,0,0,0,0,0,0,0,0,0,0,0,0,0,0,0,0,0,0,158,252,252,252,252,140,22,0,0,0,0,0,0,0,0,0,0,0,0,0,0,0,0,0,0,0,0,0,200,252,252,252,252,238,120,0,0,0,0,0,0,0,0,0,0,0,0,0,0,0,0,0,0,0,0,0,123,252,252,250,231,50,0,0,0,0,0,0,0,0,0,0,0,0,0,0,0,0,0,0,0,0,0,0,32,119,119,107,0,0,0,0,0,0,0,0,0,0,0,0,0,0,0,0,0,0,0,0,0,0,0,0,0,0,0,0,0,0,0,0,0,0,0,0,0,0,0,0,0,0,0,0,0,0,0,0,0,0,0,0,0,0,0,0,0,0,0,0,0,0,0,0,0,0,0,0,0,0,0,0,0,0,0,0,0,0,0,0,0,0,0,0,0,0,0,0,0,0,0,0,0,0,0,0,0,0,0,0,0,0,0,0,0,0,0,0,0,0,0,0,0,0,0,0,0,0,0,0,0,0,0,0,0,0,0
8,0,0,0,0,0,0,0,0,0,0,0,0,0,0,0,0,0,0,0,0,0,0,0,0,0,0,0,0,0,0,0,0,0,0,0,0,0,0,0,0,0,0,0,0,0,0,0,0,0,0,0,0,0,0,0,0,0,0,0,0,0,0,0,0,0,0,0,0,0,0,0,0,0,0,0,0,0,0,0,0,0,0,0,0,0,0,0,0,0,0,0,0,0,0,0,0,0,0,0,0,0,0,0,0,0,0,0,0,0,0,0,0,0,0,0,0,0,0,0,0,0,0,0,0,7,118,191,244,138,38,0,0,0,0,0,0,0,0,0,0,0,0,0,0,0,0,0,0,0,0,0,51,186,252,252,253,252,154,9,0,0,0,0,0,0,0,0,0,0,0,0,0,0,0,0,0,0,0,49,228,252,252,221,222,252,252,129,0,0,0,0,0,0,0,0,0,0,0,0,0,0,0,0,0,0,0,180,252,227,66,25,36,219,252,160,0,0,0,0,0,0,0,0,0,0,0,0,0,0,0,0,0,0,53,253,231,48,0,0,22,244,252,160,0,0,0,0,0,0,0,0,0,0,0,0,0,0,0,0,0,0,53,255,211,7,0,0,24,253,253,169,13,0,0,0,0,0,0,0,0,0,0,0,0,0,0,0,0,0,0,253,252,69,0,0,24,252,252,252,211,0,0,0,0,0,0,0,0,0,0,0,0,0,0,0,0,0,0,169,252,171,13,0,55,252,252,252,252,0,0,0,0,0,0,0,0,0,0,0,0,0,0,0,0,0,0,138,252,252,88,43,233,252,252,218,108,0,0,0,0,0,0,0,0,0,0,0,0,0,0,0,0,0,0,13,117,252,244,240,253,252,221,35,0,0,0,0,0,0,0,0,0,0,0,0,0,0,0,0,0,0,0,0,43,247,253,253,255,249,63,0,0,0,0,0,0,0,0,0,0,0,0,0,0,0,0,0,0,0,0,0,30,228,252,252,253,214,13,0,0,0,0,0,0,0,0,0,0,0,0,0,0,0,0,0,0,0,0,0,130,252,252,252,253,252,171,44,0,0,0,0,0,0,0,0,0,0,0,0,0,0,0,0,0,0,0,9,194,252,218,108,253,252,252,160,0,0,0,0,0,0,0,0,0,0,0,0,0,0,0,0,0,0,0,24,252,252,160,0,44,252,252,244,21,0,0,0,0,0,0,0,0,0,0,0,0,0,0,0,0,0,0,139,253,253,46,0,0,162,253,253,128,0,0,0,0,0,0,0,0,0,0,0,0,0,0,0,0,0,0,118,252,252,83,47,57,219,252,252,22,0,0,0,0,0,0,0,0,0,0,0,0,0,0,0,0,0,0,17,227,252,252,252,253,252,252,227,16,0,0,0,0,0,0,0,0,0,0,0,0,0,0,0,0,0,0,0,67,252,252,252,253,252,153,29,0,0,0,0,0,0,0,0,0,0,0,0,0,0,0,0,0,0,0,0,5,22,117,189,137,137,37,0,0,0,0,0,0,0,0,0,0,0,0,0,0,0,0,0,0,0,0,0,0,0,0,0,0,0,0,0,0,0,0,0,0,0,0,0,0,0,0,0,0,0,0,0,0,0,0,0,0,0,0,0,0,0,0,0,0,0,0,0,0,0,0,0,0,0,0,0,0,0,0,0,0,0,0,0,0,0,0,0,0,0,0,0,0,0,0,0,0,0,0,0,0,0,0,0,0,0,0,0,0,0,0,0,0,0,0,0,0,0,0,0,0,0,0,0,0,0,0,0,0
0,0,0,0,0,0,0,0,0,0,0,0,0,0,0,0,0,0,0,0,0,0,0,0,0,0,0,0,0,0,0,0,0,0,0,0,0,0,0,0,0,0,0,0,0,0,0,0,0,0,0,0,0,0,0,0,0,0,0,0,0,0,0,0,0,0,0,0,0,0,0,0,0,0,0,0,0,0,0,0,0,0,0,0,0,0,0,0,0,0,0,0,0,0,0,0,0,0,0,0,0,0,0,0,0,0,0,0,0,0,0,0,0,0,0,0,0,0,0,0,0,0,0,0,0,0,0,0,0,0,0,0,0,0,0,0,0,0,0,0,0,0,0,0,0,0,0,0,0,0,0,1,28,155,254,254,254,218,91,2,0,0,0,0,0,0,0,0,0,0,0,0,0,0,0,0,0,0,0,105,253,253,253,253,253,253,253,114,2,0,0,0,0,0,0,0,0,0,0,0,0,0,0,0,0,0,88,213,253,253,253,253,253,178,241,253,114,3,0,0,0,0,0,0,0,0,0,0,0,0,0,0,0,3,165,253,237,245,253,235,247,67,34,228,253,113,3,0,0,0,0,0,0,0,0,0,0,0,0,0,0,41,253,253,128,216,195,27,117,119,0,196,253,253,24,0,0,0,0,0,0,0,0,0,0,0,0,0,12,215,253,253,253,185,0,0,59,92,0,32,230,253,42,0,0,0,0,0,0,0,0,0,0,0,0,0,19,253,253,253,253,80,0,0,83,0,0,0,135,253,217,12,0,0,0,0,0,0,0,0,0,0,0,0,19,253,253,253,199,25,0,0,40,0,0,0,94,253,253,18,0,0,0,0,0,0,0,0,0,0,0,0,19,253,253,245,67,0,0,0,0,0,0,0,73,247,253,18,0,0,0,0,0,0,0,0,0,0,0,0,19,253,253,216,0,0,0,0,0,0,0,0,0,223,253,18,0,0,0,0,0,0,0,0,0,0,0,0,19,253,253,216,0,0,0,0,0,0,0,0,0,223,253,18,0,0,0,0,0,0,0,0,0,0,0,0,19,253,253,216,0,0,0,0,0,0,0,0,28,232,253,18,0,0,0,0,0,0,0,0,0,0,0,0,120,253,253,216,0,0,0,0,0,0,0,0,94,253,253,18,0,0,0,0,0,0,0,0,0,0,0,0,143,253,200,142,0,0,0,0,0,0,0,0,135,253,123,3,0,0,0,0,0,0,0,0,0,0,0,0,143,253,99,0,0,0,0,0,0,0,0,33,230,253,24,0,0,0,0,0,0,0,0,0,0,0,0,0,143,253,99,0,0,0,0,0,0,0,0,196,253,165,3,0,0,0,0,0,0,0,0,0,0,0,0,0,92,253,224,39,0,0,0,0,0,32,206,249,214,30,0,0,0,0,0,0,0,0,0,0,0,0,0,0,19,253,253,224,38,0,0,0,86,214,253,215,29,0,0,0,0,0,0,0,0,0,0,0,0,0,0,0,1,96,253,253,246,242,242,242,251,253,158,29,0,0,0,0,0,0,0,0,0,0,0,0,0,0,0,0,0,1,82,208,253,253,253,253,220,93,1,0,0,0,0,0,0,0,0,0,0,0,0,0,0,0,0,0,0,0,0,0,0,0,0,0,0,0,0,0,0,0,0,0,0,0,0,0,0,0,0,0,0,0,0,0,0,0,0,0,0,0,0,0,0,0,0,0,0,0,0,0,0,0,0,0,0,0,0,0,0,0,0,0,0,0,0,0,0,0,0,0,0,0,0,0,0,0,0,0,0,0,0,0,0
6,0,0,0,0,0,0,0,0,0,0,0,0,0,0,0,0,0,0,0,0,0,0,0,0,0,0,0,0,0,0,0,0,0,0,0,0,0,0,0,0,0,0,0,0,0,0,0,0,0,0,0,0,0,0,0,0,0,0,0,0,0,0,0,0,0,0,0,0,0,0,0,123,203,0,0,0,0,0,0,0,0,0,0,0,0,0,0,0,0,0,0,0,0,0,0,0,0,0,21,223,203,0,0,0,0,0,0,0,0,0,0,0,0,0,0,0,0,0,0,0,0,0,0,0,0,0,152,253,123,0,0,0,0,0,0,0,0,0,0,0,0,0,0,0,0,0,0,0,0,0,0,0,0,0,233,212,0,0,0,0,0,0,0,0,0,0,0,0,0,0,0,0,0,0,0,0,0,0,0,0,0,62,254,151,0,0,0,0,0,0,0,0,0,0,0,0,0,0,0,0,0,0,0,0,0,0,0,0,0,183,253,151,0,0,0,0,0,0,0,0,0,0,0,0,0,0,0,0,0,0,0,0,0,0,0,0,31,233,244,40,0,0,0,0,0,0,0,0,0,0,0,0,0,0,0,0,0,0,0,0,0,0,0,0,132,252,162,0,0,0,0,0,0,0,0,0,0,0,0,0,0,0,0,0,0,0,0,0,0,0,0,0,214,253,102,0,0,0,0,0,0,0,0,0,0,0,0,0,0,0,0,0,0,0,0,0,0,0,0,0,253,252,102,0,0,0,0,0,0,0,0,0,0,0,0,0,0,0,0,0,0,0,0,0,0,0,0,62,254,192,0,0,0,0,0,0,0,0,0,0,0,0,0,0,0,0,0,0,0,0,0,0,0,0,0,102,253,111,0,0,0,0,0,0,0,0,0,0,0,0,0,0,0,0,0,0,0,0,0,0,0,0,11,213,254,172,51,173,254,253,254,253,123,0,0,0,0,0,0,0,0,0,0,0,0,0,0,0,0,0,51,252,253,252,253,212,151,151,213,252,243,40,0,0,0,0,0,0,0,0,0,0,0,0,0,0,0,0,52,253,254,172,102,20,0,0,72,253,142,0,0,0,0,0,0,0,0,0,0,0,0,0,0,0,0,0,51,252,213,10,0,0,0,41,233,252,61,0,0,0,0,0,0,0,0,0,0,0,0,0,0,0,0,0,52,253,204,0,0,21,132,253,255,91,0,0,0,0,0,0,0,0,0,0,0,0,0,0,0,0,0,0,51,252,223,20,21,203,253,252,131,10,0,0,0,0,0,0,0,0,0,0,0,0,0,0,0,0,0,0,41,243,255,253,255,253,183,102,0,0,0,0,0,0,0,0,0,0,0,0,0,0,0,0,0,0,0,0,0,81,213,252,192,70,0,0,0,0,0,0,0,0,0,0,0,0,0,0,0,0,0,0,0,0,0,0,0,0,0,0,0,0,0,0,0,0,0,0,0,0,0,0,0,0,0,0,0,0,0,0,0,0,0,0,0,0,0,0,0,0,0,0,0,0,0,0,0,0,0,0,0,0,0,0,0,0,0,0,0,0,0,0,0,0,0,0,0,0,0,0,0,0,0,0,0,0,0,0,0,0,0,0,0,0,0,0,0,0,0,0,0,0,0,0,0,0,0,0,0,0,0,0,0,0,0,0,0,0,0,0,0,0,0,0,0,0,0,0,0,0,0,0,0,0,0,0,0,0,0,0,0,0,0,0,0,0,0,0,0,0,0,0,0,0,0,0,0,0,0,0,0,0,0,0,0,0,0,0,0,0,0,0,0,0
6,0,0,0,0,0,0,0,0,0,0,0,0,0,0,0,0,0,0,0,0,0,0,0,0,0,0,0,0,0,0,0,0,0,0,0,0,0,0,0,0,0,0,0,0,0,0,0,0,0,0,0,0,0,0,0,0,0,0,0,0,0,0,0,0,0,0,0,0,0,0,0,0,0,0,0,0,0,0,0,0,0,0,0,0,0,0,0,0,0,0,0,0,0,0,0,0,0,0,0,0,4,104,229,103,0,0,0,0,0,0,0,0,0,0,0,0,0,0,0,0,0,0,0,0,0,0,0,0,54,252,252,252,26,0,0,0,0,0,0,0,0,0,0,0,0,0,0,0,0,0,0,0,0,0,0,38,229,252,252,252,113,0,0,0,0,0,0,0,0,0,0,0,0,0,0,0,0,0,0,0,0,0,0,163,253,252,252,151,13,0,0,0,0,0,0,0,0,0,0,0,0,0,0,0,0,0,0,0,0,0,147,253,255,253,143,13,0,0,0,0,0,0,0,0,0,0,0,0,0,0,0,0,0,0,0,0,0,63,234,252,247,121,19,0,0,0,0,0,0,0,0,0,0,0,0,0,0,0,0,0,0,0,0,0,23,234,252,252,225,0,0,0,0,0,0,0,0,0,0,0,0,0,0,0,0,0,0,0,0,0,0,0,179,252,252,202,25,0,0,0,0,0,0,0,0,0,0,0,0,0,0,0,0,0,0,0,0,0,0,114,254,253,231,75,0,19,7,0,0,0,0,0,0,0,0,0,0,0,0,0,0,0,0,0,0,0,19,194,253,252,56,26,120,225,149,32,0,0,0,0,0,0,0,0,0,0,0,0,0,0,0,0,0,0,172,252,253,252,209,222,253,252,252,139,0,0,0,0,0,0,0,0,0,0,0,0,0,0,0,0,0,26,222,252,253,252,252,252,253,252,252,139,0,0,0,0,0,0,0,0,0,0,0,0,0,0,0,0,16,216,253,253,254,253,253,253,254,253,253,128,0,0,0,0,0,0,0,0,0,0,0,0,0,0,0,0,128,252,252,252,253,252,227,252,253,252,196,9,0,0,0,0,0,0,0,0,0,0,0,0,0,0,0,38,253,252,252,252,194,75,203,252,253,252,80,0,0,0,0,0,0,0,0,0,0,0,0,0,0,0,0,113,253,252,252,151,25,194,252,252,253,227,31,0,0,0,0,0,0,0,0,0,0,0,0,0,0,0,0,114,254,253,253,253,254,253,253,253,151,0,0,0,0,0,0,0,0,0,0,0,0,0,0,0,0,0,0,113,253,252,252,252,253,252,252,151,0,0,0,0,0,0,0,0,0,0,0,0,0,0,0,0,0,0,0,113,253,252,252,252,253,196,80,6,0,0,0,0,0,0,0,0,0,0,0,0,0,0,0,0,0,0,0,63,253,252,252,151,78,9,0,0,0,0,0,0,0,0,0,0,0,0,0,0,0,0,0,0,0,0,0,0,0,0,0,0,0,0,0,0,0,0,0,0,0,0,0,0,0,0,0,0,0,0,0,0,0,0,0,0,0,0,0,0,0,0,0,0,0,0,0,0,0,0,0,0,0,0,0,0,0,0,0,0,0,0,0,0,0,0,0,0,0,0,0,0,0,0,0,0,0,0,0,0,0,0,0,0,0,0,0,0,0,0,0,0,0,0,0,0,0,0,0,0,0,0,0,0,0,0,0,0,0,0,0,0,0,0,0,0,0,0,0,0,0,0,0,0,0,0,0,0,0,0,0,0,0,0,0,0,0,0,0,0
9,0,0,0,0,0,0,0,0,0,0,0,0,0,0,0,0,0,0,0,0,0,0,0,0,0,0,0,0,0,0,0,0,0,0,0,0,0,0,0,0,0,0,0,0,0,0,0,0,0,0,0,0,0,0,0,0,0,0,0,0,0,0,0,0,0,0,0,0,0,0,0,0,0,0,0,0,0,0,0,0,0,0,0,0,0,0,0,0,0,0,0,0,0,0,0,0,0,0,0,0,0,0,0,0,0,0,0,0,0,0,0,0,0,0,0,0,0,0,0,0,0,0,0,0,0,0,0,0,0,0,0,0,0,0,0,0,0,0,0,0,0,0,0,0,0,0,0,0,0,0,0,0,0,0,0,0,0,0,0,0,0,0,0,0,0,0,0,0,0,0,0,0,0,0,0,0,0,0,0,0,0,0,0,0,0,0,0,0,0,0,0,0,0,0,0,0,0,0,0,0,0,0,0,0,0,0,0,0,0,0,7,68,169,252,234,151,21,0,0,0,0,0,0,0,0,0,0,0,0,0,0,0,0,0,0,0,0,72,190,254,238,225,165,249,150,0,0,0,0,0,0,0,0,0,0,0,0,0,0,0,0,0,0,0,105,244,245,125,12,0,0,135,156,0,0,0,0,0,0,0,0,0,0,0,0,0,0,0,0,0,0,130,254,186,28,0,0,0,56,163,115,0,0,0,0,0,0,0,0,0,0,0,0,0,0,0,0,2,128,254,151,6,0,0,0,101,250,98,2,0,0,0,0,0,0,0,0,0,0,0,0,0,0,0,0,55,255,187,7,0,0,3,151,252,155,0,0,0,0,0,0,0,0,0,0,0,0,0,0,0,0,0,0,136,254,79,0,0,37,172,254,254,40,0,0,0,0,0,0,0,0,0,0,0,0,0,0,0,0,0,0,73,254,184,154,189,245,228,254,232,15,0,0,0,0,0,0,0,0,0,0,0,0,0,0,0,0,0,0,9,176,254,254,208,100,105,254,99,0,0,0,0,0,0,0,0,0,0,0,0,0,0,0,0,0,0,0,0,3,10,10,3,25,241,222,11,0,0,0,0,0,0,0,0,0,0,0,0,0,0,0,0,0,0,0,0,0,0,0,0,121,254,105,0,0,0,0,0,0,0,0,0,0,0,0,0,0,0,0,0,0,0,0,0,0,0,0,14,247,209,0,0,0,0,0,0,0,0,0,0,0,0,0,0,0,0,0,0,0,0,0,0,0,0,2,179,254,100,0,0,0,0,0,0,0,0,0,0,0,0,0,0,0,0,0,0,0,0,0,0,0,0,16,254,225,6,0,0,0,0,0,0,0,0,0,0,0,0,0,0,0,0,0,0,0,0,0,0,0,0,118,254,171,0,0,0,0,0,0,0,0,0,0,0,0,0,0,0,0,0,0,0,0,0,0,0,0,5,203,248,14,0,0,0,0,0,0,0,0,0,0,0,0,0,0,0,0,0,0,0,0,0,0,0,0,78,254,174,0,0,0,0,0,0,0,0,0,0,0,0,0,0,0,0,0,0,0,0,0,0,0,0,0,109,254,56,0,0,0,0,0,0,0,0,0,0,0,0,0,0,0,0,0,0,0,0,0,0,0,0,0,109,254,56,0,0,0,0,0,0,0,0,0,0,0,0,0,0,0,0,0,0,0,0,0,0,0,0,0,30,218,56,0,0,0,0,0,0,0,0,0,0,0,0,0,0,0,0,0,0,0,0,0,0,0,0,0,0,0,0,0,0,0,0,0,0,0,0,0,0,0,0,0,0
9,0,0,0,0,0,0,0,0,0,0,0,0,0,0,0,0,0,0,0,0,0,0,0,0,0,0,0,0,0,0,0,0,0,0,0,0,0,0,0,0,0,0,0,0,0,0,0,0,0,0,0,0,0,0,0,0,0,0,0,0,0,0,0,0,0,0,0,0,0,0,0,0,0,0,0,0,0,0,0,0,0,0,0,0,0,0,0,0,0,0,0,0,0,0,0,0,0,0,0,0,0,0,0,0,0,0,0,0,0,0,0,0,0,0,0,0,0,0,0,0,0,0,0,0,0,0,0,0,0,0,0,0,0,0,0,0,0,0,0,0,0,0,0,0,0,0,0,0,0,19,117,141,255,178,141,91,13,0,0,0,0,0,0,0,0,0,0,0,0,0,0,0,0,0,0,0,45,225,252,252,253,252,252,252,194,19,0,0,0,0,0,0,0,0,0,0,0,0,0,0,0,0,0,0,229,252,252,252,206,168,234,252,253,215,81,0,0,0,0,0,0,0,0,0,0,0,0,0,0,0,0,51,253,252,214,139,13,0,22,28,153,252,205,13,0,0,0,0,0,0,0,0,0,0,0,0,0,0,10,179,255,222,25,0,0,0,0,0,13,194,253,203,0,0,0,0,0,0,0,0,0,0,0,0,0,0,85,252,253,121,0,0,0,0,0,0,0,19,190,252,76,0,0,0,0,0,0,0,0,0,0,0,0,0,85,252,253,84,0,0,0,0,0,0,0,0,85,252,200,0,0,0,0,0,0,0,0,0,0,0,0,0,185,252,241,47,0,0,0,0,0,0,0,0,85,252,238,38,0,0,0,0,0,0,0,0,0,0,0,0,198,253,226,0,0,0,0,0,0,0,0,0,147,253,254,84,0,0,0,0,0,0,0,0,0,0,0,0,197,252,225,0,0,0,0,0,0,0,0,0,197,252,234,28,0,0,0,0,0,0,0,0,0,0,0,0,197,252,225,0,0,0,0,0,0,0,0,19,215,252,187,0,0,0,0,0,0,0,0,0,0,0,0,0,97,252,225,0,0,0,0,0,0,0,0,157,252,252,113,0,0,0,0,0,0,0,0,0,0,0,0,0,85,253,254,84,0,0,0,0,0,0,41,216,253,253,0,0,0,0,0,0,0,0,0,0,0,0,0,0,66,246,253,171,13,0,0,0,19,107,253,252,252,252,0,0,0,0,0,0,0,0,0,0,0,0,0,0,0,100,253,252,209,197,86,110,215,252,253,252,252,252,0,0,0,0,0,0,0,0,0,0,0,0,0,0,0,0,91,215,252,252,253,252,252,252,190,165,252,252,101,0,0,0,0,0,0,0,0,0,0,0,0,0,0,0,0,0,89,163,226,225,187,13,0,57,253,253,114,0,0,0,0,0,0,0,0,0,0,0,0,0,0,0,0,0,0,0,0,0,0,0,0,57,252,252,113,0,0,0,0,0,0,0,0,0,0,0,0,0,0,0,0,0,0,0,0,0,0,0,0,57,252,252,113,0,0,0,0,0,0,0,0,0,0,0,0,0,0,0,0,0,0,0,0,0,0,0,0,157,252,252,113,0,0,0,0,0,0,0,0,0,0,0,0,0,0,0,0,0,0,0,0,0,0,0,0,0,0,0,0,0,0,0,0,0,0,0,0,0,0,0,0,0,0,0,0,0,0,0,0,0,0,0,0,0,0,0,0,0,0,0,0,0,0,0,0,0,0,0,0,0,0,0,0,0,0,0,0,0,0,0,0,0,0,0,0,0,0,0,0,0,0,0
2,0,0,0,0,0,0,0,0,0,0,0,0,0,0,0,0,0,0,0,0,0,0,0,0,0,0,0,0,0,0,0,0,0,0,0,0,0,0,0,0,0,0,0,0,0,0,0,0,0,0,0,0,0,0,0,0,0,0,0,0,0,0,0,0,0,0,0,0,0,0,0,0,0,0,0,0,0,0,0,0,0,0,0,0,0,0,0,0,0,0,0,0,0,0,0,0,0,0,0,0,0,0,0,0,0,0,0,0,0,0,0,0,0,0,0,0,0,0,0,0,0,0,0,0,0,0,5,18,18,18,1,0,0,0,0,0,0,0,0,0,0,0,0,0,0,0,0,0,0,0,0,0,0,0,76,253,253,253,96,15,0,0,0,0,0,0,0,0,0,0,0,0,0,0,0,0,0,0,0,0,30,73,229,253,253,253,253,206,139,0,0,0,0,0,0,0,0,0,0,0,0,0,0,0,0,0,0,0,142,253,253,253,253,253,253,253,219,20,0,0,0,0,0,0,0,0,0,0,0,0,0,0,0,0,0,0,142,253,253,253,253,172,210,253,253,70,0,0,0,0,0,0,0,0,0,0,0,0,0,0,0,0,0,0,83,147,147,56,29,3,130,253,211,8,0,0,0,0,0,0,0,0,0,0,0,0,0,0,0,0,0,0,0,0,0,0,0,56,190,253,148,0,0,0,0,0,0,0,0,0,0,0,0,0,0,0,0,0,0,0,0,0,0,0,0,124,253,253,88,0,0,0,0,0,0,0,0,0,0,0,0,0,0,0,0,0,0,0,0,0,0,0,16,234,253,235,33,0,0,0,0,0,0,0,0,0,0,0,0,0,0,0,0,0,0,0,0,0,0,0,51,243,253,196,0,0,0,0,0,0,0,0,0,0,0,0,0,0,0,0,58,119,145,78,78,65,0,0,130,253,253,106,0,0,0,0,0,0,0,0,0,0,0,0,0,0,14,175,243,253,253,253,253,247,213,213,247,253,243,17,0,0,0,0,0,0,0,0,0,0,0,0,0,8,187,253,253,253,253,253,253,253,253,253,253,253,252,217,113,113,113,113,61,0,0,0,0,0,0,0,0,139,253,245,153,82,5,6,95,253,253,253,253,253,253,253,253,253,253,253,246,0,0,0,0,0,0,0,0,255,233,35,0,0,27,145,253,253,253,194,149,224,225,253,253,253,253,253,122,0,0,0,0,0,0,0,0,254,241,86,48,144,243,253,253,246,178,21,0,0,5,88,88,173,206,104,6,0,0,0,0,0,0,0,0,224,253,253,253,253,253,253,247,103,0,0,0,0,0,0,0,0,0,0,0,0,0,0,0,0,0,0,0,37,221,253,253,253,180,113,48,0,0,0,0,0,0,0,0,0,0,0,0,0,0,0,0,0,0,0,0,0,21,60,152,112,4,0,0,0,0,0,0,0,0,0,0,0,0,0,0,0,0,0,0,0,0,0,0,0,0,0,0,0,0,0,0,0,0,0,0,0,0,0,0,0,0,0,0,0,0,0,0,0,0,0,0,0,0,0,0,0,0,0,0,0,0,0,0,0,0,0,0,0,0,0,0,0,0,0,0,0,0,0,0,0,0,0,0,0,0,0,0,0,0,0,0,0,0,0,0,0,0,0,0,0,0,0,0,0,0,0,0,0,0,0,0,0,0,0,0,0,0,0,0,0,0,0,0,0,0,0,0,0,0,0,0,0,0,0,0,0,0,0,0,0,0,0,0,0,0,0,0,0,0,0,0,0,0,0,0,0,0,0
3,0,0,0,0,0,0,0,0,0,0,0,0,0,0,0,0,0,0,0,0,0,0,0,0,0,0,0,0,0,0,0,0,0,0,0,0,0,0,0,0,0,0,0,0,0,0,0,0,0,0,0,0,0,0,0,0,0,0,0,0,0,0,0,0,0,0,0,0,0,0,0,0,0,0,0,0,0,0,0,0,0,0,0,0,0,0,0,0,0,0,0,0,0,0,0,0,0,0,0,0,0,0,0,0,0,0,0,0,0,0,0,0,0,0,0,0,0,0,0,0,0,0,0,0,0,0,0,0,0,0,0,0,0,0,0,0,0,0,0,0,0,0,0,0,0,0,0,0,0,0,0,0,0,0,0,0,0,0,0,0,0,0,0,0,0,0,0,0,0,0,0,0,0,0,0,0,0,0,0,0,0,0,0,0,0,0,0,0,0,0,0,0,0,0,0,0,0,0,0,0,0,0,2,13,13,13,13,13,13,13,13,13,13,13,13,13,7,0,0,0,0,0,0,0,0,0,0,0,0,0,95,253,253,253,253,253,253,253,253,253,253,253,253,253,204,143,73,0,0,0,0,0,0,0,0,0,0,0,149,253,253,253,253,253,253,253,253,253,253,253,253,253,253,253,202,0,0,0,0,0,0,0,0,0,0,0,130,146,99,99,159,99,159,192,222,123,212,253,253,253,253,253,238,0,0,0,0,0,0,0,0,0,0,0,0,0,0,0,0,0,0,0,0,31,172,253,253,253,253,218,50,0,0,0,0,0,0,0,0,0,0,0,0,0,0,0,0,0,33,78,167,237,253,253,253,214,155,4,0,0,0,0,0,0,0,0,0,0,0,0,0,0,0,0,10,138,232,253,253,253,253,235,95,8,0,0,0,0,0,0,0,0,0,0,0,0,0,0,0,0,0,0,138,253,253,253,253,253,253,226,180,45,0,0,0,0,0,0,0,0,0,0,0,0,0,0,0,0,0,0,174,253,253,253,253,253,253,253,253,225,44,0,0,0,0,0,0,0,0,0,0,0,0,0,0,0,0,0,42,149,185,185,185,207,253,253,253,253,196,6,0,0,0,0,0,0,0,0,0,0,0,0,0,0,0,0,0,0,0,0,0,118,253,253,253,253,106,0,0,0,0,0,0,0,0,0,0,0,0,0,0,0,0,0,0,0,0,56,205,244,253,253,253,128,4,0,0,0,0,0,0,0,0,0,0,0,0,0,0,0,0,0,18,115,211,222,253,253,253,253,68,4,0,0,0,0,0,0,0,0,0,0,0,0,0,7,94,94,94,175,224,253,253,253,253,224,160,54,5,0,0,0,0,0,0,0,0,0,0,0,0,164,223,226,253,253,253,253,253,253,253,178,118,21,0,0,0,0,0,0,0,0,0,0,0,0,0,0,0,254,253,253,253,253,253,253,181,148,57,6,0,0,0,0,0,0,0,0,0,0,0,0,0,0,0,0,0,142,202,253,242,141,63,18,6,0,0,0,0,0,0,0,0,0,0,0,0,0,0,0,0,0,0,0,0,0,7,12,11,0,0,0,0,0,0,0,0,0,0,0,0,0,0,0,0,0,0,0,0,0,0,0,0,0,0,0,0,0,0,0,0,0,0,0,0,0,0,0,0,0,0,0,0,0,0,0,0,0,0,0,0,0,0,0,0,0,0,0,0,0,0,0,0,0,0,0,0,0,0,0,0,0,0,0,0,0,0,0,0,0,0,0,0,0,0,0,0,0,0,0,0,0,0,0,0,0,0,0,0,0,0,0,0,0
1,0,0,0,0,0,0,0,0,0,0,0,0,0,0,0,0,0,0,0,0,0,0,0,0,0,0,0,0,0,0,0,0,0,0,0,0,0,0,0,0,0,0,0,0,0,0,0,0,0,0,0,0,0,0,0,0,0,0,0,0,0,0,0,0,0,0,0,0,0,0,0,0,0,0,0,0,0,0,0,0,0,0,0,0,0,0,0,0,0,0,0,0,0,0,0,0,0,0,0,0,0,0,0,0,0,0,0,0,0,0,0,0,0,0,0,0,0,0,0,0,0,0,0,0,0,11,175,238,114,4,0,0,0,0,0,0,0,0,0,0,0,0,0,0,0,0,0,0,0,0,0,0,0,143,253,240,168,14,0,0,0,0,0,0,0,0,0,0,0,0,0,0,0,0,0,0,0,0,0,0,0,169,253,212,0,0,0,0,0,0,0,0,0,0,0,0,0,0,0,0,0,0,0,0,0,0,0,0,15,226,253,212,0,0,0,0,0,0,0,0,0,0,0,0,0,0,0,0,0,0,0,0,0,0,0,0,22,253,253,212,0,0,0,0,0,0,0,0,0,0,0,0,0,0,0,0,0,0,0,0,0,0,0,0,22,254,254,213,0,0,0,0,0,0,0,0,0,0,0,0,0,0,0,0,0,0,0,0,0,0,0,0,22,253,253,212,0,0,0,0,0,0,0,0,0,0,0,0,0,0,0,0,0,0,0,0,0,0,0,0,22,253,253,212,0,0,0,0,0,0,0,0,0,0,0,0,0,0,0,0,0,0,0,0,0,0,0,0,22,253,253,212,0,0,0,0,0,0,0,0,0,0,0,0,0,0,0,0,0,0,0,0,0,0,0,0,22,253,253,212,0,0,0,0,0,0,0,0,0,0,0,0,0,0,0,0,0,0,0,0,0,0,0,0,22,255,254,213,0,0,0,0,0,0,0,0,0,0,0,0,0,0,0,0,0,0,0,0,0,0,0,0,102,253,253,212,0,0,0,0,0,0,0,0,0,0,0,0,0,0,0,0,0,0,0,0,0,0,0,0,128,253,253,212,0,0,0,0,0,0,0,0,0,0,0,0,0,0,0,0,0,0,0,0,0,0,0,0,128,253,253,212,0,0,0,0,0,0,0,0,0,0,0,0,0,0,0,0,0,0,0,0,0,0,0,0,128,253,253,124,0,0,0,0,0,0,0,0,0,0,0,0,0,0,0,0,0,0,0,0,0,0,0,0,128,255,254,107,33,4,0,0,0,0,0,0,0,0,0,0,0,0,0,0,0,0,0,0,0,0,0,0,128,253,253,156,212,21,0,0,0,0,0,0,0,0,0,0,0,0,0,0,0,0,0,0,0,0,0,0,75,253,253,254,211,11,0,0,0,0,0,0,0,0,0,0,0,0,0,0,0,0,0,0,0,0,0,0,22,253,253,244,83,0,0,0,0,0,0,0,0,0,0,0,0,0,0,0,0,0,0,0,0,0,0,0,4,183,253,168,0,0,0,0,0,0,0,0,0,0,0,0,0,0,0,0,0,0,0,0,0,0,0,0,0,0,0,0,0,0,0,0,0,0,0,0,0,0,0,0,0,0,0,0,0,0,0,0,0,0,0,0,0,0,0,0,0,0,0,0,0,0,0,0,0,0,0,0,0,0,0,0,0,0,0,0,0,0,0,0,0,0,0,0,0,0,0,0,0,0,0,0,0,0,0,0,0,0,0,0,0,0,0,0,0,0,0,0,0,0,0,0,0,0,0,0,0,0,0,0,0,0,0,0
3,0,0,0,0,0,0,0,0,0,0,0,0,0,0,0,0,0,0,0,0,0,0,0,0,0,0,0,0,0,0,0,0,0,0,0,0,0,0,0,0,0,0,0,0,0,0,0,0,0,0,0,0,0,0,0,0,0,0,0,0,0,0,0,0,0,0,0,0,0,0,0,0,0,0,0,0,0,0,0,0,0,0,0,0,0,0,0,0,0,0,0,0,0,0,0,0,0,0,0,0,0,0,0,0,0,0,0,0,0,0,0,0,0,0,0,0,0,0,0,0,0,0,0,0,0,0,0,0,0,0,0,0,0,0,0,0,0,0,0,0,0,0,0,0,0,0,0,13,204,253,119,0,0,0,0,0,0,0,0,0,0,0,0,0,0,0,0,0,0,0,0,0,0,0,0,113,253,252,224,169,170,169,169,169,57,57,38,0,0,0,0,0,0,0,0,0,0,0,0,0,0,0,0,25,178,252,252,252,253,252,252,252,253,252,234,197,86,28,0,0,0,0,0,0,0,0,0,0,0,0,0,0,4,28,28,78,140,139,139,139,140,215,252,252,253,209,25,0,0,0,0,0,0,0,0,0,0,0,0,0,0,0,0,0,0,0,0,0,0,0,0,51,255,253,56,0,0,0,0,0,0,0,0,0,0,0,0,0,0,0,0,0,0,0,0,0,0,0,19,107,253,189,19,0,0,0,0,0,0,0,0,0,0,0,0,0,0,0,0,0,0,0,0,0,0,57,191,252,244,56,0,0,0,0,0,0,0,0,0,0,0,0,0,0,0,0,0,0,0,0,0,0,126,243,252,252,75,0,0,0,0,0,0,0,0,0,0,0,0,0,0,0,0,0,0,0,0,7,66,191,254,247,187,63,0,0,0,0,0,0,0,0,0,0,0,0,0,0,0,0,0,0,0,0,57,150,252,252,184,65,0,0,0,0,0,0,0,0,0,0,0,0,0,0,0,0,0,0,0,0,0,0,253,252,252,127,0,0,0,0,0,0,0,0,0,0,0,0,0,0,0,0,0,0,0,0,0,0,0,0,203,252,252,228,101,0,0,0,0,0,0,0,0,0,0,0,0,0,0,0,0,0,0,0,0,0,0,0,0,76,200,238,254,228,44,0,0,0,0,0,0,0,0,0,0,0,0,0,0,0,0,0,0,0,0,0,0,0,0,38,197,234,224,44,0,0,0,0,0,0,0,0,0,0,0,0,0,0,0,0,0,0,0,0,0,0,0,0,0,131,252,228,0,0,0,0,0,0,0,0,0,0,0,0,0,0,0,0,0,0,0,0,0,0,0,0,0,157,252,151,0,0,0,0,0,0,0,0,0,0,0,0,0,0,0,0,0,0,0,0,0,0,10,79,254,253,194,13,0,0,0,0,0,0,0,0,0,0,0,0,0,26,0,0,0,0,0,26,57,131,197,252,253,189,19,0,0,0,0,0,0,0,0,0,0,0,0,0,0,156,197,197,198,197,197,222,253,252,252,214,56,19,0,0,0,0,0,0,0,0,0,0,0,0,0,0,0,94,177,252,253,252,252,252,253,177,103,15,0,0,0,0,0,0,0,0,0,0,0,0,0,0,0,0,0,0,0,0,0,0,0,0,0,0,0,0,0,0,0,0,0,0,0,0,0,0,0,0,0,0,0,0,0,0,0,0,0,0,0,0,0,0,0,0,0,0,0,0,0,0,0,0,0,0,0,0,0,0,0,0,0,0,0,0,0,0,0,0,0,0,0,0,0,0,0,0,0,0,0,0,0,0,0,0
9,0,0,0,0,0,0,0,0,0,0,0,0,0,0,0,0,0,0,0,0,0,0,0,0,0,0,0,0,0,0,0,0,0,0,0,0,0,0,0,0,0,0,0,0,0,0,0,0,0,0,0,0,0,0,0,0,0,0,0,0,0,0,0,0,0,0,0,0,0,0,0,0,0,0,0,0,0,0,0,0,0,0,0,0,0,0,0,0,0,0,0,0,0,0,0,0,0,0,0,0,0,0,0,0,0,0,0,0,0,0,0,0,0,0,0,0,0,0,0,0,0,0,0,0,0,0,0,0,0,0,0,0,0,0,0,0,0,0,0,0,0,0,0,0,0,0,0,0,0,0,0,0,0,0,0,0,0,0,0,0,0,0,0,0,0,0,0,0,0,0,0,0,0,0,0,0,0,0,0,0,0,0,0,0,0,0,0,0,0,0,0,0,0,0,0,0,0,0,0,0,0,0,0,0,255,253,253,253,253,255,253,253,253,124,53,0,0,0,0,0,0,0,0,0,0,0,0,0,0,0,0,105,253,251,251,251,251,253,251,251,251,251,180,0,0,0,0,0,0,0,0,0,0,0,0,0,0,58,217,241,242,215,215,215,86,35,35,221,251,251,180,0,0,0,0,0,0,0,0,0,0,0,0,0,0,217,251,251,103,0,0,0,0,0,0,217,251,251,180,0,0,0,0,0,0,0,0,0,0,0,0,0,0,217,251,251,0,0,0,0,0,0,0,217,251,251,180,0,0,0,0,0,0,0,0,0,0,0,0,0,145,253,253,253,0,0,0,0,0,0,42,228,253,253,182,0,0,0,0,0,0,0,0,0,0,0,0,0,62,231,251,251,105,0,0,0,0,42,206,251,251,251,180,0,0,0,0,0,0,0,0,0,0,0,0,0,0,190,251,251,243,217,217,217,217,228,251,251,251,251,180,0,0,0,0,0,0,0,0,0,0,0,0,0,0,21,142,220,253,251,251,251,251,253,251,251,251,251,212,47,0,0,0,0,0,0,0,0,0,0,0,0,0,0,0,51,124,251,251,251,251,201,71,97,251,251,253,107,0,0,0,0,0,0,0,0,0,0,0,0,0,0,0,0,0,0,156,103,0,0,0,27,212,253,255,149,10,0,0,0,0,0,0,0,0,0,0,0,0,0,0,0,0,0,0,0,0,0,0,0,109,251,253,251,35,0,0,0,0,0,0,0,0,0,0,0,0,0,0,0,0,0,0,0,0,0,0,0,109,251,253,251,35,0,0,0,0,0,0,0,0,0,0,0,0,0,0,0,0,0,0,0,0,0,0,0,109,251,253,251,35,0,0,0,0,0,0,0,0,0,0,0,0,0,0,0,0,0,0,0,0,0,0,0,109,251,253,251,35,0,0,0,0,0,0,0,0,0,0,0,0,0,0,0,0,0,0,0,0,0,0,0,0,182,255,253,35,0,0,0,0,0,0,0,0,0,0,0,0,0,0,0,0,0,0,0,0,0,0,0,63,221,253,251,138,0,0,0,0,0,0,0,0,0,0,0,0,0,0,0,0,0,0,0,0,0,0,0,15,190,253,251,215,0,0,0,0,0,0,0,0,0,0,0,0,0,0,0,0,0,0,0,0,0,0,0,0,180,253,251,215,0,0,0,0,0,0,0,0,0,0,0,0,0,0,0,0,0,0,0,0,0,0,0,0,180,253,251,86,0,0,0,0,0,0,0,0,0,0,0,0,0,0,0,0,0,0,0,0,0,0,0,0,0,0,0,0,0,0,0,0,0,0,0
6,0,0,0,0,0,0,0,0,0,0,0,0,0,0,0,0,0,0,0,0,0,0,0,0,0,0,0,0,0,0,0,0,0,0,0,0,0,0,0,0,0,0,0,0,0,0,0,0,0,0,0,0,0,0,0,0,0,0,0,0,0,0,0,0,0,0,0,0,0,0,0,0,0,0,0,0,0,0,0,0,0,0,0,0,0,0,0,0,0,0,0,0,0,0,0,0,0,5,138,253,86,0,0,0,0,0,0,0,0,0,0,0,0,0,0,0,0,0,0,0,0,0,0,0,5,136,252,252,117,0,0,0,0,0,0,0,0,0,0,0,0,0,0,0,0,0,0,0,0,0,0,0,138,252,252,227,16,0,0,0,0,0,0,0,0,0,0,0,0,0,0,0,0,0,0,0,0,0,0,43,253,252,227,50,0,0,0,0,0,0,0,0,0,0,0,0,0,0,0,0,0,0,0,0,0,0,43,230,253,252,130,0,0,0,0,0,0,0,0,0,0,0,0,0,0,0,0,0,0,0,0,0,0,0,155,253,255,218,32,0,0,0,0,0,0,0,0,0,0,0,0,0,0,0,0,0,0,0,0,0,0,45,236,252,249,75,0,0,0,0,0,0,0,0,0,0,0,0,0,0,0,0,0,0,0,0,0,0,0,153,252,252,115,0,0,0,0,0,0,0,0,0,0,0,0,0,0,0,0,0,0,0,0,0,0,0,17,209,252,252,0,0,0,0,0,0,0,0,0,0,0,38,207,80,0,0,0,0,0,0,0,0,0,0,47,252,252,147,0,0,0,0,0,0,0,32,116,116,0,47,252,160,0,0,0,0,0,0,0,0,0,0,162,253,253,75,0,0,0,0,22,149,253,253,253,253,179,43,230,146,0,0,0,0,0,0,0,0,0,0,140,252,252,43,0,0,13,140,244,253,252,252,252,252,230,0,0,0,0,0,0,0,0,0,0,0,0,0,47,252,252,137,0,45,172,252,252,253,187,69,167,252,230,0,0,0,0,0,0,0,0,0,0,0,0,0,30,227,252,232,104,236,252,252,252,140,34,124,244,252,135,0,0,0,0,0,0,0,0,0,0,0,0,0,0,184,252,252,253,252,252,252,252,241,234,252,252,200,11,0,0,0,0,0,0,0,0,0,0,0,0,0,0,132,253,253,255,253,253,253,253,255,253,253,253,128,0,0,0,0,0,0,0,0,0,0,0,0,0,0,0,184,252,252,253,252,252,252,252,253,223,206,112,8,0,0,0,0,0,0,0,0,0,0,0,0,0,0,34,234,252,252,122,69,100,183,79,69,25,0,0,0,0,0,0,0,0,0,0,0,0,0,0,0,0,0,140,252,252,168,0,0,0,0,0,0,0,0,0,0,0,0,0,0,0,0,0,0,0,0,0,0,0,0,57,252,116,2,0,0,0,0,0,0,0,0,0,0,0,0,0,0,0,0,0,0,0,0,0,0,0,0,0,0,0,0,0,0,0,0,0,0,0,0,0,0,0,0,0,0,0,0,0,0,0,0,0,0,0,0,0,0,0,0,0,0,0,0,0,0,0,0,0,0,0,0,0,0,0,0,0,0,0,0,0,0,0,0,0,0,0,0,0,0,0,0,0,0,0,0,0,0,0,0,0,0,0,0,0,0,0,0,0,0,0,0,0,0,0,0,0,0,0,0,0,0,0,0,0,0,0,0,0,0,0,0,0,0,0,0,0,0,0,0,0,0,0,0,0,0,0,0,0,0,0,0,0,0,0,0,0,0,0,0
4,0,0,0,0,0,0,0,0,0,0,0,0,0,0,0,0,0,0,0,0,0,0,0,0,0,0,0,0,0,0,0,0,0,0,0,0,0,0,0,0,0,0,0,0,0,0,0,0,0,0,0,0,0,0,0,0,0,0,0,0,0,0,0,0,0,0,0,0,0,0,0,0,0,0,0,0,0,0,0,0,0,0,0,0,0,0,0,0,0,0,0,0,0,0,0,0,0,0,0,0,0,0,0,0,0,0,0,0,0,0,0,0,0,0,0,0,0,0,0,0,0,0,0,0,0,0,0,0,0,0,55,237,223,6,0,0,0,0,0,0,0,0,0,0,0,0,0,0,0,0,0,0,0,0,0,0,0,0,225,254,129,1,0,0,0,0,0,0,0,0,0,0,0,0,0,0,0,0,0,0,0,0,0,0,0,98,250,253,72,0,0,0,0,0,0,0,0,0,0,0,0,0,0,0,0,0,0,0,0,0,0,0,7,226,254,235,0,0,0,0,0,0,0,0,0,0,0,0,0,0,0,0,0,0,0,0,0,0,0,0,10,254,254,147,0,0,0,0,0,0,0,0,0,0,0,0,0,0,0,0,0,0,0,0,0,0,0,0,17,254,254,64,0,0,0,0,0,0,0,0,0,0,0,0,0,0,0,0,16,162,53,0,0,0,0,0,104,254,254,47,0,0,0,0,0,0,0,0,0,0,0,0,0,0,0,17,233,254,75,0,0,0,0,0,125,254,225,19,0,0,0,0,0,0,0,0,0,0,0,0,0,0,2,130,254,244,39,0,0,0,0,33,245,254,196,0,0,0,0,0,0,0,0,0,0,0,0,0,0,0,10,254,254,200,0,0,0,0,0,108,254,254,43,0,0,0,0,0,0,0,0,0,0,0,0,0,0,10,178,254,254,47,0,0,0,0,0,132,254,254,19,0,0,0,0,0,0,0,0,0,0,0,0,0,0,38,254,254,218,43,105,132,132,132,132,230,254,254,54,7,0,0,0,0,0,0,0,0,0,0,0,0,0,38,254,254,254,254,254,254,254,254,254,254,254,254,254,208,131,43,0,0,0,0,0,0,0,0,0,0,0,27,206,178,220,225,254,254,189,206,254,254,254,254,254,254,254,204,25,0,0,0,0,0,0,0,0,0,0,0,7,0,11,12,18,18,3,7,184,254,248,85,36,120,206,185,17,0,0,0,0,0,0,0,0,0,0,0,0,0,0,0,0,0,0,0,254,254,237,0,0,0,0,0,0,0,0,0,0,0,0,0,0,0,0,0,0,0,0,0,0,0,0,67,255,254,150,0,0,0,0,0,0,0,0,0,0,0,0,0,0,0,0,0,0,0,0,0,0,0,0,95,254,254,94,0,0,0,0,0,0,0,0,0,0,0,0,0,0,0,0,0,0,0,0,0,0,0,0,95,254,235,29,0,0,0,0,0,0,0,0,0,0,0,0,0,0,0,0,0,0,0,0,0,0,0,0,60,254,216,0,0,0,0,0,0,0,0,0,0,0,0,0,0,0,0,0,0,0,0,0,0,0,0,0,0,0,0,0,0,0,0,0,0,0,0,0,0,0,0,0,0,0,0,0,0,0,0,0,0,0,0,0,0,0,0,0,0,0,0,0,0,0,0,0,0,0,0,0,0,0,0,0,0,0,0,0,0,0,0,0,0,0,0,0,0,0,0,0,0,0,0,0,0,0,0,0,0,0,0,0,0,0,0,0,0,0,0,0,0,0,0,0,0,0,0,0,0,0,0,0,0,0,0
5,0,0,0,0,0,0,0,0,0,0,0,0,0,0,0,0,0,0,0,0,0,0,0,0,0,0,0,0,0,0,0,0,0,0,0,0,0,0,0,0,0,0,0,0,0,0,0,0,0,0,0,0,0,0,0,0,0,0,0,0,0,0,0,0,0,0,0,0,0,0,0,0,0,0,0,0,0,0,0,0,0,0,0,0,0,0,0,0,0,0,0,0,0,0,0,0,0,0,0,0,0,0,0,0,0,0,0,0,0,0,0,0,0,0,0,0,0,0,0,0,0,0,0,0,0,0,0,0,0,0,19,66,141,255,253,253,153,0,0,0,0,0,0,0,0,0,0,0,0,0,0,0,0,0,0,19,107,169,225,252,252,253,252,252,177,0,0,0,0,0,0,0,0,0,0,0,0,0,0,0,76,98,197,215,252,253,252,252,252,168,93,143,43,0,0,0,0,0,0,0,0,0,0,0,51,226,225,225,249,253,252,252,252,253,177,139,40,0,0,0,0,0,0,0,0,0,0,0,0,0,0,48,241,255,253,244,225,226,150,113,63,0,0,0,0,0,0,0,0,0,0,0,0,0,0,0,0,0,0,66,221,253,252,93,0,0,0,0,0,0,0,0,0,0,0,0,0,0,0,0,0,0,0,0,0,0,0,0,113,253,252,56,0,0,0,0,0,0,0,0,0,0,0,0,0,0,0,0,0,0,0,0,0,0,0,0,113,253,252,56,0,0,0,0,0,0,0,0,0,0,0,0,0,0,0,0,0,0,0,0,0,0,0,10,179,254,253,253,253,254,178,141,91,0,0,0,0,0,0,0,0,0,0,0,0,0,0,0,0,0,0,85,252,253,252,252,252,253,252,252,252,157,19,0,0,0,0,0,0,0,0,0,0,0,0,0,0,0,0,172,252,253,196,130,56,69,168,234,252,253,215,81,0,0,0,0,0,0,0,0,0,0,0,0,0,0,0,197,252,228,9,0,0,0,0,22,78,253,252,205,13,0,0,0,0,0,0,0,0,0,0,0,0,0,0,38,113,0,0,0,0,0,0,0,0,126,244,253,153,0,0,0,0,0,0,0,0,0,0,0,0,0,0,0,0,0,0,0,0,0,0,0,0,0,169,252,252,0,0,0,0,0,0,0,0,0,0,0,0,86,28,0,0,0,0,0,0,0,0,0,0,0,169,252,252,0,0,0,0,0,0,0,0,0,0,0,0,253,159,25,0,0,0,0,0,0,0,0,0,63,206,252,202,0,0,0,0,0,0,0,0,0,0,0,0,179,253,216,91,0,0,0,0,0,0,23,179,254,253,244,75,0,0,0,0,0,0,0,0,0,0,0,0,22,234,252,252,169,169,82,57,169,169,234,252,253,240,130,0,0,0,0,0,0,0,0,0,0,0,0,0,0,38,171,252,253,252,252,252,253,252,252,252,156,43,0,0,0,0,0,0,0,0,0,0,0,0,0,0,0,0,10,28,140,165,252,252,241,139,103,28,0,0,0,0,0,0,0,0,0,0,0,0,0,0,0,0,0,0,0,0,0,0,0,0,0,0,0,0,0,0,0,0,0,0,0,0,0,0,0,0,0,0,0,0,0,0,0,0,0,0,0,0,0,0,0,0,0,0,0,0,0,0,0,0,0,0,0,0,0,0,0,0,0,0,0,0,0,0,0,0,0,0,0,0,0,0,0,0,0,0,0,0,0,0,0,0,0,0,0,0,0,0,0,0,0,0,0,0,0,0,0,0,0,0,0,0,0,0,0,0,0,0,0
3,0,0,0,0,0,0,0,0,0,0,0,0,0,0,0,0,0,0,0,0,0,0,0,0,0,0,0,0,0,0,0,0,0,0,0,0,0,0,0,0,0,0,0,0,0,0,0,0,0,0,0,0,0,0,0,0,0,0,0,0,0,0,0,0,0,0,0,0,0,0,0,0,0,0,0,0,0,0,0,0,0,0,0,0,0,0,0,0,0,0,0,0,0,0,0,0,0,0,0,0,0,0,0,0,0,0,0,0,0,0,0,0,0,0,0,0,0,0,0,0,0,0,0,0,0,43,78,156,253,253,254,253,147,14,0,0,0,0,0,0,0,0,0,0,0,0,0,0,0,0,8,112,190,253,252,252,252,252,253,252,252,163,0,0,0,0,0,0,0,0,0,0,0,0,0,0,0,0,11,196,249,250,231,231,205,126,144,247,252,247,38,0,0,0,0,0,0,0,0,0,0,0,0,0,0,0,0,0,70,70,0,0,0,0,0,190,252,252,42,0,0,0,0,0,0,0,0,0,0,0,0,0,0,0,0,0,0,0,0,0,0,0,80,242,252,226,24,0,0,0,0,0,0,0,0,0,0,0,0,0,0,0,0,0,0,0,0,0,0,80,254,253,241,35,0,0,0,0,0,0,0,0,0,0,0,0,0,0,0,0,0,0,0,0,0,0,84,242,253,252,117,0,0,0,0,0,0,0,0,0,0,0,0,0,0,0,0,0,0,0,0,13,101,135,246,252,241,117,2,0,0,0,0,0,0,0,0,0,0,0,0,0,0,0,0,0,0,0,98,218,252,252,252,252,106,0,0,0,0,0,0,0,0,0,0,0,0,0,0,0,0,0,0,0,0,98,246,253,252,252,252,252,150,0,0,0,0,0,0,0,0,0,0,0,0,0,0,0,0,0,0,0,22,253,253,255,253,232,239,253,237,37,0,0,0,0,0,0,0,0,0,0,0,0,0,0,0,0,0,0,15,224,252,253,153,32,90,252,253,142,0,0,0,0,0,0,0,0,0,0,0,0,0,0,0,0,0,0,0,14,109,65,5,0,64,252,253,168,0,0,0,0,0,0,0,0,0,0,0,38,108,6,0,0,0,0,0,0,0,0,0,0,64,252,253,168,0,0,0,0,0,0,0,0,0,0,0,148,252,109,0,0,0,0,0,0,0,0,0,0,108,252,236,54,0,0,0,0,0,0,0,0,0,0,0,131,253,236,32,0,0,0,0,0,0,0,0,13,218,253,194,0,0,0,0,0,0,0,0,0,0,0,0,11,98,246,237,190,129,57,0,0,0,0,0,136,252,252,106,0,0,0,0,0,0,0,0,0,0,0,0,0,0,127,252,252,253,246,135,127,127,128,162,251,252,235,9,0,0,0,0,0,0,0,0,0,0,0,0,0,0,7,111,189,253,252,252,252,252,253,252,252,252,42,0,0,0,0,0,0,0,0,0,0,0,0,0,0,0,0,0,0,42,77,147,147,191,253,252,252,155,7,0,0,0,0,0,0,0,0,0,0,0,0,0,0,0,0,0,0,0,0,0,0,0,0,0,0,0,0,0,0,0,0,0,0,0,0,0,0,0,0,0,0,0,0,0,0,0,0,0,0,0,0,0,0,0,0,0,0,0,0,0,0,0,0,0,0,0,0,0,0,0,0,0,0,0,0,0,0,0,0,0,0,0,0,0,0,0,0,0,0,0,0,0,0,0,0,0,0,0,0,0,0,0,0,0,0,0,0,0,0,0,0,0,0,0,0,0,0,0,0,0,0
9,0,0,0,0,0,0,0,0,0,0,0,0,0,0,0,0,0,0,0,0,0,0,0,0,0,0,0,0,0,0,0,0,0,0,0,0,0,0,0,0,0,0,0,0,0,0,0,0,0,0,0,0,0,0,0,0,0,0,0,0,0,0,0,0,0,0,0,0,0,0,0,0,0,0,0,0,0,0,0,0,0,0,0,0,0,0,0,0,0,0,0,0,0,0,0,0,0,0,0,0,0,0,0,0,0,0,0,0,0,0,0,0,0,0,0,0,0,0,0,0,0,0,0,0,0,0,0,0,0,0,0,0,0,0,0,0,0,0,0,0,0,0,0,0,0,0,0,0,0,0,0,0,0,0,0,0,0,0,0,0,0,0,0,0,0,0,0,0,0,0,0,0,0,0,0,0,0,0,0,0,128,128,0,0,0,0,0,0,0,0,0,0,0,0,0,0,0,0,0,0,0,0,0,0,0,128,255,255,255,255,191,0,0,0,0,0,0,0,0,0,0,0,0,0,0,0,0,0,0,0,0,0,191,255,255,255,191,128,64,0,0,0,0,0,0,0,0,0,0,0,0,0,0,0,0,0,0,0,0,191,255,255,191,64,0,0,0,0,0,0,0,128,128,0,0,0,0,0,0,0,0,0,0,0,0,0,255,255,255,128,0,0,0,0,0,0,64,191,255,255,255,191,0,0,0,0,0,0,0,0,0,0,64,255,255,255,128,0,0,0,0,0,64,255,255,255,255,255,255,255,64,0,0,0,0,0,0,0,0,0,128,255,255,128,0,0,0,0,0,191,255,255,255,191,128,128,255,255,128,0,0,0,0,0,0,0,0,0,191,255,191,0,0,0,64,128,255,255,255,191,64,0,0,128,255,255,128,0,0,0,0,0,0,0,0,0,255,255,128,0,0,128,255,255,255,191,64,0,0,0,0,128,255,255,64,0,0,0,0,0,0,0,0,0,255,255,255,255,255,255,255,255,128,0,0,0,0,0,0,128,255,255,0,0,0,0,0,0,0,0,0,0,64,255,255,255,255,191,64,0,0,0,0,0,0,0,0,128,255,255,0,0,0,0,0,0,0,0,0,0,0,0,128,64,0,0,0,0,0,0,0,0,0,0,0,128,255,255,0,0,0,0,0,0,0,0,0,0,0,0,0,0,0,0,0,0,0,0,0,0,0,0,0,255,255,191,0,0,0,0,0,0,0,0,0,0,0,0,0,0,0,0,0,0,0,0,0,0,0,0,0,255,255,128,0,0,0,0,0,0,0,0,0,0,0,0,0,0,0,0,0,0,0,0,0,0,0,0,0,128,255,128,0,0,0,0,0,0,0,0,0,0,0,0,0,0,0,0,0,0,0,0,0,0,0,0,0,128,255,128,64,128,0,0,0,0,0,0,0,0,0,0,0,0,0,0,0,0,0,0,0,0,0,0,0,191,255,191,255,255,0,0,0,0,0,0,0,0,0,0,0,0,0,0,0,0,0,0,0,0,0,0,0,191,255,255,255,64,0,0,0,0,0,0,0,0,0,0,0,0,0,0,0,0,0,0,0,0,0,0,0,128,255,255,128,0,0,0,0,0,0,0,0,0,0,0,0,0,0,0,0,0,0,0,0,0,0,0,0,64,128,64,0,0,0,0,0,0,0,0,0,0,0,0,0,0,0,0,0,0,0,0,0,0,0,0,0,0,0,0,0,0,0,0,0,0,0,0,0,0,0,0,0,0,0,0,0,0,0,0,0,0,0,0,0,0,0,0,0,0,0,0,0,0
5,0,0,0,0,0,0,0,0,0,0,0,0,0,0,0,0,0,0,0,0,0,0,0,0,0,0,0,0,0,0,0,0,0,0,0,0,0,0,0,0,0,0,0,0,0,0,0,0,0,0,0,0,0,0,0,0,0,0,0,0,0,0,0,0,0,0,0,0,0,0,0,0,0,0,0,0,0,0,0,0,0,0,0,0,0,0,0,0,0,0,0,0,0,0,0,0,0,0,0,0,0,0,0,0,0,0,0,0,0,0,0,0,0,0,0,0,0,0,0,0,0,0,0,0,0,0,0,0,0,0,0,0,0,0,0,0,0,0,0,0,0,0,0,0,0,0,0,0,0,0,0,0,0,0,0,0,0,0,0,0,0,0,0,0,0,0,0,0,0,0,0,0,0,0,0,0,0,0,0,0,0,22,116,116,24,24,24,24,24,74,116,82,0,0,0,0,0,0,0,0,0,0,0,0,0,0,0,0,0,147,253,253,254,253,253,253,254,253,253,253,0,0,0,0,0,0,0,0,0,0,0,0,0,0,0,0,95,254,247,184,185,197,254,203,185,184,142,59,0,0,0,0,0,0,0,0,0,0,0,0,0,0,0,68,245,253,162,0,0,5,23,6,0,0,0,0,0,0,0,0,0,0,0,0,0,0,0,0,0,0,62,240,254,164,9,0,0,0,0,0,0,0,0,0,0,0,0,0,0,0,0,0,0,0,0,0,0,17,199,253,203,6,0,0,0,0,0,0,0,0,0,0,0,0,0,0,0,0,0,0,0,0,0,0,0,164,254,254,195,161,161,95,51,0,0,0,0,0,0,0,0,0,0,0,0,0,0,0,0,0,0,0,0,214,253,253,254,253,253,253,248,180,25,0,0,0,0,0,0,0,0,0,0,0,0,0,0,0,0,0,0,76,137,137,138,121,54,137,203,253,163,0,0,0,0,0,0,0,0,0,0,0,0,0,0,0,0,0,0,0,0,0,0,0,0,0,19,236,246,50,0,0,0,0,0,0,0,0,0,0,0,0,0,0,0,0,0,0,0,0,0,0,0,0,0,231,254,69,0,0,0,0,0,0,0,0,0,0,0,0,0,0,0,0,0,0,0,0,0,0,0,0,130,251,240,31,0,0,0,0,0,0,0,0,0,0,0,0,83,116,74,15,0,0,0,0,0,0,28,149,254,253,113,0,0,0,0,0,0,0,0,0,0,0,0,0,254,253,253,228,185,134,93,93,185,184,240,253,254,151,13,0,0,0,0,0,0,0,0,0,0,0,0,0,93,176,184,210,255,254,254,254,254,254,254,203,93,9,0,0,0,0,0,0,0,0,0,0,0,0,0,0,0,0,0,9,23,73,115,115,115,31,23,6,0,0,0,0,0,0,0,0,0,0,0,0,0,0,0,0,0,0,0,0,0,0,0,0,0,0,0,0,0,0,0,0,0,0,0,0,0,0,0,0,0,0,0,0,0,0,0,0,0,0,0,0,0,0,0,0,0,0,0,0,0,0,0,0,0,0,0,0,0,0,0,0,0,0,0,0,0,0,0,0,0,0,0,0,0,0,0,0,0,0,0,0,0,0,0,0,0,0,0,0,0,0,0,0,0,0,0,0,0,0,0,0,0,0,0,0,0,0,0,0,0,0,0,0,0,0,0,0,0,0,0,0,0,0,0,0,0,0,0,0,0,0,0,0,0,0,0,0,0,0,0,0,0,0,0,0,0,0,0,0,0,0,0,0,0,0,0,0,0,0,0,0,0,0,0,0,0,0,0,0
2,0,0,0,0,0,0,0,0,0,0,0,0,0,0,0,0,0,0,0,0,0,0,0,0,0,0,0,0,0,0,0,0,0,0,0,0,0,0,0,0,0,0,0,0,0,0,0,0,0,0,0,0,0,0,0,0,0,0,0,0,0,0,0,0,0,0,0,0,0,0,0,0,0,0,0,0,0,0,0,0,0,0,0,0,0,0,0,0,0,0,0,0,0,0,0,0,0,0,0,0,0,0,0,0,0,0,0,0,0,0,0,0,0,0,0,0,0,0,0,0,0,0,0,0,0,0,0,0,0,0,0,0,0,0,0,0,0,0,0,0,0,0,0,0,0,0,0,0,0,0,0,0,0,0,0,0,0,0,0,0,0,0,0,0,0,0,0,0,0,0,0,0,0,0,0,0,0,0,0,0,0,0,0,0,0,0,0,0,0,0,0,0,0,0,0,0,0,0,0,0,0,0,0,0,0,0,0,0,0,0,0,0,0,0,0,0,0,0,0,0,0,0,0,0,0,0,0,0,0,0,0,0,34,226,229,187,140,58,0,0,0,0,0,0,0,0,0,0,0,0,0,0,0,0,0,0,0,0,0,0,21,205,235,211,251,247,28,0,0,0,0,0,0,0,0,0,0,0,0,0,0,0,0,0,0,0,0,0,0,0,10,8,208,248,31,0,0,0,0,0,0,0,0,0,0,0,0,0,0,0,0,0,0,0,0,0,0,0,3,156,254,157,0,0,0,0,0,0,0,0,0,0,0,0,0,0,0,0,0,0,0,0,0,0,0,0,162,254,197,8,0,0,0,0,0,0,0,0,0,0,0,0,0,0,0,0,0,0,0,0,0,0,0,86,250,221,31,0,0,0,0,0,0,0,0,0,0,0,0,0,0,0,0,0,0,0,0,0,0,0,72,252,221,30,0,0,0,0,0,0,0,0,0,0,16,51,59,58,0,0,0,0,0,0,0,0,0,28,231,245,35,0,0,0,0,0,0,0,65,163,244,249,250,254,254,254,164,0,0,0,0,0,0,0,0,166,254,73,0,0,0,0,15,82,161,243,254,223,165,119,79,79,79,97,110,0,0,0,0,0,0,0,0,250,254,118,50,105,105,165,241,254,224,135,55,6,0,0,0,0,0,0,0,0,0,0,0,0,0,0,0,122,254,254,254,254,254,222,136,39,6,0,0,0,0,0,0,0,0,0,0,0,0,0,0,0,0,0,0,0,62,143,163,122,41,5,0,0,0,0,0,0,0,0,0,0,0,0,0,0,0,0,0,0,0,0,0,0,0,0,0,0,0,0,0,0,0,0,0,0,0,0,0,0,0,0,0,0,0,0,0,0,0,0,0,0,0,0,0,0,0,0,0,0,0,0,0,0,0,0,0,0,0,0,0,0,0,0,0,0,0,0,0,0,0,0,0,0,0,0,0,0,0,0,0,0,0,0,0,0,0,0,0,0,0,0,0,0,0,0,0,0,0,0,0,0,0,0,0,0,0,0,0,0,0,0,0,0,0,0,0,0,0,0,0,0,0,0,0,0,0,0,0,0,0,0,0,0,0,0,0,0,0,0,0,0,0,0,0,0,0,0,0,0,0,0,0,0,0,0,0,0,0,0,0,0,0,0,0,0,0,0,0,0,0,0,0,0,0,0,0,0,0,0,0,0,0,0,0,0,0,0,0,0,0,0,0,0,0,0,0,0,0,0,0,0,0,0,0,0,0,0,0,0,0,0,0,0,0,0,0,0,0,0,0,0,0,0,0,0,0,0,0,0
9,0,0,0,0,0,0,0,0,0,0,0,0,0,0,0,0,0,0,0,0,0,0,0,0,0,0,0,0,0,0,0,0,0,0,0,0,0,0,0,0,0,0,0,0,0,0,0,0,0,0,0,0,0,0,0,0,0,0,0,0,0,0,0,0,0,0,0,0,0,0,0,0,0,0,0,0,0,0,0,0,0,0,0,0,0,0,0,0,0,0,0,0,0,0,0,0,0,0,0,0,0,0,0,0,0,0,0,0,0,0,0,0,0,0,0,0,0,0,0,0,0,0,0,0,0,0,0,0,0,0,0,0,0,0,0,0,0,0,0,0,0,0,0,0,0,0,0,0,0,0,0,0,123,212,254,254,255,226,59,0,0,0,0,0,0,0,0,0,0,0,0,0,0,0,0,0,0,0,44,207,253,254,224,191,214,254,250,97,0,0,0,0,0,0,0,0,0,0,0,0,0,0,0,0,0,40,217,254,254,163,30,0,10,55,200,229,37,0,0,0,0,0,0,0,0,0,0,0,0,0,0,0,24,220,254,244,83,5,0,0,0,0,72,251,199,0,0,0,0,0,0,0,0,0,0,0,0,0,0,4,187,254,246,104,0,0,0,0,0,0,0,232,213,0,0,0,0,0,0,0,0,0,0,0,0,0,0,71,254,253,101,0,0,0,0,0,0,0,53,248,213,0,0,0,0,0,0,0,0,0,0,0,0,0,0,186,254,215,0,0,0,0,0,0,0,0,218,254,183,0,0,0,0,0,0,0,0,0,0,0,0,0,14,225,254,99,0,0,0,0,0,0,0,80,253,254,68,0,0,0,0,0,0,0,0,0,0,0,0,0,50,254,254,67,0,0,0,0,0,0,0,102,254,241,27,0,0,0,0,0,0,0,0,0,0,0,0,0,50,254,254,67,0,0,0,0,0,0,67,244,254,200,0,0,0,0,0,0,0,0,0,0,0,0,0,0,44,249,254,152,10,0,0,0,15,107,241,254,254,116,0,0,0,0,0,0,0,0,0,0,0,0,0,0,0,170,254,254,214,109,108,154,224,254,254,254,225,13,0,0,0,0,0,0,0,0,0,0,0,0,0,0,0,10,181,254,254,254,254,254,254,250,254,254,187,0,0,0,0,0,0,0,0,0,0,0,0,0,0,0,0,0,8,88,173,173,230,173,131,97,254,254,99,0,0,0,0,0,0,0,0,0,0,0,0,0,0,0,0,0,0,0,0,0,6,0,9,146,254,204,4,0,0,0,0,0,0,0,0,0,0,0,0,0,0,0,0,0,0,0,0,0,0,0,82,254,254,154,0,0,0,0,0,0,0,0,0,0,0,0,0,0,0,0,0,0,0,0,0,0,0,0,121,254,250,12,0,0,0,0,0,0,0,0,0,0,0,0,0,0,0,0,0,0,0,0,0,0,0,0,90,254,253,205,182,10,0,0,0,0,0,0,0,0,0,0,0,0,0,0,0,0,0,0,0,0,0,0,117,254,254,254,226,13,0,0,0,0,0,0,0,0,0,0,0,0,0,0,0,0,0,0,0,0,0,0,21,202,254,225,90,0,0,0,0,0,0,0,0,0,0,0,0,0,0,0,0,0,0,0,0,0,0,0,0,0,0,0,0,0,0,0,0,0,0,0,0,0,0,0,0,0,0,0,0,0,0,0,0,0,0,0,0,0,0,0,0,0,0,0,0,0,0,0,0,0,0,0,0,0,0,0,0,0,0,0,0,0,0,0,0,0,0,0,0,0,0,0,0,0,0,0,0,0
9,0,0,0,0,0,0,0,0,0,0,0,0,0,0,0,0,0,0,0,0,0,0,0,0,0,0,0,0,0,0,0,0,0,0,0,0,0,0,0,0,0,0,0,0,0,0,0,0,0,0,0,0,0,0,0,0,0,0,0,0,0,0,0,0,0,0,0,0,0,0,0,0,0,0,0,0,0,0,0,0,0,0,0,0,0,0,0,0,0,0,0,0,0,0,0,0,0,0,0,0,0,0,0,0,0,0,0,0,0,0,0,0,0,0,0,0,0,0,0,0,0,0,0,0,0,0,0,0,0,0,0,0,0,0,0,0,0,0,0,0,0,0,0,0,0,0,0,0,0,0,0,0,0,0,1,82,191,133,38,0,0,0,0,0,0,0,0,0,0,0,0,0,0,0,0,0,0,0,0,0,11,83,151,251,229,206,31,0,0,0,0,0,0,0,0,0,0,0,0,0,0,0,0,0,0,0,0,14,188,253,253,138,0,0,0,0,0,0,0,0,0,0,0,0,0,0,0,0,0,0,0,0,0,0,0,121,253,253,138,0,0,0,0,0,0,0,0,0,0,0,0,0,0,0,0,0,0,0,0,0,0,0,91,243,253,137,0,0,0,12,18,0,0,0,0,0,0,0,0,0,0,0,0,0,0,0,0,0,0,91,242,253,135,3,0,0,28,205,182,18,0,0,0,0,0,0,0,0,0,0,0,0,0,0,0,0,21,214,253,134,5,0,0,9,110,253,253,60,0,0,0,0,0,0,0,0,0,0,0,0,0,0,0,0,165,253,134,5,0,0,0,71,253,253,253,60,0,0,0,0,0,0,0,0,0,0,0,0,0,0,0,21,212,187,5,0,0,0,6,192,220,177,253,169,0,0,0,0,0,0,0,0,0,0,0,0,0,0,0,49,253,180,0,0,0,59,244,230,27,210,253,65,0,0,0,0,0,0,0,0,0,0,0,0,0,0,0,47,251,220,133,133,185,254,249,104,37,255,254,124,0,0,0,0,0,0,0,0,0,0,0,0,0,0,0,0,164,248,253,253,253,242,52,0,19,213,253,112,0,0,0,0,0,0,0,0,0,0,0,0,0,0,0,0,0,74,96,96,96,51,0,0,14,201,253,60,0,0,0,0,0,0,0,0,0,0,0,0,0,0,0,0,0,0,0,0,0,0,0,0,0,170,242,49,0,0,0,0,0,0,0,0,0,0,0,0,0,0,0,0,0,0,0,0,0,0,0,0,27,230,193,0,0,0,0,0,0,0,0,0,0,0,0,0,0,0,0,0,0,0,0,0,0,0,0,0,37,253,193,0,0,0,0,0,0,0,0,0,0,0,0,0,0,0,0,0,0,0,0,0,0,0,0,0,37,253,134,0,0,0,0,0,0,0,0,0,0,0,0,0,0,0,0,0,0,0,0,0,0,0,0,0,19,213,193,0,0,0,0,0,0,0,0,0,0,0,0,0,0,0,0,0,0,0,0,0,0,0,0,0,37,253,83,0,0,0,0,0,0,0,0,0,0,0,0,0,0,0,0,0,0,0,0,0,0,0,0,0,37,253,72,0,0,0,0,0,0,0,0,0,0,0,0,0,0,0,0,0,0,0,0,0,0,0,0,0,0,0,0,0,0,0,0,0,0,0,0,0,0,0,0,0,0,0,0,0,0,0,0,0,0,0,0,0,0,0,0,0,0,0,0,0,0,0,0,0,0,0,0,0,0,0,0,0,0,0,0,0,0,0,0,0,0,0,0,0,0,0,0,0,0,0,0,0
4,0,0,0,0,0,0,0,0,0,0,0,0,0,0,0,0,0,0,0,0,0,0,0,0,0,0,0,0,0,0,0,0,0,0,0,0,0,0,0,0,0,0,0,0,0,0,0,0,0,0,0,0,0,0,0,0,0,0,0,0,0,0,0,0,0,0,0,0,0,0,0,0,0,0,0,0,0,0,0,0,0,0,0,0,0,0,0,0,0,0,0,0,0,0,0,0,0,0,0,0,0,0,0,0,0,0,0,0,0,0,0,0,0,0,0,0,0,0,0,0,0,0,0,0,126,176,0,0,0,0,0,0,0,0,0,0,0,0,0,0,0,0,0,0,0,0,0,0,0,0,0,0,225,225,0,0,0,0,0,0,0,0,0,0,0,0,0,0,0,0,0,0,0,0,0,0,0,0,0,29,234,187,0,0,0,0,0,0,0,0,0,0,0,0,0,0,0,0,0,0,0,0,0,0,0,0,0,134,252,63,0,0,0,0,0,0,0,0,0,0,0,0,0,0,0,0,0,0,0,0,0,0,0,0,70,253,241,0,0,0,0,0,0,0,0,0,0,0,0,0,0,0,0,0,0,0,0,0,0,0,0,7,187,233,59,0,0,0,0,0,114,169,94,0,0,0,0,0,0,0,0,0,0,0,0,0,0,0,0,154,252,130,0,0,0,0,0,23,234,224,94,0,0,0,0,0,0,0,0,0,0,0,0,0,0,0,51,253,227,31,0,0,0,0,0,179,252,118,0,0,0,0,0,0,0,0,0,0,0,0,0,0,0,10,179,251,75,0,0,0,0,0,0,254,222,25,0,0,0,0,0,0,0,0,0,0,0,0,0,0,0,85,252,125,0,0,0,0,0,0,76,253,121,0,0,0,0,0,0,0,0,0,0,0,0,0,0,0,0,85,252,0,0,0,0,0,0,0,200,253,84,0,76,85,28,0,0,0,0,0,0,0,0,0,0,0,0,85,252,0,0,0,0,0,0,76,249,253,234,225,249,128,9,0,0,0,0,0,0,0,0,0,0,0,0,76,238,255,178,141,141,141,216,253,253,239,200,113,13,0,0,0,0,0,0,0,0,0,0,0,0,0,0,0,38,197,196,196,196,197,208,252,252,38,0,0,0,0,0,0,0,0,0,0,0,0,0,0,0,0,0,0,0,0,0,0,0,0,57,252,164,0,0,0,0,0,0,0,0,0,0,0,0,0,0,0,0,0,0,0,0,0,0,0,0,0,157,252,40,0,0,0,0,0,0,0,0,0,0,0,0,0,0,0,0,0,0,0,0,0,0,0,0,0,170,168,0,0,0,0,0,0,0,0,0,0,0,0,0,0,0,0,0,0,0,0,0,0,0,0,0,0,169,168,0,0,0,0,0,0,0,0,0,0,0,0,0,0,0,0,0,0,0,0,0,0,0,0,0,0,169,130,0,0,0,0,0,0,0,0,0,0,0,0,0,0,0,0,0,0,0,0,0,0,0,0,0,0,119,56,0,0,0,0,0,0,0,0,0,0,0,0,0,0,0,0,0,0,0,0,0,0,0,0,0,0,0,0,0,0,0,0,0,0,0,0,0,0,0,0,0,0,0,0,0,0,0,0,0,0,0,0,0,0,0,0,0,0,0,0,0,0,0,0,0,0,0,0,0,0,0,0,0,0,0,0,0,0,0,0,0,0,0,0,0,0,0,0,0,0,0,0,0,0,0,0,0,0,0,0,0,0,0,0,0,0,0,0,0,0,0,0,0,0,0,0,0,0,0,0,0,0,0,0
9,0,0,0,0,0,0,0,0,0,0,0,0,0,0,0,0,0,0,0,0,0,0,0,0,0,0,0,0,0,0,0,0,0,0,0,0,0,0,0,0,0,0,0,0,0,0,0,0,0,0,0,0,0,0,0,0,0,0,0,0,0,0,0,0,0,0,0,0,0,0,0,0,0,0,0,0,0,0,0,0,0,0,0,0,0,0,0,0,0,0,0,0,0,0,0,0,0,0,0,0,0,0,0,0,0,0,0,0,0,0,0,0,0,0,0,0,0,0,0,0,0,0,0,0,0,0,0,0,0,0,0,0,0,0,0,0,0,0,0,0,0,0,0,0,0,0,0,0,0,0,0,0,0,0,0,0,0,0,0,0,0,0,0,0,0,0,0,0,0,0,0,0,0,0,0,0,0,0,100,229,254,186,38,0,0,0,0,0,0,0,0,0,0,0,0,0,0,0,0,0,0,0,0,0,0,110,249,253,254,253,234,105,0,0,0,0,0,0,0,0,0,0,0,0,0,0,0,0,0,0,0,0,100,249,253,244,205,154,249,253,51,0,0,0,0,0,0,0,0,0,0,0,0,0,0,0,0,0,0,0,195,253,244,69,0,0,107,253,235,17,0,0,0,0,0,0,0,0,0,0,0,0,0,0,0,0,0,0,255,254,80,0,0,0,9,185,254,203,55,0,0,0,0,0,0,0,0,0,0,0,0,0,0,0,0,85,254,236,29,0,0,0,0,42,254,253,243,80,0,0,0,0,0,0,0,0,0,0,0,0,0,0,0,59,254,206,9,0,0,0,0,0,254,253,253,119,0,0,0,0,0,0,0,0,0,0,0,0,0,0,0,93,254,148,0,0,0,0,0,0,254,253,253,69,0,0,0,0,0,0,0,0,0,0,0,0,0,0,0,0,254,237,29,0,0,0,0,26,254,254,254,69,0,0,0,0,0,0,0,0,0,0,0,0,0,0,0,0,169,253,150,47,30,47,97,239,254,253,253,69,0,0,0,0,0,0,0,0,0,0,0,0,0,0,0,0,88,234,253,253,237,253,253,253,254,253,244,44,0,0,0,0,0,0,0,0,0,0,0,0,0,0,0,0,0,55,160,194,254,253,244,160,103,236,244,44,0,0,0,0,0,0,0,0,0,0,0,0,0,0,0,0,0,0,0,0,0,0,0,0,0,231,254,69,0,0,0,0,0,0,0,0,0,0,0,0,0,0,0,0,0,0,0,0,0,0,0,0,0,230,253,69,0,0,0,0,0,0,0,0,0,0,0,0,0,0,0,0,0,0,0,0,0,0,0,0,0,230,253,69,0,0,0,0,0,0,0,0,0,0,0,0,0,0,0,0,0,0,0,0,0,0,0,0,0,230,253,69,0,0,0,0,0,0,0,0,0,0,0,0,0,0,0,0,0,0,0,0,0,0,0,0,0,231,254,69,0,0,0,0,0,0,0,0,0,0,0,0,0,0,0,0,0,0,0,0,0,0,0,0,0,230,253,69,0,0,0,0,0,0,0,0,0,0,0,0,0,0,0,0,0,0,0,0,0,0,0,0,0,188,253,119,0,0,0,0,0,0,0,0,0,0,0,0,0,0,0,0,0,0,0,0,0,0,0,0,0,72,253,185,0,0,0,0,0,0,0,0,0,0,0,0,0,0,0,0,0,0,0,0,0,0,0,0,0,0,0,0,0,0,0,0,0,0,0,0,0,0,0,0,0,0,0,0,0,0,0,0,0,0,0,0,0,0,0,0,0,0,0,0,0,0,0,0
3,0,0,0,0,0,0,0,0,0,0,0,0,0,0,0,0,0,0,0,0,0,0,0,0,0,0,0,0,0,0,0,0,0,0,0,0,0,0,0,0,0,0,0,0,0,0,0,0,0,0,0,0,0,0,0,0,0,0,0,0,0,0,0,0,0,0,0,0,0,0,0,0,0,0,0,0,0,0,0,0,0,0,0,0,0,0,0,0,0,0,0,0,0,0,0,0,0,0,0,0,0,0,0,0,0,0,0,0,0,0,0,0,0,0,0,0,0,0,0,0,0,0,0,0,0,13,145,254,255,254,162,31,0,0,0,0,0,0,0,0,0,0,0,0,0,0,0,0,0,0,0,0,0,133,253,253,253,253,253,176,4,0,0,0,0,0,0,0,0,0,0,0,0,0,0,0,0,0,0,0,0,117,253,253,253,253,253,253,111,0,0,0,0,0,0,0,0,0,0,0,0,0,0,0,0,0,0,0,0,5,84,84,108,240,253,253,156,0,0,0,0,0,0,0,0,0,0,0,0,0,0,0,0,0,0,0,0,0,0,0,12,199,253,253,128,0,0,0,0,0,0,0,0,0,0,0,0,0,0,0,0,0,0,0,0,0,0,0,84,253,253,229,26,0,0,0,0,0,0,0,0,0,0,0,0,0,0,0,0,0,0,0,0,0,9,160,238,253,253,128,0,0,0,0,0,0,0,0,0,0,0,0,0,0,0,0,0,0,0,0,93,219,221,253,253,253,179,30,0,0,0,0,0,0,0,0,0,0,0,0,0,0,0,0,0,0,0,151,252,254,253,253,253,227,34,0,0,0,0,0,0,0,0,0,0,0,0,0,0,0,0,0,0,0,0,230,253,254,253,253,253,193,0,0,0,0,0,0,0,0,0,0,0,0,0,0,0,0,0,0,0,0,0,226,254,249,244,254,255,254,60,0,0,0,0,0,0,0,0,0,0,0,0,0,0,0,0,0,0,0,0,47,109,52,11,198,253,253,60,0,0,0,0,0,0,0,0,0,0,0,0,0,0,0,0,0,0,0,0,0,0,0,4,171,253,253,60,0,0,0,0,0,0,0,0,0,0,0,0,0,17,169,137,0,0,0,0,0,0,0,48,253,253,242,49,0,0,0,0,0,0,0,0,0,0,0,0,0,25,253,240,81,0,0,0,0,0,3,171,253,253,106,0,0,0,0,0,0,0,0,0,0,0,0,0,0,25,253,253,239,102,14,0,0,35,139,253,253,216,17,0,0,0,0,0,0,0,0,0,0,0,0,0,0,25,253,253,253,253,215,159,137,229,254,253,253,164,0,0,0,0,0,0,0,0,0,0,0,0,0,0,0,4,125,253,253,253,253,253,253,253,254,253,118,12,0,0,0,0,0,0,0,0,0,0,0,0,0,0,0,0,4,126,253,253,253,253,253,253,249,132,9,0,0,0,0,0,0,0,0,0,0,0,0,0,0,0,0,0,0,3,11,104,231,253,143,132,69,0,0,0,0,0,0,0,0,0,0,0,0,0,0,0,0,0,0,0,0,0,0,0,0,0,0,0,0,0,0,0,0,0,0,0,0,0,0,0,0,0,0,0,0,0,0,0,0,0,0,0,0,0,0,0,0,0,0,0,0,0,0,0,0,0,0,0,0,0,0,0,0,0,0,0,0,0,0,0,0,0,0,0,0,0,0,0,0,0,0,0,0,0,0,0,0,0,0,0,0,0,0,0,0,0,0,0,0,0,0,0,0,0,0,0,0,0,0,0,0,0,0,0,0,0,0
7,0,0,0,0,0,0,0,0,0,0,0,0,0,0,0,0,0,0,0,0,0,0,0,0,0,0,0,0,0,0,0,0,0,0,0,0,0,0,0,0,0,0,0,0,0,0,0,0,0,0,0,0,0,0,0,0,0,0,0,0,0,0,0,0,0,0,0,0,0,0,0,0,0,0,0,0,0,0,0,0,0,0,0,0,0,0,0,0,0,0,0,0,0,0,0,0,0,0,0,0,0,0,0,0,0,0,0,0,0,0,0,0,0,0,0,0,0,0,0,0,0,0,0,0,0,0,0,0,0,0,0,0,0,0,0,0,0,0,0,0,0,0,0,0,0,0,0,0,0,0,0,0,0,0,0,0,0,0,0,0,0,0,0,0,0,0,0,0,0,0,0,0,0,0,0,0,0,0,0,0,0,4,49,106,143,192,255,231,39,0,0,0,0,0,0,0,0,0,0,0,0,0,0,0,1,9,20,105,175,241,254,254,254,254,254,254,178,0,0,0,0,0,0,0,0,0,0,0,0,1,19,97,166,254,254,254,254,254,254,254,254,254,254,254,207,3,0,0,0,0,0,0,0,0,0,0,9,162,254,254,254,254,254,254,254,254,254,239,190,133,146,254,254,8,0,0,0,0,0,0,0,0,0,0,92,254,254,254,254,254,254,237,192,134,67,9,0,0,67,254,254,8,0,0,0,0,0,0,0,0,0,0,84,254,254,235,193,135,62,13,0,0,0,0,0,0,67,254,254,8,0,0,0,0,0,0,0,0,0,0,2,62,81,15,0,0,0,0,0,0,0,0,0,0,67,254,254,8,0,0,0,0,0,0,0,0,0,0,0,0,0,0,0,0,0,0,0,0,0,0,0,0,132,254,254,8,0,0,0,0,0,0,0,0,0,0,0,0,0,0,0,0,0,0,0,0,0,0,0,30,199,254,254,8,0,0,0,0,0,0,0,0,0,0,0,0,0,0,0,0,0,0,0,0,0,0,10,176,254,254,217,4,0,0,0,0,0,0,0,0,0,0,0,0,0,0,0,0,0,0,0,0,0,10,122,254,254,254,67,0,0,0,0,0,0,0,0,0,0,0,0,0,0,0,0,0,0,0,0,0,10,122,254,254,254,176,2,0,0,0,0,0,0,0,0,0,0,0,0,0,0,0,0,0,0,0,0,10,148,254,254,254,217,46,0,0,0,0,0,0,0,0,0,0,0,0,0,0,0,0,0,0,0,0,10,176,254,254,254,239,62,0,0,0,0,0,0,0,0,0,0,0,0,0,0,0,0,0,0,0,0,22,191,254,254,254,239,62,0,0,0,0,0,0,0,0,0,0,0,0,0,0,0,0,0,0,0,0,42,220,254,254,254,199,25,0,0,0,0,0,0,0,0,0,0,0,0,0,0,0,0,0,0,0,0,51,245,254,254,254,160,8,0,0,0,0,0,0,0,0,0,0,0,0,0,0,0,0,0,0,0,0,49,247,254,254,241,122,2,0,0,0,0,0,0,0,0,0,0,0,0,0,0,0,0,0,0,0,0,21,249,254,254,254,132,0,0,0,0,0,0,0,0,0,0,0,0,0,0,0,0,0,0,0,0,0,0,76,254,254,254,134,1,0,0,0,0,0,0,0,0,0,0,0,0,0,0,0,0,0,0,0,0,0,0,0,0,0,0,0,0,0,0,0,0,0,0,0,0,0,0,0,0,0,0,0,0,0,0,0,0,0,0,0,0,0,0,0,0,0,0,0,0,0,0,0,0,0,0,0,0,0,0,0
7,0,0,0,0,0,0,0,0,0,0,0,0,0,0,0,0,0,0,0,0,0,0,0,0,0,0,0,0,0,0,0,0,0,0,0,0,0,0,0,0,0,0,0,0,0,0,0,0,0,0,0,0,0,0,0,0,0,0,0,0,0,0,0,0,0,0,0,0,0,0,0,0,0,0,0,0,0,0,0,0,0,0,0,0,0,0,0,0,0,0,0,0,0,0,0,0,0,0,0,0,0,0,0,0,0,0,0,0,0,0,0,0,0,0,0,0,0,0,0,0,0,0,0,0,0,0,0,0,0,0,0,0,0,0,0,0,0,0,0,0,0,0,0,0,0,0,0,0,0,0,0,0,0,0,0,0,0,0,0,0,0,0,0,0,0,0,0,0,0,0,0,0,0,0,0,0,0,0,78,254,195,13,0,0,0,0,0,0,0,0,0,0,0,0,0,0,0,0,0,0,0,0,0,0,0,85,245,253,253,187,97,97,97,97,97,152,189,21,0,0,0,0,0,0,0,0,0,0,0,0,0,0,47,240,253,253,253,253,253,253,253,253,253,253,253,188,23,0,0,0,0,0,0,0,0,0,0,0,0,0,56,253,253,253,253,253,253,253,253,253,253,253,253,253,75,0,0,0,0,0,0,0,0,0,0,0,0,0,56,253,253,235,85,82,82,182,222,253,253,253,253,211,24,0,0,0,0,0,0,0,0,0,0,0,0,0,23,103,103,50,0,0,0,3,115,253,253,253,241,107,0,0,0,0,0,0,0,0,0,0,0,0,0,0,0,0,0,0,0,0,36,154,253,253,253,200,17,0,0,0,0,0,0,0,0,0,0,0,0,0,0,0,0,0,0,0,0,0,128,253,253,253,253,91,0,0,0,0,0,0,0,0,0,0,0,0,0,0,0,0,0,0,0,0,0,129,248,253,253,251,97,2,0,0,0,0,0,0,0,0,0,0,0,0,0,0,0,0,0,0,0,0,30,234,253,253,253,209,0,0,0,0,0,0,0,0,0,0,0,0,0,0,0,0,0,0,0,0,0,72,214,253,253,253,248,89,0,0,0,0,0,0,0,0,0,0,0,0,0,0,0,0,0,0,0,0,2,99,251,253,253,253,211,0,0,0,0,0,0,0,0,0,0,0,0,0,0,0,0,0,0,0,0,0,93,253,253,253,253,222,38,0,0,0,0,0,0,0,0,0,0,0,0,0,0,0,0,0,0,0,0,17,201,253,253,253,253,68,0,0,0,0,0,0,0,0,0,0,0,0,0,0,0,0,0,0,0,0,0,91,253,253,253,253,131,4,0,0,0,0,0,0,0,0,0,0,0,0,0,0,0,0,0,0,0,0,167,243,253,253,253,56,7,0,0,0,0,0,0,0,0,0,0,0,0,0,0,0,0,0,0,0,0,19,207,253,253,253,133,6,0,0,0,0,0,0,0,0,0,0,0,0,0,0,0,0,0,0,0,0,0,76,253,253,253,232,5,0,0,0,0,0,0,0,0,0,0,0,0,0,0,0,0,0,0,0,0,0,0,70,248,253,252,113,0,0,0,0,0,0,0,0,0,0,0,0,0,0,0,0,0,0,0,0,0,0,0,0,119,253,164,0,0,0,0,0,0,0,0,0,0,0,0,0,0,0,0,0,0,0,0,0,0,0,0,0,0,0,0,0,0,0,0,0,0,0,0,0,0,0,0,0,0,0,0,0,0,0,0,0,0,0,0,0,0,0,0,0,0,0,0,0,0,0,0,0,0,0,0,0,0,0,0,0
5,0,0,0,0,0,0,0,0,0,0,0,0,0,0,0,0,0,0,0,0,0,0,0,0,0,0,0,0,0,0,0,0,0,0,0,0,0,0,0,0,0,0,0,0,0,0,0,0,0,0,0,0,0,0,0,0,0,0,0,0,0,0,0,0,0,0,0,0,0,0,0,0,0,0,0,0,0,0,0,0,0,0,0,0,0,0,0,0,0,0,0,0,0,0,0,0,0,0,0,0,0,0,0,0,0,0,0,0,0,0,0,0,0,0,0,0,0,0,0,0,0,0,0,0,0,0,0,0,0,0,0,0,0,0,0,0,0,0,0,0,0,0,0,0,0,0,0,0,0,0,0,0,0,0,57,141,255,255,255,198,114,0,0,0,0,0,0,0,0,0,0,0,0,0,0,0,0,0,0,0,0,114,255,255,255,255,255,255,255,0,0,0,0,0,0,0,0,0,0,0,0,0,0,0,0,0,0,0,198,255,255,170,86,86,86,86,57,0,0,0,0,0,0,0,0,0,0,0,0,0,0,0,0,0,0,170,255,255,114,0,0,0,0,0,0,0,0,0,0,0,0,0,0,0,0,0,0,0,0,0,0,0,114,255,255,29,0,0,0,0,0,0,0,0,0,0,0,0,0,0,0,0,0,0,0,0,0,0,0,0,226,255,170,0,0,0,0,0,0,0,0,0,0,0,0,0,0,0,0,0,0,0,0,0,0,0,0,29,255,255,0,0,0,0,0,0,0,0,0,0,0,0,0,0,0,0,0,0,0,0,0,0,0,0,0,29,255,226,0,0,0,0,0,0,0,0,0,0,0,0,0,0,0,0,0,0,0,0,0,0,0,0,0,0,255,255,198,226,255,255,255,226,29,0,0,0,0,0,0,0,0,0,0,0,0,0,0,0,0,0,0,0,57,255,255,255,226,226,255,255,141,0,0,0,0,0,0,0,0,0,0,0,0,0,0,0,0,0,0,0,0,0,86,57,0,0,0,255,255,0,0,0,0,0,0,0,0,0,0,0,0,0,0,0,0,0,0,0,0,0,0,0,0,0,57,255,226,0,0,0,0,0,0,0,0,0,0,0,0,0,0,0,0,0,0,0,0,0,0,0,0,0,170,255,198,0,0,0,0,0,0,0,0,0,0,0,0,0,0,0,0,0,0,0,0,0,0,0,0,86,255,255,29,0,0,0,0,0,0,0,0,0,0,0,0,0,0,0,0,0,0,0,0,0,0,0,57,255,255,141,0,0,0,0,0,0,0,0,0,0,0,0,0,0,0,0,0,0,0,0,0,0,0,29,255,255,198,0,0,0,0,0,0,0,0,0,0,0,0,0,0,0,0,0,0,0,0,0,0,29,114,255,255,198,29,0,0,0,0,0,0,0,0,0,0,0,0,0,0,0,0,0,0,0,0,170,141,226,255,255,226,29,0,0,0,0,0,0,0,0,0,0,0,0,0,0,0,0,0,0,0,0,29,255,255,255,255,114,0,0,0,0,0,0,0,0,0,0,0,0,0,0,0,0,0,0,0,0,0,0,0,198,255,141,0,0,0,0,0,0,0,0,0,0,0,0,0,0,0,0,0,0,0,0,0,0,0,0,0,0,0,0,0,0,0,0,0,0,0,0,0,0,0,0,0,0,0,0,0,0,0,0,0,0,0,0,0,0,0,0,0,0,0,0,0,0,0,0,0,0,0,0,0,0,0,0,0,0,0,0,0,0,0,0,0,0,0,0,0,0,0,0,0,0,0,0,0,0,0,0,0,0,0,0
1,0,0,0,0,0,0,0,0,0,0,0,0,0,0,0,0,0,0,0,0,0,0,0,0,0,0,0,0,0,0,0,0,0,0,0,0,0,0,0,0,0,0,0,0,0,0,0,0,0,0,0,0,0,0,0,0,0,0,0,0,0,0,0,0,0,0,0,0,0,0,0,0,0,0,0,0,0,0,0,0,0,0,0,0,0,0,0,0,0,0,0,0,0,0,0,0,0,0,0,0,0,0,0,0,0,0,0,0,0,0,0,0,0,0,0,0,0,0,0,0,0,0,0,0,255,255,255,0,0,0,0,0,0,0,0,0,0,0,0,0,0,0,0,0,0,0,0,0,0,0,0,255,255,255,255,255,0,0,0,0,0,0,0,0,0,0,0,0,0,0,0,0,0,0,0,0,0,0,0,255,255,255,255,255,255,0,0,0,0,0,0,0,0,0,0,0,0,0,0,0,0,0,0,0,0,0,0,255,255,255,255,255,255,0,0,0,0,0,0,0,0,0,0,0,0,0,0,0,0,0,0,0,0,0,0,255,255,255,255,255,255,0,0,0,0,0,0,0,0,0,0,0,0,0,0,0,0,0,0,0,0,0,0,0,255,255,255,255,255,0,0,0,0,0,0,0,0,0,0,0,0,0,0,0,0,0,0,0,0,0,0,0,255,255,255,255,255,0,0,0,0,0,0,0,0,0,0,0,0,0,0,0,0,0,0,0,0,0,0,0,255,255,255,255,255,0,0,0,0,0,0,0,0,0,0,0,0,0,0,0,0,0,0,0,0,0,0,0,255,255,255,255,255,0,0,0,0,0,0,0,0,0,0,0,0,0,0,0,0,0,0,0,0,0,0,0,255,255,255,255,255,0,0,0,0,0,0,0,0,0,0,0,0,0,0,0,0,0,0,0,0,0,0,0,255,255,255,255,255,0,0,0,0,0,0,0,0,0,0,0,0,0,0,0,0,0,0,0,0,0,0,0,255,255,255,255,255,0,0,0,0,0,0,0,0,0,0,0,0,0,0,0,0,0,0,0,0,0,0,0,255,255,255,255,255,0,0,0,0,0,0,0,0,0,0,0,0,0,0,0,0,0,0,0,0,0,0,0,255,255,255,255,255,0,0,0,0,0,0,0,0,0,0,0,0,0,0,0,0,0,0,0,0,0,0,255,255,255,255,255,255,0,0,0,0,0,0,0,0,0,0,0,0,0,0,0,0,0,0,0,0,0,0,255,255,255,255,255,255,0,0,0,0,0,0,0,0,0,0,0,0,0,0,0,0,0,0,0,0,0,0,255,255,255,255,255,255,0,0,0,0,0,0,0,0,0,0,0,0,0,0,0,0,0,0,0,0,0,0,0,255,255,255,255,255,0,0,0,0,0,0,0,0,0,0,0,0,0,0,0,0,0,0,0,0,0,0,0,255,255,255,255,255,0,0,0,0,0,0,0,0,0,0,0,0,0,0,0,0,0,0,0,0,0,0,0,0,255,255,255,255,0,0,0,0,0,0,0,0,0,0,0,0,0,0,0,0,0,0,0,0,0,0,0,0,0,0,0,0,0,0,0,0,0,0,0,0,0,0,0,0,0,0,0,0,0,0,0,0,0,0,0,0,0,0,0,0,0,0,0,0,0,0,0,0,0,0,0,0,0,0,0,0,0,0,0,0,0,0,0,0,0,0,0,0,0,0,0,0,0,0,0,0,0,0,0,0,0,0,0,0,0,0,0,0,0,0,0,0,0,0,0,0,0,0,0,0,0,0,0,0,0,0,0
3,0,0,0,0,0,0,0,0,0,0,0,0,0,0,0,0,0,0,0,0,0,0,0,0,0,0,0,0,0,0,0,0,0,0,0,0,0,0,0,0,0,0,0,0,0,0,0,0,0,0,0,0,0,0,0,0,0,0,0,0,0,0,0,0,0,0,0,0,0,0,0,0,0,0,0,0,0,0,0,0,0,0,0,0,0,0,0,0,0,0,0,0,0,0,0,0,0,0,0,0,0,0,0,0,0,0,0,0,0,0,0,0,0,0,0,0,0,0,0,0,0,56,101,120,255,207,92,0,0,0,0,0,0,0,0,0,0,0,0,0,0,0,0,0,0,159,200,107,200,229,253,253,253,253,248,103,0,0,0,0,0,0,0,0,0,0,0,0,0,0,0,0,0,200,253,253,253,253,253,253,253,253,253,201,18,0,0,0,0,0,0,0,0,0,0,0,0,0,0,0,0,5,7,7,7,7,7,75,179,253,253,253,30,0,0,0,0,0,0,0,0,0,0,0,0,0,0,0,0,0,0,0,0,22,91,237,253,253,253,253,157,39,21,0,0,0,0,0,0,0,0,0,0,0,0,0,0,0,0,0,22,201,253,253,253,253,253,253,253,253,137,0,0,0,0,0,0,0,0,0,0,0,0,0,0,0,0,88,241,253,253,253,253,253,253,253,253,253,247,201,31,0,0,0,0,0,0,0,0,0,0,0,0,0,0,93,253,253,243,222,142,68,68,143,231,253,253,253,92,0,0,0,0,0,0,0,0,0,0,0,0,0,0,45,123,123,82,0,0,0,0,0,34,130,253,253,92,0,0,0,0,0,0,0,0,0,0,0,0,0,0,0,0,0,0,0,0,0,0,0,0,11,211,253,234,45,0,0,0,0,0,0,0,0,0,0,0,0,0,0,0,0,0,0,0,0,0,0,0,0,116,253,253,155,5,0,0,0,0,0,0,0,0,0,0,0,0,0,0,0,0,0,0,0,0,0,0,0,116,253,253,253,45,0,0,0,0,0,0,0,0,0,0,0,0,0,0,0,0,0,0,0,0,0,0,0,116,253,253,253,45,0,0,0,0,0,0,0,0,0,0,0,0,6,16,7,0,0,0,0,0,0,0,0,116,253,253,253,45,0,0,0,0,0,0,0,0,0,0,0,0,163,253,115,0,0,0,0,0,0,0,0,116,253,253,253,45,0,0,0,0,0,0,0,0,0,0,0,0,247,253,233,50,0,0,0,0,0,55,165,233,253,253,227,34,0,0,0,0,0,0,0,0,0,0,0,0,242,253,253,222,162,162,21,117,162,242,253,253,253,243,53,0,0,0,0,0,0,0,0,0,0,0,0,0,93,253,253,253,253,253,253,253,253,253,253,253,227,53,0,0,0,0,0,0,0,0,0,0,0,0,0,0,17,69,229,253,253,253,253,253,253,253,217,128,34,0,0,0,0,0,0,0,0,0,0,0,0,0,0,0,0,0,55,99,118,253,253,239,99,99,33,0,0,0,0,0,0,0,0,0,0,0,0,0,0,0,0,0,0,0,0,0,0,0,0,0,0,0,0,0,0,0,0,0,0,0,0,0,0,0,0,0,0,0,0,0,0,0,0,0,0,0,0,0,0,0,0,0,0,0,0,0,0,0,0,0,0,0,0,0,0,0,0,0,0,0,0,0,0,0,0,0,0,0,0,0,0,0,0,0,0,0,0,0,0,0,0,0,0,0,0,0,0,0,0,0,0,0,0,0,0,0,0,0,0,0,0,0,0,0,0,0,0
9,0,0,0,0,0,0,0,0,0,0,0,0,0,0,0,0,0,0,0,0,0,0,0,0,0,0,0,0,0,0,0,0,0,0,0,0,0,0,0,0,0,0,0,0,0,0,0,0,0,0,0,0,0,0,0,0,0,0,0,0,0,0,0,0,0,0,0,0,0,0,0,0,0,0,0,0,0,0,0,0,0,0,0,0,0,0,0,0,0,0,0,0,0,0,0,0,0,0,0,0,0,0,0,0,0,0,0,0,0,0,0,0,0,0,0,0,0,0,0,0,0,0,0,0,0,0,0,0,0,0,0,0,0,0,0,0,0,0,0,0,0,0,0,0,0,0,0,0,0,0,0,0,0,0,0,0,0,0,0,0,0,0,0,0,0,0,0,0,0,0,0,0,0,0,0,0,0,0,0,0,0,0,0,0,0,0,0,0,0,0,0,0,0,0,0,0,0,0,0,0,0,0,0,0,0,0,7,104,187,186,13,0,0,13,145,136,0,0,0,0,0,0,0,0,0,0,0,0,0,0,0,0,0,26,216,253,254,253,180,0,0,147,253,177,0,0,0,0,0,0,0,0,0,0,0,0,0,0,0,0,0,97,253,244,138,243,249,57,66,249,253,244,0,0,0,0,0,0,0,0,0,0,0,0,0,0,0,0,0,197,244,69,0,80,202,103,195,253,253,128,0,0,0,0,0,0,0,0,0,0,0,0,0,0,0,0,95,254,230,0,0,0,174,254,255,254,254,69,0,0,0,0,0,0,0,0,0,0,0,0,0,0,0,85,245,253,179,0,0,93,232,253,254,253,147,6,0,0,0,0,0,0,0,0,0,0,0,0,0,0,0,93,254,253,81,91,208,215,253,253,254,253,179,0,0,0,0,0,0,0,0,0,0,0,0,0,0,0,0,93,254,253,253,253,254,253,177,194,254,253,196,0,0,0,0,0,0,0,0,0,0,0,0,0,0,0,0,34,204,254,254,254,236,101,17,93,254,254,138,0,0,0,0,0,0,0,0,0,0,0,0,0,0,0,0,0,32,131,244,219,17,0,0,176,254,253,54,0,0,0,0,0,0,0,0,0,0,0,0,0,0,0,0,0,0,0,38,13,0,0,11,215,254,206,9,0,0,0,0,0,0,0,0,0,0,0,0,0,0,0,0,0,0,0,0,0,0,0,91,253,254,81,0,0,0,0,0,0,0,0,0,0,0,0,0,0,0,0,0,0,0,0,0,0,0,0,208,254,236,17,0,0,0,0,0,0,0,0,0,0,0,0,0,0,0,0,0,0,0,0,0,0,0,0,207,253,134,0,0,0,0,0,0,0,0,0,0,0,0,0,0,0,0,0,0,0,0,0,0,0,0,22,228,253,93,0,0,0,0,0,0,0,0,0,0,0,0,0,0,0,0,0,0,0,0,0,0,0,0,80,253,253,93,0,0,0,0,0,0,0,0,0,0,0,0,0,0,0,0,0,0,0,0,0,0,0,0,139,254,228,0,0,0,0,0,0,0,0,0,0,0,0,0,0,0,0,0,0,0,0,0,0,0,0,0,189,253,111,0,0,0,0,0,0,0,0,0,0,0,0,0,0,0,0,0,0,0,0,0,0,0,0,0,222,253,69,0,0,0,0,0,0,0,0,0,0,0,0,0,0,0,0,0,0,0,0,0,0,0,0,0,55,228,44,0,0,0,0,0,0,0,0,0,0,0,0,0,0,0,0,0,0,0,0,0,0,0,0,0,0,0,0,0,0,0,0,0,0,0,0,0,0,0,0
2,0,0,0,0,0,0,0,0,0,0,0,0,0,0,0,0,0,0,0,0,0,0,0,0,0,0,0,0,0,0,0,0,0,0,0,0,0,0,0,0,0,0,0,0,0,0,0,0,0,0,0,0,0,0,0,0,0,0,0,0,0,0,0,0,0,0,0,0,0,0,0,0,0,0,0,0,0,0,0,0,0,0,0,0,0,0,0,0,0,0,0,0,0,0,0,0,0,0,0,0,0,0,0,0,0,0,0,0,0,0,0,0,0,0,0,0,0,0,0,0,0,0,0,0,0,0,0,0,0,0,0,0,0,0,0,0,0,0,0,0,0,0,0,0,0,0,0,0,0,0,0,0,0,0,0,0,0,0,0,0,0,0,0,0,0,0,0,0,0,0,0,0,0,0,0,0,0,0,0,0,0,0,0,0,0,0,0,0,0,0,0,0,0,0,0,0,0,0,0,0,0,0,0,33,112,196,214,214,214,214,121,7,0,0,0,0,0,0,0,0,0,0,0,0,0,0,0,0,0,7,129,248,254,236,165,142,142,238,254,115,0,0,0,0,0,0,0,0,0,0,0,0,0,0,0,0,0,176,254,249,156,14,0,0,0,80,253,199,0,0,0,0,0,0,0,0,0,0,0,0,0,0,0,0,0,255,181,37,0,0,0,0,0,0,193,244,40,0,0,0,0,0,0,0,0,0,0,0,0,0,0,0,0,31,38,0,0,0,0,0,0,0,134,254,145,0,0,0,0,0,0,0,0,0,0,0,0,0,0,0,0,0,0,0,0,0,0,0,0,0,134,254,146,0,0,0,0,0,0,0,0,0,0,0,0,0,0,0,0,0,0,0,0,0,0,0,0,0,134,254,146,0,0,0,0,0,0,0,0,0,0,0,0,0,0,0,0,0,0,0,0,0,0,0,20,115,222,254,235,208,121,35,3,0,0,0,0,0,0,0,0,0,0,0,0,0,0,0,0,0,11,168,233,254,254,254,246,236,248,254,182,94,4,0,0,0,0,0,0,0,0,0,0,0,0,0,0,43,187,254,224,139,232,254,83,0,76,183,252,254,146,3,0,0,0,0,0,0,0,0,0,0,0,0,0,201,254,197,2,19,233,244,40,0,0,0,67,214,254,215,24,0,0,0,0,0,0,0,0,0,0,0,0,123,254,251,132,204,254,167,0,0,0,0,0,33,217,254,216,0,0,0,0,0,0,0,0,0,0,0,0,2,91,218,254,254,225,74,0,0,0,0,0,0,20,178,168,0,0,0,0,0,0,0,0,0,0,0,0,0,0,12,92,104,17,0,0,0,0,0,0,0,0,0,0,0,0,0,0,0,0,0,0,0,0,0,0,0,0,0,0,0,0,0,0,0,0,0,0,0,0,0,0,0,0,0,0,0,0,0,0,0,0,0,0,0,0,0,0,0,0,0,0,0,0,0,0,0,0,0,0,0,0,0,0,0,0,0,0,0,0,0,0,0,0,0,0,0,0,0,0,0,0,0,0,0,0,0,0,0,0,0,0,0,0,0,0,0,0,0,0,0,0,0,0,0,0,0,0,0,0,0,0,0,0,0,0,0,0,0,0,0,0,0,0,0,0,0,0,0,0,0,0,0,0,0,0,0,0,0,0,0,0,0,0,0,0,0,0,0,0,0,0,0,0,0,0,0,0,0,0,0,0,0,0,0,0,0,0,0,0,0,0,0,0,0,0,0,0,0,0,0,0,0,0,0,0,0,0,0,0,0,0,0,0,0,0,0,0,0,0,0,0,0
1,0,0,0,0,0,0,0,0,0,0,0,0,0,0,0,0,0,0,0,0,0,0,0,0,0,0,0,0,0,0,0,0,0,0,0,0,0,0,0,0,0,0,0,0,0,0,0,0,0,0,0,0,0,0,0,0,0,0,0,0,0,0,0,0,0,0,0,0,0,0,0,0,0,0,0,0,0,0,0,0,0,0,0,0,0,0,0,0,0,0,0,0,0,0,0,0,0,0,0,0,0,0,0,0,0,0,0,0,0,0,0,0,0,0,0,0,0,0,0,0,0,0,0,0,0,0,0,0,0,0,0,52,241,204,10,0,0,0,0,0,0,0,0,0,0,0,0,0,0,0,0,0,0,0,0,0,0,0,54,238,254,249,17,0,0,0,0,0,0,0,0,0,0,0,0,0,0,0,0,0,0,0,0,0,0,55,236,254,254,79,0,0,0,0,0,0,0,0,0,0,0,0,0,0,0,0,0,0,0,0,0,0,0,206,254,254,183,10,0,0,0,0,0,0,0,0,0,0,0,0,0,0,0,0,0,0,0,0,0,0,108,236,254,243,27,0,0,0,0,0,0,0,0,0,0,0,0,0,0,0,0,0,0,0,0,28,34,11,162,254,254,142,0,0,0,0,0,0,0,0,0,0,0,0,0,0,0,0,0,0,0,0,0,0,0,69,254,254,197,13,0,0,0,0,0,0,0,0,0,0,0,0,0,0,0,0,0,0,0,0,0,0,13,166,254,254,142,0,0,0,0,0,0,0,0,0,0,0,0,0,0,0,0,0,0,0,0,0,0,13,166,254,254,209,34,0,0,0,0,0,0,0,0,0,0,0,0,0,0,0,0,0,0,0,0,0,13,166,254,254,236,37,0,0,0,0,0,0,0,0,0,0,0,0,0,0,0,0,0,0,0,0,0,0,84,254,254,236,71,0,0,0,0,0,0,0,0,0,0,0,0,0,0,0,0,0,0,0,0,0,0,72,237,254,254,149,0,0,0,0,0,0,0,0,0,0,0,0,0,0,0,0,0,0,0,0,0,0,71,238,254,254,104,12,0,0,0,0,0,0,0,0,0,0,0,0,0,0,0,0,0,0,0,0,0,27,239,254,254,165,12,0,0,0,0,0,0,0,0,0,0,0,0,0,0,0,0,0,0,0,0,0,10,174,254,254,212,11,0,0,0,0,0,0,0,0,0,0,0,0,0,0,0,0,0,0,0,0,0,0,75,254,254,237,64,0,0,0,0,0,0,0,0,0,0,0,0,0,0,0,0,0,0,0,0,0,0,0,149,255,254,98,0,0,0,0,0,0,0,0,0,0,0,0,0,0,0,0,0,0,0,0,0,0,0,18,247,254,254,106,91,0,0,0,0,0,0,0,0,0,0,0,0,0,0,0,0,0,0,0,0,0,0,19,254,254,254,249,146,0,0,0,0,0,0,0,0,0,0,0,0,0,0,0,0,0,0,0,0,0,0,10,203,239,130,48,2,0,0,0,0,0,0,0,0,0,0,0,0,0,0,0,0,0,0,0,0,0,0,0,0,0,0,0,0,0,0,0,0,0,0,0,0,0,0,0,0,0,0,0,0,0,0,0,0,0,0,0,0,0,0,0,0,0,0,0,0,0,0,0,0,0,0,0,0,0,0,0,0,0,0,0,0,0,0,0,0,0,0,0,0,0,0,0,0,0,0,0,0,0,0,0,0,0,0,0,0,0,0,0,0,0,0,0,0,0,0,0,0,0,0,0,0,0,0,0,0,0,0,0,0,0,0,0
4,0,0,0,0,0,0,0,0,0,0,0,0,0,0,0,0,0,0,0,0,0,0,0,0,0,0,0,0,0,0,0,0,0,0,0,0,0,0,0,0,0,0,0,0,0,0,0,0,0,0,0,0,0,0,0,0,0,0,0,0,0,0,0,0,0,0,0,0,0,0,0,0,0,0,0,0,0,0,0,0,0,0,0,0,0,0,0,0,0,0,0,0,0,0,0,0,0,0,0,0,0,0,0,0,0,0,0,0,0,0,0,0,0,0,0,0,0,0,0,0,0,0,0,0,0,0,0,0,0,0,0,0,0,0,0,0,0,0,0,0,0,0,0,0,0,0,0,0,0,0,0,0,0,0,0,0,0,0,0,0,0,0,0,0,0,0,0,0,0,0,0,0,0,0,113,202,192,16,0,0,0,0,0,0,0,0,0,78,125,55,0,0,0,0,0,0,0,0,0,0,0,0,112,254,254,160,0,0,0,0,0,0,0,0,94,252,254,245,55,0,0,0,0,0,0,0,0,0,0,0,169,254,254,38,0,0,0,0,0,0,0,38,250,254,254,254,117,0,0,0,0,0,0,0,0,0,0,110,254,254,163,3,0,0,0,0,0,0,19,196,254,254,254,254,117,0,0,0,0,0,0,0,0,0,0,119,254,254,106,0,0,0,0,0,0,21,194,254,254,254,254,249,72,0,0,0,0,0,0,0,0,0,0,233,254,217,16,0,0,0,0,0,0,101,254,254,195,219,254,241,0,0,0,0,0,0,0,0,0,0,0,249,254,83,0,0,0,0,0,0,31,220,254,254,108,207,254,241,0,0,0,0,0,0,0,0,0,0,0,249,254,149,0,0,0,0,0,0,90,242,254,181,27,187,254,201,0,0,0,0,0,0,0,0,0,0,0,249,254,149,0,0,0,0,0,90,242,254,180,17,33,254,254,111,0,0,0,0,0,0,0,0,0,0,0,249,254,176,66,9,56,32,66,212,254,214,18,0,33,254,254,111,0,0,0,0,0,0,0,0,0,0,0,125,252,254,254,198,245,221,254,254,254,105,0,0,131,254,254,111,0,0,0,0,0,0,0,0,0,0,0,0,216,254,254,254,254,254,240,202,105,20,0,0,164,254,250,88,0,0,0,0,0,0,0,0,0,0,0,0,34,218,237,208,208,101,56,0,0,0,0,8,180,255,235,0,0,0,0,0,0,0,0,0,0,0,0,0,0,35,52,0,0,0,0,0,0,0,0,40,254,254,147,0,0,0,0,0,0,0,0,0,0,0,0,0,0,0,0,0,0,0,0,0,0,0,0,40,254,254,121,0,0,0,0,0,0,0,0,0,0,0,0,0,0,0,0,0,0,0,0,0,0,0,0,40,254,255,235,0,0,0,0,0,0,0,0,0,0,0,0,0,0,0,0,0,0,0,0,0,0,0,0,118,254,255,157,0,0,0,0,0,0,0,0,0,0,0,0,0,0,0,0,0,0,0,0,0,0,0,0,170,254,254,104,0,0,0,0,0,0,0,0,0,0,0,0,0,0,0,0,0,0,0,0,0,0,0,0,170,254,240,48,0,0,0,0,0,0,0,0,0,0,0,0,0,0,0,0,0,0,0,0,0,0,0,0,170,254,228,0,0,0,0,0,0,0,0,0,0,0,0,0,0,0,0,0,0,0,0,0,0,0,0,0,0,0,0,0,0,0,0,0,0,0,0,0,0,0,0,0,0,0,0,0,0,0,0,0,0,0,0,0,0,0,0,0,0,0,0,0,0,0,0
1,0,0,0,0,0,0,0,0,0,0,0,0,0,0,0,0,0,0,0,0,0,0,0,0,0,0,0,0,0,0,0,0,0,0,0,0,0,0,0,0,0,0,0,0,0,0,0,0,0,0,0,0,0,0,0,0,0,0,0,0,0,0,0,0,0,0,0,0,0,0,0,0,0,0,0,0,0,0,0,0,0,0,0,0,0,0,0,0,0,0,0,0,0,0,0,0,0,0,0,0,0,0,0,0,0,0,0,0,0,0,0,0,0,0,0,0,0,0,0,0,0,0,0,0,0,0,0,0,0,0,55,236,212,0,0,0,0,0,0,0,0,0,0,0,0,0,0,0,0,0,0,0,0,0,0,0,0,16,232,252,225,21,0,0,0,0,0,0,0,0,0,0,0,0,0,0,0,0,0,0,0,0,0,0,0,171,252,252,232,32,0,0,0,0,0,0,0,0,0,0,0,0,0,0,0,0,0,0,0,0,0,0,0,232,252,252,185,0,0,0,0,0,0,0,0,0,0,0,0,0,0,0,0,0,0,0,0,0,0,0,71,249,252,164,18,0,0,0,0,0,0,0,0,0,0,0,0,0,0,0,0,0,0,0,0,0,0,0,146,253,253,129,0,0,0,0,0,0,0,0,0,0,0,0,0,0,0,0,0,0,0,0,0,0,0,32,237,252,169,11,0,0,0,0,0,0,0,0,0,0,0,0,0,0,0,0,0,0,0,0,0,0,9,192,252,251,77,0,0,0,0,0,0,0,0,0,0,0,0,0,0,0,0,0,0,0,0,0,0,0,132,253,252,205,0,0,0,0,0,0,0,0,0,0,0,0,0,0,0,0,0,0,0,0,0,0,0,98,246,253,252,38,0,0,0,0,0,0,0,0,0,0,0,0,0,0,0,0,0,0,0,0,0,0,4,183,253,247,140,0,0,0,0,0,0,0,0,0,0,0,0,0,0,0,0,0,0,0,0,0,0,0,101,252,252,176,0,0,0,0,0,0,0,0,0,0,0,0,0,0,0,0,0,0,0,0,0,0,0,8,226,252,244,53,0,0,0,0,0,0,0,0,0,0,0,0,0,0,0,0,0,0,0,0,0,0,11,171,252,252,121,0,0,0,0,0,0,0,0,0,0,0,0,0,0,0,0,0,0,0,0,0,0,0,130,252,252,182,24,0,0,0,0,0,0,0,0,0,0,0,0,0,0,0,0,0,0,0,0,0,0,62,255,253,206,35,0,0,0,0,0,0,0,0,0,0,0,0,0,0,0,0,0,0,0,0,0,0,0,185,253,252,21,0,0,0,0,0,0,0,0,0,0,0,0,0,0,0,0,0,0,0,0,0,0,0,112,249,253,252,21,0,0,0,0,0,0,0,0,0,0,0,0,0,0,0,0,0,0,0,0,0,0,0,169,252,253,196,7,0,0,0,0,0,0,0,0,0,0,0,0,0,0,0,0,0,0,0,0,0,0,0,169,252,218,28,0,0,0,0,0,0,0,0,0,0,0,0,0,0,0,0,0,0,0,0,0,0,0,0,0,0,0,0,0,0,0,0,0,0,0,0,0,0,0,0,0,0,0,0,0,0,0,0,0,0,0,0,0,0,0,0,0,0,0,0,0,0,0,0,0,0,0,0,0,0,0,0,0,0,0,0,0,0,0,0,0,0,0,0,0,0,0,0,0,0,0,0,0,0,0,0,0,0,0,0,0,0,0,0,0,0,0,0,0,0,0,0,0,0,0,0,0,0,0,0,0,0,0,0,0,0,0,0
2,0,0,0,0,0,0,0,0,0,0,0,0,0,0,0,0,0,0,0,0,0,0,0,0,0,0,0,0,0,0,0,0,0,0,0,0,0,0,0,0,0,0,0,0,0,0,0,0,0,0,0,0,0,0,0,0,0,0,0,0,0,0,0,0,0,0,0,0,0,0,0,0,0,0,0,0,0,0,0,0,0,0,0,0,0,0,0,0,0,0,0,41,216,253,253,255,253,216,91,0,0,0,0,0,0,0,0,0,0,0,0,0,0,0,0,0,0,0,51,253,252,208,196,197,234,252,252,157,19,0,0,0,0,0,0,0,0,0,0,0,0,0,0,0,0,67,246,244,93,13,0,0,38,171,252,253,122,0,0,0,0,0,0,0,0,0,0,0,0,0,0,0,0,134,252,175,0,0,0,0,0,10,178,253,246,150,0,0,0,0,0,0,0,0,0,0,0,0,0,0,32,229,253,26,0,0,0,0,0,0,0,179,253,253,103,0,0,0,0,0,0,0,0,0,0,0,0,0,19,122,145,75,0,0,0,0,0,0,0,10,196,252,252,0,0,0,0,0,0,0,0,0,0,0,0,0,0,0,0,0,0,0,0,0,0,0,0,0,63,234,252,126,0,0,0,0,0,0,0,0,0,0,0,0,0,0,0,0,0,0,0,0,0,0,0,0,0,97,252,238,38,0,0,0,0,0,0,0,0,0,0,0,0,0,0,0,0,0,0,0,0,0,0,0,0,76,250,254,84,0,0,0,0,0,0,0,0,0,0,0,0,0,0,0,0,0,0,0,0,0,0,0,0,0,200,253,159,0,0,0,0,0,0,0,0,0,0,0,0,0,0,0,0,0,0,0,0,0,0,0,0,0,113,253,215,19,0,0,0,0,0,0,0,0,0,0,0,0,0,0,26,150,125,101,0,0,0,0,0,0,113,253,252,56,0,0,0,0,0,0,0,0,0,0,0,0,0,4,179,253,253,254,228,94,0,0,0,0,0,254,253,56,0,0,0,0,0,0,0,0,0,0,0,0,0,29,252,252,151,203,252,224,119,0,0,0,0,253,252,56,0,0,0,0,0,0,0,0,0,0,0,0,0,29,252,252,28,7,149,252,252,126,0,0,89,253,252,56,0,0,0,0,0,0,0,0,0,0,0,0,0,29,252,252,28,0,7,153,252,250,225,225,137,253,252,56,0,0,0,0,0,0,0,0,0,0,0,0,0,13,207,253,203,26,0,0,151,254,253,253,253,254,184,0,0,0,0,0,0,0,0,0,0,0,0,0,0,0,82,215,252,244,169,131,57,253,252,252,252,247,65,0,0,0,0,0,0,0,0,0,0,0,0,0,0,0,0,57,205,253,252,252,252,253,252,252,214,50,0,0,0,0,0,0,0,0,0,0,0,0,0,0,0,0,0,0,63,153,252,252,252,190,139,103,15,0,0,0,0,0,0,0,0,0,0,0,0,0,0,0,0,0,0,0,0,0,0,0,0,0,0,0,0,0,0,0,0,0,0,0,0,0,0,0,0,0,0,0,0,0,0,0,0,0,0,0,0,0,0,0,0,0,0,0,0,0,0,0,0,0,0,0,0,0,0,0,0,0,0,0,0,0,0,0,0,0,0,0,0,0,0,0,0,0,0,0,0,0,0,0,0,0,0,0,0,0,0,0,0,0,0,0,0,0,0,0,0,0,0,0,0,0,0,0,0,0,0,0,0,0,0,0,0,0,0,0,0,0,0,0,0,0,0,0,0,0,0,0,0,0,0,0,0,0
7,0,0,0,0,0,0,0,0,0,0,0,0,0,0,0,0,0,0,0,0,0,0,0,0,0,0,0,0,0,0,0,0,0,0,0,0,0,0,0,0,0,0,0,0,0,0,0,0,0,0,0,0,0,0,0,0,0,0,0,0,0,0,0,0,0,0,0,0,0,0,0,0,0,0,0,0,0,0,0,0,0,0,0,0,0,0,0,0,0,0,0,0,0,0,0,0,0,0,0,0,0,0,0,0,0,0,0,0,0,0,0,0,0,0,0,0,0,0,0,0,0,0,0,0,0,0,0,0,0,0,0,0,0,0,0,0,0,0,0,0,0,0,0,0,0,0,0,0,0,0,0,0,0,0,0,0,0,0,0,0,0,0,0,0,0,0,0,0,0,0,0,0,0,0,0,0,0,50,252,255,220,110,94,73,13,1,0,0,0,0,0,0,0,0,0,0,0,0,0,0,0,0,0,0,0,20,248,247,209,229,204,236,254,129,0,0,0,0,0,0,0,0,0,0,0,0,0,0,0,0,0,0,0,57,240,127,0,0,0,15,182,251,94,0,0,0,0,0,0,0,0,0,0,0,0,0,0,0,0,0,0,36,99,0,0,0,0,0,0,250,152,0,0,0,0,0,0,0,0,0,0,0,0,0,0,0,0,0,0,0,11,0,0,0,0,0,0,250,178,0,0,0,0,0,0,0,0,0,0,0,0,0,0,0,0,0,0,0,0,0,0,0,0,0,95,253,79,0,0,0,0,0,0,0,0,0,0,0,0,0,0,0,0,0,0,0,0,0,0,0,0,0,236,248,26,0,0,0,0,0,0,0,0,0,0,0,0,0,0,0,0,0,0,0,0,0,0,0,0,51,249,215,0,0,0,0,0,0,0,0,0,0,0,0,0,0,0,0,0,0,0,0,0,0,0,0,0,206,254,70,0,0,0,0,0,0,0,0,0,0,0,0,0,0,0,0,0,0,0,0,0,0,0,0,145,248,204,2,0,0,0,0,0,0,0,0,0,0,0,0,0,0,0,0,0,0,0,0,0,0,0,22,235,254,54,0,0,0,0,0,0,0,0,0,0,0,0,0,0,0,0,0,0,0,0,0,0,0,0,133,254,196,7,0,0,0,0,0,0,0,0,0,0,0,0,0,0,0,0,0,0,0,0,0,0,0,18,234,221,16,0,0,0,0,0,0,0,0,0,0,0,0,0,0,0,0,0,0,0,0,0,0,0,0,162,254,120,0,0,0,0,0,0,0,0,0,0,0,0,0,0,0,0,0,0,0,0,0,0,0,0,39,215,186,12,0,0,0,0,0,0,0,0,0,0,0,0,0,0,0,0,0,0,0,0,0,0,0,0,159,250,46,0,0,0,0,0,0,0,0,0,0,0,0,0,0,0,0,0,0,0,0,0,0,0,0,58,239,145,0,0,0,0,0,0,0,0,0,0,0,0,0,0,0,0,0,0,0,0,0,0,0,0,17,211,232,50,0,0,0,0,0,0,0,0,0,0,0,0,0,0,0,0,0,0,0,0,0,0,0,0,168,254,84,0,0,0,0,0,0,0,0,0,0,0,0,0,0,0,0,0,0,0,0,0,0,0,0,0,208,172,4,0,0,0,0,0,0,0,0,0,0,0,0,0,0,0,0,0,0,0,0,0,0,0,0,0,0,0,0,0,0,0,0,0,0,0,0,0,0,0,0,0,0,0,0,0,0,0,0,0,0,0,0,0,0,0,0,0,0,0,0,0,0,0,0,0,0,0,0,0,0,0,0
4,0,0,0,0,0,0,0,0,0,0,0,0,0,0,0,0,0,0,0,0,0,0,0,0,0,0,0,0,0,0,0,0,0,0,0,0,0,0,0,0,0,0,0,0,0,0,0,0,0,0,0,0,0,0,0,0,0,0,0,0,0,0,0,0,0,0,0,0,0,0,0,0,0,0,0,0,0,0,0,0,0,0,0,0,0,0,0,0,0,0,0,0,0,0,0,0,0,0,0,0,0,0,0,0,0,0,0,0,0,0,0,0,0,0,0,0,0,0,0,0,0,0,0,0,0,0,0,0,0,0,0,0,0,0,0,0,0,0,0,0,0,0,0,0,0,0,0,0,0,0,0,0,0,0,0,0,0,11,213,82,0,0,0,0,0,0,0,0,0,0,0,0,0,0,0,0,0,0,0,0,0,0,0,0,0,92,252,203,0,0,0,0,0,0,0,0,0,0,0,0,0,0,0,0,0,0,0,0,0,0,0,0,0,152,253,183,0,0,0,0,0,0,0,0,0,0,0,0,0,0,0,21,142,41,0,0,0,0,0,0,0,193,252,61,0,0,0,0,0,0,0,0,0,0,0,0,0,0,0,52,253,214,10,0,0,0,0,0,102,254,233,0,0,0,0,0,0,0,0,0,0,0,0,0,0,0,0,51,252,233,30,0,0,0,0,0,183,253,151,0,0,0,0,0,0,0,0,0,0,0,0,0,0,0,0,113,253,142,0,0,0,0,0,0,203,254,131,0,0,0,0,0,0,0,0,0,0,0,0,0,0,0,41,233,252,20,0,0,0,0,0,41,243,233,30,0,0,0,0,0,0,0,0,0,0,0,0,0,0,0,123,254,253,152,152,152,152,132,51,173,253,123,0,0,0,0,0,0,0,0,0,0,0,0,0,0,0,0,122,253,252,253,252,253,252,253,252,253,252,243,162,123,0,0,0,0,0,0,0,0,0,0,0,0,0,0,0,0,0,0,0,0,41,102,102,254,253,224,203,82,0,0,0,0,0,0,0,0,0,0,0,0,0,0,0,0,0,0,0,0,0,0,0,253,252,102,0,0,0,0,0,0,0,0,0,0,0,0,0,0,0,0,0,0,0,0,0,0,0,0,62,254,253,102,0,0,0,0,0,0,0,0,0,0,0,0,0,0,0,0,0,0,0,0,0,0,0,0,102,253,252,20,0,0,0,0,0,0,0,0,0,0,0,0,0,0,0,0,0,0,0,0,0,0,0,0,102,254,172,0,0,0,0,0,0,0,0,0,0,0,0,0,0,0,0,0,0,0,0,0,0,0,0,0,102,253,50,0,0,0,0,0,0,0,0,0,0,0,0,0,0,0,0,0,0,0,0,0,0,0,0,0,204,255,50,0,0,0,0,0,0,0,0,0,0,0,0,0,0,0,0,0,0,0,0,0,0,0,0,41,243,253,50,0,0,0,0,0,0,0,0,0,0,0,0,0,0,0,0,0,0,0,0,0,0,0,0,51,253,244,40,0,0,0,0,0,0,0,0,0,0,0,0,0,0,0,0,0,0,0,0,0,0,0,0,10,172,162,0,0,0,0,0,0,0,0,0,0,0,0,0,0,0,0,0,0,0,0,0,0,0,0,0,0,0,0,0,0,0,0,0,0,0,0,0,0,0,0,0,0,0,0,0,0,0,0,0,0,0,0,0,0,0,0,0,0,0,0,0,0,0,0,0,0,0,0,0,0,0,0,0,0,0,0,0,0,0,0,0,0,0,0,0,0,0,0,0,0,0,0,0,0,0,0
6,0,0,0,0,0,0,0,0,0,0,0,0,0,0,0,0,0,0,0,0,0,0,0,0,0,0,0,0,0,0,0,0,0,0,0,0,0,0,0,0,0,0,0,0,0,0,0,0,0,0,0,0,0,0,0,0,0,0,0,0,0,0,0,0,0,0,0,0,0,0,0,0,0,25,156,254,124,0,0,0,0,0,0,0,0,0,0,0,0,0,0,0,0,0,0,0,0,0,0,0,84,212,253,207,78,0,0,0,0,0,0,0,0,0,0,0,0,0,0,0,0,0,0,0,0,0,0,101,212,253,206,28,0,0,0,0,0,0,0,0,0,0,0,0,0,0,0,0,0,0,0,0,0,0,24,254,249,205,68,0,0,0,0,0,0,0,0,0,0,0,0,0,0,0,0,0,0,0,0,0,0,27,211,254,200,0,0,0,0,0,0,0,0,0,0,0,0,0,0,0,0,0,0,0,0,0,0,0,0,202,253,216,78,0,0,0,0,0,0,0,0,0,0,0,0,0,0,0,0,0,0,0,0,0,0,0,177,249,213,23,0,0,0,0,0,0,0,0,0,0,0,0,0,0,0,0,0,0,0,0,0,0,0,120,248,253,86,0,0,0,0,0,0,0,0,0,0,0,0,0,0,0,0,0,0,0,0,0,0,0,119,249,253,154,1,0,0,0,0,0,0,0,0,0,0,0,0,0,0,0,0,0,0,0,0,0,0,88,222,253,160,7,0,0,0,0,0,0,0,0,0,0,0,0,0,0,0,0,0,0,0,0,0,0,3,186,254,250,34,0,0,0,0,0,0,0,0,0,0,0,0,0,0,0,0,0,0,0,0,0,0,0,61,253,246,95,0,0,0,0,0,0,0,0,0,0,0,0,0,0,0,0,0,0,0,0,0,0,0,23,222,253,180,0,0,0,0,0,0,6,37,11,0,0,0,0,0,0,0,0,0,0,0,0,0,0,0,37,253,253,100,0,0,21,107,170,170,182,253,193,135,49,7,0,0,0,0,0,0,0,0,0,0,0,0,66,253,253,60,0,99,212,253,254,253,253,253,253,253,253,123,0,0,0,0,0,0,0,0,0,0,0,0,123,253,207,14,100,245,253,184,60,60,60,60,198,253,253,122,0,0,0,0,0,0,0,0,0,0,0,0,37,253,213,80,244,134,48,3,0,0,53,109,240,253,225,24,0,0,0,0,0,0,0,0,0,0,0,0,37,253,253,178,134,5,0,0,98,109,240,253,230,122,24,0,0,0,0,0,0,0,0,0,0,0,0,0,4,68,253,253,235,184,219,230,254,253,185,122,18,0,0,0,0,0,0,0,0,0,0,0,0,0,0,0,0,3,40,167,253,253,253,137,132,63,5,0,0,0,0,0,0,0,0,0,0,0,0,0,0,0,0,0,0,0,0,0,0,0,0,0,0,0,0,0,0,0,0,0,0,0,0,0,0,0,0,0,0,0,0,0,0,0,0,0,0,0,0,0,0,0,0,0,0,0,0,0,0,0,0,0,0,0,0,0,0,0,0,0,0,0,0,0,0,0,0,0,0,0,0,0,0,0,0,0,0,0,0,0,0,0,0,0,0,0,0,0,0,0,0,0,0,0,0,0,0,0,0,0,0,0,0,0,0,0,0,0,0,0,0,0,0,0,0,0,0,0,0,0,0,0,0,0,0,0,0,0,0,0,0,0,0,0,0,0,0,0,0,0,0,0,0,0,0,0,0,0,0,0,0,0,0,0,0,0,0,0,0,0,0,0,0,0,0
7,0,0,0,0,0,0,0,0,0,0,0,0,0,0,0,0,0,0,0,0,0,0,0,0,0,0,0,0,0,0,0,0,0,0,0,0,0,0,0,0,0,0,0,0,0,0,0,0,0,0,0,0,0,0,0,0,0,0,0,0,0,0,0,0,0,0,0,0,0,0,0,0,0,0,0,0,0,0,0,0,0,0,0,0,0,0,0,0,0,0,0,0,0,0,0,0,0,0,0,0,0,0,0,0,0,0,0,0,0,0,0,0,0,0,0,0,0,0,0,0,0,0,0,0,0,0,0,0,0,0,0,0,0,0,0,0,0,0,0,0,0,0,0,0,0,0,0,0,0,0,109,235,255,254,153,32,0,0,0,0,0,0,0,0,0,0,0,0,0,0,0,0,0,0,0,0,0,0,222,253,253,253,253,219,33,0,0,0,0,0,0,0,0,0,0,0,0,0,0,0,0,0,0,0,0,0,125,179,253,253,253,253,245,130,0,0,0,0,0,0,0,0,0,0,0,0,0,0,0,0,0,0,0,0,0,7,127,45,79,253,253,250,131,0,0,0,0,0,0,0,0,0,0,0,0,0,0,0,0,0,0,0,0,0,0,0,7,78,253,253,229,35,0,0,0,0,0,0,0,0,0,0,0,0,0,0,0,0,0,0,0,0,0,0,0,38,228,253,253,91,0,0,0,0,0,0,0,0,0,0,0,0,0,0,0,0,0,0,0,0,0,0,0,0,183,253,253,91,0,0,0,0,0,0,0,0,0,0,0,0,0,0,0,0,0,0,0,0,0,0,0,49,241,253,241,63,0,0,0,0,0,0,0,0,0,0,0,0,0,0,0,0,0,0,0,0,0,0,0,96,253,253,214,0,0,0,0,0,0,0,0,0,0,0,0,0,0,0,0,0,0,0,0,0,0,0,51,239,253,253,114,0,0,0,0,0,0,0,0,0,0,0,0,0,0,0,0,0,0,0,0,0,0,0,96,253,253,219,22,0,0,0,0,0,0,0,0,0,0,0,0,0,0,0,0,0,0,0,0,0,0,15,208,253,253,180,0,0,0,0,0,0,0,0,0,0,0,0,0,0,0,0,0,0,0,0,0,0,0,162,253,253,244,64,0,0,0,0,0,0,0,0,0,0,0,0,0,0,0,0,0,0,0,0,0,0,13,210,253,253,114,0,0,0,0,0,0,0,0,0,0,0,0,0,0,0,0,0,0,0,0,0,0,0,162,253,253,253,71,0,0,0,0,0,0,0,0,0,0,0,0,0,0,0,0,0,0,0,0,0,0,53,236,253,253,217,27,0,0,0,0,0,0,0,0,0,0,0,0,0,0,0,0,0,0,0,0,0,0,96,253,253,248,113,0,0,0,0,0,0,0,0,0,0,0,0,0,0,0,0,0,0,0,0,0,0,5,217,253,253,181,0,0,0,0,0,0,0,0,0,0,0,0,0,0,0,0,0,0,0,0,0,0,0,92,253,253,211,27,0,0,0,0,0,0,0,0,0,0,0,0,0,0,0,0,0,0,0,0,0,0,0,45,166,213,25,0,0,0,0,0,0,0,0,0,0,0,0,0,0,0,0,0,0,0,0,0,0,0,0,0,0,0,0,0,0,0,0,0,0,0,0,0,0,0,0,0,0,0,0,0,0,0,0,0,0,0,0,0,0,0,0,0,0,0,0,0,0,0,0,0,0,0,0,0,0,0,0,0,0,0,0,0,0,0,0,0,0,0,0,0,0,0,0,0,0,0,0,0,0,0,0,0,0
9,0,0,0,0,0,0,0,0,0,0,0,0,0,0,0,0,0,0,0,0,0,0,0,0,0,0,0,0,0,0,0,0,0,0,0,0,0,0,0,0,0,0,0,0,0,0,0,0,0,0,0,0,0,0,0,0,0,0,0,0,0,0,0,0,0,0,0,0,0,0,0,0,0,0,0,0,0,0,0,0,0,0,0,0,0,0,0,0,0,0,0,0,0,0,0,0,0,0,0,0,0,0,0,0,0,0,0,0,0,0,0,0,0,0,0,0,0,0,0,0,0,0,0,0,0,0,0,0,0,0,0,0,0,0,0,0,0,0,0,0,0,0,0,0,0,0,0,0,0,0,0,0,0,0,0,0,0,0,0,0,0,0,0,0,0,0,0,0,0,0,0,0,0,0,0,0,0,0,0,0,0,0,0,29,146,234,255,143,0,0,0,0,0,0,0,0,0,0,0,0,0,0,0,0,0,0,0,0,0,0,28,167,253,253,253,208,13,0,0,0,0,0,0,0,0,0,0,0,0,0,0,0,0,0,0,0,1,75,164,253,253,253,253,252,42,0,0,0,0,0,0,0,0,0,0,0,0,0,0,0,0,0,0,0,146,253,253,253,253,253,253,170,0,0,0,0,0,0,0,0,0,0,0,0,0,0,0,0,0,0,0,100,248,253,224,124,217,253,253,81,0,0,0,0,0,0,0,0,0,0,0,0,0,0,0,0,0,10,140,247,253,246,109,27,253,253,253,81,0,0,0,0,0,0,0,0,0,0,0,0,0,0,0,0,37,191,253,253,250,74,18,154,253,253,253,81,0,0,0,0,0,0,0,0,0,0,0,0,0,0,0,34,239,253,253,253,118,126,216,253,253,253,253,163,0,0,0,0,0,0,0,0,0,0,0,0,0,0,0,44,253,253,253,216,179,246,253,253,253,253,252,158,19,0,0,0,0,0,0,0,0,0,0,0,0,0,0,44,253,253,253,253,253,253,253,253,253,233,86,0,0,0,0,0,0,0,0,0,0,0,0,0,0,0,0,44,253,253,253,253,253,253,253,253,253,71,0,0,0,0,0,0,0,0,0,0,0,0,0,0,0,0,0,3,177,242,249,232,178,207,253,253,188,3,0,0,0,0,0,0,0,0,0,0,0,0,0,0,0,0,0,0,0,41,70,0,37,223,253,239,29,0,0,0,0,0,0,0,0,0,0,0,0,0,0,0,0,0,0,0,0,0,0,0,212,253,253,190,0,0,0,0,0,0,0,0,0,0,0,0,0,0,0,0,0,0,0,0,0,0,0,58,244,253,204,12,0,0,0,0,0,0,0,0,0,0,0,0,0,0,0,0,0,0,0,0,0,0,34,235,253,253,161,0,0,0,0,0,0,0,0,0,0,0,0,0,0,0,0,0,0,0,0,0,0,0,93,253,253,231,50,0,0,0,0,0,0,0,0,0,0,0,0,0,0,0,0,0,0,0,0,0,0,7,210,253,253,139,0,0,0,0,0,0,0,0,0,0,0,0,0,0,0,0,0,0,0,0,0,0,0,11,253,253,242,27,0,0,0,0,0,0,0,0,0,0,0,0,0,0,0,0,0,0,0,0,0,0,0,2,126,253,99,0,0,0,0,0,0,0,0,0,0,0,0,0,0,0,0,0,0,0,0,0,0,0,0,0,0,0,0,0,0,0,0,0,0,0,0,0,0,0,0,0,0,0,0,0,0,0,0,0,0,0,0,0,0,0,0,0,0,0,0,0,0,0,0,0,0,0,0,0,0,0
0,0,0,0,0,0,0,0,0,0,0,0,0,0,0,0,0,0,0,0,0,0,0,0,0,0,0,0,0,0,0,0,0,0,0,0,0,0,0,0,0,0,0,0,0,0,0,0,0,0,0,0,0,0,0,0,0,0,0,0,0,0,0,0,0,0,0,0,0,0,0,0,0,0,0,0,0,0,0,0,0,0,0,0,0,0,0,0,0,0,0,0,0,0,0,0,0,0,0,0,0,0,0,0,0,0,0,0,0,0,0,0,0,0,0,0,0,0,0,0,0,0,0,0,0,0,64,185,254,254,212,25,0,0,0,0,0,0,0,0,0,0,0,0,0,0,0,0,0,0,0,0,0,0,134,254,253,253,253,208,28,0,0,0,0,0,0,0,0,0,0,0,0,0,0,0,0,0,0,0,0,0,134,254,253,253,253,253,186,0,0,0,0,0,0,0,0,0,0,0,0,0,0,0,0,0,0,0,0,5,172,254,253,253,253,253,217,26,0,0,0,0,0,0,0,0,0,0,0,0,0,0,0,0,0,0,8,147,253,254,253,228,243,253,253,115,0,0,0,0,0,0,0,0,0,0,0,0,0,0,0,0,0,0,27,253,253,254,202,55,116,253,253,213,0,0,0,0,0,0,0,0,0,0,0,0,0,0,0,0,0,7,133,253,253,235,11,0,81,253,253,213,0,0,0,0,0,0,0,0,0,0,0,0,0,0,0,0,0,126,253,253,253,121,0,0,30,220,253,213,0,0,0,0,0,0,0,0,0,0,0,0,0,0,0,0,3,178,253,253,175,0,0,0,47,231,253,213,0,0,0,0,0,0,0,0,0,0,0,0,0,0,0,0,54,253,253,246,57,0,0,0,81,253,253,213,0,0,0,0,0,0,0,0,0,0,0,0,0,0,0,32,220,254,254,241,0,0,0,0,81,254,254,214,0,0,0,0,0,0,0,0,0,0,0,0,0,0,0,68,253,253,253,113,0,0,0,0,81,253,253,156,0,0,0,0,0,0,0,0,0,0,0,0,0,0,0,117,253,253,229,11,0,0,0,35,215,253,233,50,0,0,0,0,0,0,0,0,0,0,0,0,0,0,0,201,253,253,226,0,0,0,0,136,253,253,199,0,0,0,0,0,0,0,0,0,0,0,0,0,0,0,64,242,253,253,121,0,0,0,121,248,253,253,94,0,0,0,0,0,0,0,0,0,0,0,0,0,0,0,109,253,253,253,93,0,0,54,244,253,253,175,18,0,0,0,0,0,0,0,0,0,0,0,0,0,0,0,214,253,253,253,119,48,174,255,253,253,176,17,0,0,0,0,0,0,0,0,0,0,0,0,0,0,0,0,214,253,253,253,253,253,253,255,253,194,15,0,0,0,0,0,0,0,0,0,0,0,0,0,0,0,0,0,207,253,253,253,253,253,253,241,183,67,0,0,0,0,0,0,0,0,0,0,0,0,0,0,0,0,0,0,38,225,253,253,253,246,120,0,0,0,0,0,0,0,0,0,0,0,0,0,0,0,0,0,0,0,0,0,0,0,0,0,0,0,0,0,0,0,0,0,0,0,0,0,0,0,0,0,0,0,0,0,0,0,0,0,0,0,0,0,0,0,0,0,0,0,0,0,0,0,0,0,0,0,0,0,0,0,0,0,0,0,0,0,0,0,0,0,0,0,0,0,0,0,0,0,0,0,0,0,0,0,0,0,0,0,0,0,0,0,0,0,0,0,0,0,0,0,0,0,0,0,0,0,0,0,0,0,0,0,0,0,0
1,0,0,0,0,0,0,0,0,0,0,0,0,0,0,0,0,0,0,0,0,0,0,0,0,0,0,0,0,0,0,0,0,0,0,0,0,0,0,0,0,0,0,0,0,0,0,0,0,0,0,0,0,0,0,0,0,0,0,0,0,0,0,0,0,0,0,0,0,0,0,0,0,0,0,0,0,0,0,0,0,0,0,0,0,0,0,0,0,0,0,0,0,0,0,0,0,0,0,0,0,0,0,0,0,0,0,0,0,0,0,0,0,0,0,0,0,0,0,0,0,0,0,0,0,0,0,0,0,0,0,0,0,0,0,0,0,0,0,0,0,0,0,0,0,0,0,0,0,0,0,0,0,0,0,0,0,254,151,0,0,0,0,0,0,0,0,0,0,0,0,0,0,0,0,0,0,0,0,0,0,0,0,0,0,253,151,0,0,0,0,0,0,0,0,0,0,0,0,0,0,0,0,0,0,0,0,0,0,0,0,0,102,254,151,0,0,0,0,0,0,0,0,0,0,0,0,0,0,0,0,0,0,0,0,0,0,0,0,0,183,253,151,0,0,0,0,0,0,0,0,0,0,0,0,0,0,0,0,0,0,0,0,0,0,0,0,11,213,254,50,0,0,0,0,0,0,0,0,0,0,0,0,0,0,0,0,0,0,0,0,0,0,0,0,51,252,253,50,0,0,0,0,0,0,0,0,0,0,0,0,0,0,0,0,0,0,0,0,102,61,0,0,72,253,224,20,0,0,0,0,0,0,0,0,0,0,0,0,0,0,0,0,0,0,0,0,0,0,0,0,193,252,162,0,0,0,0,0,0,0,0,0,0,0,0,0,0,0,0,0,0,0,0,0,0,0,0,0,254,253,102,0,0,0,0,0,0,0,0,0,0,0,0,0,0,0,0,0,0,0,0,0,0,0,0,0,253,252,61,0,0,0,0,0,0,0,0,0,0,0,0,0,0,0,0,0,0,0,0,0,0,0,0,102,254,192,0,0,0,0,0,0,0,0,0,0,0,0,0,0,0,0,0,0,0,0,0,0,0,0,0,142,253,70,0,0,0,0,0,0,0,0,0,0,0,0,0,0,0,0,0,0,0,0,0,0,0,0,31,233,254,50,0,0,0,0,0,0,0,0,0,0,0,0,0,0,0,0,0,0,0,0,0,0,0,0,51,252,233,30,0,0,0,0,0,0,0,0,0,0,0,0,0,0,0,0,0,0,0,0,0,0,0,0,72,253,183,0,0,0,0,0,0,0,0,0,0,0,0,0,0,0,0,0,0,0,0,0,0,0,0,0,193,252,20,0,0,0,0,0,0,0,0,0,0,0,0,0,0,0,0,0,0,0,0,0,0,0,0,103,255,233,0,0,0,0,0,0,0,0,0,0,0,0,0,0,0,0,0,0,0,0,0,0,0,0,0,102,253,111,0,0,0,0,0,0,21,20,0,0,0,0,0,0,0,0,0,0,0,0,0,0,0,0,0,103,224,20,0,0,0,0,0,0,21,20,0,0,0,0,0,0,0,0,0,0,0,0,0,0,0,0,0,102,203,0,0,0,0,0,0,0,0,0,0,0,0,0,0,0,0,0,0,0,0,0,0,0,0,0,0,0,0,0,0,0,0,0,0,0,0,0,0,0,0,0,0,0,0,0,0,0,0,0,0,0,0,0,0,0,0,0,0,0,0,0,0,0,0,0,0,0,0,0,0,0,0,0,0,0,0,0,0,0,0,0,0,0,0,0,0,0,0,0,0,0,0,0,0,0,0,0,0,0
2,0,0,0,0,0,0,0,0,0,0,0,0,0,0,0,0,0,0,0,0,0,0,0,0,0,0,0,0,0,0,0,0,0,0,0,0,0,0,0,0,0,0,0,0,0,0,0,0,0,0,0,0,0,0,0,0,0,0,0,0,0,0,0,0,0,0,0,0,0,0,0,0,0,0,0,0,0,0,0,0,0,0,0,0,0,0,0,0,0,0,0,0,0,0,0,0,0,0,0,0,0,0,0,0,0,0,0,0,0,0,0,0,0,0,0,0,0,0,0,0,0,0,0,0,0,0,0,0,16,218,51,0,0,0,0,0,0,0,0,0,0,0,0,0,0,0,0,0,0,0,0,0,0,0,0,0,98,253,51,0,0,0,0,0,0,0,0,0,0,0,0,0,0,0,0,0,0,0,0,0,0,0,0,113,233,253,51,0,0,0,0,0,0,0,0,0,0,0,0,0,0,0,0,0,0,0,0,0,0,5,123,254,253,253,69,0,0,0,0,0,0,0,0,0,0,0,0,0,0,0,0,0,0,0,0,0,7,173,253,254,149,244,87,0,0,0,0,0,0,0,0,0,0,0,0,0,0,0,0,0,0,0,0,0,107,253,253,126,81,253,51,0,0,0,0,0,0,0,0,0,0,0,0,0,0,0,0,0,0,0,0,0,77,205,97,0,125,247,34,0,0,0,0,0,0,0,0,0,0,0,0,0,0,0,0,0,0,0,0,0,0,0,0,14,210,146,0,0,0,0,0,0,0,0,0,0,0,0,0,0,0,0,0,0,0,0,0,0,0,0,0,97,247,45,0,0,0,0,0,0,0,0,0,0,0,0,0,0,0,0,0,0,0,0,0,0,0,0,10,249,147,0,0,0,0,0,0,0,0,0,0,0,0,0,0,0,0,0,0,0,0,0,0,0,0,2,189,237,38,0,0,0,0,0,0,0,0,0,0,0,0,0,0,0,0,0,0,0,0,0,0,0,0,126,253,130,0,0,0,0,0,0,0,0,0,0,0,0,0,0,0,0,0,0,0,0,0,17,141,200,254,254,254,82,0,0,0,0,0,0,0,0,0,0,0,0,0,0,0,0,0,0,0,0,50,206,226,172,253,251,237,205,3,0,0,0,0,0,0,0,0,0,0,0,0,0,0,0,0,0,0,4,211,175,12,191,246,94,95,254,62,0,0,0,0,0,0,0,0,0,0,0,0,0,0,0,0,0,0,69,253,182,203,240,94,0,14,254,151,0,0,0,0,0,0,0,0,0,0,0,0,0,0,0,0,0,0,137,254,254,195,37,0,0,0,255,152,0,0,0,0,0,0,0,0,0,0,0,0,0,0,0,0,0,0,40,85,62,4,0,0,0,0,227,192,41,0,0,0,0,0,0,0,0,0,0,0,0,0,0,0,0,0,0,0,0,0,0,0,0,0,145,253,97,0,0,0,0,0,0,0,0,0,0,0,0,0,0,0,0,0,0,0,0,0,0,0,0,0,83,253,34,0,0,0,0,0,0,0,0,0,0,0,0,0,0,0,0,0,0,0,0,0,0,0,0,0,0,0,0,0,0,0,0,0,0,0,0,0,0,0,0,0,0,0,0,0,0,0,0,0,0,0,0,0,0,0,0,0,0,0,0,0,0,0,0,0,0,0,0,0,0,0,0,0,0,0,0,0,0,0,0,0,0,0,0,0,0,0,0,0,0,0,0,0,0,0,0,0,0,0,0,0,0,0,0,0,0,0,0,0,0,0,0,0,0,0,0,0,0,0,0,0,0
5,0,0,0,0,0,0,0,0,0,0,0,0,0,0,0,0,0,0,0,0,0,0,0,0,0,0,0,0,0,0,0,0,0,0,0,0,0,0,0,0,0,0,0,0,0,0,0,0,0,0,0,0,0,0,0,0,0,0,0,0,0,0,0,0,0,0,0,0,0,0,0,0,0,0,0,0,0,0,0,0,0,0,0,0,0,0,0,0,0,0,0,0,0,0,0,0,0,0,0,0,0,0,0,0,0,0,0,0,0,0,0,0,0,0,0,0,0,0,0,0,0,0,0,0,0,0,0,0,0,0,0,0,0,0,0,0,0,0,0,0,0,0,0,0,0,0,0,0,0,85,255,178,63,63,63,63,63,39,63,63,63,63,23,0,0,0,0,0,0,0,0,0,0,0,0,0,29,222,254,254,254,254,254,254,254,241,254,254,254,254,225,22,0,0,0,0,0,0,0,0,0,0,0,0,128,254,188,162,162,162,249,179,162,162,162,162,162,162,120,0,0,0,0,0,0,0,0,0,0,0,0,56,251,239,29,0,0,0,4,1,0,0,0,0,0,0,0,0,0,0,0,0,0,0,0,0,0,0,0,101,254,184,0,0,0,0,0,0,0,0,0,0,0,0,0,0,0,0,0,0,0,0,0,0,0,0,10,210,254,98,0,0,0,0,0,0,0,0,0,0,0,0,0,0,0,0,0,0,0,0,0,0,0,0,49,254,254,240,149,149,149,119,23,0,0,0,0,0,0,0,0,0,0,0,0,0,0,0,0,0,0,0,32,209,234,234,241,254,254,254,229,169,87,9,0,0,0,0,0,0,0,0,0,0,0,0,0,0,0,0,0,0,0,0,26,77,84,172,218,254,254,212,99,0,0,0,0,0,0,0,0,0,0,0,0,0,0,0,0,0,0,0,0,0,0,0,8,92,138,250,249,67,0,0,0,0,0,0,0,0,0,0,0,0,0,0,0,0,0,0,0,0,0,0,0,0,0,77,245,240,25,0,0,0,0,0,0,0,0,0,0,0,0,0,0,0,0,0,0,0,0,0,0,0,0,0,106,254,120,0,0,0,0,0,0,0,0,0,0,0,0,0,0,0,0,0,0,0,0,0,0,0,0,0,53,254,135,0,0,0,0,0,0,0,0,0,0,0,0,0,0,0,0,0,0,0,0,0,0,0,0,0,90,254,139,0,0,0,0,0,0,0,0,0,0,0,0,0,0,61,94,0,0,0,0,0,0,0,0,29,236,254,56,0,0,0,0,0,0,0,0,0,0,0,0,0,0,9,245,172,0,0,0,0,0,0,12,148,254,254,24,0,0,0,0,0,0,0,0,0,0,0,0,0,0,0,137,248,197,12,1,0,1,47,183,254,253,158,6,0,0,0,0,0,0,0,0,0,0,0,0,0,0,0,43,218,254,254,142,163,180,254,254,254,156,0,0,0,0,0,0,0,0,0,0,0,0,0,0,0,0,0,0,14,129,252,254,254,254,254,243,115,6,0,0,0,0,0,0,0,0,0,0,0,0,0,0,0,0,0,0,0,0,116,237,186,139,62,43,0,0,0,0,0,0,0,0,0,0,0,0,0,0,0,0,0,0,0,0,0,0,0,0,0,0,0,0,0,0,0,0,0,0,0,0,0,0,0,0,0,0,0,0,0,0,0,0,0,0,0,0,0,0,0,0,0,0,0,0,0,0,0,0,0,0,0,0,0,0,0,0,0,0,0,0,0,0,0,0,0,0,0,0,0,0,0,0,0,0,0,0,0,0,0
6,0,0,0,0,0,0,0,0,0,0,0,0,0,0,0,0,0,0,0,0,0,0,0,0,0,0,0,0,0,0,0,0,0,0,0,0,0,0,0,0,0,0,0,0,0,0,0,0,0,0,0,0,0,0,0,0,0,0,0,0,0,0,0,0,0,0,0,0,0,0,0,198,140,0,0,0,0,0,0,0,0,0,0,0,0,0,0,0,0,0,0,0,0,0,0,0,0,0,63,234,139,0,0,0,0,0,0,0,0,0,0,0,0,0,0,0,0,0,0,0,0,0,0,0,0,0,169,252,103,0,0,0,0,0,0,0,0,0,0,0,0,0,0,0,0,0,0,0,0,0,0,0,0,26,243,214,15,0,0,0,0,0,0,0,0,0,0,0,0,0,0,0,0,0,0,0,0,0,0,0,0,154,253,156,0,0,0,0,0,0,0,0,0,0,0,0,0,0,0,0,0,0,0,0,0,0,0,0,26,253,252,56,0,0,0,0,0,0,0,0,0,0,0,0,0,0,0,0,0,0,0,0,0,0,0,0,150,253,170,13,0,0,0,0,0,0,0,0,0,0,0,0,0,0,0,0,0,0,0,0,0,0,0,76,249,253,84,0,0,0,0,0,0,0,0,0,0,0,0,0,0,0,0,0,0,0,0,0,0,0,45,229,253,151,0,0,0,0,0,0,0,0,0,0,0,0,0,0,0,0,0,0,0,0,0,0,0,0,169,252,227,0,0,0,0,57,131,169,119,0,0,0,0,0,0,0,0,0,0,0,0,0,0,0,0,23,234,252,52,0,0,29,134,253,252,252,252,0,0,0,0,0,0,0,0,0,0,0,0,0,0,0,0,128,252,177,3,0,101,234,252,253,252,252,252,0,0,0,0,0,0,0,0,0,0,0,0,0,0,0,0,255,247,100,0,204,253,253,253,226,150,160,253,51,0,0,0,0,0,0,0,0,0,0,0,0,0,0,26,253,171,0,26,253,252,233,96,0,0,85,252,0,0,0,0,0,0,0,0,0,0,0,0,0,0,0,113,253,84,0,150,253,233,62,0,0,0,172,252,0,0,0,0,0,0,0,0,0,0,0,0,0,0,0,113,253,84,0,175,253,246,150,0,0,101,246,252,0,0,0,0,0,0,0,0,0,0,0,0,0,0,0,114,255,178,104,229,242,184,0,13,141,216,253,241,0,0,0,0,0,0,0,0,0,0,0,0,0,0,0,38,253,252,252,252,216,196,169,206,253,252,233,59,0,0,0,0,0,0,0,0,0,0,0,0,0,0,0,0,119,224,252,252,253,252,252,252,244,142,37,0,0,0,0,0,0,0,0,0,0,0,0,0,0,0,0,0,0,44,177,252,190,139,139,40,25,0,0,0,0,0,0,0,0,0,0,0,0,0,0,0,0,0,0,0,0,0,0,0,0,0,0,0,0,0,0,0,0,0,0,0,0,0,0,0,0,0,0,0,0,0,0,0,0,0,0,0,0,0,0,0,0,0,0,0,0,0,0,0,0,0,0,0,0,0,0,0,0,0,0,0,0,0,0,0,0,0,0,0,0,0,0,0,0,0,0,0,0,0,0,0,0,0,0,0,0,0,0,0,0,0,0,0,0,0,0,0,0,0,0,0,0,0,0,0,0,0,0,0,0,0,0,0,0,0,0,0,0,0,0,0,0,0,0,0,0,0,0,0,0,0,0,0,0,0,0,0,0,0,0,0,0,0,0,0,0,0,0,0,0,0,0,0,0,0,0,0,0,0,0,0,0,0,0
8,0,0,0,0,0,0,0,0,0,0,0,0,0,0,0,0,0,0,0,0,0,0,0,0,0,0,0,0,0,0,0,0,0,0,0,0,0,0,0,0,0,0,0,0,0,0,0,0,0,0,0,0,0,0,0,0,0,0,0,0,0,0,0,0,0,0,0,0,0,0,0,0,0,0,0,0,0,0,0,0,0,0,0,0,0,0,0,0,0,0,0,0,0,0,0,0,0,0,0,0,0,0,0,0,0,0,0,0,0,0,0,0,0,0,0,0,0,0,0,0,0,0,0,0,0,0,0,0,0,0,0,0,0,0,0,0,0,0,0,0,0,0,0,0,0,0,0,0,0,29,114,255,255,255,255,255,255,255,198,86,0,0,0,0,0,0,0,0,0,0,0,0,0,0,0,0,0,170,255,255,255,255,255,226,198,255,255,255,57,0,0,0,0,0,0,0,0,0,0,0,0,0,0,0,0,255,255,198,57,0,0,0,0,29,198,255,86,0,0,0,0,0,0,0,0,0,0,0,0,0,0,0,0,198,255,198,29,0,0,0,0,29,226,226,57,0,86,29,0,0,0,0,0,0,0,0,0,0,0,0,0,57,255,255,226,29,0,0,29,226,226,86,0,86,255,170,0,0,0,0,0,0,0,0,0,0,0,0,0,0,114,255,255,198,29,0,57,114,29,0,0,86,255,226,0,0,0,0,0,0,0,0,0,0,0,0,0,0,0,114,255,255,170,0,0,0,0,0,0,86,255,255,0,0,0,0,0,0,0,0,0,0,0,0,0,0,0,0,86,255,255,141,0,0,0,0,29,170,255,170,0,0,0,0,0,0,0,0,0,0,0,0,0,0,0,0,0,114,255,255,114,0,29,114,226,255,255,114,0,0,0,0,0,0,0,0,0,0,0,0,0,0,0,0,0,0,114,255,255,141,198,255,255,255,170,0,0,0,0,0,0,0,0,0,0,0,0,0,0,0,0,0,0,0,57,255,255,255,255,255,226,57,0,0,0,0,0,0,0,0,0,0,0,0,0,0,0,0,0,29,114,198,255,255,255,255,226,57,0,0,0,0,0,0,0,0,0,0,0,0,0,0,0,0,0,114,226,255,255,255,255,226,198,255,170,0,0,0,0,0,0,0,0,0,0,0,0,0,0,0,0,57,198,255,255,255,226,86,29,0,114,255,170,0,0,0,0,0,0,0,0,0,0,0,0,0,0,0,114,255,255,255,198,86,0,0,0,29,226,255,141,0,0,0,0,0,0,0,0,0,0,0,0,0,0,0,226,255,226,86,0,0,0,0,29,226,255,226,29,0,0,0,0,0,0,0,0,0,0,0,0,0,0,86,255,255,57,0,0,0,0,86,226,255,226,86,0,0,0,0,0,0,0,0,0,0,0,0,0,0,0,86,255,226,114,86,86,170,226,255,255,226,29,0,0,0,0,0,0,0,0,0,0,0,0,0,0,0,0,57,255,255,255,255,255,255,255,226,141,29,0,0,0,0,0,0,0,0,0,0,0,0,0,0,0,0,0,0,29,141,198,255,226,170,86,0,0,0,0,0,0,0,0,0,0,0,0,0,0,0,0,0,0,0,0,0,0,0,0,0,0,0,0,0,0,0,0,0,0,0,0,0,0,0,0,0,0,0,0,0,0,0,0,0,0,0,0,0,0,0,0,0,0,0,0,0,0,0,0,0,0,0,0,0,0,0,0,0,0,0,0,0,0,0,0,0,0,0,0,0,0,0,0,0,0,0,0,0,0,0,0,0,0,0
9,0,0,0,0,0,0,0,0,0,0,0,0,0,0,0,0,0,0,0,0,0,0,0,0,0,0,0,0,0,0,0,0,0,0,0,0,0,0,0,0,0,0,0,0,0,0,0,0,0,0,0,0,0,0,0,0,0,0,0,0,0,0,0,0,0,0,0,0,0,0,0,0,0,0,0,0,0,0,0,0,0,0,0,0,0,0,0,0,0,0,0,0,0,0,0,0,0,0,0,0,0,0,0,0,0,0,0,0,0,0,0,0,0,0,0,0,0,0,0,0,0,0,0,0,0,0,0,0,0,0,0,0,0,0,0,0,0,0,0,0,0,0,0,0,0,0,0,0,0,0,0,0,0,0,0,0,0,0,0,0,0,0,0,0,0,0,0,0,0,0,0,0,0,0,0,0,0,0,0,128,191,255,255,255,255,191,0,0,0,0,0,0,0,0,0,0,0,0,0,0,0,0,0,0,0,128,255,255,255,255,255,255,255,255,128,0,0,0,0,0,0,0,0,0,0,0,0,0,0,0,0,0,64,255,255,255,255,255,255,255,255,255,128,0,0,0,0,0,0,0,0,0,0,0,0,0,0,0,0,0,255,255,255,255,191,64,0,0,0,191,255,255,0,0,0,0,0,0,0,0,0,0,0,0,0,0,0,0,255,255,255,191,64,0,0,0,0,0,191,255,128,0,0,0,0,0,0,0,0,0,0,0,0,0,0,0,255,255,128,0,0,0,0,0,0,0,255,255,128,0,0,0,0,0,0,0,0,0,0,0,0,0,0,128,255,255,0,0,0,0,0,0,0,128,255,255,64,0,0,0,0,0,0,0,0,0,0,0,0,0,0,128,255,255,0,0,0,0,0,0,0,255,255,255,0,0,0,0,0,0,0,0,0,0,0,0,0,0,0,128,255,255,255,128,0,0,0,128,255,255,255,191,0,0,0,0,0,0,0,0,0,0,0,0,0,0,0,64,255,255,255,255,255,255,255,255,255,255,255,128,0,0,0,0,0,0,0,0,0,0,0,0,0,0,0,0,191,255,255,255,255,255,255,255,255,255,255,128,0,0,0,0,0,0,0,0,0,0,0,0,0,0,0,0,0,128,255,255,255,255,255,191,128,255,255,64,0,0,0,0,0,0,0,0,0,0,0,0,0,0,0,0,0,0,0,0,64,128,0,0,0,255,255,0,0,0,0,0,0,0,0,0,0,0,0,0,0,0,0,0,0,0,0,0,0,0,0,0,0,255,255,0,0,0,0,0,0,0,0,0,0,0,0,0,0,0,0,0,0,0,0,0,0,0,0,0,0,255,255,64,0,0,0,0,0,0,0,0,0,0,0,0,0,0,0,0,0,0,0,0,0,0,0,0,0,255,255,64,0,0,0,0,0,0,0,0,0,0,0,0,0,0,0,0,0,0,0,0,0,0,0,0,0,255,255,191,0,0,0,0,0,0,0,0,0,0,0,0,0,0,0,0,0,0,0,0,0,0,0,0,0,255,255,255,0,0,0,0,0,0,0,0,0,0,0,0,0,0,0,0,0,0,0,0,0,0,0,0,0,255,255,255,0,0,0,0,0,0,0,0,0,0,0,0,0,0,0,0,0,0,0,0,0,0,0,0,0,64,255,128,0,0,0,0,0,0,0,0,0,0,0,0,0,0,0,0,0,0,0,0,0,0,0,0,0,0,0,0,0,0,0,0,0,0,0,0,0,0,0,0,0,0,0,0,0,0,0,0,0,0,0,0,0,0,0,0,0,0,0,0,0,0,0,0
2,0,0,0,0,0,0,0,0,0,0,0,0,0,0,0,0,0,0,0,0,0,0,0,0,0,0,0,0,0,0,0,0,0,0,0,0,0,0,0,0,0,0,0,0,0,0,0,0,0,0,0,0,0,0,0,0,0,0,0,0,0,0,0,0,0,0,0,0,0,0,0,0,0,0,0,0,0,0,0,0,0,0,0,0,0,0,0,0,0,0,0,0,0,0,0,0,0,0,0,0,0,0,0,0,0,0,0,0,0,0,0,0,0,0,0,0,0,0,0,0,0,0,0,0,61,167,198,252,255,175,122,14,0,0,0,0,0,0,0,0,0,0,0,0,0,0,0,0,0,0,8,143,251,254,184,183,183,198,254,235,33,0,0,0,0,0,0,0,0,0,0,0,0,0,0,0,0,9,172,254,172,17,0,0,0,4,63,228,185,0,0,0,0,0,0,0,0,0,0,0,0,0,0,0,0,84,254,171,7,0,0,0,0,0,0,162,242,34,0,0,0,0,0,0,0,0,0,0,0,0,0,0,23,191,170,9,0,0,0,0,0,0,0,138,254,61,0,0,0,0,0,0,0,0,0,0,0,0,0,0,38,218,27,0,0,0,0,0,0,0,0,211,241,32,0,0,0,0,0,0,0,0,0,0,0,0,0,0,0,18,0,0,0,0,0,0,0,0,5,215,188,0,0,0,0,0,0,0,0,0,0,0,0,0,0,0,0,0,0,0,0,0,0,0,0,0,87,254,73,0,0,0,0,0,0,0,0,0,0,0,0,0,0,0,0,0,0,0,0,0,0,0,0,0,219,252,51,0,0,0,0,0,0,0,0,0,0,0,0,0,0,0,0,0,0,0,0,0,0,0,0,37,243,128,0,0,0,0,0,0,0,0,0,0,0,0,0,0,0,0,0,0,0,67,167,107,80,3,0,198,254,44,0,0,0,0,0,0,0,0,0,0,0,0,0,0,0,0,0,10,120,252,254,254,254,222,119,253,132,2,0,0,0,0,0,0,0,0,0,0,0,0,0,0,0,0,48,194,247,120,17,17,132,252,254,201,15,0,0,0,0,0,0,0,0,0,0,0,0,0,0,0,0,30,199,216,41,0,0,0,17,247,254,221,19,0,0,0,0,0,0,0,0,0,0,0,0,0,0,0,0,114,231,33,0,0,0,0,200,254,193,254,163,8,0,0,0,0,0,0,0,0,0,0,0,0,0,0,30,240,137,0,0,0,5,153,254,140,14,232,254,98,0,0,0,0,0,0,0,0,0,0,0,0,0,0,102,248,49,0,0,18,179,254,170,5,0,84,250,246,132,28,0,0,0,0,0,0,0,0,0,0,0,0,113,205,3,0,24,197,253,145,0,0,0,0,143,248,187,15,0,0,0,0,0,0,0,0,0,0,0,0,62,254,148,169,239,244,122,0,0,0,0,0,0,49,0,0,0,0,0,0,0,0,0,0,0,0,0,0,19,175,254,254,175,46,0,0,0,0,0,0,0,0,0,0,0,0,0,0,0,0,0,0,0,0,0,0,0,0,0,0,0,0,0,0,0,0,0,0,0,0,0,0,0,0,0,0,0,0,0,0,0,0,0,0,0,0,0,0,0,0,0,0,0,0,0,0,0,0,0,0,0,0,0,0,0,0,0,0,0,0,0,0,0,0,0,0,0,0,0,0,0,0,0,0,0,0,0,0,0,0,0,0,0,0,0,0,0,0,0,0,0,0,0,0,0,0,0,0,0,0,0,0,0,0,0,0,0,0,0,0,0,0
9,0,0,0,0,0,0,0,0,0,0,0,0,0,0,0,0,0,0,0,0,0,0,0,0,0,0,0,0,0,0,0,0,0,0,0,0,0,0,0,0,0,0,0,0,0,0,0,0,0,0,0,0,0,0,0,0,0,0,0,0,0,0,0,0,0,0,0,0,0,0,0,0,0,0,0,0,0,0,0,0,0,0,0,0,0,0,0,0,0,0,0,0,0,0,0,0,0,0,0,0,0,0,0,0,0,0,0,0,0,0,0,0,0,0,0,0,0,0,0,0,0,0,0,0,0,0,0,0,0,0,0,0,0,0,0,0,0,0,0,0,0,0,0,0,0,0,0,0,0,0,0,0,0,0,0,0,0,0,0,0,0,0,0,0,0,0,0,0,0,0,0,0,0,0,0,0,0,0,0,0,0,0,0,0,0,0,0,0,0,0,0,0,0,0,0,0,0,0,0,0,0,0,0,0,0,0,0,0,0,63,254,254,196,65,0,0,0,0,0,0,0,0,0,0,0,0,0,0,0,0,0,0,0,0,0,0,107,254,253,253,253,198,0,0,0,0,0,0,0,0,0,0,0,0,0,0,0,0,0,0,0,0,0,156,248,241,154,102,249,198,0,0,0,0,0,0,0,0,0,0,0,0,0,0,0,0,0,0,0,6,200,251,244,58,0,206,253,92,0,0,0,0,0,0,0,0,0,0,0,0,0,0,0,0,0,0,0,108,253,236,112,8,85,238,253,112,0,0,0,0,0,0,0,0,0,0,0,0,0,0,0,0,0,0,70,249,253,90,39,159,253,253,253,242,43,0,0,0,0,0,0,0,0,0,0,0,0,0,0,0,0,3,192,253,234,209,242,253,165,40,244,253,55,0,0,0,0,0,0,0,0,0,0,0,0,0,0,0,0,56,253,253,253,253,215,87,0,0,243,253,55,0,0,0,0,0,0,0,0,0,0,0,0,0,0,0,0,39,237,253,240,94,9,0,0,75,251,212,14,0,0,0,0,0,0,0,0,0,0,0,0,0,0,0,0,0,65,138,27,0,0,0,0,100,253,198,0,0,0,0,0,0,0,0,0,0,0,0,0,0,0,0,0,0,0,0,0,0,0,0,0,211,255,199,0,0,0,0,0,0,0,0,0,0,0,0,0,0,0,0,0,0,0,0,0,0,0,0,0,210,253,198,0,0,0,0,0,0,0,0,0,0,0,0,0,0,0,0,0,0,0,0,0,0,0,0,0,210,253,154,0,0,0,0,0,0,0,0,0,0,0,0,0,0,0,0,0,0,0,0,0,0,0,0,6,214,251,80,0,0,0,0,0,0,0,0,0,0,0,0,0,0,0,0,0,0,0,0,0,0,0,0,67,253,231,0,0,0,0,0,0,0,0,0,0,0,0,0,0,0,0,0,0,0,0,0,0,0,0,0,67,253,144,0,0,0,0,0,0,0,0,0,0,0,0,0,0,0,0,0,0,0,0,0,0,0,0,0,120,253,121,0,0,0,0,0,0,0,0,0,0,0,0,0,0,0,0,0,0,0,0,0,0,0,0,0,158,253,121,0,0,0,0,0,0,0,0,0,0,0,0,0,0,0,0,0,0,0,0,0,0,0,0,0,67,253,121,0,0,0,0,0,0,0,0,0,0,0,0,0,0,0,0,0,0,0,0,0,0,0,0,0,38,235,73,0,0,0,0,0,0,0,0,0,0,0,0,0,0,0,0,0,0,0,0,0,0,0,0,0,0,0,0,0,0,0,0,0,0,0,0,0,0,0
6,0,0,0,0,0,0,0,0,0,0,0,0,0,0,0,0,0,0,0,0,0,0,0,0,0,0,0,0,0,0,0,0,0,0,0,0,0,0,0,0,0,0,0,0,0,0,0,0,0,0,0,0,0,0,0,0,0,0,0,0,0,0,0,0,0,0,0,0,0,0,0,0,0,0,0,0,0,0,0,0,0,0,0,0,0,0,0,0,0,0,0,0,0,0,0,0,0,0,64,232,0,0,0,0,0,0,0,0,0,0,0,0,0,0,0,0,0,0,0,0,0,0,0,0,0,0,116,246,59,0,0,0,0,0,0,0,0,0,0,0,0,0,0,0,0,0,0,0,0,0,0,0,0,0,200,248,67,0,0,0,0,0,0,0,0,0,0,0,0,0,0,0,0,0,0,0,0,0,0,0,0,77,249,231,0,0,0,0,0,0,0,0,0,0,0,0,0,0,0,0,0,0,0,0,0,0,0,0,0,198,253,178,0,0,0,0,0,0,0,0,0,0,0,0,0,0,0,0,0,0,0,0,0,0,0,0,0,209,254,106,0,0,0,0,0,0,0,0,0,0,0,0,0,0,0,0,0,0,0,0,0,0,0,0,45,237,253,0,0,0,0,0,0,0,0,0,0,0,0,0,0,0,0,0,0,0,0,0,0,0,0,0,102,253,169,0,0,0,0,0,0,0,0,0,0,0,0,0,0,0,0,0,0,0,0,0,0,0,0,17,210,253,96,0,0,0,0,0,0,0,0,0,0,0,0,0,0,0,0,0,0,0,0,0,0,0,0,47,253,253,23,0,0,0,0,0,0,0,0,0,0,0,0,0,0,0,0,0,0,0,0,0,0,0,0,47,254,254,86,139,139,139,25,0,0,0,0,0,0,0,0,0,0,0,0,0,0,0,0,0,0,0,0,121,253,173,103,254,253,253,120,0,0,0,0,0,0,0,0,0,0,0,0,0,0,0,0,0,0,0,0,162,253,46,0,69,103,253,161,0,0,0,0,0,0,0,0,0,0,0,0,0,0,0,0,0,0,0,0,162,253,46,0,0,30,228,194,9,0,0,0,0,0,0,0,0,0,0,0,0,0,0,0,0,0,0,22,245,253,46,0,0,0,185,253,23,0,0,0,0,0,0,0,0,0,0,0,0,0,0,0,0,0,0,24,254,254,46,0,0,0,186,161,0,0,0,0,0,0,0,0,0,0,0,0,0,0,0,0,0,0,0,9,195,253,67,0,0,9,197,161,0,0,0,0,0,0,0,0,0,0,0,0,0,0,0,0,0,0,0,0,130,253,228,48,49,197,253,161,0,0,0,0,0,0,0,0,0,0,0,0,0,0,0,0,0,0,0,0,30,228,253,233,234,253,228,50,0,0,0,0,0,0,0,0,0,0,0,0,0,0,0,0,0,0,0,0,0,48,233,253,254,232,48,0,0,0,0,0,0,0,0,0,0,0,0,0,0,0,0,0,0,0,0,0,0,0,0,0,0,0,0,0,0,0,0,0,0,0,0,0,0,0,0,0,0,0,0,0,0,0,0,0,0,0,0,0,0,0,0,0,0,0,0,0,0,0,0,0,0,0,0,0,0,0,0,0,0,0,0,0,0,0,0,0,0,0,0,0,0,0,0,0,0,0,0,0,0,0,0,0,0,0,0,0,0,0,0,0,0,0,0,0,0,0,0,0,0,0,0,0,0,0,0,0,0,0,0,0,0,0,0,0,0,0,0,0,0,0,0,0,0,0,0,0,0,0,0,0,0,0,0,0,0
3,0,0,0,0,0,0,0,0,0,0,0,0,0,0,0,0,0,0,0,0,0,0,0,0,0,0,0,0,0,0,0,0,0,0,0,0,0,0,0,0,0,0,0,0,0,0,0,0,0,0,0,0,0,0,0,0,0,0,0,0,0,0,0,0,0,0,0,0,0,0,0,0,0,0,0,0,0,0,0,0,0,0,0,0,0,0,0,0,0,0,0,0,0,0,0,0,0,0,0,0,0,0,0,0,0,0,0,0,0,0,0,0,0,0,0,0,0,0,0,0,0,0,0,0,0,0,0,0,3,3,5,5,32,58,31,0,0,0,0,0,0,0,0,0,0,0,0,0,0,0,0,0,0,45,164,176,220,229,254,254,254,254,175,0,0,0,0,0,0,0,0,0,0,0,0,0,0,0,0,0,0,83,254,254,254,251,242,254,254,254,219,0,0,0,0,0,0,0,0,0,0,0,0,0,0,0,0,0,0,208,254,182,71,54,33,217,254,249,82,0,0,0,0,0,0,0,0,0,0,0,0,0,0,0,0,0,0,77,106,31,12,118,227,254,241,79,0,0,0,0,0,0,0,0,0,0,0,0,0,0,0,0,0,0,0,0,5,71,218,254,248,128,24,0,0,0,0,0,0,0,0,0,0,0,0,0,0,0,0,0,0,0,15,115,208,254,254,217,50,0,0,0,0,0,0,0,0,0,0,0,0,0,0,0,0,0,0,0,5,102,212,254,254,254,254,224,102,14,0,0,0,0,0,0,0,0,0,0,0,0,0,0,0,0,0,0,74,254,254,254,242,234,217,251,254,139,0,0,0,0,0,0,0,0,0,0,0,0,0,0,0,0,0,0,71,213,171,87,31,21,0,62,231,242,52,0,0,0,0,0,0,0,0,0,0,0,0,0,0,0,0,0,0,0,0,0,0,0,0,0,193,254,96,0,0,0,0,0,0,0,0,0,0,0,0,0,0,0,0,0,0,0,0,0,0,0,0,34,245,254,69,0,0,0,0,0,0,0,0,0,0,0,0,0,0,0,0,0,0,0,0,0,0,0,0,127,254,198,17,0,0,0,0,0,0,0,0,0,0,97,139,37,0,0,0,0,0,0,0,0,0,0,61,244,254,128,0,0,0,0,0,0,0,0,0,0,0,220,254,209,18,0,0,0,0,0,0,0,0,73,226,254,217,21,0,0,0,0,0,0,0,0,0,0,0,206,254,254,201,62,0,0,0,0,0,35,155,252,254,217,43,0,0,0,0,0,0,0,0,0,0,0,0,199,254,223,83,15,0,0,33,72,154,247,254,239,164,21,0,0,0,0,0,0,0,0,0,0,0,0,0,39,206,254,250,243,243,243,248,254,254,254,146,76,0,0,0,0,0,0,0,0,0,0,0,0,0,0,0,0,34,124,232,254,254,254,254,190,147,8,2,0,0,0,0,0,0,0,0,0,0,0,0,0,0,0,0,0,0,0,3,4,40,88,22,1,0,0,0,0,0,0,0,0,0,0,0,0,0,0,0,0,0,0,0,0,0,0,0,0,0,0,0,0,0,0,0,0,0,0,0,0,0,0,0,0,0,0,0,0,0,0,0,0,0,0,0,0,0,0,0,0,0,0,0,0,0,0,0,0,0,0,0,0,0,0,0,0,0,0,0,0,0,0,0,0,0,0,0,0,0,0,0,0,0,0,0,0,0,0,0,0,0,0,0,0,0,0,0,0,0,0,0,0,0,0,0,0,0,0,0,0,0,0,0,0,0,0,0,0,0,0,0,0
8,0,0,0,0,0,0,0,0,0,0,0,0,0,0,0,0,0,0,0,0,0,0,0,0,0,0,0,0,0,0,0,0,0,0,0,0,0,0,0,0,0,0,0,0,0,0,0,0,0,0,0,0,0,0,0,0,0,0,0,0,0,0,0,0,0,0,0,0,0,0,0,0,0,0,0,0,0,0,0,0,0,0,0,0,0,0,0,0,0,0,0,0,0,0,0,0,0,0,0,0,0,0,0,0,0,0,0,0,0,0,0,0,0,0,0,0,0,0,0,0,0,0,0,0,0,0,0,0,0,0,0,0,0,0,0,0,0,0,0,0,0,0,0,0,0,0,0,0,0,0,15,96,174,253,237,148,139,43,43,0,0,0,0,0,0,0,0,0,0,0,0,0,0,0,0,0,0,68,211,252,252,252,253,252,252,252,252,129,21,0,0,0,0,0,0,0,0,0,0,0,0,0,0,0,18,201,252,252,252,235,232,238,252,252,252,253,159,0,0,0,0,0,0,0,0,0,0,0,0,0,0,16,221,253,252,221,119,14,0,28,239,252,252,253,168,0,0,0,0,0,0,0,0,0,0,0,0,0,9,186,252,253,217,29,0,0,0,0,232,252,252,253,168,0,0,0,0,0,0,0,0,0,0,0,0,0,22,253,253,254,183,39,0,0,0,0,233,253,253,247,97,0,0,0,0,0,0,0,0,0,0,0,0,0,22,252,252,253,252,247,190,102,0,64,247,252,252,131,0,0,0,0,0,0,0,0,0,0,0,0,0,0,2,47,214,245,252,252,252,252,171,213,252,252,190,9,0,0,0,0,0,0,0,0,0,0,0,0,0,0,0,0,0,49,120,221,252,252,253,252,252,236,31,0,0,0,0,0,0,0,0,0,0,0,0,0,0,0,0,0,0,0,0,39,252,252,253,252,252,189,0,0,0,0,0,0,0,0,0,0,0,0,0,0,0,0,0,0,0,0,0,145,253,253,255,253,253,253,60,0,0,0,0,0,0,0,0,0,0,0,0,0,0,0,0,0,0,0,64,247,252,252,107,170,252,252,226,36,0,0,0,0,0,0,0,0,0,0,0,0,0,0,0,0,0,0,85,252,252,103,0,43,189,252,252,158,0,0,0,0,0,0,0,0,0,0,0,0,0,0,0,0,0,0,155,252,252,42,0,0,57,252,252,239,42,0,0,0,0,0,0,0,0,0,0,0,0,0,0,0,0,0,146,252,252,42,0,0,22,252,252,253,63,0,0,0,0,0,0,0,0,0,0,0,0,0,0,0,0,0,85,253,253,60,0,0,4,183,253,255,63,0,0,0,0,0,0,0,0,0,0,0,0,0,0,0,0,0,85,252,252,226,36,0,22,252,252,239,42,0,0,0,0,0,0,0,0,0,0,0,0,0,0,0,0,0,7,225,252,252,224,127,226,252,252,158,0,0,0,0,0,0,0,0,0,0,0,0,0,0,0,0,0,0,0,51,231,252,253,252,252,252,199,35,0,0,0,0,0,0,0,0,0,0,0,0,0,0,0,0,0,0,0,0,28,174,253,217,147,77,7,0,0,0,0,0,0,0,0,0,0,0,0,0,0,0,0,0,0,0,0,0,0,0,0,0,0,0,0,0,0,0,0,0,0,0,0,0,0,0,0,0,0,0,0,0,0,0,0,0,0,0,0,0,0,0,0,0,0,0,0,0,0,0,0,0,0,0,0,0,0,0,0,0,0,0,0,0,0,0,0,0,0,0,0,0,0,0,0,0,0,0,0,0
2,0,0,0,0,0,0,0,0,0,0,0,0,0,0,0,0,0,0,0,0,0,0,0,0,0,0,0,0,0,0,0,0,0,0,0,0,0,0,0,0,0,0,0,0,0,0,0,0,0,0,0,0,0,0,0,0,0,0,0,0,0,0,0,0,0,0,0,0,0,0,0,0,0,0,0,0,0,0,0,0,0,0,0,0,0,0,0,0,0,0,0,0,0,0,0,0,32,118,207,254,254,254,210,89,0,0,0,0,0,0,0,0,0,0,0,0,0,0,0,0,0,0,229,234,239,253,253,253,253,253,253,215,81,0,0,0,0,0,0,0,0,0,0,0,0,0,0,0,0,40,249,226,177,77,40,40,40,40,184,253,224,29,0,0,0,0,0,0,0,0,0,0,0,0,0,0,41,224,139,40,0,0,0,0,0,0,20,212,253,96,0,0,0,0,0,0,0,0,0,0,0,0,0,0,149,219,5,0,0,0,0,0,0,0,0,107,253,188,0,0,0,0,0,0,0,0,0,0,0,0,0,0,137,0,0,0,0,0,0,0,0,0,0,63,253,232,0,0,0,0,0,0,0,0,0,0,0,0,0,0,67,0,0,0,0,0,0,0,0,0,0,63,253,232,0,0,0,0,0,0,0,0,0,0,0,0,0,0,0,0,0,0,0,0,0,0,0,0,0,122,253,173,0,0,0,0,0,0,0,0,0,0,0,0,0,0,0,0,0,0,0,0,0,0,0,0,0,199,253,96,0,0,0,0,0,0,0,0,0,0,0,0,0,0,0,0,0,0,0,0,0,0,0,0,68,243,253,96,0,0,0,0,0,0,0,0,0,0,0,0,0,0,0,0,0,0,0,0,0,0,0,0,183,253,223,26,0,0,0,0,0,0,0,0,0,0,0,0,0,0,0,0,0,0,0,0,0,0,0,12,224,253,123,0,0,0,0,0,0,0,0,0,0,0,0,3,7,7,82,7,141,97,7,2,0,0,0,108,253,218,32,0,0,0,0,0,0,0,0,0,0,0,48,162,253,253,253,253,253,253,253,158,111,0,61,247,253,125,0,0,0,0,0,0,0,0,0,0,0,48,235,253,231,150,150,203,152,150,234,253,252,241,247,253,119,3,0,0,0,0,0,0,0,0,0,0,0,118,253,228,59,0,0,18,1,0,27,194,253,253,253,253,179,83,25,0,0,0,0,0,0,0,0,0,0,118,253,70,0,0,0,0,0,56,100,239,253,253,253,253,253,253,215,109,0,0,0,0,0,0,0,0,0,118,253,149,33,6,17,22,176,245,253,253,211,75,75,75,194,222,253,244,63,0,0,0,0,0,0,0,0,44,230,253,232,171,196,207,253,235,232,131,34,0,0,0,0,24,96,88,0,0,0,0,0,0,0,0,0,0,45,116,220,253,253,253,119,12,0,0,0,0,0,0,0,0,0,0,0,0,0,0,0,0,0,0,0,0,0,0,0,0,0,0,0,0,0,0,0,0,0,0,0,0,0,0,0,0,0,0,0,0,0,0,0,0,0,0,0,0,0,0,0,0,0,0,0,0,0,0,0,0,0,0,0,0,0,0,0,0,0,0,0,0,0,0,0,0,0,0,0,0,0,0,0,0,0,0,0,0,0,0,0,0,0,0,0,0,0,0,0,0,0,0,0,0,0,0,0,0,0,0,0,0,0,0,0,0,0,0,0,0,0,0,0,0,0,0,0,0,0,0,0,0,0,0,0,0,0,0,0,0,0,0,0,0,0,0,0,0,0,0,0,0
7,0,0,0,0,0,0,0,0,0,0,0,0,0,0,0,0,0,0,0,0,0,0,0,0,0,0,0,0,0,0,0,0,0,0,0,0,0,0,0,0,0,0,0,0,0,0,0,0,0,0,0,0,0,0,0,0,0,0,0,0,0,0,0,0,0,0,0,0,0,0,0,0,0,0,0,0,0,0,0,0,0,0,0,0,0,0,0,0,0,0,0,0,0,0,0,0,0,0,0,0,0,0,0,0,0,0,0,0,0,0,0,0,0,0,0,0,0,0,0,0,0,0,0,0,0,0,0,0,0,0,0,0,0,0,0,0,0,0,0,0,0,0,0,0,0,0,0,0,0,0,0,0,0,0,0,0,0,0,0,0,0,0,0,0,0,0,0,0,0,0,0,0,0,0,0,0,0,0,0,0,0,0,0,0,0,0,0,0,0,0,0,0,0,0,0,0,0,0,0,0,0,0,0,0,0,0,0,0,0,25,0,0,0,52,129,178,254,255,69,0,0,0,0,0,0,0,0,0,0,0,0,0,0,0,0,13,185,236,191,98,216,248,254,254,254,241,53,0,0,0,0,0,0,0,0,0,0,0,0,0,0,0,15,189,254,254,254,254,254,254,254,254,254,96,0,0,0,0,0,0,0,0,0,0,0,0,0,0,0,60,238,254,254,254,254,254,254,254,254,254,248,53,0,0,0,0,0,0,0,0,0,0,0,0,0,2,138,246,254,254,254,254,236,219,254,254,254,254,217,0,0,0,0,0,0,0,0,0,0,0,0,0,0,3,191,254,254,247,200,224,54,13,78,254,254,183,43,0,0,0,0,0,0,0,0,0,0,0,0,0,0,42,254,254,254,103,0,0,0,23,145,254,228,12,0,0,0,0,0,0,0,0,0,0,0,0,0,0,0,83,254,254,221,31,0,0,22,143,254,251,104,0,0,0,0,0,0,0,0,0,0,0,0,0,0,0,0,5,159,225,55,0,0,4,147,254,249,182,0,0,0,0,0,0,0,0,0,0,0,0,0,0,0,0,0,0,0,0,0,0,0,99,254,254,216,0,0,0,0,0,0,0,0,0,0,0,0,0,0,0,0,0,0,0,0,0,0,0,15,192,254,238,56,0,0,0,0,0,0,0,0,0,0,0,0,0,0,0,0,0,0,0,0,0,0,0,106,254,254,139,0,0,0,0,0,0,0,0,0,0,0,0,0,0,0,0,0,0,0,0,0,0,0,39,228,254,215,21,0,0,0,0,0,0,0,0,0,0,0,0,0,0,0,0,0,0,0,0,0,0,6,201,254,254,131,0,0,0,0,0,0,0,0,0,0,0,0,0,0,0,0,0,0,0,0,0,0,0,159,254,254,175,5,0,0,0,0,0,0,0,0,0,0,0,0,0,0,0,0,0,0,0,0,0,0,29,228,254,221,38,0,0,0,0,0,0,0,0,0,0,0,0,0,0,0,0,0,0,0,0,0,0,0,173,254,254,103,0,0,0,0,0,0,0,0,0,0,0,0,0,0,0,0,0,0,0,0,0,0,0,17,240,254,254,103,0,0,0,0,0,0,0,0,0,0,0,0,0,0,0,0,0,0,0,0,0,0,0,76,254,254,244,57,0,0,0,0,0,0,0,0,0,0,0,0,0,0,0,0,0,0,0,0,0,0,0,20,240,247,72,0,0,0,0,0,0,0,0,0,0,0,0,0,0,0,0,0,0,0,0,0,0,0,0,0,0,0,0,0,0,0,0,0,0,0,0,0,0,0,0,0,0,0,0
1,0,0,0,0,0,0,0,0,0,0,0,0,0,0,0,0,0,0,0,0,0,0,0,0,0,0,0,0,0,0,0,0,0,0,0,0,0,0,0,0,0,0,0,0,0,0,0,0,0,0,0,0,0,0,0,0,0,0,0,0,0,0,0,0,0,0,0,0,0,0,0,0,0,0,0,0,0,0,0,0,0,0,0,0,0,0,0,0,0,0,0,0,0,0,0,0,0,0,0,0,0,0,0,0,0,0,0,0,0,0,0,0,0,0,0,0,0,0,0,0,0,0,0,0,0,0,0,0,0,0,0,0,0,0,0,0,0,0,0,0,0,0,0,0,0,0,0,0,0,0,0,0,0,0,0,0,13,184,255,129,0,0,0,0,0,0,0,0,0,0,0,0,0,0,0,0,0,0,0,0,0,0,0,0,138,253,253,129,0,0,0,0,0,0,0,0,0,0,0,0,0,0,0,0,0,0,0,0,0,0,0,0,61,253,253,129,0,0,0,0,0,0,0,0,0,0,0,0,0,0,0,0,0,0,0,0,0,0,0,3,191,254,248,80,0,0,0,0,0,0,0,0,0,0,0,0,0,0,0,0,0,0,0,0,0,0,0,35,254,253,183,0,0,0,0,0,0,0,0,0,0,0,0,0,0,0,0,0,0,0,0,0,0,0,0,156,254,253,94,0,0,0,0,0,0,0,0,0,0,0,0,0,0,0,0,0,0,0,0,0,0,0,37,240,254,243,23,0,0,0,0,0,0,0,0,0,0,0,0,0,0,0,0,0,0,0,0,0,0,0,106,253,254,90,0,0,0,0,0,0,0,0,0,0,0,0,0,0,0,0,0,0,0,0,0,0,0,36,228,254,231,25,0,0,0,0,0,0,0,0,0,0,0,0,0,0,0,0,0,0,0,0,0,0,0,95,253,253,134,0,0,0,0,0,0,0,0,0,0,0,0,0,0,0,0,0,0,0,0,0,0,0,17,200,253,249,19,0,0,0,0,0,0,0,0,0,0,0,0,0,0,0,0,0,0,0,0,0,0,0,103,254,254,186,0,0,0,0,0,0,0,0,0,0,0,0,0,0,0,0,0,0,0,0,0,0,0,0,139,254,251,62,0,0,0,0,0,0,0,0,0,0,0,0,0,0,0,0,0,0,0,0,0,0,0,0,167,253,203,0,0,0,0,0,0,0,0,0,0,0,0,0,0,0,0,0,0,0,0,0,0,0,0,86,252,254,194,0,0,0,0,0,0,0,0,0,0,0,0,0,0,0,0,0,0,0,0,0,0,0,0,184,253,224,32,0,0,0,0,0,0,0,0,0,0,0,0,0,0,0,0,0,0,0,0,0,0,0,95,248,254,159,0,0,0,0,0,0,0,0,0,0,0,0,0,0,0,0,0,0,0,0,0,0,0,0,230,254,254,85,0,0,0,0,0,0,0,0,0,0,0,0,0,0,0,0,0,0,0,0,0,0,0,0,230,254,215,3,0,0,0,0,0,0,0,0,0,0,0,0,0,0,0,0,0,0,0,0,0,0,0,0,151,253,96,0,0,0,0,0,0,0,0,0,0,0,0,0,0,0,0,0,0,0,0,0,0,0,0,0,0,0,0,0,0,0,0,0,0,0,0,0,0,0,0,0,0,0,0,0,0,0,0,0,0,0,0,0,0,0,0,0,0,0,0,0,0,0,0,0,0,0,0,0,0,0,0,0,0,0,0,0,0,0,0,0,0,0,0,0,0,0,0,0,0,0,0,0,0,0,0,0,0,0
0,0,0,0,0,0,0,0,0,0,0,0,0,0,0,0,0,0,0,0,0,0,0,0,0,0,0,0,0,0,0,0,0,0,0,0,0,0,0,0,0,0,0,0,0,0,0,0,0,0,0,0,0,0,0,0,0,0,0,0,0,0,0,0,0,0,0,0,0,0,0,0,0,0,0,0,0,0,0,0,0,0,0,0,0,0,0,0,0,0,0,0,0,0,0,0,0,0,0,0,0,0,0,0,0,0,0,0,0,0,0,0,0,0,0,0,0,0,0,0,0,0,0,0,20,121,198,254,192,121,13,0,0,0,0,0,0,0,0,0,0,0,0,0,0,0,0,0,0,0,0,23,201,253,253,253,254,253,242,128,79,0,0,0,0,0,0,0,0,0,0,0,0,0,0,0,0,0,0,174,253,253,253,253,254,253,253,253,246,109,0,0,0,0,0,0,0,0,0,0,0,0,0,0,0,0,22,208,253,253,206,103,40,39,39,152,194,245,110,0,0,0,0,0,0,0,0,0,0,0,0,0,0,0,103,253,253,196,22,0,0,0,0,0,50,200,245,180,0,0,0,0,0,0,0,0,0,0,0,0,0,89,240,253,223,25,0,0,0,0,0,0,0,14,195,232,23,0,0,0,0,0,0,0,0,0,0,0,15,220,253,253,213,0,0,0,0,0,0,0,0,0,76,238,128,0,0,0,0,0,0,0,0,0,0,0,109,253,253,239,217,10,0,0,0,0,0,0,0,0,0,161,240,0,0,0,0,0,0,0,0,0,0,6,229,249,133,50,107,39,0,0,0,0,0,0,0,0,0,161,248,70,0,0,0,0,0,0,0,0,0,108,253,173,0,0,0,0,0,0,0,0,0,0,0,0,0,161,253,120,0,0,0,0,0,0,0,0,0,242,254,111,0,0,0,0,0,0,0,0,0,0,0,0,41,255,255,121,0,0,0,0,0,0,0,0,116,253,253,39,0,0,0,0,0,0,0,0,0,0,0,0,98,253,240,6,0,0,0,0,0,0,0,0,121,253,120,4,0,0,0,0,0,0,0,0,0,0,0,20,203,243,81,0,0,0,0,0,0,0,0,0,121,253,26,0,0,0,0,0,0,0,0,0,0,0,100,222,253,226,0,0,0,0,0,0,0,0,0,0,121,253,26,0,0,0,0,0,0,0,0,0,0,100,242,253,243,96,0,0,0,0,0,0,0,0,0,0,121,253,26,0,0,0,0,0,0,0,0,23,104,243,253,253,114,0,0,0,0,0,0,0,0,0,0,0,121,253,132,7,0,0,0,0,0,22,175,207,253,253,243,114,25,0,0,0,0,0,0,0,0,0,0,0,121,253,253,132,27,27,27,42,161,210,255,253,253,230,96,0,0,0,0,0,0,0,0,0,0,0,0,0,51,233,252,253,253,253,253,253,253,253,255,240,120,17,0,0,0,0,0,0,0,0,0,0,0,0,0,0,0,0,228,253,253,253,253,253,253,253,191,6,0,0,0,0,0,0,0,0,0,0,0,0,0,0,0,0,0,0,0,0,0,0,0,0,0,0,0,0,0,0,0,0,0,0,0,0,0,0,0,0,0,0,0,0,0,0,0,0,0,0,0,0,0,0,0,0,0,0,0,0,0,0,0,0,0,0,0,0,0,0,0,0,0,0,0,0,0,0,0,0,0,0,0,0,0,0,0,0,0,0,0,0,0,0,0,0,0,0,0,0,0,0,0,0,0,0,0,0,0,0,0,0,0,0,0,0,0,0,0,0,0,0,0
5,0,0,0,0,0,0,0,0,0,0,0,0,0,0,0,0,0,0,0,0,0,0,0,0,0,0,0,0,0,0,0,0,0,0,0,0,0,0,0,0,0,0,0,0,0,0,0,0,0,0,0,0,0,0,0,0,0,0,0,0,0,0,0,0,0,0,0,0,0,0,0,0,0,0,0,0,0,0,0,0,0,0,0,0,0,0,0,0,0,0,0,0,0,0,0,0,0,0,0,0,0,0,0,121,218,0,0,0,0,0,0,0,0,0,0,0,0,0,0,0,0,0,0,0,0,0,0,0,0,0,63,249,101,0,0,0,0,0,0,0,0,0,0,0,0,0,0,0,0,0,0,0,0,0,0,0,0,27,216,202,6,0,0,0,0,0,0,0,0,0,0,0,0,0,0,0,0,0,0,0,0,0,0,0,85,227,193,24,0,0,0,0,0,0,0,0,0,0,0,0,0,0,0,0,0,0,0,0,0,13,110,223,249,139,7,0,0,0,0,0,0,0,0,0,0,0,0,0,0,0,0,0,0,0,0,4,123,232,250,190,79,0,0,0,0,0,0,0,0,0,0,0,0,0,0,0,0,0,0,0,0,0,0,151,244,143,40,0,0,0,0,0,0,0,0,0,0,0,0,0,0,0,0,0,0,0,0,0,0,0,6,223,134,0,0,0,0,0,0,0,0,0,0,0,0,0,0,0,0,0,0,0,0,0,0,0,0,0,119,254,14,0,0,0,0,0,0,0,0,0,0,0,0,0,0,0,0,0,0,0,0,0,0,0,0,10,198,220,44,132,32,0,0,0,0,0,0,0,0,0,0,0,0,0,0,0,0,0,0,0,0,0,0,67,254,254,254,255,254,192,55,0,0,0,0,0,0,0,0,0,0,0,0,0,0,0,0,0,0,0,21,216,245,226,159,157,228,254,231,50,0,0,0,0,0,0,0,0,0,0,0,0,0,0,0,0,0,0,39,178,65,0,0,0,23,105,248,240,37,0,0,0,0,0,0,0,0,0,0,0,0,0,0,0,0,0,0,0,0,0,0,0,0,0,148,254,130,0,0,0,0,0,0,0,0,0,0,0,0,0,0,0,0,0,0,0,0,0,0,0,0,0,50,254,130,0,0,0,0,0,0,0,0,0,0,0,0,0,0,0,0,0,0,0,0,0,0,0,0,0,28,254,108,0,0,0,0,0,0,0,0,0,0,0,0,0,0,0,0,0,0,0,0,0,0,0,0,0,99,232,14,0,0,0,0,0,0,0,0,0,0,0,0,0,0,0,0,0,0,6,79,9,18,19,42,124,246,156,0,0,0,0,0,0,0,0,0,0,0,0,0,0,0,0,0,0,0,97,254,233,239,239,254,239,118,5,0,0,0,0,0,0,0,0,0,0,0,0,0,0,0,0,0,0,0,57,185,185,204,124,80,13,0,0,0,0,0,0,0,0,0,0,0,0,0,0,0,0,0,0,0,0,0,0,0,0,0,0,0,0,0,0,0,0,0,0,0,0,0,0,0,0,0,0,0,0,0,0,0,0,0,0,0,0,0,0,0,0,0,0,0,0,0,0,0,0,0,0,0,0,0,0,0,0,0,0,0,0,0,0,0,0,0,0,0,0,0,0,0,0,0,0,0,0,0,0,0,0,0,0,0,0,0,0,0,0,0,0,0,0,0,0,0,0,0,0,0,0,0,0,0,0,0,0,0,0,0,0,0,0,0,0,0,0,0,0,0,0,0,0,0,0,0,0,0,0,0,0,0,0,0,0,0,0
8,0,0,0,0,0,0,0,0,0,0,0,0,0,0,0,0,0,0,0,0,0,0,0,0,0,0,0,0,0,0,0,0,0,0,0,0,0,0,0,0,0,0,0,0,0,0,0,0,0,0,0,0,0,0,0,0,0,0,0,0,0,0,0,0,0,0,0,0,0,0,0,0,0,0,0,0,0,0,0,0,0,0,0,0,0,0,0,0,0,0,0,0,0,0,0,0,0,0,0,0,0,0,0,0,0,0,0,0,0,0,0,0,0,0,0,0,0,0,0,0,0,1,51,135,244,174,145,54,0,0,0,0,0,0,0,0,0,0,0,0,0,0,0,0,0,0,0,0,0,96,249,141,63,68,197,208,21,0,0,0,0,0,0,0,0,0,0,0,0,0,0,0,0,0,0,0,55,246,86,0,0,0,0,150,112,0,0,0,0,0,0,0,0,0,0,0,0,0,0,0,0,0,0,0,228,104,0,0,0,0,0,92,171,36,89,0,0,0,0,0,0,0,0,0,0,0,0,0,0,0,0,60,252,0,0,0,0,0,0,22,235,172,253,50,0,0,0,0,0,0,0,0,0,0,0,0,0,0,0,40,248,35,0,0,0,0,0,0,152,204,219,0,0,0,0,0,0,0,0,0,0,0,0,0,0,0,0,0,193,225,73,0,0,0,0,0,137,253,85,0,0,0,0,0,0,0,0,0,0,0,0,0,0,0,0,0,15,159,247,93,0,0,0,66,244,161,3,0,0,0,0,0,0,0,0,0,0,0,0,0,0,0,0,0,0,2,101,235,157,24,0,156,241,33,0,0,0,0,0,0,0,0,0,0,0,0,0,0,0,0,0,0,0,0,0,68,243,194,60,229,107,0,0,0,0,0,0,0,0,0,0,0,0,0,0,0,0,0,0,0,0,0,0,0,20,159,255,232,15,0,0,0,0,0,0,0,0,0,0,0,0,0,0,0,0,0,0,0,0,0,0,0,0,55,254,245,111,4,0,0,0,0,0,0,0,0,0,0,0,0,0,0,0,0,0,0,0,0,0,0,0,134,206,112,244,147,3,0,0,0,0,0,0,0,0,0,0,0,0,0,0,0,0,0,0,0,0,0,76,231,45,0,105,245,149,0,0,0,0,0,0,0,0,0,0,0,0,0,0,0,0,0,0,0,0,0,192,173,0,0,0,78,248,149,0,0,0,0,0,0,0,0,0,0,0,0,0,0,0,0,0,0,0,48,254,41,0,0,0,0,154,255,63,0,0,0,0,0,0,0,0,0,0,0,0,0,0,0,0,0,0,48,225,9,0,0,0,0,20,254,63,0,0,0,0,0,0,0,0,0,0,0,0,0,0,0,0,0,0,48,201,3,0,0,0,0,55,254,63,0,0,0,0,0,0,0,0,0,0,0,0,0,0,0,0,0,0,48,253,105,0,0,0,101,237,225,28,0,0,0,0,0,0,0,0,0,0,0,0,0,0,0,0,0,0,3,149,248,239,238,238,251,203,35,0,0,0,0,0,0,0,0,0,0,0,0,0,0,0,0,0,0,0,0,0,0,0,0,0,0,0,0,0,0,0,0,0,0,0,0,0,0,0,0,0,0,0,0,0,0,0,0,0,0,0,0,0,0,0,0,0,0,0,0,0,0,0,0,0,0,0,0,0,0,0,0,0,0,0,0,0,0,0,0,0,0,0,0,0,0,0,0,0,0,0,0,0,0,0,0,0,0,0,0,0,0,0,0,0,0,0,0,0,0,0,0,0,0,0,0,0,0,0,0
7,0,0,0,0,0,0,0,0,0,0,0,0,0,0,0,0,0,0,0,0,0,0,0,0,0,0,0,0,0,0,0,0,0,0,0,0,0,0,0,0,0,0,0,0,0,0,0,0,0,0,0,0,0,0,0,0,0,0,0,0,0,0,0,0,0,0,0,0,0,0,0,0,0,0,0,0,0,0,0,0,0,0,0,0,0,0,0,0,0,0,0,0,0,0,0,0,0,0,0,0,0,0,0,0,0,0,0,0,0,0,0,0,0,0,0,0,0,0,0,0,0,0,0,0,0,0,0,0,0,0,0,0,0,0,0,0,0,0,0,0,0,0,0,0,0,0,0,0,0,0,0,0,0,0,0,0,0,0,0,0,0,0,0,0,0,0,0,0,0,0,0,0,0,0,0,0,0,0,0,0,0,0,0,0,0,0,0,0,0,0,0,0,0,0,0,0,0,0,0,0,0,0,0,0,0,0,0,0,0,0,0,0,0,0,75,223,64,0,0,0,0,0,0,0,0,0,0,0,0,0,0,0,0,0,0,0,0,0,0,0,0,0,153,254,58,0,0,0,0,0,0,0,0,68,99,7,0,0,0,0,0,0,0,0,0,0,0,4,68,152,248,223,5,0,0,0,0,0,0,0,0,54,254,203,105,28,28,33,14,0,0,2,21,33,152,206,254,236,251,142,0,0,0,0,0,0,0,0,0,2,81,196,254,246,246,254,225,205,205,207,235,211,202,130,89,32,234,98,0,0,0,0,0,0,0,0,0,0,0,4,51,123,123,123,123,123,123,68,41,11,0,0,0,58,254,98,0,0,0,0,0,0,0,0,0,0,0,0,0,0,0,0,0,0,0,0,0,0,0,0,0,129,254,98,0,0,0,0,0,0,0,0,0,0,0,0,0,0,0,0,0,0,0,0,0,0,0,0,0,139,254,98,0,0,0,0,0,0,0,0,0,0,0,0,0,0,0,0,0,0,0,0,0,0,0,0,0,139,254,48,0,0,0,0,0,0,0,0,0,0,0,0,0,0,0,0,0,0,0,0,0,0,0,0,0,139,254,16,0,0,0,0,0,0,0,0,0,0,0,0,0,0,0,0,0,0,0,0,0,0,0,0,0,140,255,16,0,0,0,0,0,0,0,0,0,0,0,0,0,0,0,0,0,0,0,0,0,0,0,0,0,145,228,10,0,0,0,0,0,0,0,0,0,0,0,0,0,0,0,0,0,0,0,0,0,0,0,0,0,222,188,0,0,0,0,0,0,0,0,0,0,0,0,0,0,0,0,0,0,0,0,0,0,0,0,0,0,222,125,0,0,0,0,0,0,0,0,0,0,0,0,0,0,0,0,0,0,0,0,0,0,0,0,0,0,222,146,0,0,0,0,0,0,0,0,0,0,0,0,0,0,0,0,0,0,0,0,0,0,0,0,0,0,152,209,6,0,0,0,0,0,0,0,0,0,0,0,0,0,0,0,0,0,0,0,0,0,0,0,0,0,139,224,9,0,0,0,0,0,0,0,0,0,0,0,0,0,0,0,0,0,0,0,0,0,0,0,0,0,139,254,37,0,0,0,0,0,0,0,0,0,0,0,0,0,0,0,0,0,0,0,0,0,0,0,0,0,90,254,98,0,0,0,0,0,0,0,0,0,0,0,0,0,0,0,0,0,0,0,0,0,0,0,0,0,2,183,67,0,0,0,0,0,0,0,0,0,0,0,0,0,0,0,0,0,0,0,0,0,0,0,0,0,0,0,0,0,0,0,0,0,0,0,0
4,0,0,0,0,0,0,0,0,0,0,0,0,0,0,0,0,0,0,0,0,0,0,0,0,0,0,0,0,0,0,0,0,0,0,0,0,0,0,0,0,0,0,0,0,0,0,0,0,0,0,0,0,0,0,0,0,0,0,0,0,0,0,0,0,0,0,0,0,0,0,0,0,0,0,0,0,0,0,0,0,0,0,0,0,0,0,0,0,0,0,0,0,0,0,0,0,0,1,160,205,0,0,0,0,0,0,0,0,0,0,0,0,0,0,0,0,0,0,0,0,0,0,0,0,0,100,254,146,0,0,0,0,0,0,0,0,0,0,0,0,0,0,0,0,0,0,0,0,0,0,0,0,0,129,254,62,0,0,0,0,0,0,0,0,0,0,0,0,0,0,0,0,0,0,0,0,0,0,0,0,15,227,236,23,0,0,0,0,16,7,0,0,0,0,0,0,0,0,0,0,0,0,0,0,0,0,0,0,100,254,174,0,0,0,0,112,250,96,0,0,0,0,0,0,0,0,0,0,0,0,0,0,0,0,0,0,185,250,58,0,0,0,0,150,254,96,0,0,0,0,0,0,0,0,0,0,0,0,0,0,0,0,0,25,227,148,0,0,0,0,0,150,254,31,0,0,0,0,0,0,0,0,0,0,0,0,0,0,0,0,0,128,250,57,0,0,0,0,0,162,254,12,0,0,0,0,0,0,0,0,0,0,0,0,0,0,0,0,27,226,177,0,0,0,0,0,31,244,254,12,0,0,0,0,0,0,0,0,0,0,0,0,0,0,0,0,128,254,92,0,0,0,0,0,105,254,196,3,0,0,0,0,0,0,0,0,0,0,0,0,0,0,0,64,245,184,8,0,0,0,0,0,189,254,114,0,0,0,0,0,0,0,0,0,0,0,0,0,0,0,12,213,249,83,0,0,0,27,96,153,251,241,25,0,0,0,0,0,0,0,0,0,0,0,0,0,0,0,95,254,134,44,123,138,208,239,254,254,254,115,0,0,0,0,0,0,0,0,0,0,0,0,0,0,0,57,216,254,232,248,254,254,254,254,216,254,254,30,0,0,0,0,0,0,0,0,0,0,0,0,0,0,0,148,254,254,254,254,224,124,66,25,106,254,177,2,0,0,0,0,0,0,0,0,0,0,0,0,0,0,62,249,254,226,124,66,11,0,0,0,160,254,87,0,0,0,0,0,0,0,0,0,0,0,0,0,0,0,11,100,66,10,0,0,0,0,0,15,231,199,2,0,0,0,0,0,0,0,0,0,0,0,0,0,0,0,0,0,0,0,0,0,0,0,0,103,254,117,0,0,0,0,0,0,0,0,0,0,0,0,0,0,0,0,0,0,0,0,0,0,0,0,0,160,254,113,0,0,0,0,0,0,0,0,0,0,0,0,0,0,0,0,0,0,0,0,0,0,0,0,74,254,237,21,0,0,0,0,0,0,0,0,0,0,0,0,0,0,0,0,0,0,0,0,0,0,0,0,0,0,0,0,0,0,0,0,0,0,0,0,0,0,0,0,0,0,0,0,0,0,0,0,0,0,0,0,0,0,0,0,0,0,0,0,0,0,0,0,0,0,0,0,0,0,0,0,0,0,0,0,0,0,0,0,0,0,0,0,0,0,0,0,0,0,0,0,0,0,0,0,0,0,0,0,0,0,0,0,0,0,0,0,0,0,0,0,0,0,0,0,0,0,0,0,0,0,0,0,0,0,0,0,0,0,0,0,0,0,0,0,0,0,0,0,0,0,0,0,0,0,0,0,0,0
6,0,0,0,0,0,0,0,0,0,0,0,0,0,0,0,0,0,0,0,0,0,0,0,0,0,0,0,0,0,0,0,0,0,0,0,0,0,0,0,0,0,0,0,0,0,0,0,0,0,0,0,0,0,0,0,0,0,0,0,0,0,0,0,0,0,0,0,0,0,0,0,0,0,0,0,0,0,0,0,0,0,0,0,0,0,0,0,0,0,0,0,0,0,0,0,0,0,0,0,0,0,0,63,144,228,255,134,0,0,0,0,0,0,0,0,0,0,0,0,0,0,0,0,0,0,0,0,0,0,154,250,253,253,254,249,53,0,0,0,0,0,0,0,0,0,0,0,0,0,0,0,0,0,0,0,27,186,250,253,253,253,254,253,114,0,0,0,0,0,0,0,0,0,0,0,0,0,0,0,0,0,0,60,238,254,253,253,253,240,177,125,8,0,0,0,0,0,0,0,0,0,0,0,0,0,0,0,0,0,59,238,253,254,253,253,142,21,0,0,0,0,0,0,0,0,0,0,0,0,0,0,0,0,0,0,0,88,241,254,254,255,254,101,0,0,0,0,0,0,0,0,0,0,0,0,0,0,0,0,0,0,0,0,68,252,253,253,253,254,221,28,0,0,0,0,0,0,0,0,0,0,0,0,0,0,0,0,0,0,0,14,196,253,253,253,207,36,16,0,0,0,0,0,0,0,0,0,0,0,0,0,0,0,0,0,0,0,0,91,254,253,253,232,35,0,0,0,0,0,0,0,0,0,0,0,0,0,0,0,0,0,0,0,0,0,7,181,254,253,240,61,0,0,0,0,0,0,0,0,0,0,0,0,0,0,0,0,0,0,0,0,0,0,77,254,255,254,159,0,0,0,0,0,0,0,0,0,0,0,0,0,0,0,0,0,0,0,0,0,0,0,128,253,254,221,22,50,145,236,151,40,0,0,0,0,0,0,0,0,0,0,0,0,0,0,0,0,0,6,207,253,254,226,172,245,253,254,253,235,47,0,0,0,0,0,0,0,0,0,0,0,0,0,0,0,0,37,253,253,254,253,253,253,253,254,253,253,100,0,0,0,0,0,0,0,0,0,0,0,0,0,0,0,0,69,253,253,254,253,253,253,220,72,240,253,235,0,0,0,0,0,0,0,0,0,0,0,0,0,0,0,0,128,254,254,255,254,204,57,106,222,254,254,235,0,0,0,0,0,0,0,0,0,0,0,0,0,0,0,0,128,253,253,254,253,166,217,253,254,253,253,99,0,0,0,0,0,0,0,0,0,0,0,0,0,0,0,0,82,253,253,254,253,253,253,253,254,253,208,27,0,0,0,0,0,0,0,0,0,0,0,0,0,0,0,0,21,230,253,254,253,253,253,253,177,93,8,0,0,0,0,0,0,0,0,0,0,0,0,0,0,0,0,0,0,57,169,254,253,240,162,129,0,0,0,0,0,0,0,0,0,0,0,0,0,0,0,0,0,0,0,0,0,0,0,0,0,0,0,0,0,0,0,0,0,0,0,0,0,0,0,0,0,0,0,0,0,0,0,0,0,0,0,0,0,0,0,0,0,0,0,0,0,0,0,0,0,0,0,0,0,0,0,0,0,0,0,0,0,0,0,0,0,0,0,0,0,0,0,0,0,0,0,0,0,0,0,0,0,0,0,0,0,0,0,0,0,0,0,0,0,0,0,0,0,0,0,0,0,0,0,0,0,0,0,0,0,0,0,0,0,0,0,0,0,0,0,0,0,0,0,0,0,0,0,0,0,0,0,0,0,0,0,0
1,0,0,0,0,0,0,0,0,0,0,0,0,0,0,0,0,0,0,0,0,0,0,0,0,0,0,0,0,0,0,0,0,0,0,0,0,0,0,0,0,0,0,0,0,0,0,0,0,0,0,0,0,0,0,0,0,0,0,0,0,0,0,0,0,0,0,0,0,0,0,0,0,0,0,0,0,0,0,0,0,0,0,0,0,0,0,0,0,0,0,0,0,0,0,0,0,0,0,0,0,0,0,0,0,0,0,0,0,0,0,0,0,0,0,0,0,0,0,0,0,0,0,0,0,0,0,78,255,179,12,0,0,0,0,0,0,0,0,0,0,0,0,0,0,0,0,0,0,0,0,0,0,0,0,199,253,253,30,0,0,0,0,0,0,0,0,0,0,0,0,0,0,0,0,0,0,0,0,0,0,0,77,244,253,253,30,0,0,0,0,0,0,0,0,0,0,0,0,0,0,0,0,0,0,0,0,0,0,0,131,253,253,253,30,0,0,0,0,0,0,0,0,0,0,0,0,0,0,0,0,0,0,0,0,0,0,5,149,253,253,234,25,0,0,0,0,0,0,0,0,0,0,0,0,0,0,0,0,0,0,0,0,0,0,31,253,253,253,129,0,0,0,0,0,0,0,0,0,0,0,0,0,0,0,0,0,0,0,0,0,0,0,31,253,253,253,129,0,0,0,0,0,0,0,0,0,0,0,0,0,0,0,0,0,0,0,0,0,0,0,31,253,253,253,129,0,0,0,0,0,0,0,0,0,0,0,0,0,0,0,0,0,0,0,0,0,0,0,31,253,253,253,129,0,0,0,0,0,0,0,0,0,0,0,0,0,0,0,0,0,0,0,0,0,0,0,31,253,253,253,129,0,0,0,0,0,0,0,0,0,0,0,0,0,0,0,0,0,0,0,0,0,0,0,31,253,253,253,129,0,0,0,0,0,0,0,0,0,0,0,0,0,0,0,0,0,0,0,0,0,0,0,107,253,253,253,129,0,0,0,0,0,0,0,0,0,0,0,0,0,0,0,0,0,0,0,0,0,0,0,185,253,253,232,16,0,0,0,0,0,0,0,0,0,0,0,0,0,0,0,0,0,0,0,0,0,0,0,185,253,253,230,0,0,0,0,0,0,0,0,0,0,0,0,0,0,0,0,0,0,0,0,0,0,0,0,185,253,253,230,0,0,0,0,0,0,0,0,0,0,0,0,0,0,0,0,0,0,0,0,0,0,0,0,185,253,253,230,0,0,0,0,0,0,0,0,0,0,0,0,0,0,0,0,0,0,0,0,0,0,0,0,185,253,253,230,0,0,0,0,0,0,0,0,0,0,0,0,0,0,0,0,0,0,0,0,0,0,0,0,185,253,253,230,0,0,0,0,0,0,0,0,0,0,0,0,0,0,0,0,0,0,0,0,0,0,0,0,59,253,253,230,0,0,0,0,0,0,0,0,0,0,0,0,0,0,0,0,0,0,0,0,0,0,0,0,31,253,253,136,0,0,0,0,0,0,0,0,0,0,0,0,0,0,0,0,0,0,0,0,0,0,0,0,0,0,0,0,0,0,0,0,0,0,0,0,0,0,0,0,0,0,0,0,0,0,0,0,0,0,0,0,0,0,0,0,0,0,0,0,0,0,0,0,0,0,0,0,0,0,0,0,0,0,0,0,0,0,0,0,0,0,0,0,0,0,0,0,0,0,0,0,0,0,0,0,0,0,0,0,0,0,0,0,0,0,0,0,0,0,0,0,0,0,0,0,0,0,0,0,0,0,0,0
4,0,0,0,0,0,0,0,0,0,0,0,0,0,0,0,0,0,0,0,0,0,0,0,0,0,0,0,0,0,0,0,0,0,0,0,0,0,0,0,0,0,0,0,0,0,0,0,0,0,0,0,0,0,0,0,0,0,0,0,0,0,0,0,0,0,0,0,0,0,0,0,0,0,0,0,0,0,0,0,0,0,0,0,0,0,0,0,0,0,0,0,0,0,0,0,0,0,0,0,0,0,0,0,0,0,0,0,0,0,0,0,0,0,0,0,0,0,0,0,0,0,0,0,0,0,0,0,0,0,0,0,0,0,0,0,0,0,0,0,0,0,0,0,0,0,0,0,0,0,0,0,0,0,0,0,0,0,0,0,28,231,114,0,0,0,0,0,0,0,0,0,0,0,0,0,0,0,0,0,0,0,0,0,0,0,0,0,53,225,35,0,0,0,0,0,0,0,0,0,0,0,0,0,1,6,1,0,0,0,0,0,0,0,0,13,210,252,5,0,0,0,0,0,0,0,0,0,0,0,0,0,25,227,156,0,0,0,0,0,0,0,0,46,254,151,0,0,0,0,0,0,0,0,0,0,0,0,0,0,44,254,244,0,0,0,0,0,0,0,0,171,254,151,0,0,0,0,0,0,0,0,0,0,0,0,0,0,25,227,249,46,0,0,0,0,0,0,0,245,254,54,0,0,0,0,0,0,0,0,0,0,0,0,0,0,65,254,248,37,0,0,0,0,0,0,61,251,214,17,0,0,0,0,0,0,0,0,0,0,0,0,0,2,187,254,206,0,0,0,0,0,0,0,181,254,106,0,0,0,0,0,0,0,0,0,0,0,0,0,5,115,254,254,50,7,0,0,0,0,0,56,251,254,81,7,15,0,0,0,0,0,0,0,0,0,0,0,77,254,254,254,254,198,163,163,163,78,55,102,254,254,118,182,222,0,0,0,0,0,0,0,0,0,0,0,49,243,254,254,254,254,254,254,254,254,254,254,254,254,191,162,95,0,0,0,0,0,0,0,0,0,0,0,0,14,16,51,32,125,125,125,125,163,235,254,254,175,40,0,0,0,0,0,0,0,0,0,0,0,0,0,0,0,0,0,0,0,0,0,0,0,94,254,254,10,0,0,0,0,0,0,0,0,0,0,0,0,0,0,0,0,0,0,0,0,0,0,0,0,130,254,254,10,0,0,0,0,0,0,0,0,0,0,0,0,0,0,0,0,0,0,0,0,0,0,0,0,142,254,244,9,0,0,0,0,0,0,0,0,0,0,0,0,0,0,0,0,0,0,0,0,0,0,0,0,239,255,156,0,0,0,0,0,0,0,0,0,0,0,0,0,0,0,0,0,0,0,0,0,0,0,0,0,239,254,196,4,0,0,0,0,0,0,0,0,0,0,0,0,0,0,0,0,0,0,0,0,0,0,0,0,239,254,254,10,0,0,0,0,0,0,0,0,0,0,0,0,0,0,0,0,0,0,0,0,0,0,0,0,239,254,227,8,0,0,0,0,0,0,0,0,0,0,0,0,0,0,0,0,0,0,0,0,0,0,0,0,193,254,111,0,0,0,0,0,0,0,0,0,0,0,0,0,0,0,0,0,0,0,0,0,0,0,0,0,0,0,0,0,0,0,0,0,0,0,0,0,0,0,0,0,0,0,0,0,0,0,0,0,0,0,0,0,0,0,0,0,0,0,0,0,0,0,0,0,0,0,0,0,0,0,0,0,0,0,0,0,0,0,0,0,0,0,0,0,0,0,0,0,0,0,0,0,0
4,0,0,0,0,0,0,0,0,0,0,0,0,0,0,0,0,0,0,0,0,0,0,0,0,0,0,0,0,0,0,0,0,0,0,0,0,0,0,0,0,0,0,0,0,0,0,0,0,0,0,0,0,0,0,0,0,0,0,0,0,0,0,0,0,0,0,0,0,0,0,0,0,0,0,0,0,0,0,0,0,0,0,0,0,0,0,0,0,0,0,0,0,0,0,0,0,0,0,0,0,0,0,0,0,0,0,0,0,0,0,0,0,0,0,0,0,0,0,0,0,0,0,0,0,0,0,0,0,0,0,0,0,0,0,0,0,0,0,0,0,0,0,0,0,0,0,0,0,100,141,19,0,0,0,0,0,0,0,0,0,0,0,0,0,0,0,0,0,0,0,0,0,0,0,0,0,227,254,39,0,0,0,0,0,22,186,104,0,0,0,0,0,0,0,0,0,0,0,0,0,0,0,0,101,253,254,39,0,0,0,0,0,171,254,236,43,0,0,0,0,0,0,0,0,0,0,0,0,0,0,0,159,254,254,39,0,0,0,0,0,177,254,254,98,0,0,0,0,0,0,0,0,0,0,0,0,0,0,0,185,254,254,89,0,0,0,0,21,207,254,254,98,0,0,0,0,0,0,0,0,0,0,0,0,0,0,0,106,254,254,200,17,0,0,0,53,254,254,254,98,0,0,0,0,0,0,0,0,0,0,0,0,0,0,0,70,246,254,254,45,0,0,20,188,254,254,254,98,0,0,0,0,0,0,0,0,0,0,0,0,0,0,0,0,230,254,254,153,0,0,60,254,254,254,254,98,0,0,0,0,0,0,0,0,0,0,0,0,0,0,0,0,192,254,254,176,0,19,182,212,193,254,254,98,0,0,0,0,0,0,0,0,0,0,0,0,0,0,0,0,99,254,254,176,0,167,239,83,76,254,254,98,0,0,0,0,0,0,0,0,0,0,0,0,0,0,0,0,99,254,254,145,85,225,164,17,47,254,254,98,0,0,0,0,0,0,0,0,0,0,0,0,0,0,0,0,79,248,254,102,240,236,188,57,13,194,254,192,0,0,0,0,0,0,0,0,0,0,0,0,0,0,0,0,0,199,254,215,241,108,60,0,0,170,254,228,0,0,0,0,0,0,0,0,0,0,0,0,0,0,0,0,16,184,254,254,162,0,0,0,0,150,254,232,17,0,0,0,0,0,0,0,0,0,0,0,0,0,0,0,99,254,254,204,19,0,0,0,0,40,254,254,104,0,0,0,0,0,0,0,0,0,0,0,0,0,0,0,99,254,254,162,0,0,0,0,0,40,254,255,104,0,0,0,0,0,0,0,0,0,0,0,0,0,0,0,166,254,204,19,0,0,0,0,0,40,254,255,104,0,0,0,0,0,0,0,0,0,0,0,0,0,0,0,94,241,94,0,0,0,0,0,0,40,254,254,104,0,0,0,0,0,0,0,0,0,0,0,0,0,0,0,0,0,0,0,0,0,0,0,0,40,254,255,104,0,0,0,0,0,0,0,0,0,0,0,0,0,0,0,0,0,0,0,0,0,0,0,0,40,254,241,51,0,0,0,0,0,0,0,0,0,0,0,0,0,0,0,0,0,0,0,0,0,0,0,0,0,0,0,0,0,0,0,0,0,0,0,0,0,0,0,0,0,0,0,0,0,0,0,0,0,0,0,0,0,0,0,0,0,0,0,0,0,0,0,0,0,0,0,0,0,0,0,0,0,0,0,0,0,0,0,0,0,0,0,0,0,0,0,0,0,0,0
3,0,0,0,0,0,0,0,0,0,0,0,0,0,0,0,0,0,0,0,0,0,0,0,0,0,0,0,0,0,0,0,0,0,0,0,0,0,0,0,0,0,0,0,0,0,0,0,0,0,0,0,0,0,0,0,0,0,0,0,0,0,0,0,0,0,0,0,0,0,0,0,0,0,0,0,0,0,0,0,0,0,0,0,0,0,0,0,0,0,0,0,0,0,0,0,0,0,0,0,0,0,0,0,0,0,0,0,0,0,0,0,0,0,0,0,0,0,0,0,0,0,0,11,127,183,255,184,171,53,0,0,0,0,0,0,0,0,0,0,0,0,0,0,0,0,0,0,0,0,1,120,254,254,254,254,254,219,14,0,0,0,0,0,0,0,0,0,0,0,0,0,0,0,0,0,0,0,26,254,233,91,75,118,236,254,143,0,0,0,0,0,0,0,0,0,0,0,0,0,0,0,0,0,0,0,16,165,54,0,0,0,101,254,195,0,0,0,0,0,0,0,0,0,0,0,0,0,0,0,0,0,0,0,0,8,14,0,0,0,51,254,238,25,0,0,0,0,0,0,0,0,0,0,0,0,0,0,0,0,0,0,0,0,0,0,0,0,29,240,254,108,0,0,0,0,0,0,0,0,0,0,0,0,0,0,0,0,0,0,0,0,0,0,0,0,6,225,254,71,0,0,0,0,0,0,0,0,0,0,0,0,0,0,0,0,0,0,0,0,0,0,0,0,51,254,227,14,0,0,0,0,0,0,0,0,0,0,0,0,0,0,0,0,0,0,25,122,111,38,38,53,174,254,155,0,0,0,0,0,0,0,0,0,0,0,0,0,0,0,0,0,0,0,149,254,254,254,254,254,254,227,30,0,0,0,0,0,0,0,0,0,0,0,0,0,0,0,0,0,0,0,130,223,214,217,245,254,254,209,21,0,0,0,0,0,0,0,0,0,0,0,0,0,0,0,0,0,0,0,0,13,5,8,31,80,218,254,195,5,0,0,0,0,0,0,0,0,0,0,0,0,0,0,0,0,0,0,0,0,0,0,0,0,51,247,254,98,0,0,0,0,0,0,0,0,0,0,0,0,0,0,0,0,0,0,0,0,0,0,0,0,0,101,254,182,0,0,0,0,0,0,0,0,0,0,0,0,0,0,0,0,0,0,0,0,0,0,0,0,0,41,247,227,12,0,0,0,0,0,0,0,0,0,0,0,0,0,0,0,0,0,0,0,0,0,0,0,0,0,225,237,15,0,0,0,0,0,0,0,0,0,0,0,0,0,0,0,0,6,116,128,0,0,0,0,0,51,252,191,0,0,0,0,0,0,0,0,0,0,0,0,0,0,0,0,0,21,254,252,231,158,53,0,15,196,236,108,0,0,0,0,0,0,0,0,0,0,0,0,0,0,0,0,0,8,162,254,254,254,250,246,248,254,195,0,0,0,0,0,0,0,0,0,0,0,0,0,0,0,0,0,0,0,1,13,98,182,254,254,182,108,3,0,0,0,0,0,0,0,0,0,0,0,0,0,0,0,0,0,0,0,0,0,0,0,0,0,0,0,0,0,0,0,0,0,0,0,0,0,0,0,0,0,0,0,0,0,0,0,0,0,0,0,0,0,0,0,0,0,0,0,0,0,0,0,0,0,0,0,0,0,0,0,0,0,0,0,0,0,0,0,0,0,0,0,0,0,0,0,0,0,0,0,0,0,0,0,0,0,0,0,0,0,0,0,0,0,0,0,0,0,0,0,0,0,0,0,0,0,0,0,0,0,0
2,0,0,0,0,0,0,0,0,0,0,0,0,0,0,0,0,0,0,0,0,0,0,0,0,0,0,0,0,0,0,0,0,0,0,0,0,0,0,0,0,0,0,0,0,0,0,0,0,0,0,0,0,0,0,0,0,0,0,0,0,0,0,0,0,0,0,0,0,0,0,0,0,0,0,0,0,0,0,0,0,0,0,0,0,0,0,0,0,0,0,0,0,0,0,0,0,42,116,196,213,215,22,0,0,0,0,0,0,0,0,0,0,0,0,0,0,0,0,0,0,0,0,0,96,248,254,254,254,254,205,23,0,0,0,0,0,0,0,0,0,0,0,0,0,0,0,0,0,0,47,183,220,254,254,240,254,254,214,3,0,0,0,0,0,0,0,0,0,0,0,0,0,0,0,0,0,0,84,254,254,254,200,57,148,254,226,21,0,0,0,0,0,0,0,0,0,0,0,0,0,0,0,0,0,0,76,239,228,45,7,0,53,254,254,62,0,0,0,0,0,0,0,0,0,0,0,0,0,0,0,0,0,0,0,32,0,0,0,0,83,254,254,62,0,0,0,0,0,0,0,0,0,0,0,0,0,0,0,0,0,0,0,0,0,0,0,12,243,254,252,58,0,0,0,0,0,0,0,0,0,0,0,0,0,0,0,0,0,0,0,0,0,0,0,110,254,254,144,0,0,0,0,0,0,0,0,0,0,0,0,0,0,0,0,0,0,0,0,0,0,0,2,113,254,254,21,0,0,0,0,0,0,0,0,0,0,0,0,0,0,0,0,0,0,0,0,0,0,0,85,254,254,234,4,0,0,0,0,0,0,0,0,0,0,0,0,0,0,0,0,0,0,0,0,0,0,7,201,254,254,116,0,0,0,0,0,0,0,0,0,0,0,0,0,0,0,0,0,0,0,0,0,0,0,135,254,254,186,1,0,0,0,0,0,0,0,0,0,0,0,0,0,0,0,0,0,0,0,0,0,0,92,247,254,171,24,0,0,0,0,0,0,0,0,0,0,0,0,0,0,0,0,0,0,0,0,0,0,38,250,254,254,90,0,0,0,0,0,0,0,0,0,0,0,0,0,0,0,0,0,0,0,0,0,0,26,211,254,254,177,12,0,0,0,60,79,153,167,0,0,0,0,0,0,0,0,0,0,0,0,0,0,0,93,254,255,254,170,126,189,229,229,248,254,254,234,0,0,0,0,0,0,0,0,0,0,0,0,0,0,0,188,254,254,254,254,254,254,254,254,254,254,254,248,84,0,0,0,0,0,0,0,0,0,0,0,0,0,32,245,254,254,254,254,254,254,254,254,254,254,215,195,94,0,0,0,0,0,0,0,0,0,0,0,0,0,14,212,254,254,254,231,254,219,219,138,129,141,27,39,0,0,0,0,0,0,0,0,0,0,0,0,0,0,0,103,254,182,144,28,46,18,18,1,0,0,0,0,0,0,0,0,0,0,0,0,0,0,0,0,0,0,0,0,0,0,0,0,0,0,0,0,0,0,0,0,0,0,0,0,0,0,0,0,0,0,0,0,0,0,0,0,0,0,0,0,0,0,0,0,0,0,0,0,0,0,0,0,0,0,0,0,0,0,0,0,0,0,0,0,0,0,0,0,0,0,0,0,0,0,0,0,0,0,0,0,0,0,0,0,0,0,0,0,0,0,0,0,0,0,0,0,0,0,0,0,0,0,0,0,0,0,0,0,0,0,0,0,0,0,0,0,0,0,0,0,0,0,0,0,0,0,0,0,0,0,0,0,0,0,0,0,0,0
8,0,0,0,0,0,0,0,0,0,0,0,0,0,0,0,0,0,0,0,0,0,0,0,0,0,0,0,0,0,0,0,0,0,0,0,0,0,0,0,0,0,0,0,0,0,0,0,0,0,0,0,0,0,0,0,0,0,0,0,0,0,0,0,0,0,0,0,0,0,0,0,0,0,0,0,0,0,0,0,0,0,0,0,0,0,0,0,0,0,0,0,0,0,0,0,0,0,0,0,0,0,0,0,0,0,0,0,0,0,0,0,0,0,0,0,0,0,0,0,0,0,0,0,0,0,0,0,0,0,0,0,0,0,0,0,0,0,0,0,0,0,0,0,0,0,0,0,0,11,145,236,235,113,61,145,236,235,235,235,170,20,0,0,0,0,0,0,0,0,0,0,0,0,0,0,32,168,253,254,253,253,253,253,254,253,253,253,253,205,22,0,0,0,0,0,0,0,0,0,0,0,0,89,226,253,253,254,253,253,253,253,254,253,253,253,253,254,202,22,0,0,0,0,0,0,0,0,0,0,53,248,253,253,220,254,253,253,175,105,130,162,194,233,253,254,253,158,0,0,0,0,0,0,0,0,0,0,163,254,230,52,92,255,166,0,0,0,0,0,0,40,181,255,254,217,0,0,0,0,0,0,0,0,0,0,163,253,164,0,39,254,198,0,0,0,0,0,0,0,7,254,253,216,0,0,0,0,0,0,0,0,0,0,208,253,127,0,0,62,100,0,0,0,0,0,0,0,46,254,253,203,0,0,0,0,0,0,0,0,0,0,182,253,200,11,0,0,0,0,15,19,19,19,32,116,218,254,223,40,0,0,0,0,0,0,0,0,0,0,130,253,253,222,148,27,91,168,238,253,254,253,253,253,253,195,37,0,0,0,0,0,0,0,0,0,0,0,0,152,254,254,254,255,254,254,254,254,255,254,254,254,254,228,64,0,0,0,0,0,0,0,0,0,0,0,0,16,195,253,253,254,253,253,253,253,218,198,245,253,253,254,249,137,0,0,0,0,0,0,0,0,0,0,11,180,253,253,253,217,132,171,242,87,13,0,76,167,253,254,253,235,53,0,0,0,0,0,0,0,0,0,80,253,253,253,175,0,0,0,39,0,0,0,0,4,119,241,253,253,249,167,0,0,0,0,0,0,0,0,163,253,227,169,21,0,0,0,0,0,0,0,0,0,0,21,92,240,253,253,0,0,0,0,0,0,0,0,163,254,254,235,0,0,0,0,0,0,0,0,0,0,0,0,0,121,254,254,0,0,0,0,0,0,0,0,64,249,253,251,203,120,55,55,55,55,55,55,55,55,87,171,235,250,253,233,0,0,0,0,0,0,0,0,0,105,235,253,253,254,253,253,253,253,254,253,253,253,253,254,219,171,120,23,0,0,0,0,0,0,0,0,0,0,27,126,209,235,235,235,235,235,235,235,235,163,112,54,4,0,0,0,0,0,0,0,0,0,0,0,0,0,0,0,0,0,0,0,0,0,0,0,0,0,0,0,0,0,0,0,0,0,0,0,0,0,0,0,0,0,0,0,0,0,0,0,0,0,0,0,0,0,0,0,0,0,0,0,0,0,0,0,0,0,0,0,0,0,0,0,0,0,0,0,0,0,0,0,0,0,0,0,0,0,0,0,0,0,0,0,0,0,0,0,0,0,0,0,0,0,0,0,0,0,0,0,0,0,0,0,0,0,0,0,0,0,0,0,0,0,0,0,0,0,0,0,0,0,0,0,0,0,0,0,0,0,0,0,0,0,0,0,0,0,0
5,0,0,0,0,0,0,0,0,0,0,0,0,0,0,0,0,0,0,0,0,0,0,0,0,0,0,0,0,0,0,0,0,0,0,0,0,0,0,0,0,0,0,0,0,0,0,0,0,0,0,0,0,0,0,0,0,0,0,0,0,0,0,0,0,0,0,0,0,0,0,0,0,0,0,0,0,0,0,0,0,0,0,0,0,0,0,0,0,0,0,0,0,0,0,0,0,0,0,0,0,0,0,0,0,0,0,0,0,0,0,0,0,0,0,0,0,0,0,0,0,0,0,0,0,0,0,0,0,0,0,0,0,0,0,0,0,0,0,0,0,0,0,0,0,0,0,0,0,0,59,255,76,27,32,73,73,73,119,169,254,255,140,0,0,0,0,0,0,0,0,0,0,0,0,0,0,0,111,254,243,242,243,253,254,253,253,249,198,140,47,0,0,0,0,0,0,0,0,0,0,0,0,0,0,0,168,254,180,127,127,127,127,127,127,53,0,0,0,0,0,0,0,0,0,0,0,0,0,0,0,0,0,0,59,254,76,0,0,0,0,0,0,0,0,0,0,0,0,0,0,0,0,0,0,0,0,0,0,0,0,0,91,254,108,0,0,0,0,0,0,0,0,0,0,0,0,0,0,0,0,0,0,0,0,0,0,0,0,0,118,255,109,0,32,73,73,5,0,0,0,0,0,0,0,0,0,0,0,0,0,0,0,0,0,0,0,0,181,254,56,106,243,253,254,217,92,0,0,0,0,0,0,0,0,0,0,0,0,0,0,0,0,0,0,0,181,254,110,248,231,127,152,237,248,92,0,0,0,0,0,0,0,0,0,0,0,0,0,0,0,0,0,0,181,254,201,231,50,0,0,70,250,183,0,0,0,0,0,0,0,0,0,0,0,0,0,0,0,0,0,0,181,254,253,127,0,0,0,0,217,241,26,0,0,0,0,0,0,0,0,0,0,0,0,0,0,0,0,12,228,255,218,13,0,0,0,0,69,254,130,0,0,0,0,0,0,0,0,0,0,0,0,0,0,0,0,19,253,254,95,0,0,0,0,0,37,253,162,0,0,0,0,0,0,0,0,0,0,0,0,0,0,0,0,19,253,204,9,0,0,0,0,0,37,253,162,0,0,0,0,0,0,0,0,0,0,0,0,0,0,0,0,11,144,52,0,0,0,0,0,0,108,253,162,0,0,0,0,0,0,0,0,0,0,0,0,0,0,0,0,0,0,0,0,0,0,0,0,20,204,246,72,0,0,0,0,0,0,0,0,0,0,0,0,0,0,0,0,0,0,0,0,0,0,0,0,81,254,151,0,0,0,0,0,0,0,0,0,0,0,0,0,0,0,0,0,0,0,0,0,0,0,0,42,239,219,4,0,0,0,0,0,0,0,0,0,0,0,0,0,0,0,0,0,132,62,0,0,0,0,14,196,245,121,0,0,0,0,0,0,0,0,0,0,0,0,0,0,0,0,0,0,154,253,200,116,64,90,193,254,153,0,0,0,0,0,0,0,0,0,0,0,0,0,0,0,0,0,0,0,6,136,221,253,253,253,253,136,5,0,0,0,0,0,0,0,0,0,0,0,0,0,0,0,0,0,0,0,0,0,0,0,0,0,0,0,0,0,0,0,0,0,0,0,0,0,0,0,0,0,0,0,0,0,0,0,0,0,0,0,0,0,0,0,0,0,0,0,0,0,0,0,0,0,0,0,0,0,0,0,0,0,0,0,0,0,0,0,0,0,0,0,0,0,0,0,0,0,0,0,0,0,0,0
9,0,0,0,0,0,0,0,0,0,0,0,0,0,0,0,0,0,0,0,0,0,0,0,0,0,0,0,0,0,0,0,0,0,0,0,0,0,0,0,0,0,0,0,0,0,0,0,0,0,0,0,0,0,0,0,0,0,0,0,0,0,0,0,0,0,0,0,0,0,0,0,0,0,0,0,0,0,0,0,0,0,0,0,0,0,0,0,0,0,0,0,0,0,0,0,0,0,0,0,0,0,0,0,0,0,0,0,0,0,0,0,0,0,0,0,0,0,0,0,0,0,0,0,0,0,0,0,0,0,0,0,0,0,0,0,0,0,0,0,0,0,0,0,0,0,0,0,0,0,0,0,0,0,0,0,0,0,0,0,0,0,0,0,0,0,0,0,0,0,0,0,0,0,0,0,0,0,0,0,0,0,0,0,0,0,0,0,0,0,0,0,0,0,0,0,0,0,0,0,0,0,0,0,0,0,0,0,61,95,153,254,255,212,174,19,0,0,0,0,0,0,0,0,0,0,0,0,0,0,0,0,0,0,5,140,248,246,173,148,148,217,251,233,44,0,0,0,0,0,0,0,0,0,0,0,0,0,0,0,0,6,155,254,208,66,0,0,0,0,71,247,165,0,0,21,29,0,0,0,0,0,0,0,0,0,0,0,0,119,254,207,24,0,0,6,114,172,184,251,83,0,0,45,117,0,0,0,0,0,0,0,0,0,0,0,0,198,242,35,0,0,29,205,254,254,198,37,1,0,0,45,98,0,0,0,0,0,0,0,0,0,0,0,0,175,235,153,179,206,242,222,167,254,109,0,0,0,0,4,3,0,0,0,0,0,0,0,0,0,0,0,0,79,236,254,251,170,63,25,171,254,82,0,0,0,0,0,0,0,0,0,0,0,0,0,0,0,0,0,0,0,15,77,31,0,0,2,205,254,28,0,0,0,0,0,0,0,0,0,0,0,0,0,0,0,0,0,0,0,0,0,0,0,0,38,254,205,7,0,0,0,0,0,0,0,0,0,0,0,0,0,0,0,0,0,0,0,0,0,0,0,0,173,254,82,0,0,0,0,0,0,0,0,0,0,0,0,0,0,0,0,0,0,0,0,0,0,0,0,0,190,254,40,0,0,0,0,0,0,0,0,0,0,0,0,0,0,0,0,0,0,0,0,0,0,0,0,15,247,218,5,0,0,0,0,0,0,0,0,0,0,0,0,0,0,0,0,0,0,0,0,0,0,0,0,117,254,163,0,0,0,0,0,0,0,0,0,0,0,0,0,0,0,0,0,0,0,0,0,0,0,0,0,178,254,53,0,0,0,0,0,0,0,0,0,0,0,0,0,0,0,0,0,0,0,0,0,0,0,0,3,232,242,32,0,0,0,0,0,0,0,0,0,0,0,0,0,0,0,0,0,0,0,0,0,0,0,0,41,254,215,0,0,0,0,0,0,0,0,0,0,0,0,0,0,0,0,0,0,0,0,0,0,0,0,0,125,254,130,0,0,0,0,0,0,0,0,0,0,0,0,0,0,0,0,0,0,0,0,0,0,0,0,0,165,254,64,0,0,0,0,0,0,0,0,0,0,0,0,0,0,0,0,0,0,0,0,0,0,0,0,0,213,249,47,0,0,0,0,0,0,0,0,0,0,0,0,0,0,0,0,0,0,0,0,0,0,0,0,0,195,186,0,0,0,0,0,0,0,0,0,0,0,0,0,0,0,0,0,0,0,0,0,0,0,0,0,0,0,0,0,0,0,0,0,0,0,0,0,0,0,0,0,0
4,0,0,0,0,0,0,0,0,0,0,0,0,0,0,0,0,0,0,0,0,0,0,0,0,0,0,0,0,0,0,0,0,0,0,0,0,0,0,0,0,0,0,0,0,0,0,0,0,0,0,0,0,0,0,0,0,0,0,0,0,0,0,0,0,0,0,0,0,0,0,0,0,0,0,0,0,0,0,0,0,0,0,0,0,0,0,0,0,0,0,0,0,0,0,0,0,0,0,0,0,0,0,0,0,0,0,0,0,0,0,0,0,0,0,0,0,0,0,0,0,0,0,0,0,0,0,0,0,0,0,0,0,0,0,0,0,0,0,0,0,0,0,0,0,0,0,0,0,0,0,0,0,0,0,0,0,0,0,0,0,0,0,0,0,0,0,0,0,0,0,0,0,0,0,0,0,0,0,33,136,55,0,0,0,0,0,0,98,213,13,0,0,0,0,0,0,0,0,0,0,0,0,0,0,0,76,247,254,251,155,0,0,0,0,71,251,147,0,0,0,0,0,0,0,0,0,0,0,0,0,0,0,0,192,254,208,155,179,0,0,0,3,216,255,31,0,0,0,0,0,0,0,0,0,0,0,0,0,0,0,43,246,253,83,12,17,0,0,0,49,254,245,19,0,0,0,0,0,0,0,0,0,0,0,0,0,0,0,126,254,246,0,0,0,0,0,8,196,254,140,0,0,0,0,0,0,0,0,0,0,0,0,0,0,0,0,91,254,249,35,0,0,0,0,53,254,254,9,0,0,0,0,0,0,0,0,0,0,0,0,0,0,0,0,12,218,254,169,0,0,0,11,188,254,199,3,0,0,0,0,0,0,0,0,0,0,0,0,0,0,0,0,0,114,254,253,29,0,13,127,254,253,62,0,0,0,0,0,0,0,0,0,0,0,0,0,0,0,0,0,0,16,195,254,244,237,209,254,254,250,0,0,0,0,0,0,0,0,0,0,0,0,0,0,0,0,0,0,0,0,47,181,238,254,239,254,254,171,0,0,0,0,0,0,0,0,0,0,0,0,0,0,0,0,0,0,0,0,0,0,28,44,66,254,252,78,0,0,0,0,0,0,0,0,0,0,0,0,0,0,0,0,0,0,0,0,0,0,0,0,115,254,230,0,0,0,0,0,0,0,0,0,0,0,0,0,0,0,0,0,0,0,0,0,0,0,0,0,167,254,147,0,0,0,0,0,0,0,0,0,0,0,0,0,0,0,0,0,0,0,0,0,0,0,0,0,224,254,88,0,0,0,0,0,0,0,0,0,0,0,0,0,0,0,0,0,0,0,0,0,0,0,0,16,232,254,58,0,0,0,0,0,0,0,0,0,0,0,0,0,0,0,0,0,0,0,0,0,0,0,0,78,254,237,26,0,0,0,0,0,0,0,0,0,0,0,0,0,0,0,0,0,0,0,0,0,0,0,0,162,254,146,0,0,0,0,0,0,0,0,0,0,0,0,0,0,0,0,0,0,0,0,0,0,0,0,0,165,254,112,0,0,0,0,0,0,0,0,0,0,0,0,0,0,0,0,0,0,0,0,0,0,0,0,0,112,254,214,0,0,0,0,0,0,0,0,0,0,0,0,0,0,0,0,0,0,0,0,0,0,0,0,0,18,201,14,0,0,0,0,0,0,0,0,0,0,0,0,0,0,0,0,0,0,0,0,0,0,0,0,0,0,0,0,0,0,0,0,0,0,0,0,0,0,0,0,0,0,0,0,0,0,0,0,0,0,0,0,0,0,0,0,0,0,0,0,0,0,0,0,0,0,0,0
4,0,0,0,0,0,0,0,0,0,0,0,0,0,0,0,0,0,0,0,0,0,0,0,0,0,0,0,0,0,0,0,0,0,0,0,0,0,0,0,0,0,0,0,0,0,0,0,0,0,0,0,0,0,0,0,0,0,0,0,0,0,0,0,0,0,0,0,0,0,0,0,0,0,0,0,0,0,0,0,0,0,0,0,0,0,0,0,0,0,0,0,0,0,0,0,0,0,0,0,0,0,0,0,0,0,0,0,0,0,0,0,0,0,0,0,0,0,0,0,0,0,0,0,0,0,0,0,0,0,0,0,0,0,0,0,0,0,0,0,0,0,0,0,0,0,0,0,0,0,0,0,0,0,0,0,0,0,0,0,0,0,32,34,0,0,0,0,0,0,0,0,0,0,0,0,0,0,0,0,0,0,0,0,0,0,0,0,0,20,178,246,185,27,0,0,0,0,0,0,0,0,0,0,0,0,0,0,0,0,0,0,0,0,0,0,3,162,254,251,251,179,0,0,0,0,0,0,0,0,0,0,0,0,0,0,0,0,0,0,0,0,0,0,109,254,218,48,29,106,0,0,0,0,0,0,0,0,0,0,0,0,0,0,0,0,0,0,0,0,0,42,249,254,43,0,0,0,0,0,0,0,0,0,0,0,0,0,0,0,0,6,9,0,0,0,0,0,8,187,252,96,5,0,0,0,0,0,0,0,0,0,0,0,0,0,0,0,0,187,236,58,0,0,0,0,147,254,181,0,0,0,0,0,0,0,0,0,0,0,0,0,0,0,0,34,196,248,254,84,0,0,0,55,209,254,61,0,0,0,0,0,0,0,0,0,0,0,0,0,0,0,110,194,254,254,254,72,17,17,56,191,254,166,22,6,0,0,0,0,0,0,0,0,0,0,0,0,48,163,243,254,254,254,254,254,254,254,254,254,254,254,254,192,120,1,0,0,0,0,0,0,0,0,0,0,147,254,254,254,254,254,254,254,254,254,254,254,254,254,254,255,217,3,0,0,0,0,0,0,0,0,0,0,202,248,184,125,43,16,16,16,142,254,247,177,125,125,125,50,10,0,0,0,0,0,0,0,0,0,0,0,87,61,0,0,0,0,0,105,248,254,91,0,0,0,0,0,0,0,0,0,0,0,0,0,0,0,0,0,0,0,0,0,0,0,21,200,254,123,11,0,0,0,0,0,0,0,0,0,0,0,0,0,0,0,0,0,0,0,0,0,0,5,146,252,181,4,0,0,0,0,0,0,0,0,0,0,0,0,0,0,0,0,0,0,0,0,0,0,0,110,224,167,42,0,0,0,0,0,0,0,0,0,0,0,0,0,0,0,0,0,0,0,0,0,0,0,34,239,235,82,0,0,0,0,0,0,0,0,0,0,0,0,0,0,0,0,0,0,0,0,0,0,0,0,142,253,132,0,0,0,0,0,0,0,0,0,0,0,0,0,0,0,0,0,0,0,0,0,0,0,0,0,92,180,42,0,0,0,0,0,0,0,0,0,0,0,0,0,0,0,0,0,0,0,0,0,0,0,0,0,0,0,0,0,0,0,0,0,0,0,0,0,0,0,0,0,0,0,0,0,0,0,0,0,0,0,0,0,0,0,0,0,0,0,0,0,0,0,0,0,0,0,0,0,0,0,0,0,0,0,0,0,0,0,0,0,0,0,0,0,0,0,0,0,0,0,0,0,0,0,0,0,0,0,0,0,0,0,0,0,0,0,0,0,0,0,0,0,0,0,0,0,0,0,0,0,0,0,0,0,0,0,0
7,0,0,0,0,0,0,0,0,0,0,0,0,0,0,0,0,0,0,0,0,0,0,0,0,0,0,0,0,0,0,0,0,0,0,0,0,0,0,0,0,0,0,0,0,0,0,0,0,0,0,0,0,0,0,0,0,0,0,0,0,0,0,0,0,0,0,0,0,0,0,0,0,0,0,0,0,0,0,0,0,0,0,0,0,0,0,0,0,0,0,0,0,0,0,0,0,0,0,0,0,0,0,0,0,0,0,0,0,0,0,0,0,0,0,0,0,0,0,0,0,0,0,0,0,0,0,0,0,0,0,0,0,0,0,0,0,0,0,0,0,0,0,0,0,0,0,0,0,0,0,0,0,0,0,0,0,0,0,0,0,0,0,0,0,0,0,0,0,0,0,0,0,0,0,0,0,0,0,0,0,0,0,0,0,0,0,0,0,0,0,0,0,0,0,0,0,0,0,0,0,0,0,0,0,0,0,0,0,0,0,0,0,0,0,0,0,0,0,0,0,0,0,0,0,0,0,0,0,0,0,9,13,13,53,133,133,133,134,133,133,133,133,41,9,0,0,0,0,0,0,0,0,0,0,0,31,145,145,218,253,253,253,253,253,253,254,253,253,253,253,253,217,145,25,0,0,0,0,0,0,0,0,0,254,253,253,246,217,217,217,170,96,96,97,96,96,96,96,130,217,248,212,100,0,0,0,0,0,0,0,0,254,214,84,68,0,0,0,0,0,0,0,0,0,0,0,0,0,137,253,253,0,0,0,0,0,0,0,0,135,83,0,0,0,0,0,0,0,0,0,0,0,0,0,0,0,98,253,253,0,0,0,0,0,0,0,0,0,0,0,0,0,0,0,0,0,0,0,0,0,0,0,0,0,190,253,218,0,0,0,0,0,0,0,0,0,0,0,0,0,0,0,0,0,0,0,0,0,0,0,25,126,247,217,89,0,0,0,0,0,0,0,0,0,0,0,0,0,0,0,0,0,0,0,0,0,0,0,177,253,253,40,0,0,0,0,0,0,0,0,0,0,0,0,0,0,0,0,0,0,0,0,0,0,0,108,248,253,114,3,0,0,0,0,0,0,0,0,0,0,0,0,0,0,0,0,0,0,0,0,0,0,105,250,253,115,2,0,0,0,0,0,0,0,0,0,0,0,0,0,0,0,0,0,0,0,0,0,0,2,117,254,210,23,0,0,0,0,0,0,0,0,0,0,0,0,0,0,0,0,0,0,0,0,0,0,0,107,253,149,26,0,0,0,0,0,0,0,0,0,0,0,0,0,0,0,0,0,0,0,0,0,0,0,33,217,223,28,0,0,0,0,0,0,0,0,0,0,0,0,0,0,0,0,0,0,0,0,0,0,0,9,218,246,108,0,0,0,0,0,0,0,0,0,0,0,0,0,0,0,0,0,0,0,0,0,0,0,30,186,247,108,0,0,0,0,0,0,0,0,0,0,0,0,0,0,0,0,0,0,0,0,0,0,0,0,122,251,106,0,0,0,0,0,0,0,0,0,0,0,0,0,0,0,0,0,0,0,0,0,0,0,0,37,223,202,0,0,0,0,0,0,0,0,0,0,0,0,0,0,0,0,0,0,0,0,0,0,0,0,0,167,253,17,0,0,0,0,0,0,0,0,0,0,0,0,0,0,0,0,0,0,0,0,0,0,0,0,0,110,253,0,0,0,0,0,0,0,0,0,0,0,0,0,0,0,0,0,0,0,0,0,0,0,0,0,0,57,132,0,0,0,0,0,0,0,0,0,0,0,0,0,0,0
9,0,0,0,0,0,0,0,0,0,0,0,0,0,0,0,0,0,0,0,0,0,0,0,0,0,0,0,0,0,0,0,0,0,0,0,0,0,0,0,0,0,0,0,0,0,0,0,0,0,0,0,0,0,0,0,0,0,0,0,0,0,0,0,0,0,0,0,0,0,0,0,0,0,0,0,0,0,0,0,0,0,0,0,0,0,0,0,0,0,0,0,0,0,0,0,0,0,0,0,0,0,0,0,0,0,0,0,0,0,0,0,0,0,0,0,0,0,0,0,0,0,0,0,0,0,0,0,0,0,0,0,0,0,0,0,0,0,0,0,0,0,0,0,0,0,0,0,0,0,0,0,0,0,0,0,0,0,0,0,0,0,0,0,0,0,0,0,0,0,0,0,0,0,0,0,0,0,0,0,0,43,153,235,254,254,254,51,0,0,0,0,0,0,0,0,0,0,0,0,0,0,0,0,0,4,0,4,121,243,253,253,253,253,253,207,0,0,0,0,0,0,0,0,0,0,0,0,0,0,0,0,0,36,0,149,253,253,253,185,113,244,253,200,19,0,0,0,0,0,0,0,0,0,0,0,0,0,0,0,0,0,70,217,253,201,115,20,0,35,133,133,40,0,0,0,0,0,0,0,0,0,0,0,0,0,0,0,0,0,229,253,253,99,0,0,0,0,51,78,0,0,0,0,0,0,0,0,0,0,0,0,0,0,0,0,0,60,248,253,222,36,25,25,78,229,246,140,0,0,0,0,0,0,0,0,0,0,0,0,0,0,0,0,0,26,238,253,253,253,240,240,253,253,253,238,30,0,0,0,0,0,0,0,0,0,0,0,0,0,0,0,0,34,169,253,253,253,253,253,253,253,253,189,0,0,0,0,0,0,0,0,0,0,0,0,0,0,0,0,0,0,19,158,158,83,99,139,253,253,253,76,0,0,0,0,0,0,0,0,0,0,0,0,0,0,0,0,0,0,0,0,0,0,0,46,253,253,253,108,0,0,0,0,0,0,0,0,0,0,0,0,0,0,0,0,0,0,0,0,0,0,41,244,253,253,195,6,0,0,0,0,0,0,0,0,0,0,0,0,0,0,0,0,0,0,0,0,0,0,113,253,253,244,32,0,0,0,0,0,0,0,0,0,0,0,0,0,0,0,0,0,0,0,0,0,0,6,156,253,253,187,0,0,0,0,0,0,0,0,0,0,0,0,0,0,0,0,0,0,0,0,0,0,0,134,253,253,230,24,0,0,0,0,0,0,0,0,0,0,0,0,0,0,0,0,0,0,0,0,0,0,4,150,253,253,166,20,0,0,0,0,0,0,0,0,0,0,0,0,0,0,0,0,0,0,0,0,0,0,25,230,253,250,38,0,0,0,0,0,0,0,0,0,0,0,0,0,0,0,0,0,0,0,0,0,0,0,225,253,253,170,0,0,0,0,0,0,0,0,0,0,0,0,0,0,0,0,0,0,0,0,0,0,0,31,244,253,253,138,0,0,0,0,0,0,0,0,0,0,0,0,0,0,0,0,0,0,0,0,0,0,0,37,246,254,234,30,0,0,0,0,0,0,0,0,0,0,0,0,0,0,0,0,0,0,0,0,0,0,0,34,245,253,135,11,0,0,0,0,0,0,0,0,0,0,0,0,0,0,0,0,0,0,0,0,0,0,0,0,0,0,0,0,0,0,0,0,0,0,0,0,0,0,0,0,0,0,0,0,0,0,0,0,0,0,0,0,0,0,0,0,0,0,0,0,0,0,0,0,0,0,0,0,0
2,0,0,0,0,0,0,0,0,0,0,0,0,0,0,0,0,0,0,0,0,0,0,0,0,0,0,0,0,0,0,0,0,0,0,0,0,0,0,0,0,0,0,0,0,0,0,0,0,0,0,0,0,0,0,0,0,0,0,0,0,0,0,0,0,0,0,0,0,0,0,0,0,0,0,0,0,0,0,0,0,0,0,0,0,0,0,0,0,0,0,0,0,0,0,0,0,0,0,0,0,0,0,0,0,0,0,0,0,0,0,0,0,0,0,0,0,0,0,0,0,0,71,192,215,214,214,69,0,0,0,0,0,0,0,0,0,0,0,0,0,0,0,0,0,0,0,0,7,109,247,253,254,253,253,226,48,0,0,0,0,0,0,0,0,0,0,0,0,0,0,0,0,0,0,10,168,253,253,253,254,253,253,253,245,0,0,0,0,0,0,0,0,0,0,0,0,0,0,0,0,0,0,36,238,253,253,253,193,238,253,253,253,114,0,0,0,0,0,0,0,0,0,0,0,0,0,0,0,0,0,0,132,213,180,60,0,91,236,254,254,196,0,0,0,0,0,0,0,0,0,0,0,0,0,0,0,0,0,0,3,12,0,0,0,0,175,253,253,195,0,0,0,0,0,0,0,0,0,0,0,0,0,0,0,0,0,0,0,0,0,0,0,0,175,253,253,195,0,0,0,0,0,0,0,0,0,0,0,0,0,0,0,0,0,0,0,0,0,0,0,4,187,253,253,195,0,0,0,0,0,0,0,0,0,0,0,0,0,0,0,0,0,0,0,0,0,76,158,199,253,253,253,157,0,0,0,0,0,0,0,0,0,0,0,0,0,0,0,0,0,0,5,59,164,254,255,254,254,254,254,61,0,0,0,0,0,0,0,0,0,0,0,0,0,0,0,0,0,103,217,253,253,253,254,253,253,253,253,207,18,0,0,0,0,0,0,0,0,0,0,0,0,0,0,0,0,254,253,253,253,253,254,253,253,253,253,254,136,0,0,0,0,0,0,0,0,0,0,0,0,0,0,0,0,254,253,253,253,253,254,253,253,253,253,254,251,99,3,0,0,0,13,40,24,0,0,0,0,0,0,0,0,254,253,253,253,253,254,253,253,253,253,254,253,253,146,23,61,142,213,253,230,0,0,0,0,0,0,0,0,172,254,254,254,254,255,249,165,38,218,255,254,254,254,254,255,254,254,254,231,0,0,0,0,0,0,0,0,9,167,253,253,253,241,103,0,0,53,254,253,253,253,253,254,253,253,167,24,0,0,0,0,0,0,0,0,0,6,78,78,78,30,0,0,0,0,119,253,253,253,253,254,209,78,6,0,0,0,0,0,0,0,0,0,0,0,0,0,0,0,0,0,0,0,5,102,184,213,176,95,10,0,0,0,0,0,0,0,0,0,0,0,0,0,0,0,0,0,0,0,0,0,0,0,0,0,0,0,0,0,0,0,0,0,0,0,0,0,0,0,0,0,0,0,0,0,0,0,0,0,0,0,0,0,0,0,0,0,0,0,0,0,0,0,0,0,0,0,0,0,0,0,0,0,0,0,0,0,0,0,0,0,0,0,0,0,0,0,0,0,0,0,0,0,0,0,0,0,0,0,0,0,0,0,0,0,0,0,0,0,0,0,0,0,0,0,0,0,0,0,0,0,0,0,0,0,0,0,0,0,0,0,0,0,0,0,0,0,0,0,0,0,0,0,0,0,0,0,0,0,0,0,0,0,0,0,0,0,0,0,0,0,0,0,0,0,0,0,0,0,0,0,0,0
6,0,0,0,0,0,0,0,0,0,0,0,0,0,0,0,0,0,0,0,0,0,0,0,0,0,0,0,0,0,0,0,0,0,0,0,0,0,0,0,0,0,0,0,0,0,0,0,0,0,0,0,0,0,0,0,0,0,0,0,0,0,0,0,0,0,0,0,0,0,0,0,0,0,29,166,253,203,76,0,0,0,0,0,0,0,0,0,0,0,0,0,0,0,0,0,0,0,0,0,0,76,216,252,233,196,125,0,0,0,0,0,0,0,0,0,0,0,0,0,0,0,0,0,0,0,0,0,29,210,244,93,37,0,0,0,0,0,0,0,0,0,0,0,0,0,0,0,0,0,0,0,0,0,0,0,185,252,175,0,0,0,0,0,0,0,0,0,0,0,0,0,0,0,0,0,0,0,0,0,0,0,0,120,253,253,51,0,0,0,0,0,0,0,0,0,0,0,0,0,0,0,0,0,0,0,0,0,0,0,19,225,252,177,0,0,0,0,0,0,0,0,0,0,0,0,0,0,0,0,0,0,0,0,0,0,0,0,29,252,252,52,0,0,0,0,0,0,0,0,0,0,0,0,0,0,0,0,0,0,0,0,0,0,0,0,179,252,214,15,0,0,0,0,0,0,0,0,0,0,0,0,0,0,0,0,0,0,0,0,0,0,0,13,254,253,156,0,0,0,0,0,0,0,0,0,0,0,0,0,0,0,0,0,0,0,0,0,0,0,0,138,253,189,19,0,0,0,0,0,0,0,0,0,0,0,0,0,0,0,0,0,0,0,0,0,0,0,67,246,253,84,0,0,0,0,0,0,0,0,0,0,0,0,0,0,0,0,0,0,0,0,0,0,0,0,85,252,241,47,0,0,0,0,0,0,0,0,0,0,0,0,0,0,0,0,0,0,0,0,0,0,0,0,198,253,242,166,165,91,0,0,0,0,0,0,0,0,0,0,0,0,0,0,0,0,0,0,0,0,0,63,234,252,253,252,252,252,157,19,0,0,0,0,0,0,0,0,0,0,0,0,0,0,0,0,0,0,98,234,252,252,244,187,252,252,253,190,19,0,0,0,0,0,0,0,0,0,0,0,0,0,0,0,0,101,253,252,252,151,25,7,28,128,253,252,106,0,0,0,0,0,0,0,0,0,0,0,0,0,0,0,0,226,255,253,253,28,0,0,0,0,141,253,168,0,0,0,0,0,0,0,0,0,0,0,0,0,0,0,0,200,253,252,252,28,0,0,0,26,216,252,93,0,0,0,0,0,0,0,0,0,0,0,0,0,0,0,0,25,178,252,252,28,0,0,29,210,253,233,37,0,0,0,0,0,0,0,0,0,0,0,0,0,0,0,0,0,16,215,252,78,63,188,234,252,241,59,0,0,0,0,0,0,0,0,0,0,0,0,0,0,0,0,0,0,0,0,0,0,0,0,0,0,0,0,0,0,0,0,0,0,0,0,0,0,0,0,0,0,0,0,0,0,0,0,0,0,0,0,0,0,0,0,0,0,0,0,0,0,0,0,0,0,0,0,0,0,0,0,0,0,0,0,0,0,0,0,0,0,0,0,0,0,0,0,0,0,0,0,0,0,0,0,0,0,0,0,0,0,0,0,0,0,0,0,0,0,0,0,0,0,0,0,0,0,0,0,0,0,0,0,0,0,0,0,0,0,0,0,0,0,0,0,0,0,0,0,0,0,0,0,0,0,0,0,0,0,0,0,0,0,0,0,0,0,0,0,0,0,0,0,0,0,0,0,0,0,0,0,0,0,0,0,0
3,0,0,0,0,0,0,0,0,0,0,0,0,0,0,0,0,0,0,0,0,0,0,0,0,0,0,0,0,0,0,0,0,0,0,0,0,0,0,0,0,0,0,0,0,0,0,0,0,0,0,0,0,0,0,0,0,0,0,0,0,0,0,0,0,0,0,0,0,0,0,0,0,0,0,0,0,0,0,0,0,0,0,0,0,0,0,0,0,0,0,0,0,0,0,0,0,0,0,0,0,0,0,0,0,0,0,0,0,0,0,0,0,0,0,0,0,0,0,0,0,0,0,0,0,0,0,0,0,0,0,0,0,0,0,0,0,0,0,0,0,0,0,0,0,0,0,0,0,0,0,0,0,0,0,0,0,0,0,0,0,0,0,0,0,0,0,0,0,0,0,0,0,0,0,0,0,0,0,79,254,254,254,254,254,254,254,254,255,255,32,0,0,0,0,0,0,0,0,9,67,67,67,67,67,67,67,124,252,252,252,252,252,252,252,252,252,252,32,0,0,0,0,0,0,0,0,34,252,252,252,252,252,252,252,252,252,195,152,152,249,252,252,252,252,252,32,0,0,0,0,0,0,0,0,149,252,252,252,252,252,252,252,211,120,52,0,0,128,252,252,252,252,252,32,0,0,0,0,0,0,0,0,110,252,252,252,252,252,100,87,60,0,0,0,0,168,252,252,252,252,128,11,0,0,0,0,0,0,0,0,34,252,252,147,54,54,5,0,0,0,114,199,199,250,252,252,252,130,14,0,0,0,0,0,0,0,0,0,32,183,20,10,0,0,0,0,72,232,244,252,252,251,241,163,20,8,0,0,0,0,0,0,0,0,0,0,0,0,0,0,0,0,2,45,109,252,252,252,252,191,0,0,0,0,0,0,0,0,0,0,0,0,0,0,0,0,0,0,0,0,80,252,252,252,252,252,252,77,0,0,0,0,0,0,0,0,0,0,0,0,0,0,0,0,0,0,0,0,232,252,252,252,252,252,252,240,111,111,111,111,29,0,0,0,0,0,0,0,0,0,0,0,0,0,0,0,232,252,252,252,252,252,252,252,252,252,252,252,171,18,0,0,0,0,0,0,0,0,0,0,0,0,0,0,232,252,252,252,252,252,252,252,252,252,252,252,252,32,0,0,0,0,0,0,0,0,0,0,0,0,0,0,39,43,43,43,43,43,43,61,252,252,252,252,252,215,0,0,0,0,0,0,0,0,0,0,0,0,0,0,0,0,0,0,0,0,0,1,9,87,241,252,252,252,0,0,0,0,0,0,0,0,0,0,0,0,0,0,0,0,0,0,0,0,0,0,0,20,150,252,252,252,0,0,0,0,0,0,0,0,0,0,0,0,0,0,0,0,0,39,89,89,89,89,89,146,252,252,252,252,0,0,0,0,0,0,0,0,0,0,0,0,0,0,0,0,0,111,252,252,252,252,252,252,252,252,252,145,0,0,0,0,0,0,0,0,0,0,0,0,0,0,0,0,0,111,252,252,252,252,252,252,252,252,137,12,0,0,0,0,0,0,0,0,0,0,0,0,0,0,0,0,0,29,171,252,252,252,252,252,252,137,17,0,0,0,0,0,0,0,0,0,0,0,0,0,0,0,0,0,0,0,18,186,252,252,252,174,32,12,0,0,0,0,0,0,0,0,0,0,0,0,0,0,0,0,0,0,0,0,0,0,0,0,0,0,0,0,0,0,0,0,0,0,0,0,0,0,0,0,0,0,0,0,0,0,0,0,0,0,0,0,0,0,0,0,0,0,0,0,0,0,0,0
1,0,0,0,0,0,0,0,0,0,0,0,0,0,0,0,0,0,0,0,0,0,0,0,0,0,0,0,0,0,0,0,0,0,0,0,0,0,0,0,0,0,0,0,0,0,0,0,0,0,0,0,0,0,0,0,0,0,0,0,0,0,0,0,0,0,0,0,0,0,0,0,0,0,0,0,0,0,0,0,0,0,0,0,0,0,0,0,0,0,0,0,0,0,0,0,0,0,0,0,0,0,0,0,0,0,0,0,0,0,0,0,0,0,0,0,0,0,0,0,0,0,0,0,0,0,0,70,255,138,0,0,0,0,0,0,0,0,0,0,0,0,0,0,0,0,0,0,0,0,0,0,0,0,99,215,253,137,0,0,0,0,0,0,0,0,0,0,0,0,0,0,0,0,0,0,0,0,0,0,0,0,124,253,253,137,0,0,0,0,0,0,0,0,0,0,0,0,0,0,0,0,0,0,0,0,0,0,0,0,124,253,253,137,0,0,0,0,0,0,0,0,0,0,0,0,0,0,0,0,0,0,0,0,0,0,0,42,222,253,253,155,30,0,0,0,0,0,0,0,0,0,0,0,0,0,0,0,51,34,0,0,0,0,0,177,253,253,253,253,191,0,0,0,0,0,0,0,0,0,0,0,0,0,0,0,6,4,0,0,0,0,48,223,253,253,253,214,128,0,0,0,0,0,0,0,0,0,0,0,0,0,0,0,0,0,0,0,0,0,0,65,253,253,253,137,0,0,0,0,0,0,0,0,0,0,0,0,0,0,0,0,0,0,0,0,0,0,0,104,253,253,245,67,0,0,0,0,0,0,0,0,0,0,0,0,0,0,0,0,0,0,0,0,0,0,0,177,253,253,237,0,0,0,0,0,0,0,0,0,0,0,0,0,0,0,0,0,0,0,0,0,0,0,8,184,253,253,238,0,0,0,0,0,0,0,0,0,0,0,0,0,0,0,0,0,0,0,0,0,0,0,78,253,253,253,162,0,0,0,0,0,0,0,0,0,0,0,0,0,0,0,0,0,0,0,0,0,0,0,78,253,253,191,10,0,0,0,0,0,0,0,0,0,0,0,0,0,0,0,0,0,0,0,0,0,0,0,87,253,253,183,0,0,0,0,0,0,0,0,0,0,0,0,0,0,0,0,0,0,0,0,0,0,0,0,231,253,253,183,0,0,0,0,0,0,0,0,0,0,0,0,0,0,0,0,0,0,0,0,0,0,0,0,231,253,253,183,0,0,0,0,0,0,0,0,0,0,0,0,0,0,0,0,0,0,0,0,0,0,0,0,231,253,253,186,8,0,0,0,0,0,0,0,0,0,0,0,0,0,0,0,0,0,0,0,0,0,0,0,231,253,253,253,237,0,0,0,0,0,0,0,0,0,0,0,0,0,0,0,0,0,0,0,0,0,0,0,231,253,253,238,93,0,0,0,0,0,0,0,0,0,0,0,0,0,0,0,0,0,0,0,0,0,0,0,91,207,253,90,0,0,0,0,0,0,0,0,0,0,0,0,0,0,0,0,0,0,0,0,0,0,0,0,0,0,0,0,0,0,0,0,0,0,0,0,0,0,0,0,0,0,0,0,0,0,0,0,0,0,0,0,0,0,0,0,0,0,0,0,0,0,0,0,0,0,0,0,0,0,0,0,0,0,0,0,0,0,0,0,0,0,0,0,0,0,0,0,0,0,0,0,0,0,0,0,0,0,0,0,0,0,0,0,0,0,0,0,0,0,0,0,0,0,0,0,0,0,0,0,0,0,0,0,0
1,0,0,0,0,0,0,0,0,0,0,0,0,0,0,0,0,0,0,0,0,0,0,0,0,0,0,0,0,0,0,0,0,0,0,0,0,0,0,0,0,0,0,0,0,0,0,0,0,0,0,0,0,0,0,0,0,0,0,0,0,0,0,0,0,0,0,0,0,0,0,0,0,0,0,0,0,0,0,0,0,0,0,0,0,0,0,0,0,0,0,0,0,0,0,0,0,0,0,0,0,0,0,0,0,0,0,0,0,0,0,0,0,0,0,0,0,0,0,0,0,0,0,0,0,0,0,0,0,0,0,0,0,0,0,0,0,0,0,0,0,0,0,0,0,0,0,0,0,0,0,0,0,0,0,0,14,112,254,79,0,0,0,0,0,0,0,0,0,0,0,0,0,0,0,0,0,0,0,0,0,0,11,95,186,253,253,71,0,0,0,0,0,0,0,0,0,0,0,0,0,0,0,0,0,0,0,0,0,0,136,253,254,253,253,19,0,0,0,0,0,0,0,0,0,0,0,0,0,0,0,0,0,0,0,0,0,0,78,213,254,253,240,16,0,0,0,0,0,0,0,0,0,0,0,0,0,0,0,0,0,0,0,0,0,0,0,38,254,253,137,0,0,0,0,0,0,0,0,0,0,0,0,0,0,0,0,0,0,0,0,0,0,0,0,99,255,254,137,0,0,0,0,0,0,0,0,0,0,0,0,0,0,0,0,0,0,0,0,0,0,0,0,106,254,253,92,0,0,0,0,0,0,0,0,0,0,0,0,0,0,0,0,0,0,0,0,0,0,0,0,195,254,239,24,0,0,0,0,0,0,0,0,0,0,0,0,0,0,0,0,0,0,0,0,0,0,0,52,248,254,233,0,0,0,0,0,0,0,0,0,0,0,0,0,0,0,0,0,0,0,0,0,0,0,0,136,253,254,158,0,0,0,0,0,0,0,0,0,0,0,0,0,0,0,0,0,0,0,0,0,0,0,41,239,254,255,114,0,0,0,0,0,0,0,0,0,0,0,0,0,0,0,0,0,0,0,0,0,0,0,175,253,253,254,39,0,0,0,0,0,0,0,0,0,0,0,0,0,0,0,0,0,0,0,0,0,0,0,175,253,253,235,27,0,0,0,0,0,0,0,0,0,0,0,0,0,0,0,0,0,0,0,0,0,0,0,175,253,253,195,0,0,0,0,0,0,0,0,0,0,0,0,0,0,0,0,0,0,0,0,0,0,0,0,175,253,253,195,0,0,0,0,0,0,0,0,0,0,0,0,0,0,0,0,0,0,0,0,0,0,0,5,194,254,254,99,0,0,0,0,0,0,0,0,0,0,0,0,0,0,0,0,0,0,0,0,0,0,0,65,253,253,253,98,0,0,0,0,0,0,0,0,0,0,0,0,0,0,0,0,0,0,0,0,0,0,0,118,253,253,222,30,0,0,0,0,0,0,0,0,0,0,0,0,0,0,0,0,0,0,0,0,0,0,0,154,253,216,34,0,0,0,0,0,0,0,0,0,0,0,0,0,0,0,0,0,0,0,0,0,0,0,0,80,253,79,0,0,0,0,0,0,0,0,0,0,0,0,0,0,0,0,0,0,0,0,0,0,0,0,0,0,0,0,0,0,0,0,0,0,0,0,0,0,0,0,0,0,0,0,0,0,0,0,0,0,0,0,0,0,0,0,0,0,0,0,0,0,0,0,0,0,0,0,0,0,0,0,0,0,0,0,0,0,0,0,0,0,0,0,0,0,0,0,0,0,0,0,0,0,0,0,0,0
0,0,0,0,0,0,0,0,0,0,0,0,0,0,0,0,0,0,0,0,0,0,0,0,0,0,0,0,0,0,0,0,0,0,0,0,0,0,0,0,0,0,0,0,0,0,0,0,0,0,0,0,0,0,0,0,0,0,0,0,0,0,0,0,0,0,0,0,0,0,0,0,0,0,0,0,0,0,0,0,0,0,0,0,0,0,0,0,0,0,0,0,0,0,0,0,0,0,0,0,0,0,0,0,0,0,0,0,0,0,0,0,0,0,0,0,0,0,0,0,0,0,0,0,0,0,0,1,47,176,237,50,0,0,0,0,0,0,0,0,0,0,0,0,0,0,0,0,0,0,0,0,0,0,0,100,254,254,254,236,17,0,0,0,0,0,0,0,0,0,0,0,0,0,0,0,0,0,0,0,0,0,19,202,233,149,254,185,8,0,0,0,0,0,0,0,0,0,0,0,0,0,0,0,0,0,0,0,0,3,157,254,125,14,225,219,10,0,0,0,0,0,0,0,0,0,0,0,0,0,0,0,0,0,0,0,0,96,254,251,88,0,138,254,59,0,0,0,0,0,0,0,0,0,0,0,0,0,0,0,0,0,0,0,21,203,254,141,0,0,98,252,144,0,0,0,0,0,0,0,0,0,0,0,0,0,0,0,0,0,0,0,114,254,216,11,0,0,0,189,220,9,0,0,0,0,0,0,0,0,0,0,0,0,0,0,0,0,0,12,206,254,123,0,0,0,0,131,254,98,0,0,0,0,0,0,0,0,0,0,0,0,0,0,0,0,0,106,254,226,26,0,0,0,0,31,243,197,3,0,0,0,0,0,0,0,0,0,0,0,0,0,0,0,4,203,254,97,0,0,0,0,0,0,189,254,58,0,0,0,0,0,0,0,0,0,0,0,0,0,0,0,64,254,254,54,0,0,0,0,0,0,146,254,100,0,0,0,0,0,0,0,0,0,0,0,0,0,0,0,105,254,229,8,0,0,0,0,0,0,146,254,100,0,0,0,0,0,0,0,0,0,0,0,0,0,0,0,150,254,152,0,0,0,0,0,0,0,164,254,82,0,0,0,0,0,0,0,0,0,0,0,0,0,0,10,225,254,123,0,0,0,0,0,0,100,252,198,8,0,0,0,0,0,0,0,0,0,0,0,0,0,0,66,254,240,25,0,0,0,0,0,53,234,239,79,0,0,0,0,0,0,0,0,0,0,0,0,0,0,0,123,254,152,0,0,0,0,0,14,196,254,115,0,0,0,0,0,0,0,0,0,0,0,0,0,0,0,0,184,254,95,0,0,35,37,37,162,254,168,15,0,0,0,0,0,0,0,0,0,0,0,0,0,0,0,0,184,254,146,76,141,232,249,249,254,196,15,0,0,0,0,0,0,0,0,0,0,0,0,0,0,0,0,0,130,254,254,254,254,254,254,240,131,15,0,0,0,0,0,0,0,0,0,0,0,0,0,0,0,0,0,0,7,122,206,254,188,131,74,3,0,0,0,0,0,0,0,0,0,0,0,0,0,0,0,0,0,0,0,0,0,0,0,0,0,0,0,0,0,0,0,0,0,0,0,0,0,0,0,0,0,0,0,0,0,0,0,0,0,0,0,0,0,0,0,0,0,0,0,0,0,0,0,0,0,0,0,0,0,0,0,0,0,0,0,0,0,0,0,0,0,0,0,0,0,0,0,0,0,0,0,0,0,0,0,0,0,0,0,0,0,0,0,0,0,0,0,0,0,0,0,0,0,0,0,0,0,0,0,0,0,0,0,0
4,0,0,0,0,0,0,0,0,0,0,0,0,0,0,0,0,0,0,0,0,0,0,0,0,0,0,0,0,0,0,0,0,0,0,0,0,0,0,0,0,0,0,0,0,0,0,0,0,0,0,0,0,0,0,0,0,0,0,0,0,0,0,0,0,0,0,0,0,0,0,0,0,0,0,0,0,0,0,0,0,0,0,0,0,0,0,0,0,0,0,0,0,0,0,0,0,0,0,0,0,0,0,0,0,0,0,0,0,0,0,0,0,0,0,0,0,0,0,0,0,0,0,0,0,0,0,0,0,0,0,0,0,0,0,0,0,0,0,0,0,0,0,0,0,0,0,0,0,0,0,27,118,4,0,0,109,255,16,0,0,0,0,0,0,0,0,0,0,0,0,0,0,0,0,0,0,0,0,73,251,21,0,0,141,254,16,0,0,0,0,0,0,0,0,0,0,0,0,0,0,0,0,0,0,0,0,136,212,0,0,0,214,254,79,0,0,0,0,0,0,0,0,0,0,0,0,0,0,0,0,0,0,0,0,169,169,0,0,0,188,254,81,0,0,0,0,0,0,0,0,0,0,0,0,0,0,0,0,0,0,0,34,245,149,0,0,0,214,254,35,0,0,0,0,0,0,0,0,0,0,0,0,0,0,0,0,0,0,0,61,254,89,0,0,0,165,254,97,0,0,0,0,0,0,0,0,0,0,0,0,0,0,0,0,0,0,0,115,254,89,0,0,0,159,254,97,0,0,0,0,0,0,0,0,0,0,0,0,0,0,0,0,0,0,0,186,254,32,0,0,0,164,254,97,0,0,0,0,0,0,0,0,0,0,0,0,0,0,0,0,0,0,0,122,254,8,0,0,0,214,254,62,0,0,0,0,0,0,0,0,0,0,0,0,0,0,0,0,0,0,0,167,254,8,0,0,0,214,254,29,0,0,0,0,0,0,0,0,0,0,0,0,0,0,0,0,0,0,0,158,254,59,79,88,172,248,254,154,51,0,0,0,0,0,0,0,0,0,0,0,0,0,0,0,0,0,0,222,254,254,254,254,254,254,254,254,253,220,55,0,0,0,0,0,0,0,0,0,0,0,0,0,0,0,0,97,183,151,201,177,138,229,254,156,45,90,35,0,0,0,0,0,0,0,0,0,0,0,0,0,0,0,0,1,1,0,2,0,0,214,254,97,0,0,0,0,0,0,0,0,0,0,0,0,0,0,0,0,0,0,0,0,0,0,0,0,0,156,254,97,0,0,0,0,0,0,0,0,0,0,0,0,0,0,0,0,0,0,0,0,0,0,0,0,0,133,254,97,0,0,0,0,0,0,0,0,0,0,0,0,0,0,0,0,0,0,0,0,0,0,0,0,0,147,254,97,0,0,0,0,0,0,0,0,0,0,0,0,0,0,0,0,0,0,0,0,0,0,0,0,0,196,254,97,0,0,0,0,0,0,0,0,0,0,0,0,0,0,0,0,0,0,0,0,0,0,0,0,0,185,254,97,0,0,0,0,0,0,0,0,0,0,0,0,0,0,0,0,0,0,0,0,0,0,0,0,0,185,254,19,0,0,0,0,0,0,0,0,0,0,0,0,0,0,0,0,0,0,0,0,0,0,0,0,0,0,0,0,0,0,0,0,0,0,0,0,0,0,0,0,0,0,0,0,0,0,0,0,0,0,0,0,0,0,0,0,0,0,0,0,0,0,0,0,0,0,0,0,0,0,0,0,0,0,0,0,0,0,0,0,0,0,0,0,0,0,0,0,0,0,0,0,0,0
6,0,0,0,0,0,0,0,0,0,0,0,0,0,0,0,0,0,0,0,0,0,0,0,0,0,0,0,0,0,0,0,0,0,0,0,0,0,0,0,0,0,0,0,0,0,0,0,0,0,0,0,0,0,0,0,0,0,0,0,0,0,0,0,0,0,0,0,0,0,0,0,0,0,0,0,0,0,0,0,0,0,0,0,0,0,0,0,0,0,0,0,0,0,0,0,0,0,0,0,14,187,224,35,0,0,0,0,0,0,0,0,0,0,0,0,0,0,0,0,0,0,0,0,0,0,0,0,142,254,247,70,0,0,0,0,0,0,0,0,0,0,0,0,0,0,0,0,0,0,0,0,0,0,0,0,187,254,145,0,0,0,0,0,0,0,0,0,0,0,0,0,0,0,0,0,0,0,0,0,0,0,0,69,254,228,36,0,0,0,0,0,0,0,0,0,0,0,0,0,0,0,0,0,0,0,0,0,0,0,16,218,254,136,0,0,0,0,0,0,0,0,0,0,0,0,0,0,0,0,0,0,0,0,0,0,0,0,100,254,242,30,0,0,0,0,0,0,0,0,0,0,0,0,0,0,0,0,0,0,0,0,0,0,0,0,220,254,113,0,0,0,0,0,0,0,0,0,0,0,0,0,0,0,0,0,0,0,0,0,0,0,0,85,248,223,30,0,0,0,0,0,0,0,0,0,0,0,0,0,0,0,0,0,0,0,0,0,0,0,19,248,254,66,0,0,0,0,0,0,0,0,0,0,0,0,0,0,0,0,0,0,0,0,0,0,0,0,58,254,238,36,0,0,0,0,0,0,0,0,0,0,0,0,0,0,0,0,0,0,0,0,0,0,0,0,140,254,192,46,120,112,18,0,0,0,0,0,0,0,0,0,0,0,0,0,0,0,0,0,0,0,0,28,233,254,195,245,254,254,197,62,0,0,0,0,0,0,0,0,0,0,0,0,0,0,0,0,0,0,0,59,254,254,254,254,254,254,254,214,0,0,0,0,0,0,0,0,0,0,0,0,0,0,0,0,0,0,0,59,254,254,254,223,57,27,212,220,9,0,0,0,0,0,0,0,0,0,0,0,0,0,0,0,0,0,0,59,254,254,254,58,0,0,176,254,58,0,0,0,0,0,0,0,0,0,0,0,0,0,0,0,0,0,0,46,246,254,254,59,0,81,254,254,59,0,0,0,0,0,0,0,0,0,0,0,0,0,0,0,0,0,0,0,125,254,254,66,13,166,254,220,9,0,0,0,0,0,0,0,0,0,0,0,0,0,0,0,0,0,0,0,14,230,254,224,225,254,254,184,0,0,0,0,0,0,0,0,0,0,0,0,0,0,0,0,0,0,0,0,0,44,213,254,255,254,196,16,0,0,0,0,0,0,0,0,0,0,0,0,0,0,0,0,0,0,0,0,0,0,9,133,217,201,18,0,0,0,0,0,0,0,0,0,0,0,0,0,0,0,0,0,0,0,0,0,0,0,0,0,0,0,0,0,0,0,0,0,0,0,0,0,0,0,0,0,0,0,0,0,0,0,0,0,0,0,0,0,0,0,0,0,0,0,0,0,0,0,0,0,0,0,0,0,0,0,0,0,0,0,0,0,0,0,0,0,0,0,0,0,0,0,0,0,0,0,0,0,0,0,0,0,0,0,0,0,0,0,0,0,0,0,0,0,0,0,0,0,0,0,0,0,0,0,0,0,0,0,0,0,0,0,0,0,0,0,0,0,0,0,0,0,0,0,0,0,0,0,0,0,0,0,0,0,0
4,0,0,0,0,0,0,0,0,0,0,0,0,0,0,0,0,0,0,0,0,0,0,0,0,0,0,0,0,0,0,0,0,0,0,0,0,0,0,0,0,0,0,0,0,0,0,0,0,0,0,0,0,0,0,0,0,0,0,0,0,0,0,0,0,0,0,0,0,0,0,0,0,0,0,0,0,0,0,0,0,0,0,0,0,0,0,0,0,0,0,0,0,0,0,0,0,0,0,0,0,0,0,0,0,0,0,0,0,0,0,0,0,0,0,0,0,0,0,0,0,0,0,0,0,0,0,0,0,0,0,0,0,0,0,0,0,0,0,0,0,0,0,0,0,0,0,0,0,0,0,0,0,0,0,0,0,0,0,0,0,0,0,0,0,0,0,0,0,0,0,0,0,0,0,0,0,0,0,0,0,0,0,0,0,0,41,145,113,20,0,0,0,0,0,0,0,0,0,0,0,0,0,0,0,16,11,0,0,0,0,0,0,47,235,253,253,78,0,0,0,0,0,0,0,0,0,0,0,0,0,0,3,184,143,0,0,0,0,0,0,55,253,251,137,0,0,0,0,0,0,0,0,0,0,0,0,0,0,0,102,253,162,0,0,0,0,0,0,152,253,202,0,0,0,0,0,0,0,0,0,0,0,0,0,0,0,0,153,254,163,0,0,0,0,0,21,241,254,87,0,0,0,0,0,0,0,0,0,0,0,0,0,0,0,51,238,253,111,0,0,0,0,0,144,253,232,23,0,0,12,55,55,35,0,0,0,0,0,0,0,0,0,190,253,192,11,0,0,0,0,14,254,253,125,76,128,218,225,253,253,240,0,0,0,0,0,0,0,0,97,249,253,106,0,0,0,10,32,218,254,253,253,253,253,254,253,253,245,202,0,0,0,0,0,0,0,0,163,253,194,16,33,92,175,217,253,253,254,253,253,214,162,221,253,194,41,0,0,0,0,0,0,0,0,0,222,254,221,254,254,255,254,254,254,254,255,115,0,0,59,124,39,0,0,0,0,0,0,0,0,0,0,0,254,253,253,253,253,218,128,26,182,253,254,18,0,0,7,0,0,0,0,0,0,0,0,0,0,0,0,0,185,224,221,145,62,13,0,37,253,253,133,3,0,0,0,0,0,0,0,0,0,0,0,0,0,0,0,0,0,12,8,0,0,0,0,146,253,246,0,0,0,0,0,0,0,0,0,0,0,0,0,0,0,0,0,0,0,0,0,0,0,0,40,243,253,129,0,0,0,0,0,0,0,0,0,0,0,0,0,0,0,0,0,0,0,0,0,0,0,0,55,254,254,156,0,0,0,0,0,0,0,0,0,0,0,0,0,0,0,0,0,0,0,0,0,0,0,0,55,253,249,133,0,0,0,0,0,0,0,0,0,0,0,0,0,0,0,0,0,0,0,0,0,0,0,0,55,253,222,0,0,0,0,0,0,0,0,0,0,0,0,0,0,0,0,0,0,0,0,0,0,0,0,0,12,54,31,0,0,0,0,0,0,0,0,0,0,0,0,0,0,0,0,0,0,0,0,0,0,0,0,0,0,0,0,0,0,0,0,0,0,0,0,0,0,0,0,0,0,0,0,0,0,0,0,0,0,0,0,0,0,0,0,0,0,0,0,0,0,0,0,0,0,0,0,0,0,0,0,0,0,0,0,0,0,0,0,0,0,0,0,0,0,0,0,0,0,0,0,0,0,0,0,0,0,0,0,0,0,0,0,0,0,0,0,0,0,0,0,0,0,0,0,0,0,0,0,0,0,0,0,0,0
4,0,0,0,0,0,0,0,0,0,0,0,0,0,0,0,0,0,0,0,0,0,0,0,0,0,0,0,0,0,0,0,0,0,0,0,0,0,0,0,0,0,0,0,0,0,0,0,0,0,0,0,0,0,0,0,0,0,0,0,0,0,0,0,0,0,0,0,0,0,0,0,0,0,0,0,0,0,0,0,0,0,0,0,0,0,0,0,0,0,0,0,0,0,0,0,0,0,0,0,0,0,0,0,0,0,0,0,0,0,0,0,0,0,0,0,0,0,0,0,0,0,0,0,0,0,0,0,0,0,0,0,0,0,0,0,0,0,0,0,0,0,0,0,0,0,0,0,0,0,0,0,0,0,0,0,0,0,0,0,0,0,0,0,0,0,0,0,0,0,0,0,0,0,0,102,242,140,0,0,0,0,0,0,0,0,0,0,0,197,220,28,0,0,0,0,0,0,0,0,0,0,0,165,254,179,0,0,0,0,0,0,0,0,0,0,149,251,254,106,0,0,0,0,0,0,0,0,0,0,0,165,254,179,0,0,0,0,0,0,0,0,0,0,180,254,196,4,0,0,0,0,0,0,0,0,0,0,9,243,254,179,0,0,0,0,0,0,0,0,0,12,215,254,164,0,0,0,0,0,0,0,0,0,0,0,11,254,254,111,0,0,0,0,0,0,0,0,0,55,254,254,96,0,0,0,0,0,0,0,0,0,0,0,11,254,254,80,0,0,0,0,0,0,0,0,0,137,254,250,57,0,0,0,0,0,0,0,0,0,0,0,11,254,254,80,0,0,0,0,0,0,0,0,0,225,254,186,0,0,0,0,0,0,0,0,0,0,0,0,66,254,254,146,4,0,7,41,25,40,10,41,68,241,254,120,0,0,0,0,0,0,0,0,0,0,0,0,34,254,254,254,201,195,205,254,231,253,209,254,254,254,254,157,0,0,0,0,0,0,0,0,0,0,0,0,1,134,208,254,254,254,254,254,254,254,254,235,254,254,254,140,0,0,0,0,0,0,0,0,0,0,0,0,0,0,4,50,50,50,50,50,50,50,50,42,254,254,188,4,0,0,0,0,0,0,0,0,0,0,0,0,0,0,0,0,0,0,0,0,0,0,0,16,254,254,75,0,0,0,0,0,0,0,0,0,0,0,0,0,0,0,0,0,0,0,0,0,0,0,0,16,254,254,75,0,0,0,0,0,0,0,0,0,0,0,0,0,0,0,0,0,0,0,0,0,0,0,0,43,254,254,75,0,0,0,0,0,0,0,0,0,0,0,0,0,0,0,0,0,0,0,0,0,0,0,0,116,254,232,9,0,0,0,0,0,0,0,0,0,0,0,0,0,0,0,0,0,0,0,0,0,0,0,0,116,254,158,0,0,0,0,0,0,0,0,0,0,0,0,0,0,0,0,0,0,0,0,0,0,0,0,0,116,254,129,0,0,0,0,0,0,0,0,0,0,0,0,0,0,0,0,0,0,0,0,0,0,0,0,22,204,254,129,0,0,0,0,0,0,0,0,0,0,0,0,0,0,0,0,0,0,0,0,0,0,0,0,61,254,254,129,0,0,0,0,0,0,0,0,0,0,0,0,0,0,0,0,0,0,0,0,0,0,0,0,37,239,254,51,0,0,0,0,0,0,0,0,0,0,0,0,0,0,0,0,0,0,0,0,0,0,0,0,0,0,0,0,0,0,0,0,0,0,0,0,0,0,0,0,0,0,0,0,0,0,0,0,0,0,0,0,0,0,0,0,0,0,0,0,0,0,0,0,0
8,0,0,0,0,0,0,0,0,0,0,0,0,0,0,0,0,0,0,0,0,0,0,0,0,0,0,0,0,0,0,0,0,0,0,0,0,0,0,0,0,0,0,0,0,0,0,0,0,0,0,0,0,0,0,0,0,0,0,0,0,0,0,0,0,0,0,0,0,0,0,0,0,0,0,0,0,0,0,0,0,0,0,0,0,0,0,0,0,0,0,0,0,0,0,0,0,0,0,0,0,0,0,0,0,0,0,0,0,0,0,0,0,0,0,0,0,0,0,0,0,0,0,0,0,0,0,0,0,0,0,0,0,0,0,0,0,0,0,0,0,0,0,0,0,0,0,0,0,0,0,0,0,0,0,0,21,176,254,176,21,0,0,0,0,0,0,0,0,0,0,0,0,0,0,0,0,0,0,0,0,0,0,72,209,253,253,253,175,20,0,0,0,0,0,0,0,0,0,0,0,0,0,0,0,0,0,0,0,45,198,243,254,253,253,253,253,231,170,0,0,0,0,0,0,0,0,0,0,0,0,0,0,0,0,6,154,245,253,175,87,239,253,253,253,254,198,0,0,0,0,0,0,0,0,0,0,0,0,0,0,0,0,106,253,253,175,21,0,203,253,188,253,254,198,0,0,0,0,0,0,0,0,0,0,0,0,0,0,0,0,163,254,230,20,0,0,53,46,110,254,234,45,0,0,0,0,0,0,0,0,0,0,0,0,0,0,0,0,64,249,237,31,0,0,0,28,204,253,110,0,0,0,0,0,0,0,0,0,0,0,0,0,0,0,0,0,0,235,253,144,0,0,0,140,253,175,0,0,0,0,0,0,0,0,0,0,0,0,0,0,0,0,0,0,0,122,250,249,134,7,121,245,199,35,0,0,0,0,0,0,0,0,0,0,0,0,0,0,0,0,0,0,0,0,185,253,253,207,248,240,61,0,0,0,0,0,0,0,0,0,0,0,0,0,0,0,0,0,0,0,0,0,0,174,254,255,254,127,0,0,0,0,0,0,0,0,0,0,0,0,0,0,0,0,0,0,0,0,0,0,8,172,253,254,253,218,12,0,0,0,0,0,0,0,0,0,0,0,0,0,0,0,0,0,0,0,0,8,132,253,240,127,244,253,100,0,0,0,0,0,0,0,0,0,0,0,0,0,0,0,0,0,0,0,45,204,253,251,86,0,170,253,144,0,0,0,0,0,0,0,0,0,0,0,0,0,0,0,0,0,0,66,254,253,240,86,0,85,248,253,80,0,0,0,0,0,0,0,0,0,0,0,0,0,0,0,0,0,103,254,255,254,69,0,53,222,254,159,0,0,0,0,0,0,0,0,0,0,0,0,0,0,0,0,0,21,230,253,238,63,3,89,248,254,202,22,0,0,0,0,0,0,0,0,0,0,0,0,0,0,0,0,0,37,253,253,26,21,128,245,253,159,22,0,0,0,0,0,0,0,0,0,0,0,0,0,0,0,0,0,0,8,171,253,200,230,253,232,80,0,0,0,0,0,0,0,0,0,0,0,0,0,0,0,0,0,0,0,0,0,44,253,254,253,162,16,0,0,0,0,0,0,0,0,0,0,0,0,0,0,0,0,0,0,0,0,0,0,0,0,0,0,0,0,0,0,0,0,0,0,0,0,0,0,0,0,0,0,0,0,0,0,0,0,0,0,0,0,0,0,0,0,0,0,0,0,0,0,0,0,0,0,0,0,0,0,0,0,0,0,0,0,0,0,0,0,0,0,0,0,0,0,0,0,0,0,0,0,0,0,0,0,0,0
1,0,0,0,0,0,0,0,0,0,0,0,0,0,0,0,0,0,0,0,0,0,0,0,0,0,0,0,0,0,0,0,0,0,0,0,0,0,0,0,0,0,0,0,0,0,0,0,0,0,0,0,0,0,0,0,0,0,0,0,0,0,0,0,0,0,0,0,0,0,0,0,0,0,0,0,0,0,0,0,0,0,0,0,0,0,0,0,0,0,0,0,0,0,0,0,0,0,0,0,0,0,0,0,0,0,0,0,0,0,0,0,0,0,0,0,0,0,0,0,0,0,0,0,0,0,0,0,0,0,0,0,0,0,0,0,0,0,0,0,0,0,0,0,0,0,0,0,0,0,0,0,0,0,15,138,244,62,0,0,0,0,0,0,0,0,0,0,0,0,0,0,0,0,0,0,0,0,0,0,0,0,44,254,254,223,0,0,0,0,0,0,0,0,0,0,0,0,0,0,0,0,0,0,0,0,0,0,0,0,44,254,254,140,0,0,0,0,0,0,0,0,0,0,0,0,0,0,0,0,0,0,0,0,0,0,0,0,126,254,255,137,0,0,0,0,0,0,0,0,0,0,0,0,0,0,0,0,0,0,0,0,0,0,0,0,130,254,254,57,0,0,0,0,0,0,0,0,0,0,0,0,0,0,0,0,0,0,0,0,0,0,0,0,189,254,234,22,0,0,0,0,0,0,0,0,0,0,0,0,0,0,0,0,0,0,0,0,0,0,0,0,149,254,227,12,0,0,0,0,0,0,0,0,0,0,0,0,0,0,0,0,0,0,0,0,0,0,0,0,216,254,247,41,0,0,0,0,0,0,0,0,0,0,0,0,0,0,0,0,0,0,0,0,0,0,0,9,223,254,220,0,0,0,0,0,0,0,0,0,0,0,0,0,0,0,0,0,0,0,0,0,0,0,0,48,254,254,146,0,0,0,0,0,0,0,0,0,0,0,0,0,0,0,0,0,0,0,0,0,0,0,0,91,254,254,91,0,0,0,0,0,0,0,0,0,0,0,0,0,0,0,0,0,0,0,0,0,0,0,0,146,254,249,41,0,0,0,0,0,0,0,0,0,0,0,0,0,0,0,0,0,0,0,0,0,0,0,24,236,254,215,0,0,0,0,0,0,0,0,0,0,0,0,0,0,0,0,0,0,0,0,0,0,0,0,53,254,254,215,0,0,0,0,0,0,0,0,0,0,0,0,0,0,0,0,0,0,0,0,0,0,0,0,60,254,254,179,0,0,0,0,0,0,0,0,0,0,0,0,0,0,0,0,0,0,0,0,0,0,0,0,138,254,254,129,0,0,0,0,0,0,0,0,0,0,0,0,0,0,0,0,0,0,0,0,0,0,0,0,172,254,223,35,0,0,0,0,0,0,0,0,0,0,0,0,0,0,0,0,0,0,0,0,0,0,0,0,222,254,211,0,0,0,0,0,0,0,0,0,0,0,0,0,0,0,0,0,0,0,0,0,0,0,0,0,60,180,179,0,0,0,0,0,0,0,0,0,0,0,0,0,0,0,0,0,0,0,0,0,0,0,0,0,124,156,13,0,0,0,0,0,0,0,0,0,0,0,0,0,0,0,0,0,0,0,0,0,0,0,0,0,0,0,0,0,0,0,0,0,0,0,0,0,0,0,0,0,0,0,0,0,0,0,0,0,0,0,0,0,0,0,0,0,0,0,0,0,0,0,0,0,0,0,0,0,0,0,0,0,0,0,0,0,0,0,0,0,0,0,0,0,0,0,0,0,0,0,0,0,0,0,0,0,0
5,0,0,0,0,0,0,0,0,0,0,0,0,0,0,0,0,0,0,0,0,0,0,0,0,0,0,0,0,0,0,0,0,0,0,0,0,0,0,0,0,0,0,0,0,0,0,0,0,0,0,0,0,0,0,0,0,0,0,0,0,0,0,0,0,0,0,0,0,0,0,0,0,0,0,0,0,0,0,0,0,0,0,0,0,0,0,0,0,0,0,0,0,0,0,0,0,0,0,0,0,0,0,0,0,0,0,0,0,0,0,0,0,0,0,0,0,0,0,0,0,0,0,0,0,0,0,0,0,0,0,0,0,0,0,0,0,0,0,0,0,0,0,0,0,0,0,0,0,0,0,0,16,120,253,253,129,25,0,3,12,0,0,0,0,0,0,0,0,0,0,0,0,0,0,0,0,0,0,0,122,252,252,252,253,232,176,135,88,0,0,0,0,0,0,0,0,0,0,0,0,0,0,0,0,0,0,35,221,252,222,196,253,252,252,191,15,0,0,0,0,0,0,0,0,0,0,0,0,0,0,0,0,0,0,98,252,229,36,5,10,88,77,5,0,0,0,0,0,0,0,0,0,0,0,0,0,0,0,0,0,0,0,198,252,208,0,0,0,0,0,0,0,0,0,0,0,0,0,0,0,0,0,0,0,0,0,0,0,0,0,198,252,170,0,0,0,0,0,0,0,0,0,0,0,0,0,0,0,0,0,0,0,0,0,0,0,0,0,198,252,99,0,0,0,0,0,0,0,0,0,0,0,0,0,0,0,0,0,0,0,0,0,0,0,0,34,231,252,99,0,0,0,0,0,0,0,0,0,0,0,0,0,0,0,0,0,0,0,0,0,0,0,0,56,252,244,26,0,0,0,0,0,0,0,0,0,0,0,0,0,0,0,0,0,0,0,0,0,0,0,0,151,252,251,220,220,220,221,143,68,0,0,0,0,0,0,0,0,0,0,0,0,0,0,0,0,0,0,0,151,253,253,253,253,253,255,253,253,147,50,0,0,0,0,0,0,0,0,0,0,0,0,0,0,0,0,0,17,162,186,186,152,77,187,203,252,252,178,15,0,0,0,0,0,0,0,0,0,0,0,0,0,0,0,0,0,0,0,0,0,0,0,12,87,248,252,145,0,0,0,0,0,0,0,0,0,0,0,0,0,0,0,0,0,0,0,0,0,0,0,0,0,242,252,59,0,0,0,0,0,0,0,0,0,0,0,0,0,0,0,0,0,0,0,0,0,0,0,0,22,245,252,55,0,0,0,0,0,0,0,0,0,0,0,0,0,0,0,0,0,0,0,0,0,0,0,0,137,252,194,36,0,0,0,0,0,0,0,0,0,0,0,0,0,0,0,0,0,0,107,5,0,0,2,40,230,252,135,0,0,0,0,0,0,0,0,0,0,0,0,0,0,0,0,0,0,0,231,192,73,45,120,252,252,171,34,0,0,0,0,0,0,0,0,0,0,0,0,0,0,0,0,0,0,0,198,252,252,252,253,252,188,36,0,0,0,0,0,0,0,0,0,0,0,0,0,0,0,0,0,0,0,0,21,209,252,204,128,33,6,0,0,0,0,0,0,0,0,0,0,0,0,0,0,0,0,0,0,0,0,0,0,0,0,0,0,0,0,0,0,0,0,0,0,0,0,0,0,0,0,0,0,0,0,0,0,0,0,0,0,0,0,0,0,0,0,0,0,0,0,0,0,0,0,0,0,0,0,0,0,0,0,0,0,0,0,0,0,0,0,0,0,0,0,0,0,0,0,0,0,0,0,0,0
